sample_id,image_path,split,symmetry_error,face_aspect_ratio,midface_length_ratio,lowerface_length_ratio,jaw_width_ratio,jaw_angle_sharpness,chin_length_ratio,chin_width_ratio,cheekbone_width_ratio,lower_cheek_ratio,eye_openness_ratio,eye_size_ratio,eye_spacing_ratio,eye_tilt_deg,brow_height_ratio,brow_tilt_deg,nose_width_ratio,nose_length_ratio,nose_tip_deviation_ratio,mouth_width_ratio,mouth_corner_tilt_deg,lip_thickness_ratio,upper_lip_ratio,philtrum_ratio,y_symmetry_error,y_face_aspect_ratio,y_midface_length_ratio,y_lowerface_length_ratio,y_jaw_width_ratio,y_jaw_angle_sharpness,y_chin_length_ratio,y_chin_width_ratio,y_cheekbone_width_ratio,y_lower_cheek_ratio,y_eye_openness_ratio,y_eye_size_ratio,y_eye_spacing_ratio,y_eye_tilt_deg,y_brow_height_ratio,y_brow_tilt_deg,y_nose_width_ratio,y_nose_length_ratio,y_nose_tip_deviation_ratio,y_mouth_width_ratio,y_mouth_corner_tilt_deg,y_lip_thickness_ratio,y_upper_lip_ratio,y_philtrum_ratio,label_method,consent_flag,source
syn_0001,data/raw/images/syn_0001.jpg,train,0.017568,0.717406,0.278887,0.368775,0.877767,113.507940,0.142492,0.217327,0.917288,0.781738,0.283484,0.127272,1.074624,4.096694,0.076308,6.985338,0.262155,0.313111,0.012104,0.478671,1.832360,0.029093,0.054063,0.056471,ok,ok,ok,ok,ok,ok,ok,ok,ok,ok,ok,ok,ok,ok,ok,ok,ok,ok,ok,ok,ok,ok,ok,ok,percentile_p20_p80,synthetic,synthetic_v1
syn_0002,data/raw/images/syn_0002.jpg,train,0.028481,0.705562,0.295064,0.372411,0.934763,104.641333,0.157048,0.159419,0.789003,0.743587,0.225051,0.141900,1.149640,-0.266762,0.096947,3.991189,0.256981,0.288244,0.013144,0.520932,3.096034,0.034799,0.062799,0.060742,high,ok,ok,ok,ok,low,ok,low,low,ok,low,high,ok,low,high,low,ok,ok,ok,high,ok,ok,high,ok,percentile_p20_p80,synthetic,synthetic_v1
syn_0003,data/raw/images/syn_0003.jpg,train,0.010476,0.676958,0.261201,0.384966,0.862492,146.029051,0.115421,0.176045,0.958424,0.865311,0.310342,0.140895,1.263952,3.670904,0.051541,5.871694,0.293351,0.242253,0.012335,0.492662,0.711020,0.037789,0.061969,0.082857,ok,ok,ok,ok,ok,high,low,low,high,high,ok,high,high,ok,low,ok,high,low,ok,ok,ok,ok,ok,high,percentile_p20_p80,synthetic,synthetic_v1
syn_0004,data/raw/images/syn_0004.jpg,train,0.025440,0.683436,0.257528,0.318421,0.946659,111.198006,0.137892,0.249972,0.883827,0.762381,0.169523,0.092938,0.964840,5.455163,0.103870,7.926133,0.269148,0.306719,0.022847,0.524668,2.184233,0.023912,0.065841,0.059573,ok,ok,ok,low,high,ok,ok,high,ok,ok,low,low,ok,ok,high,ok,ok,ok,high,high,ok,low,high,ok,percentile_p20_p80,synthetic,synthetic_v1
syn_0005,data/raw/images/syn_0005.jpg,train,0.032723,0.718206,0.358124,0.342056,0.991514,119.381428,0.124512,0.174862,0.912448,0.865399,0.328982,0.137222,0.693619,6.488375,0.091117,5.800295,0.238042,0.299908,0.029249,0.427245,0.430487,0.042894,0.049646,0.050629,high,ok,high,ok,high,ok,ok,low,ok,high,high,high,low,high,ok,ok,ok,ok,high,low,ok,high,ok,ok,percentile_p20_p80,synthetic,synthetic_v1
syn_0006,data/raw/images/syn_0006.jpg,train,0.019173,0.645523,0.288798,0.299519,0.941964,118.038170,0.208503,0.231234,0.988284,0.701804,0.272672,0.128079,1.311858,-1.883206,0.099812,10.365416,0.313674,0.328495,0.012521,0.453918,-1.620449,0.033563,0.052700,0.079243,ok,low,ok,low,high,ok,high,ok,high,low,ok,ok,high,low,high,ok,high,ok,ok,ok,low,ok,ok,high,percentile_p20_p80,synthetic,synthetic_v1
syn_0007,data/raw/images/syn_0007.jpg,train,0.010668,0.739224,0.217240,0.340227,0.898280,127.887520,0.183443,0.218234,0.864138,0.807471,0.311019,0.132291,0.944957,7.966845,0.081758,10.799298,0.304593,0.324371,0.014865,0.587640,2.109258,0.029632,0.056344,0.072793,ok,ok,low,ok,ok,ok,high,ok,low,ok,ok,ok,ok,high,ok,ok,high,ok,ok,high,ok,ok,ok,high,percentile_p20_p80,synthetic,synthetic_v1
syn_0008,data/raw/images/syn_0008.jpg,train,0.018356,0.727791,0.291957,0.353589,0.849785,118.898269,0.141723,0.213920,0.930889,0.789114,0.265075,0.123239,1.042646,2.702353,0.082265,7.954785,0.253479,0.305229,0.013220,0.472781,1.750220,0.034030,0.052862,0.056143,ok,ok,ok,ok,ok,ok,ok,ok,ok,ok,ok,ok,ok,ok,ok,ok,ok,ok,ok,ok,ok,ok,ok,ok,percentile_p20_p80,synthetic,synthetic_v1
syn_0009,data/raw/images/syn_0009.jpg,train,0.018033,0.855961,0.205508,0.394764,0.858563,116.797629,0.197048,0.219657,1.032047,0.753471,0.301031,0.107729,0.946397,4.218691,0.074349,8.809966,0.186324,0.380099,0.010330,0.567145,-1.017780,0.034340,0.092979,0.044563,ok,high,low,ok,ok,ok,high,ok,high,ok,ok,ok,ok,ok,ok,ok,low,high,ok,high,low,ok,high,low,percentile_p20_p80,synthetic,synthetic_v1
syn_0010,data/raw/images/syn_0010.jpg,train,0.001000,0.687209,0.298900,0.394667,0.970326,114.915851,0.091932,0.202599,0.982011,0.807940,0.162584,0.119124,1.259725,11.442918,0.091234,9.237209,0.216593,0.266270,0.012469,0.505160,2.950460,0.028174,0.041177,0.045667,low,ok,ok,ok,high,ok,low,ok,high,ok,low,ok,high,high,ok,ok,low,low,ok,ok,ok,ok,low,low,percentile_p20_p80,synthetic,synthetic_v1
syn_0011,data/raw/images/syn_0011.jpg,train,0.004116,0.758605,0.187509,0.343336,0.911491,136.264153,0.142139,0.260051,0.900050,0.735336,0.239536,0.158183,1.199133,5.705893,0.146605,7.870635,0.281712,0.312304,0.009781,0.595809,5.266512,0.020804,0.050202,0.060140,low,ok,low,ok,ok,high,ok,high,ok,low,ok,high,high,ok,high,ok,ok,ok,ok,high,high,low,ok,ok,percentile_p20_p80,synthetic,synthetic_v1
syn_0012,data/raw/images/syn_0012.jpg,train,0.027398,0.639093,0.189778,0.264682,0.875022,116.761562,0.150357,0.189213,0.858788,0.658617,0.299751,0.129251,1.198949,6.767785,0.076186,13.397044,0.255227,0.273567,0.006794,0.450759,-3.914342,0.033251,0.057999,0.050653,high,low,low,low,ok,ok,ok,low,low,low,ok,ok,high,high,ok,high,ok,ok,ok,ok,low,ok,ok,ok,percentile_p20_p80,synthetic,synthetic_v1
syn_0013,data/raw/images/syn_0013.jpg,train,0.009434,0.742308,0.348675,0.361913,0.844466,110.902634,0.137907,0.169409,0.913737,0.783671,0.390681,0.143587,1.205104,1.504680,0.093398,3.442470,0.270919,0.316749,0.004336,0.579969,2.918434,0.016778,0.061634,0.050111,ok,ok,high,ok,ok,ok,ok,low,ok,ok,high,high,high,ok,ok,low,ok,ok,low,high,ok,low,ok,ok,percentile_p20_p80,synthetic,synthetic_v1
syn_0014,data/raw/images/syn_0014.jpg,train,0.018017,0.747946,0.295621,0.258042,0.798918,127.271490,0.179036,0.296126,1.010158,0.656668,0.326169,0.072093,1.292040,4.886723,0.057177,16.039604,0.282539,0.224354,0.014935,0.443443,1.778239,0.028278,0.071482,0.037921,ok,ok,ok,low,low,ok,high,high,high,low,high,low,high,ok,low,high,ok,low,ok,low,ok,ok,high,low,percentile_p20_p80,synthetic,synthetic_v1
syn_0015,data/raw/images/syn_0015.jpg,train,0.018952,0.747213,0.271730,0.362633,0.883535,115.930893,0.144859,0.220971,0.908203,0.806430,0.291874,0.118956,1.026125,3.313683,0.086155,7.853522,0.264020,0.298155,0.013541,0.478550,1.977409,0.031634,0.057489,0.057017,ok,ok,ok,ok,ok,ok,ok,ok,ok,ok,ok,ok,ok,ok,ok,ok,ok,ok,ok,ok,ok,ok,ok,ok,percentile_p20_p80,synthetic,synthetic_v1
syn_0016,data/raw/images/syn_0016.jpg,train,0.016601,0.668413,0.242395,0.322963,0.811086,128.389557,0.138602,0.282804,1.033966,0.781453,0.187119,0.110464,1.038698,-1.209548,0.074990,9.147785,0.243920,0.269263,0.004412,0.569334,1.100885,0.025361,0.050525,0.066452,ok,low,low,ok,low,high,ok,high,high,ok,low,ok,ok,low,ok,ok,ok,low,low,high,ok,low,ok,high,percentile_p20_p80,synthetic,synthetic_v1
syn_0017,data/raw/images/syn_0017.jpg,train,0.009784,0.748911,0.309115,0.397456,0.977979,111.394216,0.173982,0.188286,0.900173,0.851765,0.329343,0.120052,0.871288,5.965809,0.067393,4.304461,0.237315,0.309860,0.001000,0.498038,1.934774,0.027324,0.067443,0.062337,ok,ok,high,high,high,ok,high,low,ok,high,high,ok,low,ok,ok,low,low,ok,low,ok,ok,ok,high,ok,percentile_p20_p80,synthetic,synthetic_v1
syn_0018,data/raw/images/syn_0018.jpg,train,0.010725,0.679799,0.307806,0.284196,0.856716,110.427442,0.142096,0.228445,0.921839,0.848091,0.293684,0.112125,0.868372,6.526474,0.090563,13.803238,0.233839,0.301057,0.011413,0.475619,1.525976,0.018284,0.064900,0.062838,ok,ok,high,low,ok,ok,ok,ok,ok,high,ok,ok,low,high,ok,high,low,ok,ok,ok,ok,low,high,ok,percentile_p20_p80,synthetic,synthetic_v1
syn_0019,data/raw/images/syn_0019.jpg,train,0.031566,0.854974,0.267241,0.358193,0.880685,141.306225,0.088063,0.239431,0.846458,0.625106,0.158750,0.085456,1.210354,0.960739,0.075451,3.345949,0.281383,0.255922,0.025177,0.430345,-0.412069,0.032982,0.055297,0.072096,high,high,ok,ok,ok,high,low,ok,low,low,low,low,high,low,ok,low,ok,low,high,low,low,ok,ok,high,percentile_p20_p80,synthetic,synthetic_v1
syn_0020,data/raw/images/syn_0020.jpg,train,0.019445,0.647530,0.257587,0.331361,0.930753,122.605516,0.136418,0.254784,0.893575,0.771826,0.290846,0.158205,1.035220,2.772204,0.059083,10.744209,0.239432,0.313747,0.001000,0.532159,-1.829844,0.025781,0.067703,0.038986,ok,low,ok,ok,ok,ok,ok,high,ok,ok,ok,high,ok,ok,low,ok,ok,ok,low,high,low,low,high,low,percentile_p20_p80,synthetic,synthetic_v1
syn_0021,data/raw/images/syn_0021.jpg,train,0.017047,0.724455,0.240058,0.427147,0.984914,94.340590,0.096530,0.252329,0.854849,0.756682,0.287773,0.137296,1.016512,4.333273,0.064465,13.169446,0.242664,0.313589,0.006884,0.485316,1.079592,0.030700,0.042835,0.064557,ok,ok,low,high,high,low,low,high,low,ok,ok,high,ok,ok,ok,high,ok,ok,ok,ok,ok,ok,low,high,percentile_p20_p80,synthetic,synthetic_v1
syn_0022,data/raw/images/syn_0022.jpg,train,0.022242,0.723647,0.287323,0.370476,0.896240,118.910070,0.141592,0.228640,0.920860,0.765391,0.280358,0.108197,1.049779,4.361701,0.086180,8.151277,0.268121,0.299995,0.009441,0.462358,0.893916,0.029268,0.056901,0.054377,ok,ok,ok,ok,ok,ok,ok,ok,ok,ok,ok,ok,ok,ok,ok,ok,ok,ok,ok,ok,ok,ok,ok,ok,percentile_p20_p80,synthetic,synthetic_v1
syn_0023,data/raw/images/syn_0023.jpg,train,0.024844,0.724406,0.321762,0.413010,0.834826,114.708208,0.124015,0.155148,0.953761,0.851328,0.279614,0.107670,1.213636,-4.207368,0.083550,8.573136,0.240020,0.355663,0.021707,0.466942,1.283260,0.028896,0.048855,0.039302,ok,ok,high,high,ok,ok,ok,low,ok,high,ok,ok,high,low,ok,ok,ok,high,high,ok,ok,ok,ok,low,percentile_p20_p80,synthetic,synthetic_v1
syn_0024,data/raw/images/syn_0024.jpg,train,0.034559,0.781680,0.311927,0.305283,1.025659,141.761983,0.145642,0.183831,0.876678,0.805113,0.225219,0.119145,1.213297,-1.273883,0.120115,14.266834,0.216702,0.243454,0.009166,0.428443,0.840698,0.011351,0.052256,0.076634,high,high,high,low,high,high,ok,low,low,ok,low,ok,high,low,high,high,low,low,ok,low,ok,low,ok,high,percentile_p20_p80,synthetic,synthetic_v1
syn_0025,data/raw/images/syn_0025.jpg,train,0.004601,0.703616,0.220416,0.391912,0.864228,141.288797,0.146205,0.205113,0.947514,0.749626,0.199642,0.127549,1.023770,4.582103,0.087509,5.958721,0.274755,0.369508,0.001000,0.566871,0.892992,0.025867,0.084127,0.056860,low,ok,low,ok,ok,high,ok,ok,ok,ok,low,ok,ok,ok,ok,ok,ok,high,low,high,ok,low,high,ok,percentile_p20_p80,synthetic,synthetic_v1
syn_0026,data/raw/images/syn_0026.jpg,train,0.034445,0.769056,0.212776,0.366041,0.843228,101.898489,0.086849,0.224092,0.949513,0.803440,0.261650,0.100037,0.901971,2.056938,0.059339,7.186901,0.259199,0.264160,0.009679,0.441984,1.488819,0.036057,0.057138,0.060666,high,high,low,ok,ok,low,low,ok,ok,ok,ok,ok,low,ok,low,ok,ok,low,ok,low,ok,ok,ok,ok,percentile_p20_p80,synthetic,synthetic_v1
syn_0027,data/raw/images/syn_0027.jpg,train,0.001000,0.697278,0.291070,0.392058,0.768140,119.910139,0.176193,0.212856,0.915262,0.807027,0.294827,0.136866,1.060862,4.533736,0.064351,7.318249,0.303859,0.291833,0.010314,0.455425,3.467965,0.025163,0.065926,0.043756,low,ok,ok,ok,low,ok,high,ok,ok,ok,ok,high,ok,ok,ok,ok,high,ok,ok,ok,high,low,high,low,percentile_p20_p80,synthetic,synthetic_v1
syn_0028,data/raw/images/syn_0028.jpg,train,0.005307,0.732356,0.285207,0.374878,0.954378,113.050048,0.153290,0.183607,0.982958,0.817948,0.312191,0.124697,0.932160,2.854200,0.090036,7.923264,0.264331,0.245607,0.013811,0.445404,-1.208341,0.030763,0.032722,0.063383,low,ok,ok,ok,high,ok,ok,low,high,ok,ok,ok,ok,ok,ok,ok,ok,low,ok,ok,low,ok,low,ok,percentile_p20_p80,synthetic,synthetic_v1
syn_0029,data/raw/images/syn_0029.jpg,train,0.020556,0.719198,0.270062,0.348183,0.877355,110.728799,0.141354,0.226644,0.916101,0.772584,0.282730,0.122192,1.091031,4.016097,0.076551,7.538735,0.261592,0.315562,0.011199,0.466843,0.956183,0.027807,0.055989,0.050916,ok,ok,ok,ok,ok,ok,ok,ok,ok,ok,ok,ok,ok,ok,ok,ok,ok,ok,ok,ok,ok,ok,ok,ok,percentile_p20_p80,synthetic,synthetic_v1
syn_0030,data/raw/images/syn_0030.jpg,train,0.003198,0.601439,0.235280,0.388421,0.788205,97.004292,0.145348,0.206353,0.941610,0.824434,0.279490,0.087556,1.031430,5.750908,0.068340,2.250155,0.298591,0.283390,0.007908,0.480798,4.076181,0.034109,0.051001,0.063186,low,low,low,ok,low,low,ok,ok,ok,high,ok,low,ok,ok,ok,low,high,ok,ok,ok,high,ok,ok,ok,percentile_p20_p80,synthetic,synthetic_v1
syn_0031,data/raw/images/syn_0031.jpg,train,0.043764,0.803267,0.306915,0.303886,1.142644,103.616115,0.128846,0.192004,1.001345,0.805214,0.194373,0.126690,1.132036,2.885309,0.055596,5.099866,0.244710,0.300909,0.006801,0.516761,-0.874869,0.018149,0.046127,0.071187,high,high,ok,low,high,low,ok,low,high,ok,low,ok,ok,ok,low,ok,ok,ok,ok,ok,low,low,ok,high,percentile_p20_p80,synthetic,synthetic_v1
syn_0032,data/raw/images/syn_0032.jpg,train,0.011122,0.860449,0.299659,0.301779,0.821600,120.920470,0.104671,0.314983,0.870455,0.820857,0.367608,0.117270,0.900621,3.044268,0.087244,11.503008,0.261985,0.243991,0.012423,0.446332,-3.958090,0.026420,0.037811,0.062042,ok,high,ok,low,low,ok,low,high,low,ok,high,ok,low,ok,ok,high,ok,low,ok,ok,low,ok,low,ok,percentile_p20_p80,synthetic,synthetic_v1
syn_0033,data/raw/images/syn_0033.jpg,train,0.041330,0.831525,0.257072,0.336630,0.928215,130.735427,0.127438,0.214295,1.030346,0.773553,0.250881,0.122998,1.136955,0.424253,0.075032,3.334558,0.250261,0.375077,0.019417,0.475373,-0.832780,0.029509,0.067609,0.048260,high,high,ok,ok,ok,high,ok,ok,high,ok,ok,ok,ok,low,ok,low,ok,high,high,ok,low,ok,high,ok,percentile_p20_p80,synthetic,synthetic_v1
syn_0034,data/raw/images/syn_0034.jpg,train,0.035405,0.637582,0.268398,0.447138,0.739451,132.260958,0.084459,0.216397,0.911373,0.829458,0.090727,0.072055,0.965098,4.129133,0.062136,7.116532,0.218484,0.283949,0.003532,0.492201,2.953550,0.043463,0.047123,0.051184,high,low,ok,high,low,high,low,ok,ok,high,low,low,ok,ok,low,ok,low,ok,low,ok,ok,high,ok,ok,percentile_p20_p80,synthetic,synthetic_v1
syn_0035,data/raw/images/syn_0035.jpg,train,0.018573,0.702305,0.277920,0.281891,0.906023,107.017701,0.111291,0.156475,0.978050,0.771563,0.348970,0.126808,0.794496,0.207062,0.095159,4.937269,0.221838,0.292825,0.010230,0.429407,0.684637,0.028172,0.023920,0.061032,ok,ok,ok,low,ok,low,low,low,high,ok,high,ok,low,low,ok,low,low,ok,ok,low,ok,ok,low,ok,percentile_p20_p80,synthetic,synthetic_v1
syn_0036,data/raw/images/syn_0036.jpg,train,0.015566,0.739567,0.268499,0.340255,0.900783,113.244835,0.135229,0.225973,0.915879,0.755168,0.282821,0.118785,1.098145,4.515067,0.095179,6.354106,0.259810,0.289333,0.014887,0.490273,1.971274,0.030445,0.052765,0.048911,ok,ok,ok,ok,ok,ok,ok,ok,ok,ok,ok,ok,ok,ok,ok,ok,ok,ok,ok,ok,ok,ok,ok,ok,percentile_p20_p80,synthetic,synthetic_v1
syn_0037,data/raw/images/syn_0037.jpg,train,0.038514,0.750493,0.269566,0.406676,0.932564,129.703170,0.091294,0.191447,0.929772,0.801325,0.337434,0.094784,1.069081,11.718738,0.093838,11.482252,0.259328,0.330705,0.030040,0.485332,4.559946,0.024999,0.062081,0.065851,high,ok,ok,high,ok,high,low,low,ok,ok,high,low,ok,high,ok,high,ok,high,high,ok,high,low,ok,high,percentile_p20_p80,synthetic,synthetic_v1
syn_0038,data/raw/images/syn_0038.jpg,train,0.008976,0.785887,0.252990,0.319738,0.879917,141.183877,0.149275,0.257431,0.883410,0.784650,0.209407,0.105722,1.175346,3.865609,0.109026,7.190334,0.253072,0.351067,0.005514,0.404012,4.753192,0.035314,0.029018,0.055534,low,high,ok,low,ok,high,ok,high,ok,ok,low,ok,high,ok,high,ok,ok,high,low,low,high,ok,low,ok,percentile_p20_p80,synthetic,synthetic_v1
syn_0039,data/raw/images/syn_0039.jpg,train,0.013155,0.824690,0.250840,0.330962,0.816272,105.351327,0.118985,0.162563,0.868440,0.683605,0.190163,0.081008,0.971826,1.607090,0.055471,9.913084,0.258317,0.282721,0.007360,0.559644,2.099535,0.035803,0.023968,0.047155,ok,high,low,ok,low,low,ok,low,low,low,low,low,ok,ok,low,ok,ok,ok,ok,high,ok,ok,low,ok,percentile_p20_p80,synthetic,synthetic_v1
syn_0040,data/raw/images/syn_0040.jpg,train,0.001000,0.694428,0.294932,0.326285,0.916303,105.727000,0.157274,0.157856,0.906916,0.805188,0.312155,0.116818,1.340957,2.549531,0.070980,-3.038030,0.321913,0.285240,0.001000,0.546045,4.588765,0.032867,0.037781,0.060028,low,ok,ok,ok,ok,low,ok,low,ok,ok,ok,ok,high,ok,ok,low,high,ok,low,high,high,ok,low,ok,percentile_p20_p80,synthetic,synthetic_v1
syn_0041,data/raw/images/syn_0041.jpg,train,0.010543,0.649754,0.321735,0.253370,0.919701,123.512261,0.201530,0.233007,0.817078,0.729833,0.283880,0.128889,1.197122,-2.858865,0.073401,11.879444,0.314039,0.374441,0.008098,0.534880,5.779281,0.041585,0.063684,0.064934,ok,low,high,low,ok,ok,high,ok,low,low,ok,ok,high,low,ok,high,high,high,ok,high,high,high,high,high,percentile_p20_p80,synthetic,synthetic_v1
syn_0042,data/raw/images/syn_0042.jpg,train,0.008521,0.633165,0.319314,0.342647,0.878031,111.055359,0.128213,0.229310,0.868907,0.784110,0.294763,0.118066,0.938456,6.753169,0.117453,5.595028,0.303206,0.335571,0.001000,0.441940,-0.089601,0.038254,0.057262,0.060693,low,low,high,ok,ok,ok,ok,ok,low,ok,ok,ok,ok,high,high,ok,high,high,low,low,ok,ok,ok,ok,percentile_p20_p80,synthetic,synthetic_v1
syn_0043,data/raw/images/syn_0043.jpg,train,0.019909,0.706516,0.272535,0.344714,0.877020,117.642690,0.141284,0.212727,0.931332,0.793757,0.303198,0.124446,1.056957,4.588371,0.083049,7.348185,0.271282,0.317185,0.016942,0.480440,1.702669,0.032833,0.054992,0.056858,ok,ok,ok,ok,ok,ok,ok,ok,ok,ok,ok,ok,ok,ok,ok,ok,ok,ok,ok,ok,ok,ok,ok,ok,percentile_p20_p80,synthetic,synthetic_v1
syn_0044,data/raw/images/syn_0044.jpg,train,0.016546,0.708373,0.350359,0.368236,0.884691,128.584231,0.144510,0.231665,0.916822,0.706775,0.278142,0.091578,1.081523,-0.135034,0.098334,10.996939,0.269815,0.295995,0.016163,0.381750,-1.242050,0.030810,0.059143,0.054047,ok,ok,high,ok,ok,high,ok,ok,ok,low,ok,low,ok,low,high,ok,ok,ok,ok,low,low,ok,ok,ok,percentile_p20_p80,synthetic,synthetic_v1
syn_0045,data/raw/images/syn_0045.jpg,train,0.005945,0.728007,0.261852,0.306570,0.903065,115.480262,0.175894,0.246621,0.956734,0.799300,0.229289,0.096609,0.829326,14.076544,0.058411,7.160673,0.247386,0.288756,0.006159,0.386583,-0.995484,0.020875,0.053479,0.046790,low,ok,ok,low,ok,ok,high,ok,high,ok,low,low,low,high,low,ok,ok,ok,ok,low,low,low,ok,ok,percentile_p20_p80,synthetic,synthetic_v1
syn_0046,data/raw/images/syn_0046.jpg,train,0.009754,0.732953,0.256689,0.406605,0.852967,120.701881,0.100241,0.246275,0.899741,0.804525,0.299800,0.115664,1.082616,2.651462,0.106922,11.737155,0.276887,0.252794,0.001007,0.446807,0.887494,0.035584,0.044242,0.069125,ok,ok,ok,high,ok,ok,low,ok,ok,ok,ok,ok,ok,ok,high,high,ok,low,low,ok,ok,ok,low,high,percentile_p20_p80,synthetic,synthetic_v1
syn_0047,data/raw/images/syn_0047.jpg,train,0.018043,0.599233,0.260987,0.230741,0.827379,111.410466,0.121688,0.206990,0.900295,0.744376,0.370150,0.150373,0.878724,8.388650,0.047573,4.741551,0.313382,0.210418,0.017748,0.417325,1.140000,0.030558,0.075366,0.045273,ok,low,ok,low,ok,ok,ok,ok,ok,ok,high,high,low,high,low,low,high,low,ok,low,ok,ok,high,low,percentile_p20_p80,synthetic,synthetic_v1
syn_0048,data/raw/images/syn_0048.jpg,train,0.017172,0.757621,0.269929,0.318897,0.875856,119.122138,0.166522,0.182278,0.897543,0.799377,0.269970,0.115368,1.047450,1.564562,0.064006,9.762921,0.221671,0.346615,0.014173,0.416173,2.207567,0.033338,0.064146,0.068906,ok,ok,ok,low,ok,ok,high,low,ok,ok,ok,ok,ok,ok,low,ok,low,high,ok,low,ok,ok,high,high,percentile_p20_p80,synthetic,synthetic_v1
syn_0049,data/raw/images/syn_0049.jpg,train,0.013603,0.677534,0.255761,0.310946,0.827749,121.414029,0.140458,0.200346,0.883087,0.800873,0.249904,0.093996,1.027249,3.074272,0.058599,11.308705,0.289610,0.301636,0.013310,0.506365,1.422694,0.039130,0.074872,0.055966,ok,ok,ok,low,ok,ok,ok,ok,ok,ok,ok,low,ok,ok,low,high,high,ok,ok,ok,ok,high,high,ok,percentile_p20_p80,synthetic,synthetic_v1
syn_0050,data/raw/images/syn_0050.jpg,train,0.019321,0.733102,0.276620,0.345896,0.895855,113.293707,0.153416,0.228704,0.922346,0.780766,0.306270,0.114086,1.006493,3.476631,0.078691,6.993531,0.261346,0.301359,0.009965,0.500038,0.629954,0.029447,0.056128,0.054378,ok,ok,ok,ok,ok,ok,ok,ok,ok,ok,ok,ok,ok,ok,ok,ok,ok,ok,ok,ok,ok,ok,ok,ok,percentile_p20_p80,synthetic,synthetic_v1
syn_0051,data/raw/images/syn_0051.jpg,train,0.023013,0.682862,0.238666,0.327723,0.832148,124.299952,0.125601,0.250457,0.949404,0.842436,0.334043,0.139609,1.165478,2.191577,0.074762,0.679491,0.270211,0.273049,0.016015,0.506374,-1.880234,0.023889,0.050808,0.048789,ok,ok,low,ok,ok,ok,ok,high,ok,high,high,high,ok,ok,ok,low,ok,ok,ok,ok,low,low,ok,ok,percentile_p20_p80,synthetic,synthetic_v1
syn_0052,data/raw/images/syn_0052.jpg,train,0.020004,0.650675,0.281887,0.275576,0.729142,126.599964,0.100841,0.197603,0.849132,0.695468,0.256069,0.109747,1.197388,5.573292,0.074778,11.030734,0.299079,0.316452,0.007937,0.530930,5.921304,0.037284,0.076248,0.066119,ok,low,ok,low,low,ok,low,ok,low,low,ok,ok,high,ok,ok,ok,high,ok,ok,high,high,ok,high,high,percentile_p20_p80,synthetic,synthetic_v1
syn_0053,data/raw/images/syn_0053.jpg,train,0.028186,0.654589,0.235458,0.357526,0.763138,110.884554,0.166020,0.193394,0.946660,0.698925,0.250382,0.145586,1.081277,5.015989,0.114094,13.187214,0.229310,0.352716,0.005848,0.479121,1.538033,0.040584,0.041449,0.060422,high,low,low,ok,low,ok,high,ok,ok,low,ok,high,ok,ok,high,high,low,high,low,ok,ok,high,low,ok,percentile_p20_p80,synthetic,synthetic_v1
syn_0054,data/raw/images/syn_0054.jpg,train,0.024288,0.768691,0.271585,0.410171,0.830192,131.764705,0.150567,0.163997,0.940396,0.790758,0.258661,0.101594,1.013971,-1.047550,0.113814,3.486885,0.236855,0.345796,0.017850,0.516012,5.291771,0.029503,0.042442,0.065131,ok,high,ok,high,ok,high,ok,low,ok,ok,ok,ok,ok,low,high,low,low,high,ok,ok,high,ok,low,high,percentile_p20_p80,synthetic,synthetic_v1
syn_0055,data/raw/images/syn_0055.jpg,train,0.027555,0.700387,0.229377,0.421958,0.920309,101.518313,0.163399,0.162361,0.895868,0.712601,0.241730,0.099167,0.958003,6.534924,0.085892,10.514926,0.298232,0.285092,0.012799,0.506908,5.766846,0.039193,0.071579,0.067228,high,ok,low,high,ok,low,high,low,ok,low,ok,low,ok,high,ok,ok,high,ok,ok,ok,high,high,high,high,percentile_p20_p80,synthetic,synthetic_v1
syn_0056,data/raw/images/syn_0056.jpg,train,0.030687,0.612920,0.315234,0.370646,0.883795,111.672938,0.127242,0.236647,0.961999,0.690133,0.293086,0.105983,0.907380,5.374178,0.073426,5.363853,0.233079,0.311252,0.011900,0.425418,-0.602494,0.030540,0.059862,0.042403,high,low,high,ok,ok,ok,ok,ok,high,low,ok,ok,low,ok,ok,ok,low,ok,ok,low,low,ok,ok,low,percentile_p20_p80,synthetic,synthetic_v1
syn_0057,data/raw/images/syn_0057.jpg,train,0.019464,0.707640,0.307277,0.348237,0.866173,118.582010,0.133232,0.228276,0.942518,0.774186,0.282592,0.116764,1.049999,5.252768,0.084471,7.095775,0.273527,0.311621,0.013216,0.471760,1.541067,0.030409,0.056403,0.054051,ok,ok,high,ok,ok,ok,ok,ok,ok,ok,ok,ok,ok,ok,ok,ok,ok,ok,ok,ok,ok,ok,ok,ok,percentile_p20_p80,synthetic,synthetic_v1
syn_0058,data/raw/images/syn_0058.jpg,train,0.001000,0.775572,0.287658,0.413924,0.870467,120.261599,0.173460,0.235512,0.934400,0.972863,0.269860,0.124230,1.310104,1.182473,0.059180,2.271737,0.278678,0.325025,0.019415,0.412322,4.014648,0.041578,0.053832,0.055391,low,high,ok,high,ok,ok,high,ok,ok,high,ok,ok,high,low,low,low,ok,ok,ok,low,high,high,ok,ok,percentile_p20_p80,synthetic,synthetic_v1
syn_0059,data/raw/images/syn_0059.jpg,train,0.026107,0.742029,0.305679,0.305696,0.867776,103.450320,0.158938,0.241209,0.915059,0.797808,0.186609,0.141448,0.979909,4.451679,0.102307,4.973998,0.301903,0.304963,0.012282,0.507802,-1.617564,0.036753,0.055738,0.067435,high,ok,ok,low,ok,low,ok,ok,ok,ok,low,high,ok,ok,high,low,high,ok,ok,ok,low,ok,ok,high,percentile_p20_p80,synthetic,synthetic_v1
syn_0060,data/raw/images/syn_0060.jpg,train,0.015398,0.698201,0.294786,0.357032,0.797822,115.672507,0.178029,0.216276,0.876477,0.822956,0.168793,0.066993,1.049377,4.633238,0.084408,4.428868,0.254733,0.244051,0.014196,0.399234,1.126893,0.034093,0.033920,0.048730,ok,ok,ok,ok,low,ok,high,ok,low,high,low,low,ok,ok,ok,low,ok,low,ok,low,ok,ok,low,ok,percentile_p20_p80,synthetic,synthetic_v1
syn_0061,data/raw/images/syn_0061.jpg,train,0.027458,0.812938,0.219842,0.376996,0.793484,101.856904,0.187882,0.246727,0.879790,0.793142,0.318517,0.124532,1.387092,6.120227,0.020140,6.839201,0.234220,0.291834,0.012135,0.447443,-1.212294,0.042907,0.062168,0.046951,high,high,low,ok,low,low,high,ok,ok,ok,ok,ok,high,ok,low,ok,low,ok,ok,ok,low,high,ok,ok,percentile_p20_p80,synthetic,synthetic_v1
syn_0062,data/raw/images/syn_0062.jpg,train,0.026156,0.760511,0.330692,0.307234,0.934592,110.706540,0.174651,0.212302,0.806411,0.782121,0.172950,0.114571,1.041271,2.595432,0.050262,3.537084,0.230439,0.290076,0.024885,0.515454,0.319512,0.042191,0.038583,0.063220,high,high,high,low,ok,ok,high,ok,low,ok,low,ok,ok,ok,low,low,low,ok,high,ok,ok,high,low,ok,percentile_p20_p80,synthetic,synthetic_v1
syn_0063,data/raw/images/syn_0063.jpg,train,0.015897,0.734179,0.305538,0.326021,0.936081,117.888280,0.212354,0.207830,0.983459,0.818825,0.209552,0.154016,0.890938,-3.811983,0.097066,12.275814,0.261821,0.289559,0.027837,0.515593,-0.139665,0.037852,0.040081,0.048292,ok,ok,ok,ok,high,ok,high,ok,high,ok,low,high,low,low,high,high,ok,ok,high,ok,ok,ok,low,ok,percentile_p20_p80,synthetic,synthetic_v1
syn_0064,data/raw/images/syn_0064.jpg,train,0.014847,0.687000,0.268227,0.375279,0.860788,116.349904,0.131293,0.228656,0.920015,0.787361,0.278415,0.112681,1.013477,4.732608,0.079713,8.774402,0.232327,0.311101,0.010765,0.507161,1.180778,0.032057,0.056981,0.052373,ok,ok,ok,ok,ok,ok,ok,ok,ok,ok,ok,ok,ok,ok,ok,ok,low,ok,ok,ok,ok,ok,ok,ok,percentile_p20_p80,synthetic,synthetic_v1
syn_0065,data/raw/images/syn_0065.jpg,train,0.028473,0.681287,0.331564,0.399660,0.914695,109.309670,0.133683,0.231996,0.818333,0.746895,0.336284,0.088295,1.241847,1.800897,0.086465,3.409345,0.276953,0.318509,0.023364,0.547704,4.633809,0.033671,0.040286,0.070885,high,ok,high,high,ok,low,ok,ok,low,ok,high,low,high,ok,ok,low,ok,ok,high,high,high,ok,low,high,percentile_p20_p80,synthetic,synthetic_v1
syn_0066,data/raw/images/syn_0066.jpg,train,0.002350,0.693677,0.309484,0.382178,0.991515,117.951359,0.089298,0.208990,0.928703,0.758963,0.364747,0.113810,0.834623,5.633763,0.057046,14.799569,0.269453,0.243869,0.022794,0.598462,-3.510140,0.039225,0.060808,0.057108,low,ok,high,ok,high,ok,low,ok,ok,ok,high,ok,low,ok,low,high,ok,low,high,high,low,high,ok,ok,percentile_p20_p80,synthetic,synthetic_v1
syn_0067,data/raw/images/syn_0067.jpg,train,0.022120,0.749513,0.252280,0.430549,0.785533,141.502760,0.185831,0.172555,0.919730,0.865192,0.250540,0.115940,0.989643,8.086155,0.067846,7.960698,0.278908,0.291696,0.003336,0.412923,-2.295641,0.022562,0.034353,0.046277,ok,ok,ok,high,low,high,high,low,ok,high,ok,ok,ok,high,ok,ok,ok,ok,low,low,low,low,low,low,percentile_p20_p80,synthetic,synthetic_v1
syn_0068,data/raw/images/syn_0068.jpg,train,0.021603,0.723246,0.246935,0.309099,0.810463,101.345224,0.102924,0.248574,0.849769,0.781039,0.242917,0.180699,0.780461,4.676553,0.073325,4.915479,0.271032,0.306223,0.001311,0.501314,2.472921,0.042476,0.047680,0.072645,ok,ok,low,low,low,low,low,ok,low,ok,ok,high,low,ok,ok,low,ok,ok,low,ok,ok,high,ok,high,percentile_p20_p80,synthetic,synthetic_v1
syn_0069,data/raw/images/syn_0069.jpg,train,0.015638,0.601439,0.300924,0.355920,0.818235,129.198884,0.125851,0.260675,0.915865,0.825019,0.320769,0.131829,0.895193,7.218995,0.080435,16.009043,0.276753,0.330045,0.004351,0.459693,1.741795,0.022636,0.040957,0.053697,ok,low,ok,ok,low,high,ok,high,ok,high,ok,ok,low,high,ok,high,ok,high,low,ok,ok,low,low,ok,percentile_p20_p80,synthetic,synthetic_v1
syn_0070,data/raw/images/syn_0070.jpg,train,0.017066,0.732124,0.324684,0.339983,0.927661,116.264376,0.134180,0.230283,0.816614,0.783981,0.241705,0.096754,0.766951,2.449881,0.042451,11.480493,0.251624,0.232717,0.005265,0.517748,0.012791,0.029750,0.050570,0.053461,ok,ok,high,ok,ok,ok,ok,ok,low,ok,ok,low,low,ok,low,high,ok,low,low,ok,ok,ok,ok,ok,percentile_p20_p80,synthetic,synthetic_v1
syn_0071,data/raw/images/syn_0071.jpg,train,0.012901,0.719318,0.274419,0.396922,0.876272,116.633126,0.147414,0.218440,0.923167,0.766888,0.303328,0.116077,1.064076,4.990813,0.078477,7.999851,0.265132,0.306827,0.009275,0.482269,0.909144,0.030509,0.053055,0.058648,ok,ok,ok,high,ok,ok,ok,ok,ok,ok,ok,ok,ok,ok,ok,ok,ok,ok,ok,ok,ok,ok,ok,ok,percentile_p20_p80,synthetic,synthetic_v1
syn_0072,data/raw/images/syn_0072.jpg,train,0.037159,0.876327,0.277738,0.317930,0.812136,137.289769,0.093849,0.207321,0.891697,0.885000,0.219199,0.147542,1.247003,3.416305,0.089310,1.845143,0.256913,0.291399,0.001000,0.500769,2.387916,0.018453,0.038053,0.046009,high,high,ok,low,low,high,low,ok,ok,high,low,high,high,ok,ok,low,ok,ok,low,ok,ok,low,low,low,percentile_p20_p80,synthetic,synthetic_v1
syn_0073,data/raw/images/syn_0073.jpg,train,0.011650,0.701618,0.241675,0.309607,0.901456,112.297024,0.136796,0.210813,0.942860,0.770744,0.331692,0.122575,1.183355,8.364788,0.050790,11.687980,0.322399,0.261099,0.011681,0.462140,2.602085,0.036160,0.046968,0.070751,ok,ok,low,low,ok,ok,ok,ok,ok,ok,high,ok,high,high,low,high,high,low,ok,ok,ok,ok,ok,high,percentile_p20_p80,synthetic,synthetic_v1
syn_0074,data/raw/images/syn_0074.jpg,train,0.007720,0.711701,0.320944,0.457672,0.844114,127.387535,0.146601,0.156702,0.872241,0.707714,0.249801,0.109580,1.054192,8.471929,0.088450,18.612251,0.251480,0.331570,0.016144,0.555328,0.553210,0.038762,0.074549,0.046350,low,ok,high,high,ok,ok,ok,low,low,low,ok,ok,ok,high,ok,high,ok,high,ok,high,ok,high,high,low,percentile_p20_p80,synthetic,synthetic_v1
syn_0075,data/raw/images/syn_0075.jpg,train,0.017102,0.750258,0.262609,0.316238,1.008291,115.244199,0.192023,0.199663,0.909646,0.827828,0.267639,0.097528,0.942013,4.954353,0.066678,8.352271,0.180995,0.277675,0.010197,0.454368,-0.983967,0.024932,0.055846,0.072845,ok,ok,ok,low,high,ok,high,ok,ok,high,ok,low,ok,ok,ok,ok,low,ok,ok,ok,low,low,ok,high,percentile_p20_p80,synthetic,synthetic_v1
syn_0076,data/raw/images/syn_0076.jpg,train,0.001219,0.703424,0.319082,0.376723,0.873437,112.591449,0.140398,0.215957,0.810677,0.737053,0.163025,0.152276,1.173397,1.241181,0.096098,17.794590,0.238192,0.351971,0.015625,0.468165,-1.264776,0.027553,0.050261,0.027211,low,ok,high,ok,ok,ok,ok,ok,low,ok,low,high,high,low,high,high,ok,high,ok,ok,low,ok,ok,low,percentile_p20_p80,synthetic,synthetic_v1
syn_0077,data/raw/images/syn_0077.jpg,train,0.024366,0.700696,0.298370,0.339039,1.089879,98.112584,0.112008,0.248208,1.037923,0.720455,0.389753,0.097074,1.244005,4.263881,0.124600,15.127941,0.237330,0.417428,0.001000,0.464319,6.019758,0.026122,0.047304,0.056568,ok,ok,ok,ok,high,low,low,ok,high,low,high,low,high,ok,high,high,low,high,low,ok,high,low,ok,ok,percentile_p20_p80,synthetic,synthetic_v1
syn_0078,data/raw/images/syn_0078.jpg,train,0.019357,0.725808,0.272543,0.362461,0.891155,122.511972,0.142461,0.207470,0.920355,0.770691,0.299785,0.109529,1.070990,3.067778,0.086360,8.771162,0.261919,0.305049,0.011158,0.488447,1.468983,0.033462,0.055176,0.047556,ok,ok,ok,ok,ok,ok,ok,ok,ok,ok,ok,ok,ok,ok,ok,ok,ok,ok,ok,ok,ok,ok,ok,ok,percentile_p20_p80,synthetic,synthetic_v1
syn_0079,data/raw/images/syn_0079.jpg,train,0.011836,0.811050,0.338102,0.365227,0.871178,113.977022,0.158917,0.243162,0.871045,0.819699,0.353974,0.096128,1.021974,5.622477,0.094455,6.317860,0.241496,0.281445,0.015852,0.501456,1.451456,0.021086,0.041920,0.062642,ok,high,high,ok,ok,ok,ok,ok,low,ok,high,low,ok,ok,ok,ok,ok,ok,ok,ok,ok,low,low,ok,percentile_p20_p80,synthetic,synthetic_v1
syn_0080,data/raw/images/syn_0080.jpg,train,0.003347,0.733581,0.265568,0.329889,0.881869,138.116225,0.148664,0.208173,0.846331,0.810734,0.348202,0.135184,1.224893,5.668094,0.053935,7.820201,0.278370,0.328840,0.007069,0.476832,2.414674,0.042170,0.067063,0.062756,low,ok,ok,ok,ok,high,ok,ok,low,ok,high,ok,high,ok,low,ok,ok,ok,ok,ok,ok,high,high,ok,percentile_p20_p80,synthetic,synthetic_v1
syn_0081,data/raw/images/syn_0081.jpg,train,0.022755,0.658483,0.235962,0.355407,0.952911,122.744241,0.156833,0.159938,0.846917,0.847193,0.277922,0.087158,1.182325,4.903127,0.139029,13.000002,0.272134,0.293956,0.014323,0.474867,-2.096992,0.039420,0.058298,0.021944,ok,low,low,ok,high,ok,ok,low,low,high,ok,low,high,ok,high,high,ok,ok,ok,ok,low,high,ok,low,percentile_p20_p80,synthetic,synthetic_v1
syn_0082,data/raw/images/syn_0082.jpg,train,0.010374,0.670275,0.319236,0.357797,0.984118,98.901765,0.107726,0.262684,0.887239,0.716482,0.248400,0.101004,1.130899,7.913587,0.048262,6.836894,0.260499,0.303288,0.020333,0.485992,0.050492,0.023105,0.033103,0.050547,ok,low,high,ok,high,low,low,high,ok,low,ok,ok,ok,high,low,ok,ok,ok,high,ok,ok,low,low,ok,percentile_p20_p80,synthetic,synthetic_v1
syn_0083,data/raw/images/syn_0083.jpg,train,0.018173,0.775303,0.264889,0.476185,0.874646,112.199875,0.151418,0.181178,0.930445,0.656154,0.320566,0.121667,1.081586,4.541831,0.054525,4.405514,0.314825,0.319784,0.006027,0.501054,2.519277,0.047636,0.068324,0.059934,ok,high,ok,high,ok,ok,ok,low,ok,low,ok,ok,ok,ok,low,low,high,ok,ok,ok,ok,high,high,ok,percentile_p20_p80,synthetic,synthetic_v1
syn_0084,data/raw/images/syn_0084.jpg,train,0.012610,0.827021,0.275938,0.316474,0.794583,107.651242,0.129077,0.250616,0.965659,0.849064,0.289179,0.140787,1.388897,7.186013,0.112058,1.957446,0.234037,0.269955,0.001000,0.483684,4.981122,0.027717,0.057345,0.044751,ok,high,ok,low,low,low,ok,high,high,high,ok,high,high,high,high,low,low,low,low,ok,high,ok,ok,low,percentile_p20_p80,synthetic,synthetic_v1
syn_0085,data/raw/images/syn_0085.jpg,train,0.016525,0.724280,0.268042,0.374675,0.846422,118.966702,0.136314,0.234891,0.929523,0.748738,0.243664,0.113742,1.031167,3.834619,0.080151,8.673596,0.248048,0.281995,0.012631,0.475488,1.435392,0.030716,0.054480,0.059460,ok,ok,ok,ok,ok,ok,ok,ok,ok,ok,ok,ok,ok,ok,ok,ok,ok,ok,ok,ok,ok,ok,ok,ok,percentile_p20_p80,synthetic,synthetic_v1
syn_0086,data/raw/images/syn_0086.jpg,train,0.001000,0.646468,0.305664,0.438370,0.865605,102.847410,0.079966,0.230422,0.857532,0.910535,0.420496,0.125658,1.122819,3.587305,0.102836,7.987718,0.262217,0.354416,0.018262,0.586549,-2.592074,0.027555,0.044153,0.065101,low,low,ok,high,ok,low,low,ok,low,high,high,ok,ok,ok,high,ok,ok,high,ok,high,low,ok,low,high,percentile_p20_p80,synthetic,synthetic_v1
syn_0087,data/raw/images/syn_0087.jpg,train,0.012077,0.756140,0.233240,0.355283,1.040790,137.660419,0.083644,0.234583,0.961318,0.750396,0.213857,0.136550,1.065124,5.933893,0.076839,17.324661,0.228016,0.280160,0.017149,0.516587,-1.946784,0.042379,0.037503,0.055077,ok,ok,low,ok,high,high,low,ok,high,ok,low,ok,ok,ok,ok,high,low,ok,ok,ok,low,high,low,ok,percentile_p20_p80,synthetic,synthetic_v1
syn_0088,data/raw/images/syn_0088.jpg,train,0.014316,0.677543,0.325330,0.242647,0.828845,107.166834,0.166247,0.282017,0.958773,0.863717,0.146527,0.124090,0.842545,2.687621,0.084893,8.378498,0.308151,0.220855,0.003643,0.405969,-2.596977,0.040046,0.057189,0.073679,ok,ok,high,low,ok,low,high,high,high,high,low,ok,low,ok,ok,ok,high,low,low,low,low,high,ok,high,percentile_p20_p80,synthetic,synthetic_v1
syn_0089,data/raw/images/syn_0089.jpg,train,0.032222,0.724089,0.241215,0.409590,0.831588,103.606914,0.105488,0.224874,0.983276,0.783157,0.353466,0.122284,0.986033,13.524108,0.116421,8.787628,0.230873,0.235639,0.016014,0.467224,2.667502,0.034584,0.060235,0.068707,high,ok,low,high,ok,low,low,ok,high,ok,high,ok,ok,high,high,ok,low,low,ok,ok,ok,ok,ok,high,percentile_p20_p80,synthetic,synthetic_v1
syn_0090,data/raw/images/syn_0090.jpg,train,0.021771,0.676593,0.249178,0.389156,0.804972,126.620106,0.161426,0.218245,0.880929,0.673420,0.212562,0.079352,1.054001,2.451994,0.061587,11.490422,0.264526,0.301903,0.017581,0.531823,-2.507060,0.037653,0.033293,0.045467,ok,ok,low,ok,low,ok,high,ok,ok,low,low,low,ok,ok,low,high,ok,ok,ok,high,low,ok,low,low,percentile_p20_p80,synthetic,synthetic_v1
syn_0091,data/raw/images/syn_0091.jpg,train,0.030146,0.761473,0.306590,0.369104,0.978908,99.510391,0.130845,0.221894,1.021764,0.841593,0.342306,0.100966,1.387449,5.651329,0.059882,17.381437,0.210058,0.265252,0.009660,0.430979,2.818028,0.034214,0.056362,0.077726,high,high,ok,ok,high,low,ok,ok,high,high,high,ok,high,ok,low,high,low,low,ok,low,ok,ok,ok,high,percentile_p20_p80,synthetic,synthetic_v1
syn_0092,data/raw/images/syn_0092.jpg,train,0.013098,0.740496,0.271753,0.378277,0.913341,124.904659,0.138571,0.208367,0.924099,0.779199,0.253557,0.124597,1.015400,5.261758,0.084826,7.718663,0.260316,0.297574,0.010857,0.518729,0.914877,0.032111,0.057974,0.053847,ok,ok,ok,ok,ok,ok,ok,ok,ok,ok,ok,ok,ok,ok,ok,ok,ok,ok,ok,high,ok,ok,ok,ok,percentile_p20_p80,synthetic,synthetic_v1
syn_0093,data/raw/images/syn_0093.jpg,train,0.010457,0.640254,0.327681,0.395600,0.912895,99.894449,0.155107,0.231412,0.903097,0.697396,0.276599,0.098229,1.062005,4.221690,0.073237,11.528094,0.257688,0.321163,0.016184,0.530409,-0.910149,0.029238,0.066064,0.056842,ok,low,high,ok,ok,low,ok,ok,ok,low,ok,low,ok,ok,ok,high,ok,ok,ok,high,low,ok,high,ok,percentile_p20_p80,synthetic,synthetic_v1
syn_0094,data/raw/images/syn_0094.jpg,train,0.031510,0.764715,0.262213,0.404026,0.861976,129.479254,0.195613,0.263664,1.034475,0.686905,0.247098,0.113341,0.989956,5.303568,0.072638,12.424430,0.294467,0.316539,0.001878,0.507369,3.185725,0.034831,0.055360,0.071804,high,high,ok,high,ok,high,high,high,high,low,ok,ok,ok,ok,ok,high,high,ok,low,ok,ok,ok,ok,high,percentile_p20_p80,synthetic,synthetic_v1
syn_0095,data/raw/images/syn_0095.jpg,train,0.011419,0.697998,0.306682,0.386540,0.939682,114.591871,0.100559,0.170497,0.898366,0.827546,0.327536,0.074602,1.130084,3.694707,0.059158,16.763100,0.269239,0.333097,0.037675,0.450944,0.508025,0.043912,0.039308,0.055888,ok,ok,ok,ok,high,ok,low,low,ok,high,high,low,ok,ok,low,high,ok,high,high,ok,ok,high,low,ok,percentile_p20_p80,synthetic,synthetic_v1
syn_0096,data/raw/images/syn_0096.jpg,train,0.018555,0.778211,0.296216,0.314341,0.948057,128.141793,0.108470,0.192488,0.893710,0.711040,0.343880,0.111904,1.008325,0.367855,0.072109,13.939807,0.286190,0.235304,0.002103,0.511780,0.254695,0.027574,0.044674,0.039027,ok,high,ok,low,high,high,low,low,ok,low,high,ok,ok,low,ok,high,high,low,low,ok,ok,ok,low,low,percentile_p20_p80,synthetic,synthetic_v1
syn_0097,data/raw/images/syn_0097.jpg,train,0.019143,0.697184,0.325615,0.356665,0.812438,126.325666,0.180384,0.190571,0.834871,0.751262,0.199005,0.161040,0.841838,2.853068,0.109470,11.484850,0.242022,0.268677,0.010185,0.467992,5.240996,0.030763,0.038800,0.066829,ok,ok,high,ok,low,ok,high,low,low,ok,low,high,low,ok,high,high,ok,low,ok,ok,high,ok,low,high,percentile_p20_p80,synthetic,synthetic_v1
syn_0098,data/raw/images/syn_0098.jpg,train,0.030438,0.706392,0.310885,0.362562,0.795524,117.027104,0.105660,0.194634,0.873055,0.799971,0.291189,0.087008,0.912022,3.990578,0.089287,8.288965,0.182762,0.351476,0.029723,0.559190,2.860260,0.037376,0.047150,0.057263,high,ok,high,ok,low,ok,low,ok,low,ok,ok,low,low,ok,ok,ok,low,high,high,high,ok,ok,ok,ok,percentile_p20_p80,synthetic,synthetic_v1
syn_0099,data/raw/images/syn_0099.jpg,train,0.014608,0.721826,0.265703,0.367315,0.873795,120.301207,0.141369,0.215404,0.930542,0.762399,0.276027,0.116640,1.077899,3.933924,0.081350,8.525471,0.239471,0.290737,0.012290,0.492656,1.857867,0.034622,0.054335,0.055302,ok,ok,ok,ok,ok,ok,ok,ok,ok,ok,ok,ok,ok,ok,ok,ok,ok,ok,ok,ok,ok,ok,ok,ok,percentile_p20_p80,synthetic,synthetic_v1
syn_0100,data/raw/images/syn_0100.jpg,train,0.012002,0.693860,0.246783,0.332836,0.866667,110.181351,0.140797,0.147255,0.941397,0.790647,0.306774,0.108413,0.973767,7.438263,0.076910,15.946198,0.210786,0.290105,0.001000,0.440663,-0.474979,0.028154,0.064394,0.041273,ok,ok,low,ok,ok,low,ok,low,ok,ok,ok,ok,ok,high,ok,high,low,ok,low,low,low,ok,high,low,percentile_p20_p80,synthetic,synthetic_v1
syn_0101,data/raw/images/syn_0101.jpg,train,0.025320,0.633547,0.263779,0.425990,0.912343,121.267364,0.158903,0.243039,0.951400,0.864220,0.217693,0.118232,1.145590,6.623748,0.091161,13.226146,0.242465,0.246011,0.024724,0.479960,0.128284,0.032286,0.049813,0.067074,ok,low,ok,high,ok,ok,ok,ok,ok,high,low,ok,ok,high,ok,high,ok,low,high,ok,ok,ok,ok,high,percentile_p20_p80,synthetic,synthetic_v1
syn_0102,data/raw/images/syn_0102.jpg,train,0.028682,0.738704,0.301635,0.361630,0.951856,89.640165,0.104954,0.218403,0.899326,0.722969,0.317198,0.095540,1.082604,4.435014,0.081154,4.683261,0.253239,0.349077,0.017435,0.528142,1.299795,0.018382,0.049402,0.053192,high,ok,ok,ok,high,low,low,ok,ok,low,ok,low,ok,ok,ok,low,ok,high,ok,high,ok,low,ok,ok,percentile_p20_p80,synthetic,synthetic_v1
syn_0103,data/raw/images/syn_0103.jpg,train,0.033618,0.788157,0.296994,0.317174,0.888991,114.859222,0.132695,0.170659,0.943195,0.778209,0.328263,0.083459,0.880953,16.761953,0.062399,9.150331,0.275321,0.260713,0.029276,0.476719,1.873700,0.046547,0.045508,0.049148,high,high,ok,low,ok,ok,ok,low,ok,ok,high,low,low,high,low,ok,ok,low,high,ok,ok,high,ok,ok,percentile_p20_p80,synthetic,synthetic_v1
syn_0104,data/raw/images/syn_0104.jpg,train,0.013854,0.637641,0.291034,0.383653,0.892832,125.869964,0.165970,0.233548,0.907928,0.853225,0.238200,0.154909,1.021057,6.676810,0.116531,-1.059191,0.253271,0.283842,0.029074,0.459659,8.322549,0.019777,0.059194,0.050364,ok,low,ok,ok,ok,ok,high,ok,ok,high,ok,high,ok,high,high,low,ok,ok,high,ok,high,low,ok,ok,percentile_p20_p80,synthetic,synthetic_v1
syn_0105,data/raw/images/syn_0105.jpg,train,0.024061,0.686091,0.261959,0.268859,0.887572,100.024936,0.100710,0.223475,0.913933,0.841625,0.198812,0.130525,1.098375,2.941701,0.063927,7.683630,0.290940,0.285050,0.020473,0.466310,5.811989,0.032214,0.052893,0.035670,ok,ok,ok,low,ok,low,low,ok,ok,high,low,ok,ok,ok,low,ok,high,ok,high,ok,high,ok,ok,low,percentile_p20_p80,synthetic,synthetic_v1
syn_0106,data/raw/images/syn_0106.jpg,train,0.013719,0.725719,0.277726,0.363516,0.868019,117.548685,0.135322,0.222952,0.917273,0.807970,0.269679,0.126993,1.010457,3.592834,0.075792,9.259637,0.263824,0.301372,0.012586,0.466445,2.376821,0.034779,0.054897,0.055040,ok,ok,ok,ok,ok,ok,ok,ok,ok,ok,ok,ok,ok,ok,ok,ok,ok,ok,ok,ok,ok,ok,ok,ok,percentile_p20_p80,synthetic,synthetic_v1
syn_0107,data/raw/images/syn_0107.jpg,train,0.025790,0.709485,0.271993,0.335360,0.855788,112.287278,0.161896,0.206868,0.898582,0.742391,0.190030,0.159005,1.126289,7.032753,0.069402,13.828802,0.265082,0.358105,0.011866,0.477767,0.180114,0.032620,0.057700,0.072912,ok,ok,ok,ok,ok,ok,high,ok,ok,ok,low,high,ok,high,ok,high,ok,high,ok,ok,ok,ok,ok,high,percentile_p20_p80,synthetic,synthetic_v1
syn_0108,data/raw/images/syn_0108.jpg,train,0.036477,0.725397,0.328762,0.224117,0.847080,120.996537,0.166614,0.236924,0.917197,0.752310,0.232014,0.167549,1.218334,8.577220,0.080212,5.862123,0.279414,0.299015,0.010719,0.478757,-0.082378,0.025029,0.052091,0.038375,high,ok,high,low,ok,ok,high,ok,ok,ok,low,high,high,high,ok,ok,ok,ok,ok,ok,ok,low,ok,low,percentile_p20_p80,synthetic,synthetic_v1
syn_0109,data/raw/images/syn_0109.jpg,train,0.025179,0.770313,0.249218,0.268629,0.907551,120.861190,0.140615,0.166623,0.824113,0.882694,0.267016,0.132610,1.039388,5.447390,0.054435,6.217162,0.212562,0.256514,0.004910,0.389673,0.347002,0.026313,0.040765,0.053406,ok,high,low,low,ok,ok,ok,low,low,high,ok,ok,ok,ok,low,ok,low,low,low,low,ok,low,low,ok,percentile_p20_p80,synthetic,synthetic_v1
syn_0110,data/raw/images/syn_0110.jpg,train,0.017864,0.669782,0.360479,0.395910,0.958516,114.059400,0.166808,0.250623,0.869075,0.739067,0.454913,0.109720,1.123029,3.248894,0.096628,4.021659,0.224815,0.345374,0.013985,0.356119,1.558536,0.030544,0.063528,0.058853,ok,low,high,high,high,ok,high,high,low,ok,high,ok,ok,ok,high,low,low,high,ok,low,ok,ok,high,ok,percentile_p20_p80,synthetic,synthetic_v1
syn_0111,data/raw/images/syn_0111.jpg,train,0.022106,0.725248,0.291619,0.302369,0.822957,107.772275,0.099765,0.251530,0.973879,0.816840,0.243926,0.106572,0.984019,7.895144,0.090533,14.955641,0.226065,0.290975,0.001000,0.409138,1.111850,0.029314,0.048846,0.036583,ok,ok,ok,low,low,low,low,high,high,ok,ok,ok,ok,high,ok,high,low,ok,low,low,ok,ok,ok,low,percentile_p20_p80,synthetic,synthetic_v1
syn_0112,data/raw/images/syn_0112.jpg,train,0.020361,0.702968,0.316595,0.387525,0.788178,122.748303,0.122034,0.281300,0.918521,0.749789,0.255608,0.082478,1.241169,11.417742,0.045404,6.992828,0.256136,0.276229,0.024175,0.542372,0.886641,0.048570,0.055393,0.052097,ok,ok,high,ok,low,ok,ok,high,ok,ok,ok,low,high,high,low,ok,ok,ok,high,high,ok,high,ok,ok,percentile_p20_p80,synthetic,synthetic_v1
syn_0113,data/raw/images/syn_0113.jpg,train,0.018839,0.708810,0.294531,0.367708,0.873788,117.443444,0.133192,0.222625,0.903830,0.780048,0.272242,0.123544,1.089096,4.688571,0.079387,7.290376,0.257378,0.299834,0.013220,0.472898,0.895450,0.032347,0.059076,0.060617,ok,ok,ok,ok,ok,ok,ok,ok,ok,ok,ok,ok,ok,ok,ok,ok,ok,ok,ok,ok,ok,ok,ok,ok,percentile_p20_p80,synthetic,synthetic_v1
syn_0114,data/raw/images/syn_0114.jpg,train,0.027518,0.660584,0.336344,0.317717,0.826060,123.131329,0.098590,0.252067,0.917319,0.803947,0.230594,0.141161,1.126969,2.728351,0.098906,-2.641144,0.272681,0.295698,0.004050,0.488860,2.749502,0.026104,0.053566,0.054503,high,low,high,low,low,ok,low,high,ok,ok,low,high,ok,ok,high,low,ok,ok,low,ok,ok,low,ok,ok,percentile_p20_p80,synthetic,synthetic_v1
syn_0115,data/raw/images/syn_0115.jpg,train,0.022715,0.793606,0.261442,0.425846,0.788704,121.609325,0.088412,0.222871,0.956113,0.901378,0.282961,0.101292,1.203974,4.144050,0.081967,11.668071,0.298246,0.230715,0.012515,0.479180,-1.173925,0.019009,0.054198,0.049435,ok,high,ok,high,low,ok,low,ok,high,high,ok,ok,high,ok,ok,high,high,low,ok,ok,low,low,ok,ok,percentile_p20_p80,synthetic,synthetic_v1
syn_0116,data/raw/images/syn_0116.jpg,train,0.009304,0.711758,0.265959,0.360880,0.990375,117.638452,0.196411,0.269764,0.968379,0.736290,0.262394,0.097007,1.112381,3.765286,0.088834,9.210098,0.265875,0.285724,0.002270,0.457916,3.291541,0.030689,0.054280,0.065414,ok,ok,ok,ok,high,ok,high,high,high,low,ok,low,ok,ok,ok,ok,ok,ok,low,ok,ok,ok,ok,high,percentile_p20_p80,synthetic,synthetic_v1
syn_0117,data/raw/images/syn_0117.jpg,train,0.023851,0.631512,0.276783,0.316435,0.876207,122.683254,0.155282,0.286551,0.894959,0.762303,0.314442,0.144050,0.895286,6.403510,0.093310,7.398573,0.250161,0.329306,0.016272,0.500035,-0.329483,0.018222,0.053872,0.051747,ok,low,ok,low,ok,ok,ok,high,ok,ok,ok,high,low,high,ok,ok,ok,ok,ok,ok,ok,low,ok,ok,percentile_p20_p80,synthetic,synthetic_v1
syn_0118,data/raw/images/syn_0118.jpg,train,0.023498,0.674129,0.305388,0.380480,0.828191,129.340347,0.129713,0.192141,0.932543,0.779117,0.225697,0.135503,1.048627,1.346254,0.044921,9.705670,0.263466,0.304775,0.025768,0.355469,4.673018,0.042910,0.043239,0.067176,ok,low,ok,ok,ok,high,ok,low,ok,ok,low,ok,ok,ok,low,ok,ok,ok,high,low,high,high,low,high,percentile_p20_p80,synthetic,synthetic_v1
syn_0119,data/raw/images/syn_0119.jpg,train,0.008256,0.657450,0.275944,0.451383,0.905317,118.598217,0.166570,0.195100,0.994876,0.874237,0.305753,0.100293,1.210802,5.031422,0.092873,12.546268,0.275275,0.263898,0.026903,0.493964,2.310394,0.036921,0.058741,0.063975,low,low,ok,high,ok,ok,high,ok,high,high,ok,ok,high,ok,ok,high,ok,low,high,ok,ok,ok,ok,ok,percentile_p20_p80,synthetic,synthetic_v1
syn_0120,data/raw/images/syn_0120.jpg,train,0.018592,0.717336,0.274498,0.353608,0.874957,120.968317,0.137473,0.218889,0.918737,0.788008,0.289735,0.132340,0.997760,3.800544,0.082865,6.314878,0.275237,0.298839,0.010015,0.492134,0.126245,0.032424,0.052026,0.054955,ok,ok,ok,ok,ok,ok,ok,ok,ok,ok,ok,ok,ok,ok,ok,ok,ok,ok,ok,ok,ok,ok,ok,ok,percentile_p20_p80,synthetic,synthetic_v1
syn_0121,data/raw/images/syn_0121.jpg,train,0.022489,0.767552,0.296453,0.464319,0.884338,113.896869,0.176784,0.217388,0.940911,0.543764,0.307195,0.118131,0.984765,1.702788,0.098063,-0.166673,0.370221,0.346165,0.015698,0.575019,2.186639,0.024840,0.067325,0.035368,ok,high,ok,high,ok,ok,high,ok,ok,low,ok,ok,ok,ok,high,low,high,high,ok,high,ok,low,high,low,percentile_p20_p80,synthetic,synthetic_v1
syn_0122,data/raw/images/syn_0122.jpg,train,0.025201,0.791886,0.301399,0.287440,0.894358,116.522948,0.117734,0.127521,0.860725,0.749956,0.347533,0.188829,1.178518,1.241094,0.071579,12.328748,0.281483,0.315637,0.014381,0.539965,7.089862,0.032077,0.056905,0.061053,ok,high,ok,low,ok,ok,low,low,low,ok,high,high,high,low,ok,high,ok,ok,ok,high,high,ok,ok,ok,percentile_p20_p80,synthetic,synthetic_v1
syn_0123,data/raw/images/syn_0123.jpg,train,0.012454,0.588442,0.299749,0.323321,0.972162,120.189133,0.184923,0.185698,0.976560,0.682102,0.336260,0.114069,1.190615,2.746602,0.093649,10.010537,0.273410,0.317707,0.028804,0.451935,5.008530,0.029167,0.069483,0.083077,ok,low,ok,ok,high,ok,high,low,high,low,high,ok,high,ok,ok,ok,ok,ok,high,ok,high,ok,high,high,percentile_p20_p80,synthetic,synthetic_v1
syn_0124,data/raw/images/syn_0124.jpg,train,0.008420,0.590638,0.286549,0.325416,0.843146,114.048838,0.123986,0.277240,0.976270,0.849546,0.418728,0.100731,0.675483,11.082421,0.085009,7.777266,0.196898,0.245932,0.018919,0.472843,-3.882176,0.024476,0.067590,0.070344,low,low,ok,ok,ok,ok,ok,high,high,high,high,ok,low,high,ok,ok,low,low,ok,ok,low,low,high,high,percentile_p20_p80,synthetic,synthetic_v1
syn_0125,data/raw/images/syn_0125.jpg,train,0.020570,0.890040,0.321069,0.450513,0.973331,127.974860,0.099824,0.155986,0.882933,0.795501,0.280065,0.129368,1.047000,5.672165,0.099751,8.031799,0.249921,0.195148,0.020722,0.441333,-0.772857,0.038941,0.066021,0.063160,ok,high,high,high,high,ok,low,low,ok,ok,ok,ok,ok,ok,high,ok,ok,low,high,low,low,high,high,ok,percentile_p20_p80,synthetic,synthetic_v1
syn_0126,data/raw/images/syn_0126.jpg,train,0.029436,0.654356,0.270832,0.332500,1.001089,128.365641,0.132682,0.253658,0.938735,0.772954,0.308013,0.141265,1.028677,-0.376712,0.087092,6.943760,0.219913,0.269271,0.009505,0.481358,2.904221,0.030300,0.060399,0.050520,high,low,ok,ok,high,high,ok,high,ok,ok,ok,high,ok,low,ok,ok,low,low,ok,ok,ok,ok,ok,ok,percentile_p20_p80,synthetic,synthetic_v1
syn_0127,data/raw/images/syn_0127.jpg,train,0.019637,0.726046,0.285692,0.377964,0.875050,113.220219,0.139416,0.228094,0.920312,0.784772,0.254160,0.114787,1.070202,4.680562,0.076248,8.367011,0.253779,0.288476,0.012178,0.482713,1.747743,0.033460,0.060031,0.057846,ok,ok,ok,ok,ok,ok,ok,ok,ok,ok,ok,ok,ok,ok,ok,ok,ok,ok,ok,ok,ok,ok,ok,ok,percentile_p20_p80,synthetic,synthetic_v1
syn_0128,data/raw/images/syn_0128.jpg,train,0.013670,0.776381,0.221299,0.365035,0.953743,126.149943,0.164847,0.296402,0.882963,0.827687,0.274400,0.147867,1.067643,6.737285,0.110935,10.523662,0.252656,0.285293,0.005060,0.531906,4.780790,0.030045,0.033288,0.047398,ok,high,low,ok,high,ok,high,high,ok,high,ok,high,ok,high,high,ok,ok,ok,low,high,high,ok,low,ok,percentile_p20_p80,synthetic,synthetic_v1
syn_0129,data/raw/images/syn_0129.jpg,train,0.023208,0.663193,0.201660,0.337779,0.737187,121.905306,0.127968,0.222411,0.984833,0.725524,0.151126,0.119291,1.120344,-1.003402,0.072631,6.611211,0.260974,0.275380,0.038635,0.466878,1.966310,0.028122,0.023283,0.071571,ok,low,low,ok,low,ok,ok,ok,high,low,low,ok,ok,low,ok,ok,ok,ok,high,ok,ok,ok,low,high,percentile_p20_p80,synthetic,synthetic_v1
syn_0130,data/raw/images/syn_0130.jpg,train,0.001000,0.801409,0.227143,0.292054,0.872377,144.350836,0.149588,0.212350,0.881613,0.819043,0.257795,0.137845,0.755478,5.849547,0.086360,2.559105,0.223858,0.294105,0.007135,0.494501,-2.086696,0.024923,0.080368,0.044891,low,high,low,low,ok,high,ok,ok,ok,ok,ok,high,low,ok,ok,low,low,ok,ok,ok,low,low,high,low,percentile_p20_p80,synthetic,synthetic_v1
syn_0131,data/raw/images/syn_0131.jpg,train,0.012887,0.709375,0.268860,0.420345,0.839948,128.259151,0.114336,0.250923,0.909296,0.769514,0.274683,0.133756,0.870981,0.603423,0.120745,10.025967,0.247369,0.325684,0.011399,0.367430,1.903325,0.031025,0.059190,0.045703,ok,ok,ok,high,ok,high,low,high,ok,ok,ok,ok,low,low,high,ok,ok,ok,ok,low,ok,ok,ok,low,percentile_p20_p80,synthetic,synthetic_v1
syn_0132,data/raw/images/syn_0132.jpg,train,0.015355,0.788528,0.273966,0.338552,0.905554,113.270001,0.172036,0.213020,0.938169,0.737752,0.205132,0.137983,1.089299,6.231034,0.094734,2.122955,0.264192,0.219767,0.017194,0.425719,2.668266,0.037808,0.048526,0.054723,ok,high,ok,ok,ok,ok,high,ok,ok,ok,low,high,ok,ok,ok,low,ok,low,ok,low,ok,ok,ok,ok,percentile_p20_p80,synthetic,synthetic_v1
syn_0133,data/raw/images/syn_0133.jpg,train,0.032668,0.620766,0.305745,0.365919,0.946370,98.177306,0.140106,0.264168,0.987958,0.733845,0.263228,0.166035,0.837028,3.839882,0.083548,8.699718,0.227301,0.338579,0.020885,0.570807,-0.482420,0.028146,0.068159,0.076784,high,low,ok,ok,high,low,ok,high,high,low,ok,high,low,ok,ok,ok,low,high,high,high,low,ok,high,high,percentile_p20_p80,synthetic,synthetic_v1
syn_0134,data/raw/images/syn_0134.jpg,train,0.017970,0.697080,0.277839,0.372059,0.891867,121.338838,0.154437,0.215687,0.908695,0.761959,0.278158,0.126369,1.114769,4.191425,0.080074,7.867114,0.270731,0.292380,0.011738,0.479033,1.483025,0.035616,0.052324,0.062366,ok,ok,ok,ok,ok,ok,ok,ok,ok,ok,ok,ok,ok,ok,ok,ok,ok,ok,ok,ok,ok,ok,ok,ok,percentile_p20_p80,synthetic,synthetic_v1
syn_0135,data/raw/images/syn_0135.jpg,train,0.010136,0.670771,0.253565,0.392436,0.879014,131.454652,0.115290,0.153071,0.901453,0.796786,0.191815,0.117337,1.130337,1.176698,0.063520,3.619301,0.254979,0.318253,0.039476,0.538261,-1.654265,0.019706,0.053677,0.073864,ok,low,ok,ok,ok,high,low,low,ok,ok,low,ok,ok,low,low,low,ok,ok,high,high,low,low,ok,high,percentile_p20_p80,synthetic,synthetic_v1
syn_0136,data/raw/images/syn_0136.jpg,train,0.025886,0.688361,0.320066,0.428868,0.982322,105.203027,0.153123,0.168753,0.879727,0.703284,0.264283,0.084100,1.166239,3.956866,0.062711,9.941752,0.313576,0.313815,0.006163,0.465807,1.239701,0.026388,0.034459,0.050458,ok,ok,high,high,high,low,ok,low,ok,low,ok,low,ok,ok,low,ok,high,ok,ok,ok,ok,ok,low,ok,percentile_p20_p80,synthetic,synthetic_v1
syn_0137,data/raw/images/syn_0137.jpg,train,0.032913,0.670366,0.202787,0.355561,0.957197,97.330857,0.145701,0.236458,0.946843,0.813426,0.316488,0.080401,1.142409,8.821297,0.075567,9.485679,0.224495,0.352119,0.005816,0.562474,0.550144,0.037422,0.048599,0.077533,high,low,low,ok,high,low,ok,ok,ok,ok,ok,low,ok,high,ok,ok,low,high,low,high,ok,ok,ok,high,percentile_p20_p80,synthetic,synthetic_v1
syn_0138,data/raw/images/syn_0138.jpg,train,0.001000,0.742159,0.196822,0.299761,1.012440,128.896254,0.079684,0.219759,0.889017,0.814188,0.391024,0.136347,1.115198,5.778144,0.058150,10.804539,0.292238,0.275506,0.005575,0.552499,2.022808,0.022901,0.049911,0.049510,low,ok,low,low,high,high,low,ok,ok,ok,high,ok,ok,ok,low,ok,high,ok,low,high,ok,low,ok,ok,percentile_p20_p80,synthetic,synthetic_v1
syn_0139,data/raw/images/syn_0139.jpg,train,0.017226,0.715637,0.270029,0.443697,0.938260,135.795880,0.089160,0.224446,0.978739,0.823525,0.239239,0.101101,1.194003,3.256200,0.092966,8.626458,0.255883,0.304819,0.003704,0.565059,2.870450,0.043195,0.048650,0.048514,ok,ok,ok,high,high,high,low,ok,high,high,ok,ok,high,ok,ok,ok,ok,ok,low,high,ok,high,ok,ok,percentile_p20_p80,synthetic,synthetic_v1
syn_0140,data/raw/images/syn_0140.jpg,train,0.014169,0.668305,0.307126,0.395625,0.844081,114.164028,0.151298,0.189896,0.899534,0.873629,0.235205,0.107079,1.425710,-3.442302,0.056313,15.189210,0.245666,0.319993,0.033197,0.444148,0.021234,0.035286,0.054090,0.048701,ok,low,ok,ok,ok,ok,ok,low,ok,high,ok,ok,high,low,low,high,ok,ok,high,ok,ok,ok,ok,ok,percentile_p20_p80,synthetic,synthetic_v1
syn_0141,data/raw/images/syn_0141.jpg,train,0.017600,0.700078,0.284657,0.370431,0.877175,117.328562,0.144116,0.214618,0.916148,0.778975,0.302080,0.119692,1.045735,3.856371,0.078081,7.035081,0.251958,0.308604,0.010577,0.481154,1.202332,0.029344,0.053606,0.059191,ok,ok,ok,ok,ok,ok,ok,ok,ok,ok,ok,ok,ok,ok,ok,ok,ok,ok,ok,ok,ok,ok,ok,ok,percentile_p20_p80,synthetic,synthetic_v1
syn_0142,data/raw/images/syn_0142.jpg,train,0.013025,0.679418,0.262885,0.343268,0.895996,113.060212,0.137072,0.200363,0.937875,0.798676,0.292701,0.135828,1.035113,8.245314,0.089324,13.951342,0.257210,0.310885,0.005178,0.480781,3.545070,0.029076,0.072906,0.055308,ok,ok,ok,ok,ok,ok,ok,ok,ok,ok,ok,ok,ok,high,ok,high,ok,ok,low,ok,high,ok,high,ok,percentile_p20_p80,synthetic,synthetic_v1
syn_0143,data/raw/images/syn_0143.jpg,train,0.036998,0.657072,0.268926,0.335182,0.950744,125.705236,0.137708,0.201768,0.918658,0.823475,0.330144,0.118510,0.982938,4.357236,0.082585,9.010156,0.244128,0.369619,0.005712,0.555624,4.984159,0.039577,0.077489,0.061670,high,low,ok,ok,high,ok,ok,ok,ok,high,high,ok,ok,ok,ok,ok,ok,high,low,high,high,high,high,ok,percentile_p20_p80,synthetic,synthetic_v1
syn_0144,data/raw/images/syn_0144.jpg,train,0.014200,0.688616,0.253157,0.401867,0.776358,100.931733,0.185974,0.260515,0.940717,0.835401,0.326458,0.115328,0.829704,8.490815,0.088924,2.495132,0.264980,0.281251,0.010846,0.463601,2.878022,0.030333,0.041141,0.063076,ok,ok,ok,high,low,low,high,high,ok,high,high,ok,low,high,ok,low,ok,ok,ok,ok,ok,ok,low,ok,percentile_p20_p80,synthetic,synthetic_v1
syn_0145,data/raw/images/syn_0145.jpg,train,0.023830,0.634453,0.296365,0.404381,0.869325,120.252146,0.117070,0.149997,0.946092,0.774727,0.305776,0.114131,1.010947,4.568033,0.078734,11.465117,0.245164,0.242224,0.013441,0.414840,-4.834937,0.023226,0.049737,0.045449,ok,low,ok,high,ok,ok,low,low,ok,ok,ok,ok,ok,ok,ok,high,ok,low,ok,low,low,low,ok,low,percentile_p20_p80,synthetic,synthetic_v1
syn_0146,data/raw/images/syn_0146.jpg,train,0.001000,0.706521,0.328659,0.401471,0.880577,129.053440,0.126788,0.184720,0.953923,0.714985,0.300041,0.119358,0.995588,2.396791,0.102744,1.642543,0.269415,0.288457,0.004586,0.481947,2.289508,0.031520,0.057940,0.071978,low,ok,high,high,ok,high,ok,low,ok,low,ok,ok,ok,ok,high,low,ok,ok,low,ok,ok,ok,ok,high,percentile_p20_p80,synthetic,synthetic_v1
syn_0147,data/raw/images/syn_0147.jpg,train,0.010789,0.745077,0.210456,0.382848,0.749314,125.576343,0.125745,0.226565,0.847226,0.781441,0.329441,0.135496,1.047412,3.977346,0.102909,10.943961,0.238133,0.276807,0.005201,0.478218,-1.401671,0.014733,0.052380,0.058035,ok,ok,low,ok,low,ok,ok,ok,low,ok,high,ok,ok,ok,high,ok,ok,ok,low,ok,low,low,ok,ok,percentile_p20_p80,synthetic,synthetic_v1
syn_0148,data/raw/images/syn_0148.jpg,train,0.018559,0.736275,0.267075,0.353586,0.854758,118.737489,0.139216,0.215192,0.920518,0.769397,0.264670,0.129878,1.080388,3.838857,0.072293,7.785706,0.265025,0.301699,0.014523,0.495336,1.447157,0.031064,0.053517,0.053760,ok,ok,ok,ok,ok,ok,ok,ok,ok,ok,ok,ok,ok,ok,ok,ok,ok,ok,ok,ok,ok,ok,ok,ok,percentile_p20_p80,synthetic,synthetic_v1
syn_0149,data/raw/images/syn_0149.jpg,train,0.028855,0.694551,0.212769,0.383248,0.873075,112.393732,0.081095,0.266802,0.954818,0.711787,0.289106,0.092907,0.845910,-3.345466,0.095587,11.519665,0.249156,0.297606,0.029549,0.442230,-1.461882,0.033020,0.061594,0.051437,high,ok,low,ok,ok,ok,low,high,high,low,ok,low,low,low,high,high,ok,ok,high,low,low,ok,ok,ok,percentile_p20_p80,synthetic,synthetic_v1
syn_0150,data/raw/images/syn_0150.jpg,train,0.001000,0.673967,0.307400,0.395738,0.763052,103.328724,0.110445,0.218982,1.030341,0.762851,0.283726,0.100071,1.437797,1.893271,0.069765,8.624873,0.213647,0.332351,0.011917,0.437864,0.010480,0.016848,0.048333,0.027705,low,low,high,ok,low,low,low,ok,high,ok,ok,ok,high,ok,ok,ok,low,high,ok,low,ok,low,ok,low,percentile_p20_p80,synthetic,synthetic_v1
syn_0151,data/raw/images/syn_0151.jpg,train,0.012594,0.690266,0.256441,0.330857,0.821061,132.808383,0.183177,0.213218,0.977184,0.761610,0.261854,0.099281,1.154620,6.163223,0.054191,8.639912,0.241904,0.263923,0.011743,0.384058,0.415151,0.047116,0.060228,0.041373,ok,ok,ok,ok,low,high,high,ok,high,ok,ok,low,ok,ok,low,ok,ok,low,ok,low,ok,high,ok,low,percentile_p20_p80,synthetic,synthetic_v1
syn_0152,data/raw/images/syn_0152.jpg,train,0.024640,0.725317,0.267168,0.330712,0.880048,110.891231,0.134804,0.249580,0.960786,0.702212,0.251897,0.160173,1.319482,5.294187,0.112191,12.832745,0.255380,0.220148,0.011388,0.415891,1.840937,0.045970,0.057984,0.045578,ok,ok,ok,ok,ok,ok,ok,high,high,low,ok,high,high,ok,high,high,ok,low,ok,low,ok,high,ok,low,percentile_p20_p80,synthetic,synthetic_v1
syn_0153,data/raw/images/syn_0153.jpg,train,0.003968,0.602223,0.203759,0.441338,0.939917,116.427540,0.135411,0.217921,0.919413,0.863527,0.303407,0.070439,1.209100,-2.754355,0.071876,2.455753,0.261413,0.249714,0.001000,0.427673,3.534530,0.030514,0.063006,0.071324,low,low,low,high,high,ok,ok,ok,ok,high,ok,low,high,low,ok,low,ok,low,low,low,high,ok,high,high,percentile_p20_p80,synthetic,synthetic_v1
syn_0154,data/raw/images/syn_0154.jpg,train,0.020860,0.754206,0.241221,0.355772,0.799581,124.645840,0.167187,0.258633,0.918588,0.833727,0.271280,0.105963,1.125308,6.540855,0.124073,10.916524,0.221467,0.260875,0.001000,0.483869,-1.249212,0.042899,0.051502,0.062701,ok,ok,low,ok,low,ok,high,high,ok,high,ok,ok,ok,high,high,ok,low,low,low,ok,low,high,ok,ok,percentile_p20_p80,synthetic,synthetic_v1
syn_0155,data/raw/images/syn_0155.jpg,train,0.018455,0.725157,0.269635,0.359581,0.872521,117.696145,0.140935,0.226815,0.914181,0.792354,0.284939,0.130242,0.925778,3.437655,0.086293,5.478753,0.272991,0.300822,0.006894,0.489070,0.842142,0.030174,0.059394,0.053839,ok,ok,ok,ok,ok,ok,ok,ok,ok,ok,ok,ok,ok,ok,ok,ok,ok,ok,ok,ok,ok,ok,ok,ok,percentile_p20_p80,synthetic,synthetic_v1
syn_0156,data/raw/images/syn_0156.jpg,train,0.006488,0.840478,0.317163,0.343272,0.824736,115.552482,0.187319,0.180700,0.856306,0.856473,0.263073,0.122511,1.128732,2.634741,0.031518,7.151325,0.303437,0.386898,0.010821,0.478566,4.913664,0.036766,0.058545,0.031250,low,high,high,ok,low,ok,high,low,low,high,ok,ok,ok,ok,low,ok,high,high,ok,ok,high,ok,ok,low,percentile_p20_p80,synthetic,synthetic_v1
syn_0157,data/raw/images/syn_0157.jpg,train,0.013004,0.732885,0.219438,0.341698,0.999596,114.914200,0.096969,0.144516,0.919436,0.745337,0.227889,0.125688,1.092721,4.611031,0.087010,3.084020,0.237582,0.286954,0.011462,0.529479,-0.320481,0.025779,0.072849,0.056901,ok,ok,low,ok,high,ok,low,low,ok,ok,low,ok,ok,ok,ok,low,ok,ok,ok,high,ok,low,high,ok,percentile_p20_p80,synthetic,synthetic_v1
syn_0158,data/raw/images/syn_0158.jpg,train,0.001224,0.701342,0.230552,0.303152,0.786602,108.448285,0.201792,0.260419,0.989084,0.845257,0.271907,0.130086,1.065423,0.261740,0.056751,11.601401,0.217356,0.308037,0.018521,0.517637,2.423162,0.022394,0.061485,0.053341,low,ok,low,low,low,low,high,high,high,high,ok,ok,ok,low,low,high,low,ok,ok,ok,ok,low,ok,ok,percentile_p20_p80,synthetic,synthetic_v1
syn_0159,data/raw/images/syn_0159.jpg,train,0.006269,0.600675,0.298048,0.282378,0.760487,138.974999,0.103959,0.203201,0.923590,0.784213,0.218842,0.102292,1.170848,3.024254,0.079537,-0.650411,0.239921,0.334296,0.004708,0.432423,2.437259,0.036789,0.059005,0.048204,low,low,ok,low,low,high,low,ok,ok,ok,low,ok,high,ok,ok,low,ok,high,low,low,ok,ok,ok,ok,percentile_p20_p80,synthetic,synthetic_v1
syn_0160,data/raw/images/syn_0160.jpg,train,0.026996,0.817738,0.326799,0.281833,1.085065,102.092771,0.103223,0.232176,0.915282,0.801681,0.358699,0.143263,0.915978,4.252236,0.100224,12.211648,0.299356,0.332698,0.019079,0.454324,-1.795444,0.035379,0.049552,0.069934,high,high,high,low,high,low,low,ok,ok,ok,high,high,low,ok,high,high,high,high,ok,ok,low,ok,ok,high,percentile_p20_p80,synthetic,synthetic_v1
syn_0161,data/raw/images/syn_0161.jpg,train,0.007529,0.697129,0.262876,0.408349,0.932601,118.273847,0.148761,0.284591,0.831867,0.824882,0.344799,0.150357,1.170375,1.291302,0.069219,10.648715,0.239375,0.292066,0.001000,0.420378,2.366646,0.028592,0.045895,0.052746,low,ok,ok,high,ok,ok,ok,high,low,high,high,high,high,ok,ok,ok,ok,ok,low,low,ok,ok,ok,ok,percentile_p20_p80,synthetic,synthetic_v1
syn_0162,data/raw/images/syn_0162.jpg,train,0.018904,0.716081,0.281726,0.361106,0.875599,117.965947,0.133345,0.214984,0.897037,0.762504,0.262194,0.117507,1.092387,3.992096,0.080752,7.057556,0.262512,0.316958,0.011782,0.469691,0.771328,0.032526,0.052176,0.057140,ok,ok,ok,ok,ok,ok,ok,ok,ok,ok,ok,ok,ok,ok,ok,ok,ok,ok,ok,ok,ok,ok,ok,ok,percentile_p20_p80,synthetic,synthetic_v1
syn_0163,data/raw/images/syn_0163.jpg,train,0.005852,0.620633,0.299198,0.295315,0.922429,130.449135,0.122216,0.228332,0.989608,0.752110,0.375907,0.111786,0.909344,4.341405,0.084503,12.537456,0.291025,0.314781,0.018562,0.489044,3.480265,0.027850,0.042025,0.057503,low,low,ok,low,ok,high,ok,ok,high,ok,high,ok,low,ok,ok,high,high,ok,ok,ok,high,ok,low,ok,percentile_p20_p80,synthetic,synthetic_v1
syn_0164,data/raw/images/syn_0164.jpg,train,0.050270,0.768461,0.251999,0.429696,0.749486,114.977225,0.151923,0.193071,0.890291,0.769800,0.247450,0.100396,0.887367,-1.460200,0.060672,7.593797,0.295223,0.273464,0.001000,0.560272,-1.358143,0.032757,0.043763,0.046373,high,high,ok,high,low,ok,ok,low,ok,ok,ok,ok,low,low,low,ok,high,ok,low,high,low,ok,low,low,percentile_p20_p80,synthetic,synthetic_v1
syn_0165,data/raw/images/syn_0165.jpg,train,0.022639,0.747669,0.330840,0.393438,0.890782,125.494866,0.109093,0.268421,0.946633,0.809388,0.315910,0.083007,0.879910,4.462993,0.082899,10.300155,0.263730,0.292620,0.024578,0.497479,3.366650,0.041562,0.070168,0.058812,ok,ok,high,ok,ok,ok,low,high,ok,ok,ok,low,low,ok,ok,ok,ok,ok,high,ok,ok,high,high,ok,percentile_p20_p80,synthetic,synthetic_v1
syn_0166,data/raw/images/syn_0166.jpg,train,0.026709,0.735960,0.322901,0.474031,0.806857,108.967186,0.187511,0.227445,0.898505,0.738352,0.336246,0.134009,1.351162,3.680814,0.098032,14.615559,0.209813,0.257864,0.014714,0.451372,0.446293,0.026713,0.053225,0.044152,high,ok,high,high,low,low,high,ok,ok,ok,high,ok,high,ok,high,high,low,low,ok,ok,ok,ok,ok,low,percentile_p20_p80,synthetic,synthetic_v1
syn_0167,data/raw/images/syn_0167.jpg,train,0.002643,0.743111,0.284993,0.408944,0.916536,123.087439,0.162587,0.183406,0.895077,0.796492,0.336093,0.136164,1.018203,3.347991,0.084997,3.374463,0.289700,0.330892,0.021290,0.529672,3.994718,0.016928,0.057703,0.037842,low,ok,ok,high,ok,ok,high,low,ok,ok,high,ok,ok,ok,ok,low,high,high,high,high,high,low,ok,low,percentile_p20_p80,synthetic,synthetic_v1
syn_0168,data/raw/images/syn_0168.jpg,train,0.006568,0.712032,0.327322,0.376558,0.896200,139.427474,0.147231,0.182011,0.850306,0.727624,0.286714,0.081484,1.115736,5.081129,0.065600,8.416520,0.278077,0.274722,0.019328,0.444164,2.968793,0.043661,0.058865,0.039718,low,ok,high,ok,ok,high,ok,low,low,low,ok,low,ok,ok,ok,ok,ok,ok,ok,ok,ok,high,ok,low,percentile_p20_p80,synthetic,synthetic_v1
syn_0169,data/raw/images/syn_0169.jpg,train,0.018266,0.721216,0.271388,0.344256,0.873322,120.605066,0.146134,0.231999,0.919439,0.809469,0.267308,0.122755,1.040940,5.304979,0.080161,6.967916,0.262116,0.288780,0.009819,0.491580,1.487305,0.033711,0.052379,0.058890,ok,ok,ok,ok,ok,ok,ok,ok,ok,ok,ok,ok,ok,ok,ok,ok,ok,ok,ok,ok,ok,ok,ok,ok,percentile_p20_p80,synthetic,synthetic_v1
syn_0170,data/raw/images/syn_0170.jpg,train,0.015896,0.602558,0.244172,0.290127,0.777533,124.125939,0.150970,0.243632,0.883136,0.811903,0.191916,0.107928,1.026186,2.003894,0.082009,7.909038,0.276489,0.312141,0.021553,0.455988,3.128790,0.034220,0.057917,0.056605,ok,low,low,low,low,ok,ok,ok,ok,ok,low,ok,ok,ok,ok,ok,ok,ok,high,ok,ok,ok,ok,ok,percentile_p20_p80,synthetic,synthetic_v1
syn_0171,data/raw/images/syn_0171.jpg,train,0.001000,0.835049,0.243387,0.320178,0.857439,102.279965,0.192377,0.195212,0.885809,0.730219,0.306222,0.154896,1.090913,1.290335,0.106456,9.134257,0.234715,0.297119,0.013313,0.491854,1.504042,0.032191,0.077354,0.089005,low,high,low,low,ok,low,high,ok,ok,low,ok,high,ok,ok,high,ok,low,ok,ok,ok,ok,ok,high,high,percentile_p20_p80,synthetic,synthetic_v1
syn_0172,data/raw/images/syn_0172.jpg,train,0.020076,0.664967,0.237991,0.400657,0.766316,115.818334,0.151848,0.227267,0.899767,0.890266,0.327775,0.108229,1.167489,3.356179,0.069675,6.369670,0.301388,0.277638,0.011287,0.531002,2.260276,0.033923,0.047016,0.082970,ok,low,low,high,low,ok,ok,ok,ok,high,high,ok,high,ok,ok,ok,high,ok,ok,high,ok,ok,ok,high,percentile_p20_p80,synthetic,synthetic_v1
syn_0173,data/raw/images/syn_0173.jpg,train,0.027820,0.577887,0.332167,0.295697,0.783958,109.624779,0.177736,0.209103,0.930531,0.679800,0.344530,0.113319,0.856607,5.136868,0.089797,8.340092,0.305200,0.323345,0.027022,0.477261,1.773891,0.038913,0.068904,0.051003,high,low,high,low,low,low,high,ok,ok,low,high,ok,low,ok,ok,ok,high,ok,high,ok,ok,high,high,ok,percentile_p20_p80,synthetic,synthetic_v1
syn_0174,data/raw/images/syn_0174.jpg,train,0.040630,0.726921,0.280193,0.382092,0.820100,98.247961,0.201673,0.262570,0.873802,0.788226,0.317412,0.107801,1.264968,2.269206,0.099848,5.478281,0.277751,0.361994,0.016744,0.455596,2.054166,0.037799,0.049863,0.050261,high,ok,ok,ok,low,low,high,high,low,ok,ok,ok,high,ok,high,ok,ok,high,ok,ok,ok,ok,ok,ok,percentile_p20_p80,synthetic,synthetic_v1
syn_0175,data/raw/images/syn_0175.jpg,train,0.039144,0.803818,0.253470,0.294084,0.790160,104.622577,0.131481,0.216971,0.850812,0.789276,0.105807,0.123496,1.291174,-0.252883,0.022406,8.666197,0.284524,0.283663,0.014287,0.544554,5.723421,0.036784,0.040168,0.057033,high,high,ok,low,low,low,ok,ok,low,ok,low,ok,high,low,low,ok,ok,ok,ok,high,high,ok,low,ok,percentile_p20_p80,synthetic,synthetic_v1
syn_0176,data/raw/images/syn_0176.jpg,train,0.014999,0.719767,0.277586,0.352863,0.906795,117.316991,0.128893,0.223795,0.928576,0.780766,0.268377,0.117298,1.027919,3.558407,0.076491,7.778960,0.248137,0.302468,0.010044,0.490964,1.738282,0.035012,0.050907,0.059234,ok,ok,ok,ok,ok,ok,ok,ok,ok,ok,ok,ok,ok,ok,ok,ok,ok,ok,ok,ok,ok,ok,ok,ok,percentile_p20_p80,synthetic,synthetic_v1
syn_0177,data/raw/images/syn_0177.jpg,train,0.016601,0.757134,0.315590,0.408059,0.884311,123.454898,0.137249,0.249106,0.875411,0.804273,0.372364,0.170161,1.210214,9.114745,0.090472,12.215251,0.328076,0.297830,0.001000,0.471484,1.964951,0.025409,0.040626,0.049084,ok,ok,high,high,ok,ok,ok,high,low,ok,high,high,high,high,ok,high,high,ok,low,ok,ok,low,low,ok,percentile_p20_p80,synthetic,synthetic_v1
syn_0178,data/raw/images/syn_0178.jpg,train,0.003240,0.774760,0.348187,0.393769,0.782379,120.484894,0.114252,0.231190,0.878843,0.838971,0.322139,0.111985,1.125670,4.221196,0.114549,0.393714,0.274451,0.349720,0.008332,0.455045,1.943252,0.024642,0.048561,0.042710,low,high,high,ok,low,ok,low,ok,ok,high,ok,ok,ok,ok,high,low,ok,high,ok,ok,ok,low,ok,low,percentile_p20_p80,synthetic,synthetic_v1
syn_0179,data/raw/images/syn_0179.jpg,train,0.015870,0.594481,0.255889,0.387923,0.853502,113.057234,0.166969,0.283112,0.883139,0.852297,0.174971,0.098854,1.130369,4.901863,0.082382,11.459427,0.252905,0.330500,0.007110,0.448626,-3.187259,0.037411,0.044586,0.067090,ok,low,ok,ok,ok,ok,high,high,ok,high,low,low,ok,ok,ok,high,ok,high,ok,ok,low,ok,low,high,percentile_p20_p80,synthetic,synthetic_v1
syn_0180,data/raw/images/syn_0180.jpg,train,0.030116,0.706669,0.283490,0.369891,0.865647,100.496818,0.183372,0.197287,0.946473,0.797482,0.297380,0.125473,1.186812,0.952444,0.099841,8.663449,0.261373,0.283396,0.011546,0.508958,-1.429876,0.018235,0.051703,0.063425,high,ok,ok,ok,ok,low,high,ok,ok,ok,ok,ok,high,low,high,ok,ok,ok,ok,ok,low,low,ok,ok,percentile_p20_p80,synthetic,synthetic_v1
syn_0181,data/raw/images/syn_0181.jpg,train,0.014411,0.802271,0.331841,0.430126,0.981660,121.162607,0.157008,0.192716,0.785725,0.804323,0.233696,0.114971,0.677189,7.141385,0.075965,5.637004,0.219578,0.267496,0.003531,0.431448,-2.032585,0.030322,0.050942,0.065313,ok,high,high,high,high,ok,ok,low,low,ok,low,ok,low,high,ok,ok,low,low,low,low,low,ok,ok,high,percentile_p20_p80,synthetic,synthetic_v1
syn_0182,data/raw/images/syn_0182.jpg,train,0.001000,0.693251,0.244346,0.377046,0.876333,128.188279,0.195145,0.220043,0.946500,0.735022,0.272390,0.120621,1.370829,0.011538,0.077319,8.077804,0.233598,0.314098,0.012142,0.485977,-0.305439,0.037877,0.043835,0.050534,low,ok,low,ok,ok,high,high,ok,ok,low,ok,ok,high,low,ok,ok,low,ok,ok,ok,ok,ok,low,ok,percentile_p20_p80,synthetic,synthetic_v1
syn_0183,data/raw/images/syn_0183.jpg,train,0.020542,0.740968,0.272498,0.367786,0.878507,121.131962,0.140836,0.236971,0.939158,0.765401,0.275098,0.115309,1.046969,2.409898,0.071632,9.019802,0.262981,0.307535,0.009738,0.466861,1.379022,0.034766,0.055226,0.055549,ok,ok,ok,ok,ok,ok,ok,ok,ok,ok,ok,ok,ok,ok,ok,ok,ok,ok,ok,ok,ok,ok,ok,ok,percentile_p20_p80,synthetic,synthetic_v1
syn_0184,data/raw/images/syn_0184.jpg,train,0.032133,0.742780,0.287279,0.381370,0.866652,136.880643,0.136869,0.191179,0.954080,0.836800,0.251695,0.138100,1.211481,-7.731037,0.045506,9.602027,0.227430,0.367457,0.015241,0.474920,1.654413,0.028961,0.047297,0.056462,high,ok,ok,ok,ok,high,ok,low,ok,high,ok,high,high,low,low,ok,low,high,ok,ok,ok,ok,ok,ok,percentile_p20_p80,synthetic,synthetic_v1
syn_0185,data/raw/images/syn_0185.jpg,train,0.030035,0.627176,0.289631,0.337519,0.886026,108.978521,0.144315,0.177113,0.918985,0.764382,0.180085,0.130457,0.628221,2.685101,0.050188,9.028034,0.248238,0.332678,0.009979,0.469352,4.301499,0.028281,0.054644,0.072115,high,low,ok,ok,ok,low,ok,low,ok,ok,low,ok,low,ok,low,ok,ok,high,ok,ok,high,ok,ok,high,percentile_p20_p80,synthetic,synthetic_v1
syn_0186,data/raw/images/syn_0186.jpg,train,0.025943,0.838973,0.298362,0.333518,0.955184,129.068053,0.131806,0.241604,0.915879,0.809884,0.281957,0.116752,1.303316,5.596782,0.053390,8.833661,0.249529,0.312521,0.014399,0.498312,-2.746012,0.019457,0.071807,0.054680,ok,high,ok,ok,high,high,ok,ok,ok,ok,ok,ok,high,ok,low,ok,ok,ok,ok,ok,low,low,high,ok,percentile_p20_p80,synthetic,synthetic_v1
syn_0187,data/raw/images/syn_0187.jpg,train,0.034057,0.751656,0.258676,0.275574,0.915836,124.207587,0.192535,0.211899,0.923807,0.671516,0.243588,0.126149,0.997381,0.941157,0.108355,14.410721,0.222615,0.303957,0.007715,0.554241,2.093636,0.036778,0.043780,0.070930,high,ok,ok,low,ok,ok,high,ok,ok,low,ok,ok,ok,low,high,high,low,ok,ok,high,ok,ok,low,high,percentile_p20_p80,synthetic,synthetic_v1
syn_0188,data/raw/images/syn_0188.jpg,train,0.014413,0.831775,0.323698,0.327452,0.916884,120.921056,0.133361,0.249995,0.918726,0.781688,0.242108,0.101390,1.061491,4.625371,0.101517,2.581719,0.263937,0.363755,0.005220,0.427827,-0.816449,0.038332,0.039806,0.055234,ok,high,high,ok,ok,ok,ok,high,ok,ok,ok,ok,ok,ok,high,low,ok,high,low,low,low,ok,low,ok,percentile_p20_p80,synthetic,synthetic_v1
syn_0189,data/raw/images/syn_0189.jpg,train,0.009970,0.685472,0.267748,0.341272,0.854271,117.352438,0.148068,0.201860,0.943530,0.751224,0.252754,0.121046,0.792566,1.126611,0.066640,3.908775,0.251895,0.270670,0.002888,0.530800,6.706156,0.039951,0.058577,0.068488,ok,ok,ok,ok,ok,ok,ok,ok,ok,ok,ok,ok,low,low,ok,low,ok,low,low,high,high,high,ok,high,percentile_p20_p80,synthetic,synthetic_v1
syn_0190,data/raw/images/syn_0190.jpg,train,0.018943,0.716090,0.281115,0.355802,0.841416,115.475885,0.133782,0.224836,0.913987,0.753004,0.279571,0.121792,1.078849,4.318762,0.091953,7.132600,0.271525,0.309210,0.010412,0.478399,1.033667,0.031752,0.053671,0.053665,ok,ok,ok,ok,ok,ok,ok,ok,ok,ok,ok,ok,ok,ok,ok,ok,ok,ok,ok,ok,ok,ok,ok,ok,percentile_p20_p80,synthetic,synthetic_v1
syn_0191,data/raw/images/syn_0191.jpg,train,0.017937,0.657852,0.324982,0.403906,0.831331,128.352252,0.108458,0.148639,0.935745,0.812793,0.235639,0.133155,1.344073,14.543319,0.062541,9.306604,0.217000,0.413259,0.007642,0.523000,1.736147,0.023544,0.052518,0.038756,ok,low,high,high,ok,high,low,low,ok,ok,ok,ok,high,high,low,ok,low,high,ok,high,ok,low,ok,low,percentile_p20_p80,synthetic,synthetic_v1
syn_0192,data/raw/images/syn_0192.jpg,train,0.010321,0.703913,0.288998,0.246414,0.875407,148.635955,0.111448,0.233034,0.898842,0.610667,0.220275,0.102913,1.177048,3.877220,0.075594,10.692898,0.264520,0.293403,0.018682,0.411188,0.984397,0.042027,0.029318,0.045512,ok,ok,ok,low,ok,high,low,ok,ok,low,low,ok,high,ok,ok,ok,ok,ok,ok,low,ok,high,low,low,percentile_p20_p80,synthetic,synthetic_v1
syn_0193,data/raw/images/syn_0193.jpg,train,0.019876,0.733748,0.266547,0.381496,0.817942,129.753400,0.145841,0.292607,0.962330,0.813095,0.364966,0.099919,1.006016,-2.125665,0.097410,14.616666,0.243008,0.251314,0.023248,0.443135,0.238938,0.044316,0.050695,0.052763,ok,ok,ok,ok,low,high,ok,high,high,ok,high,low,ok,low,high,high,ok,low,high,low,ok,high,ok,ok,percentile_p20_p80,synthetic,synthetic_v1
syn_0194,data/raw/images/syn_0194.jpg,train,0.037342,0.755453,0.237439,0.435265,0.758105,130.089852,0.154705,0.199064,0.881055,0.713256,0.383740,0.123111,0.955407,6.008707,0.104092,9.275392,0.284394,0.338160,0.012588,0.495830,1.211562,0.024061,0.039796,0.060407,high,ok,low,high,low,high,ok,ok,ok,low,high,ok,ok,ok,high,ok,ok,high,ok,ok,ok,low,low,ok,percentile_p20_p80,synthetic,synthetic_v1
syn_0195,data/raw/images/syn_0195.jpg,train,0.009499,0.718737,0.270091,0.408514,0.899597,121.677648,0.131405,0.214480,0.903005,0.794976,0.176554,0.119506,1.105134,5.376416,0.058450,6.315573,0.246673,0.278401,0.001000,0.425678,1.522736,0.035084,0.056776,0.044542,ok,ok,ok,high,ok,ok,ok,ok,ok,ok,low,ok,ok,ok,low,ok,ok,ok,low,low,ok,ok,ok,low,percentile_p20_p80,synthetic,synthetic_v1
syn_0196,data/raw/images/syn_0196.jpg,train,0.022620,0.708072,0.260179,0.313736,0.844345,126.603712,0.134481,0.215074,0.869949,0.947425,0.144103,0.069302,0.971274,4.697948,0.115471,10.055118,0.270529,0.336786,0.012951,0.382245,2.137103,0.033738,0.081036,0.046348,ok,ok,ok,low,ok,ok,ok,ok,low,high,low,low,ok,ok,high,ok,ok,high,ok,low,ok,ok,high,low,percentile_p20_p80,synthetic,synthetic_v1
syn_0197,data/raw/images/syn_0197.jpg,train,0.021772,0.699597,0.295328,0.361657,0.894647,120.111436,0.145084,0.220975,0.911800,0.777605,0.268519,0.119296,0.989668,4.150707,0.084886,9.201907,0.271496,0.301525,0.011615,0.476809,1.745225,0.033434,0.056014,0.050964,ok,ok,ok,ok,ok,ok,ok,ok,ok,ok,ok,ok,ok,ok,ok,ok,ok,ok,ok,ok,ok,ok,ok,ok,percentile_p20_p80,synthetic,synthetic_v1
syn_0198,data/raw/images/syn_0198.jpg,train,0.034537,0.748649,0.319627,0.362596,0.861730,141.250568,0.107905,0.152474,1.019790,0.794424,0.254298,0.105374,0.749088,10.535448,0.094113,10.039963,0.288864,0.263413,0.016584,0.534286,-4.012309,0.036768,0.063965,0.056218,high,ok,high,ok,ok,high,low,low,high,ok,ok,ok,low,high,ok,ok,high,low,ok,high,low,ok,high,ok,percentile_p20_p80,synthetic,synthetic_v1
syn_0199,data/raw/images/syn_0199.jpg,train,0.007373,0.710066,0.261673,0.378142,0.842754,127.173042,0.124450,0.199206,0.978427,0.770356,0.311897,0.087565,1.278132,-1.082605,0.081939,7.101812,0.233293,0.289024,0.024351,0.566947,0.908394,0.029140,0.032465,0.075581,low,ok,ok,ok,ok,ok,ok,ok,high,ok,ok,low,high,low,ok,ok,low,ok,high,high,ok,ok,low,high,percentile_p20_p80,synthetic,synthetic_v1
syn_0200,data/raw/images/syn_0200.jpg,train,0.005207,0.665405,0.284192,0.396703,0.986628,144.095317,0.162615,0.200794,0.887160,0.769290,0.328267,0.143872,1.142539,-2.630574,0.068677,13.826754,0.241342,0.296787,0.039268,0.476303,5.058582,0.046710,0.064098,0.049781,low,low,ok,high,high,high,high,ok,ok,ok,high,high,ok,low,ok,high,ok,ok,high,ok,high,high,high,ok,percentile_p20_p80,synthetic,synthetic_v1
syn_0201,data/raw/images/syn_0201.jpg,train,0.001000,0.668464,0.305733,0.389598,0.962059,104.729654,0.145983,0.137996,0.875860,0.811758,0.149065,0.140418,1.324597,-1.026306,0.074823,14.873890,0.277522,0.315893,0.013075,0.411410,1.157910,0.042293,0.056044,0.063660,low,low,ok,ok,high,low,ok,low,low,ok,low,high,high,low,ok,high,ok,ok,ok,low,ok,high,ok,ok,percentile_p20_p80,synthetic,synthetic_v1
syn_0202,data/raw/images/syn_0202.jpg,train,0.013659,0.667714,0.262751,0.307348,0.784638,117.761212,0.133137,0.182384,0.954803,0.724105,0.305535,0.132459,1.299894,5.197183,0.095792,8.298839,0.210748,0.334229,0.028794,0.473786,6.734442,0.039391,0.079012,0.052826,ok,low,ok,low,low,ok,ok,low,high,low,ok,ok,high,ok,high,ok,low,high,high,ok,high,high,high,ok,percentile_p20_p80,synthetic,synthetic_v1
syn_0203,data/raw/images/syn_0203.jpg,train,0.007384,0.723359,0.250950,0.369923,0.863085,119.974142,0.137299,0.181030,0.893530,0.856148,0.276190,0.086479,0.747480,2.871511,0.085576,3.279126,0.197444,0.322433,0.043941,0.523600,-0.991526,0.031059,0.053574,0.039739,low,ok,low,ok,ok,ok,ok,low,ok,high,ok,low,low,ok,ok,low,low,ok,high,high,low,ok,ok,low,percentile_p20_p80,synthetic,synthetic_v1
syn_0204,data/raw/images/syn_0204.jpg,train,0.013788,0.717858,0.287902,0.363161,0.868042,119.528258,0.143909,0.210173,0.904777,0.789678,0.297043,0.122534,1.094221,5.283621,0.072358,8.478624,0.271515,0.311336,0.015568,0.472655,1.926081,0.033553,0.053205,0.055572,ok,ok,ok,ok,ok,ok,ok,ok,ok,ok,ok,ok,ok,ok,ok,ok,ok,ok,ok,ok,ok,ok,ok,ok,percentile_p20_p80,synthetic,synthetic_v1
syn_0205,data/raw/images/syn_0205.jpg,train,0.002019,0.669070,0.293103,0.412571,0.879944,136.409253,0.184680,0.180687,0.914931,0.749793,0.329395,0.137954,0.930944,7.234303,0.053587,12.711395,0.174629,0.292835,0.004921,0.513796,2.131375,0.014468,0.038855,0.047954,low,low,ok,high,ok,high,high,low,ok,ok,high,high,ok,high,low,high,low,ok,low,ok,ok,low,low,ok,percentile_p20_p80,synthetic,synthetic_v1
syn_0206,data/raw/images/syn_0206.jpg,train,0.032205,0.817876,0.307280,0.431147,0.827282,122.999270,0.143809,0.176808,0.902480,0.758589,0.307365,0.132385,0.967734,2.138431,0.041987,10.021256,0.256381,0.298840,0.017458,0.455231,-0.909578,0.027184,0.050876,0.057612,high,high,high,high,ok,ok,ok,low,ok,ok,ok,ok,ok,ok,low,ok,ok,ok,ok,ok,low,ok,ok,ok,percentile_p20_p80,synthetic,synthetic_v1
syn_0207,data/raw/images/syn_0207.jpg,train,0.010730,0.693554,0.226816,0.339621,0.757706,110.070778,0.156199,0.226856,0.912190,0.766526,0.334017,0.090539,1.116336,1.492369,0.085565,7.391644,0.240987,0.312492,0.005538,0.419353,0.292451,0.021962,0.056742,0.047705,ok,ok,low,ok,low,low,ok,ok,ok,ok,high,low,ok,ok,ok,ok,ok,ok,low,low,ok,low,ok,ok,percentile_p20_p80,synthetic,synthetic_v1
syn_0208,data/raw/images/syn_0208.jpg,train,0.002833,0.741857,0.296072,0.350773,0.859541,128.959542,0.131865,0.230323,0.863250,0.813455,0.271424,0.132956,1.009032,1.364595,0.055960,7.174779,0.243921,0.248112,0.024509,0.531281,-3.586566,0.014888,0.036765,0.056878,low,ok,ok,ok,ok,high,ok,ok,low,ok,ok,ok,ok,ok,low,ok,ok,low,high,high,low,low,low,ok,percentile_p20_p80,synthetic,synthetic_v1
syn_0209,data/raw/images/syn_0209.jpg,train,0.050157,0.649090,0.267311,0.426646,0.845327,131.390527,0.168024,0.218831,0.964103,0.836155,0.195827,0.115635,0.955631,4.103779,0.055726,4.014160,0.261952,0.299708,0.025856,0.490521,5.080875,0.042483,0.068654,0.012582,high,low,ok,high,ok,high,high,ok,high,high,low,ok,ok,ok,low,low,ok,ok,high,ok,high,high,high,low,percentile_p20_p80,synthetic,synthetic_v1
syn_0210,data/raw/images/syn_0210.jpg,train,0.008724,0.747807,0.227073,0.333606,0.926801,118.570450,0.129534,0.289299,0.898894,0.846680,0.277019,0.122479,0.996220,1.057885,0.075568,2.537285,0.281390,0.304523,0.007599,0.519721,-1.105571,0.016259,0.060057,0.038471,low,ok,low,ok,ok,ok,ok,high,ok,high,ok,ok,ok,low,ok,low,ok,ok,ok,high,low,low,ok,low,percentile_p20_p80,synthetic,synthetic_v1
syn_0211,data/raw/images/syn_0211.jpg,train,0.013814,0.722444,0.289663,0.350268,0.864386,122.518788,0.129406,0.228479,0.925373,0.769114,0.277954,0.114625,1.025021,3.866309,0.076465,6.352424,0.266233,0.293957,0.013992,0.478075,3.257993,0.033116,0.050961,0.050884,ok,ok,ok,ok,ok,ok,ok,ok,ok,ok,ok,ok,ok,ok,ok,ok,ok,ok,ok,ok,ok,ok,ok,ok,percentile_p20_p80,synthetic,synthetic_v1
syn_0212,data/raw/images/syn_0212.jpg,train,0.007243,0.694285,0.213896,0.303699,0.881059,99.243357,0.137001,0.229320,0.869756,0.816237,0.285104,0.147333,1.149706,3.255807,0.076849,9.847262,0.273222,0.232288,0.021265,0.451952,4.335084,0.033433,0.047205,0.054997,low,ok,low,low,ok,low,ok,ok,low,ok,ok,high,ok,ok,ok,ok,ok,low,high,ok,high,ok,ok,ok,percentile_p20_p80,synthetic,synthetic_v1
syn_0213,data/raw/images/syn_0213.jpg,train,0.035286,0.675026,0.211617,0.347216,0.968157,137.057957,0.170982,0.135190,0.908144,0.751316,0.269413,0.092626,1.008746,-0.144348,0.126402,8.239701,0.241887,0.250419,0.021579,0.509174,4.404948,0.034773,0.049378,0.046265,high,ok,low,ok,high,high,high,low,ok,ok,ok,low,ok,low,high,ok,ok,low,high,ok,high,ok,ok,low,percentile_p20_p80,synthetic,synthetic_v1
syn_0214,data/raw/images/syn_0214.jpg,train,0.008828,0.695695,0.307412,0.332419,0.899899,127.035261,0.126378,0.259140,0.941014,0.802989,0.278443,0.124336,0.920938,1.065345,0.085005,11.577522,0.251933,0.320086,0.009691,0.440859,1.531247,0.035074,0.046735,0.047872,low,ok,high,ok,ok,ok,ok,high,ok,ok,ok,ok,low,low,ok,high,ok,ok,ok,low,ok,ok,ok,ok,percentile_p20_p80,synthetic,synthetic_v1
syn_0215,data/raw/images/syn_0215.jpg,train,0.012058,0.730982,0.220999,0.373716,0.898311,120.464333,0.123135,0.231198,0.864836,0.734327,0.327942,0.086784,0.953322,1.977843,0.092992,2.239629,0.239386,0.256585,0.028561,0.466181,0.201622,0.032910,0.065368,0.030124,ok,ok,low,ok,ok,ok,ok,ok,low,low,high,low,ok,ok,ok,low,ok,low,high,ok,ok,ok,high,low,percentile_p20_p80,synthetic,synthetic_v1
syn_0216,data/raw/images/syn_0216.jpg,train,0.005029,0.733102,0.254807,0.287879,0.830374,119.879378,0.149770,0.298403,0.838041,0.691136,0.207531,0.144323,0.915609,-1.316077,0.096247,5.039661,0.299036,0.308587,0.005381,0.524691,3.539708,0.044016,0.050036,0.051178,low,ok,ok,low,ok,ok,ok,high,low,low,low,high,low,low,high,low,high,ok,low,high,high,high,ok,ok,percentile_p20_p80,synthetic,synthetic_v1
syn_0217,data/raw/images/syn_0217.jpg,train,0.035665,0.786693,0.290287,0.317499,0.806692,100.827686,0.110277,0.211729,0.860410,0.823240,0.125286,0.099969,0.947971,6.130512,0.090453,3.076989,0.268006,0.258224,0.014914,0.419010,1.820199,0.043748,0.079482,0.068041,high,high,ok,low,low,low,low,ok,low,high,low,low,ok,ok,ok,low,ok,low,ok,low,ok,high,high,high,percentile_p20_p80,synthetic,synthetic_v1
syn_0218,data/raw/images/syn_0218.jpg,train,0.014905,0.712215,0.270668,0.352373,0.849413,116.108975,0.148383,0.242344,0.925433,0.783049,0.290095,0.110122,1.018284,4.704528,0.078835,7.631925,0.267474,0.280933,0.014918,0.469849,1.852085,0.032001,0.057185,0.057977,ok,ok,ok,ok,ok,ok,ok,ok,ok,ok,ok,ok,ok,ok,ok,ok,ok,ok,ok,ok,ok,ok,ok,ok,percentile_p20_p80,synthetic,synthetic_v1
syn_0219,data/raw/images/syn_0219.jpg,train,0.005857,0.770240,0.300258,0.431272,0.843031,132.250793,0.161860,0.202316,0.970057,0.757661,0.334792,0.117491,1.066218,4.237777,0.100280,7.653123,0.280325,0.323986,0.003408,0.526200,5.182326,0.036086,0.059869,0.044778,low,high,ok,high,ok,high,high,ok,high,ok,high,ok,ok,ok,high,ok,ok,ok,low,high,high,ok,ok,low,percentile_p20_p80,synthetic,synthetic_v1
syn_0220,data/raw/images/syn_0220.jpg,train,0.033472,0.627968,0.285765,0.437493,0.831770,124.474442,0.118211,0.246339,0.849248,0.755265,0.241733,0.122539,0.794818,9.276356,0.086201,6.044646,0.312115,0.299048,0.014565,0.494414,5.477050,0.033260,0.042187,0.056073,high,low,ok,high,ok,ok,low,ok,low,ok,ok,ok,low,high,ok,ok,high,ok,ok,ok,high,ok,low,ok,percentile_p20_p80,synthetic,synthetic_v1
syn_0221,data/raw/images/syn_0221.jpg,train,0.023038,0.718450,0.254015,0.319590,0.761214,123.773642,0.114965,0.194299,0.945476,0.844753,0.217865,0.111218,0.990908,5.770476,0.059200,4.790998,0.274701,0.275870,0.001714,0.479441,-0.790829,0.029812,0.070406,0.052880,ok,ok,ok,low,low,ok,low,ok,ok,high,low,ok,ok,ok,low,low,ok,ok,low,ok,low,ok,high,ok,percentile_p20_p80,synthetic,synthetic_v1
syn_0222,data/raw/images/syn_0222.jpg,train,0.016355,0.691768,0.219151,0.368865,0.951184,133.151167,0.225603,0.208182,0.930088,0.713999,0.391119,0.144789,1.194113,6.088235,0.077346,-2.151495,0.303752,0.326710,0.014577,0.438678,3.668799,0.034390,0.057407,0.041717,ok,ok,low,ok,high,high,high,ok,ok,low,high,high,high,ok,ok,low,high,ok,ok,low,high,ok,ok,low,percentile_p20_p80,synthetic,synthetic_v1
syn_0223,data/raw/images/syn_0223.jpg,train,0.004536,0.714632,0.275755,0.307998,1.001421,112.736561,0.138038,0.230404,0.993606,0.733492,0.268857,0.088137,1.207331,5.491438,0.083170,9.137569,0.323559,0.295597,0.006161,0.451055,4.077420,0.036705,0.060762,0.047219,low,ok,ok,low,high,ok,ok,ok,high,low,ok,low,high,ok,ok,ok,high,ok,ok,ok,high,ok,ok,ok,percentile_p20_p80,synthetic,synthetic_v1
syn_0224,data/raw/images/syn_0224.jpg,train,0.024558,0.756053,0.284242,0.353412,0.913144,122.794320,0.125603,0.207516,0.834240,0.815847,0.273416,0.158739,0.782350,4.593568,0.091860,5.205587,0.276904,0.311328,0.017295,0.468333,-6.441925,0.032647,0.056129,0.046226,ok,ok,ok,ok,ok,ok,ok,ok,low,ok,ok,high,low,ok,ok,ok,ok,ok,ok,ok,low,ok,ok,low,percentile_p20_p80,synthetic,synthetic_v1
syn_0225,data/raw/images/syn_0225.jpg,train,0.014024,0.727844,0.283964,0.379741,0.865886,121.556559,0.140128,0.215037,0.926240,0.793148,0.272122,0.129815,1.050705,2.921069,0.074307,9.071968,0.255162,0.300890,0.012265,0.478595,2.112104,0.031036,0.051671,0.048096,ok,ok,ok,ok,ok,ok,ok,ok,ok,ok,ok,ok,ok,ok,ok,ok,ok,ok,ok,ok,ok,ok,ok,ok,percentile_p20_p80,synthetic,synthetic_v1
syn_0226,data/raw/images/syn_0226.jpg,train,0.016578,0.704156,0.329530,0.324795,0.951625,114.531552,0.191621,0.181052,0.899942,0.820718,0.351306,0.141099,0.849732,7.809053,0.079814,1.487502,0.240442,0.286065,0.004008,0.545296,2.842203,0.041115,0.044438,0.034959,ok,ok,high,ok,high,ok,high,low,ok,ok,high,high,low,high,ok,low,ok,ok,low,high,ok,high,low,low,percentile_p20_p80,synthetic,synthetic_v1
syn_0227,data/raw/images/syn_0227.jpg,train,0.023426,0.722043,0.314529,0.393008,0.890912,127.614156,0.142300,0.228207,1.018923,0.857381,0.216884,0.080451,1.253593,2.472585,0.077367,6.047427,0.271449,0.283444,0.001000,0.390751,-4.479768,0.023566,0.069696,0.043748,ok,ok,high,ok,ok,ok,ok,ok,high,high,low,low,high,ok,ok,ok,ok,ok,low,low,low,low,high,low,percentile_p20_p80,synthetic,synthetic_v1
syn_0228,data/raw/images/syn_0228.jpg,train,0.017718,0.787290,0.332555,0.332149,0.929793,113.493893,0.081847,0.258298,0.925506,0.727376,0.292360,0.128341,1.074976,0.611327,0.076506,9.222214,0.286384,0.291364,0.001168,0.501218,4.592417,0.027236,0.061070,0.067579,ok,high,high,ok,ok,ok,low,high,ok,low,ok,ok,ok,low,ok,ok,high,ok,low,ok,high,ok,ok,high,percentile_p20_p80,synthetic,synthetic_v1
syn_0229,data/raw/images/syn_0229.jpg,train,0.030700,0.800678,0.291334,0.430385,0.974661,108.071000,0.149301,0.229407,0.885774,0.760248,0.159521,0.137759,1.177334,8.028109,0.106974,5.580235,0.254401,0.361744,0.022797,0.443123,-4.400998,0.030169,0.042178,0.055752,high,high,ok,high,high,low,ok,ok,ok,ok,low,high,high,high,high,ok,ok,high,high,low,low,ok,low,ok,percentile_p20_p80,synthetic,synthetic_v1
syn_0230,data/raw/images/syn_0230.jpg,train,0.029651,0.633172,0.290993,0.299212,1.053768,118.619124,0.154255,0.178238,0.813362,0.722469,0.222596,0.149316,0.877866,6.894496,0.088430,7.553824,0.172974,0.278014,0.021707,0.506865,1.873944,0.020505,0.056512,0.058044,high,low,ok,low,high,ok,ok,low,low,low,low,high,low,high,ok,ok,low,ok,high,ok,ok,low,ok,ok,percentile_p20_p80,synthetic,synthetic_v1
syn_0231,data/raw/images/syn_0231.jpg,train,0.012167,0.745988,0.251588,0.259612,0.834974,109.716285,0.176570,0.248780,0.917472,0.747194,0.313494,0.157353,0.904941,1.763075,0.103015,9.923358,0.244654,0.346211,0.017516,0.432859,2.186662,0.031942,0.074832,0.062289,ok,ok,ok,low,ok,low,high,high,ok,ok,ok,high,low,ok,high,ok,ok,high,ok,low,ok,ok,high,ok,percentile_p20_p80,synthetic,synthetic_v1
syn_0232,data/raw/images/syn_0232.jpg,train,0.019451,0.722000,0.285210,0.342636,0.854548,119.168034,0.142998,0.215965,0.895024,0.763683,0.288067,0.120793,1.025949,3.187135,0.081332,7.849152,0.258606,0.294956,0.012376,0.483534,1.108540,0.035325,0.053234,0.055499,ok,ok,ok,ok,ok,ok,ok,ok,ok,ok,ok,ok,ok,ok,ok,ok,ok,ok,ok,ok,ok,ok,ok,ok,percentile_p20_p80,synthetic,synthetic_v1
syn_0233,data/raw/images/syn_0233.jpg,train,0.001000,0.660062,0.316818,0.396320,0.895027,109.929553,0.150609,0.180282,0.973502,0.622264,0.256900,0.100069,1.244231,3.307080,0.104748,13.782576,0.275917,0.234481,0.004462,0.455042,2.501245,0.035037,0.039045,0.064415,low,low,high,high,ok,low,ok,low,high,low,ok,ok,high,ok,high,high,ok,low,low,ok,ok,ok,low,high,percentile_p20_p80,synthetic,synthetic_v1
syn_0234,data/raw/images/syn_0234.jpg,train,0.005824,0.698767,0.290296,0.353511,0.989820,131.672263,0.100429,0.174971,0.977489,0.786797,0.317702,0.120627,1.234583,6.700775,0.095729,5.293132,0.281260,0.235591,0.009592,0.448228,-0.441767,0.024506,0.030909,0.069861,low,ok,ok,ok,high,high,low,low,high,ok,ok,ok,high,high,high,ok,ok,low,ok,ok,low,low,low,high,percentile_p20_p80,synthetic,synthetic_v1
syn_0235,data/raw/images/syn_0235.jpg,train,0.015447,0.709365,0.300049,0.413259,0.973578,112.820857,0.145639,0.183786,0.956640,0.781263,0.334546,0.140683,1.167255,5.876580,0.081741,3.029240,0.271518,0.367337,0.007661,0.446131,3.045136,0.045394,0.042507,0.026010,ok,ok,ok,high,high,ok,ok,low,high,ok,high,high,high,ok,ok,low,ok,high,ok,ok,ok,high,low,low,percentile_p20_p80,synthetic,synthetic_v1
syn_0236,data/raw/images/syn_0236.jpg,train,0.010622,0.725982,0.274288,0.346985,0.844813,110.237516,0.115185,0.234399,0.948624,0.684880,0.374914,0.131038,1.133095,3.009957,0.085096,3.505578,0.315419,0.356596,0.009605,0.414063,0.735391,0.036730,0.050274,0.045452,ok,ok,ok,ok,ok,low,low,ok,ok,low,high,ok,ok,ok,ok,low,high,high,ok,low,ok,ok,ok,low,percentile_p20_p80,synthetic,synthetic_v1
syn_0237,data/raw/images/syn_0237.jpg,train,0.019930,0.667571,0.333410,0.407276,0.926465,109.505454,0.146205,0.264375,0.815344,0.792343,0.364373,0.165288,0.907416,4.966776,0.100886,12.823355,0.195612,0.219617,0.013543,0.504916,1.188575,0.029377,0.070336,0.072730,ok,low,high,high,ok,low,ok,high,low,ok,high,high,low,ok,high,high,low,low,ok,ok,ok,ok,high,high,percentile_p20_p80,synthetic,synthetic_v1
syn_0238,data/raw/images/syn_0238.jpg,train,0.010894,0.729462,0.233725,0.446775,0.781703,105.158906,0.113306,0.178061,0.983878,0.919299,0.295641,0.111599,1.158262,0.825430,0.106755,7.854192,0.274719,0.272350,0.009956,0.399019,1.546795,0.039122,0.032782,0.042882,ok,ok,low,high,low,low,low,low,high,high,ok,ok,ok,low,high,ok,ok,low,ok,low,ok,high,low,low,percentile_p20_p80,synthetic,synthetic_v1
syn_0239,data/raw/images/syn_0239.jpg,train,0.016572,0.715355,0.279097,0.359437,0.884965,117.893468,0.127386,0.223137,0.935043,0.783871,0.253398,0.121452,1.067826,3.134406,0.080381,9.276437,0.274152,0.301265,0.013269,0.477936,1.243844,0.034770,0.057887,0.056851,ok,ok,ok,ok,ok,ok,ok,ok,ok,ok,ok,ok,ok,ok,ok,ok,ok,ok,ok,ok,ok,ok,ok,ok,percentile_p20_p80,synthetic,synthetic_v1
syn_0240,data/raw/images/syn_0240.jpg,train,0.011681,0.808036,0.321619,0.295416,0.956201,120.019669,0.148354,0.139317,0.846843,0.839371,0.233981,0.140311,0.850926,-1.163357,0.118215,11.637594,0.255507,0.308948,0.004914,0.497800,4.448575,0.028676,0.060828,0.034693,ok,high,high,low,high,ok,ok,low,low,high,ok,high,low,low,high,high,ok,ok,low,ok,high,ok,ok,low,percentile_p20_p80,synthetic,synthetic_v1
syn_0241,data/raw/images/syn_0241.jpg,train,0.039618,0.780275,0.278800,0.343279,0.978770,111.942780,0.151093,0.207445,0.873863,0.842330,0.255267,0.131605,0.997902,3.529357,0.076579,5.380549,0.285666,0.296529,0.020627,0.517341,4.555708,0.028068,0.062964,0.052907,high,high,ok,ok,high,ok,ok,ok,low,high,ok,ok,ok,ok,ok,ok,high,ok,high,ok,high,ok,high,ok,percentile_p20_p80,synthetic,synthetic_v1
syn_0242,data/raw/images/syn_0242.jpg,train,0.017731,0.677134,0.261022,0.391508,0.856060,109.246307,0.165449,0.234273,0.859074,0.786343,0.347693,0.147405,0.969426,0.112487,0.072689,13.376314,0.286031,0.208252,0.020587,0.369108,6.331422,0.038763,0.050265,0.056283,ok,ok,ok,ok,ok,low,high,ok,low,ok,high,high,ok,low,ok,high,high,low,high,low,high,high,ok,ok,percentile_p20_p80,synthetic,synthetic_v1
syn_0243,data/raw/images/syn_0243.jpg,train,0.025932,0.690395,0.298541,0.353523,0.862443,136.300226,0.078837,0.221881,0.850346,0.769074,0.237514,0.183657,0.972866,3.520557,0.067632,11.557578,0.242145,0.273800,0.030704,0.519047,2.172419,0.051299,0.047404,0.045249,ok,ok,ok,ok,ok,high,low,ok,low,ok,ok,high,ok,ok,ok,high,ok,ok,high,high,ok,high,ok,low,percentile_p20_p80,synthetic,synthetic_v1
syn_0244,data/raw/images/syn_0244.jpg,train,0.008478,0.792189,0.255247,0.419513,0.835941,96.224079,0.115951,0.231486,0.979616,0.858080,0.301985,0.137102,0.653336,4.919331,0.080771,6.764104,0.236693,0.335189,0.023393,0.578229,1.013104,0.025632,0.077623,0.051155,low,high,ok,high,ok,low,low,ok,high,high,ok,high,low,ok,ok,ok,low,high,high,high,ok,low,high,ok,percentile_p20_p80,synthetic,synthetic_v1
syn_0245,data/raw/images/syn_0245.jpg,train,0.011753,0.636768,0.296805,0.390285,0.939051,120.677381,0.156324,0.242172,0.945719,0.850706,0.331148,0.124720,0.969416,6.810340,0.068457,7.409321,0.234932,0.385317,0.002288,0.513196,3.190720,0.039010,0.054525,0.056007,ok,low,ok,ok,high,ok,ok,ok,ok,high,high,ok,ok,high,ok,ok,low,high,low,ok,ok,high,ok,ok,percentile_p20_p80,synthetic,synthetic_v1
syn_0246,data/raw/images/syn_0246.jpg,train,0.017410,0.679230,0.272358,0.377050,0.865716,118.405044,0.159782,0.210318,0.913692,0.776219,0.250023,0.114573,0.996426,4.475907,0.078765,5.867488,0.267089,0.309721,0.011096,0.491834,1.867107,0.030171,0.055844,0.055554,ok,ok,ok,ok,ok,ok,ok,ok,ok,ok,ok,ok,ok,ok,ok,ok,ok,ok,ok,ok,ok,ok,ok,ok,percentile_p20_p80,synthetic,synthetic_v1
syn_0247,data/raw/images/syn_0247.jpg,train,0.007978,0.658402,0.296316,0.475336,0.877390,120.523524,0.108367,0.209618,0.909883,0.757396,0.240651,0.118783,0.965556,8.345089,0.120998,4.954651,0.247274,0.317344,0.017831,0.441826,0.072907,0.036693,0.035340,0.081581,low,low,ok,high,ok,ok,low,ok,ok,ok,ok,ok,ok,high,high,low,ok,ok,ok,low,ok,ok,low,high,percentile_p20_p80,synthetic,synthetic_v1
syn_0248,data/raw/images/syn_0248.jpg,train,0.021617,0.701754,0.273987,0.306331,1.006176,116.993185,0.126947,0.290281,0.971597,0.768334,0.306175,0.111696,0.995669,3.226633,0.085949,12.379546,0.329214,0.213097,0.035223,0.531218,1.541322,0.028560,0.032583,0.069333,ok,ok,ok,low,high,ok,ok,high,high,ok,ok,ok,ok,ok,ok,high,high,low,high,high,ok,ok,low,high,percentile_p20_p80,synthetic,synthetic_v1
syn_0249,data/raw/images/syn_0249.jpg,train,0.004865,0.759111,0.263411,0.278714,0.909289,123.836160,0.111926,0.254376,1.010271,0.809439,0.305884,0.101655,0.894095,2.578673,0.081380,8.046993,0.253039,0.399670,0.017711,0.431185,-1.501451,0.018091,0.042885,0.061945,low,high,ok,low,ok,ok,low,high,high,ok,ok,ok,low,ok,ok,ok,ok,high,ok,low,low,low,low,ok,percentile_p20_p80,synthetic,synthetic_v1
syn_0250,data/raw/images/syn_0250.jpg,train,0.014577,0.678429,0.303585,0.387461,0.905998,117.841241,0.138898,0.167256,0.827739,0.731615,0.232679,0.099526,1.024018,2.340842,0.053908,7.588449,0.271760,0.280298,0.020191,0.495773,2.473617,0.029012,0.059962,0.063190,ok,ok,ok,ok,ok,ok,ok,low,low,low,low,low,ok,ok,low,ok,ok,ok,high,ok,ok,ok,ok,ok,percentile_p20_p80,synthetic,synthetic_v1
syn_0251,data/raw/images/syn_0251.jpg,train,0.001000,0.784098,0.259554,0.392531,0.718556,112.790342,0.089030,0.214064,0.929073,0.804418,0.281241,0.088687,1.245410,-0.708462,0.073274,4.893078,0.238911,0.243876,0.022856,0.517306,1.679069,0.030845,0.043480,0.053679,low,high,ok,ok,low,ok,low,ok,ok,ok,ok,low,high,low,ok,low,ok,low,high,ok,ok,ok,low,ok,percentile_p20_p80,synthetic,synthetic_v1
syn_0252,data/raw/images/syn_0252.jpg,train,0.007104,0.725185,0.295749,0.347643,0.907930,125.003104,0.164140,0.298990,0.848616,0.705970,0.207010,0.115055,0.810829,2.143499,0.096762,10.917015,0.317384,0.334146,0.022130,0.453551,0.604851,0.039031,0.065303,0.032004,low,ok,ok,ok,ok,ok,high,high,low,low,low,ok,low,ok,high,ok,high,high,high,ok,ok,high,high,low,percentile_p20_p80,synthetic,synthetic_v1
syn_0253,data/raw/images/syn_0253.jpg,train,0.013834,0.705332,0.271400,0.376467,0.911604,118.989794,0.142555,0.239419,0.925609,0.788386,0.285591,0.122340,1.100591,4.635555,0.080427,7.606860,0.262275,0.283373,0.013152,0.481576,1.700493,0.029687,0.056406,0.055549,ok,ok,ok,ok,ok,ok,ok,ok,ok,ok,ok,ok,ok,ok,ok,ok,ok,ok,ok,ok,ok,ok,ok,ok,percentile_p20_p80,synthetic,synthetic_v1
syn_0254,data/raw/images/syn_0254.jpg,train,0.017916,0.742211,0.246814,0.287182,0.911787,91.578991,0.157851,0.302702,0.938541,0.831221,0.377663,0.146105,1.391553,0.951009,0.073176,9.933308,0.203478,0.299743,0.012667,0.544896,4.168071,0.038130,0.063361,0.055737,ok,ok,low,low,ok,low,ok,high,ok,high,high,high,high,low,ok,ok,low,ok,ok,high,high,ok,high,ok,percentile_p20_p80,synthetic,synthetic_v1
syn_0255,data/raw/images/syn_0255.jpg,train,0.021506,0.765568,0.320469,0.324047,0.911471,117.096092,0.147966,0.266176,0.907468,0.724681,0.225340,0.105671,1.141427,3.419963,0.068039,11.091085,0.265598,0.328023,0.033930,0.574063,2.362130,0.034711,0.068364,0.070335,ok,high,high,ok,ok,ok,ok,high,ok,low,low,ok,ok,ok,ok,ok,ok,ok,high,high,ok,ok,high,high,percentile_p20_p80,synthetic,synthetic_v1
syn_0256,data/raw/images/syn_0256.jpg,train,0.013702,0.646498,0.314518,0.371254,0.922713,124.514755,0.119047,0.199598,0.973566,0.770307,0.233107,0.113116,1.109647,2.214239,0.114748,11.249394,0.207842,0.309181,0.027689,0.644814,0.323045,0.032198,0.038724,0.061675,ok,low,high,ok,ok,ok,ok,ok,high,ok,low,ok,ok,ok,high,high,low,ok,high,high,ok,ok,low,ok,percentile_p20_p80,synthetic,synthetic_v1
syn_0257,data/raw/images/syn_0257.jpg,train,0.023746,0.736992,0.236631,0.399063,1.007972,134.304494,0.150867,0.217971,0.964916,0.771535,0.128256,0.077054,1.255233,8.655967,0.077492,4.807077,0.249490,0.248557,0.009461,0.567350,-0.063989,0.025645,0.038873,0.057469,ok,ok,low,high,high,high,ok,ok,high,ok,low,low,high,high,ok,low,ok,low,ok,high,ok,low,low,ok,percentile_p20_p80,synthetic,synthetic_v1
syn_0258,data/raw/images/syn_0258.jpg,train,0.006601,0.759025,0.267656,0.444065,0.921392,123.724221,0.097795,0.220964,0.935189,0.800572,0.301324,0.123064,0.874843,-4.423834,0.057677,12.055738,0.288012,0.345695,0.015281,0.491352,1.543196,0.018334,0.057138,0.047229,low,ok,ok,high,ok,ok,low,ok,ok,ok,ok,ok,low,low,low,high,high,high,ok,ok,ok,low,ok,ok,percentile_p20_p80,synthetic,synthetic_v1
syn_0259,data/raw/images/syn_0259.jpg,train,0.010691,0.660704,0.277312,0.405758,0.935983,106.350439,0.147267,0.217024,0.819440,0.836408,0.241182,0.134509,0.931330,6.722837,0.104968,9.045901,0.279010,0.273860,0.008830,0.424054,4.131765,0.041491,0.049242,0.055455,ok,low,ok,high,high,low,ok,ok,low,high,ok,ok,ok,high,high,ok,ok,ok,ok,low,high,high,ok,ok,percentile_p20_p80,synthetic,synthetic_v1
syn_0260,data/raw/images/syn_0260.jpg,train,0.016000,0.700365,0.274853,0.345035,0.846041,118.887903,0.132532,0.219582,0.886777,0.781330,0.269618,0.116092,1.082644,3.892976,0.081496,8.053460,0.264211,0.292084,0.011971,0.477085,1.943065,0.030847,0.057260,0.056585,ok,ok,ok,ok,ok,ok,ok,ok,ok,ok,ok,ok,ok,ok,ok,ok,ok,ok,ok,ok,ok,ok,ok,ok,percentile_p20_p80,synthetic,synthetic_v1
syn_0261,data/raw/images/syn_0261.jpg,train,0.011027,0.763592,0.264031,0.327998,0.823956,105.105858,0.149338,0.212141,0.904651,0.831247,0.332900,0.122744,0.759698,5.698000,0.040824,4.429674,0.254371,0.361388,0.001000,0.403433,-0.288518,0.037530,0.035415,0.045399,ok,high,ok,ok,low,low,ok,ok,ok,high,high,ok,low,ok,low,low,ok,high,low,low,ok,ok,low,low,percentile_p20_p80,synthetic,synthetic_v1
syn_0262,data/raw/images/syn_0262.jpg,train,0.032554,0.772909,0.255683,0.410691,0.885962,107.117768,0.118595,0.194894,0.866065,0.807531,0.340598,0.083994,1.149955,0.344250,0.078548,9.214107,0.295484,0.299039,0.014488,0.561465,5.538132,0.040425,0.064006,0.061098,high,high,ok,high,ok,low,low,ok,low,ok,high,low,ok,low,ok,ok,high,ok,ok,high,high,high,high,ok,percentile_p20_p80,synthetic,synthetic_v1
syn_0263,data/raw/images/syn_0263.jpg,train,0.037671,0.764238,0.252885,0.365310,0.908757,101.287329,0.122663,0.288429,0.863148,0.810592,0.298783,0.144126,0.933424,1.281127,0.081065,5.484344,0.314190,0.307272,0.020531,0.430193,2.975540,0.051917,0.054341,0.041548,high,high,ok,ok,ok,low,ok,high,low,ok,ok,high,ok,ok,ok,ok,high,ok,high,low,ok,high,ok,low,percentile_p20_p80,synthetic,synthetic_v1
syn_0264,data/raw/images/syn_0264.jpg,train,0.031664,0.691532,0.228462,0.303618,0.797272,124.272520,0.114502,0.185243,0.901400,0.805551,0.333409,0.150822,1.000175,7.557109,0.064252,14.842773,0.281705,0.310629,0.001000,0.528705,0.330411,0.027109,0.045149,0.047726,high,ok,low,low,low,ok,low,low,ok,ok,high,high,ok,high,ok,high,ok,ok,low,high,ok,ok,ok,ok,percentile_p20_p80,synthetic,synthetic_v1
syn_0265,data/raw/images/syn_0265.jpg,train,0.023923,0.745636,0.282078,0.453660,0.792589,121.432671,0.100150,0.242545,0.948668,0.788146,0.310367,0.134615,1.122596,-0.844162,0.097549,14.995103,0.299330,0.289592,0.031660,0.492361,4.430937,0.037462,0.072313,0.035894,ok,ok,ok,high,low,ok,low,ok,ok,ok,ok,ok,ok,low,high,high,high,ok,high,ok,high,ok,high,low,percentile_p20_p80,synthetic,synthetic_v1
syn_0266,data/raw/images/syn_0266.jpg,train,0.008487,0.751456,0.270439,0.341823,0.985269,111.266588,0.149278,0.235061,0.908684,0.641181,0.168310,0.113538,1.380165,1.479438,0.079528,16.311472,0.261338,0.320372,0.015117,0.438116,-0.644708,0.027980,0.054910,0.046197,low,ok,ok,ok,high,ok,ok,ok,ok,low,low,ok,high,ok,ok,high,ok,ok,ok,low,low,ok,ok,low,percentile_p20_p80,synthetic,synthetic_v1
syn_0267,data/raw/images/syn_0267.jpg,train,0.016518,0.723901,0.291995,0.389499,0.867551,118.853078,0.132632,0.213811,0.898497,0.805900,0.273610,0.125998,1.010454,1.948183,0.088541,6.384371,0.250955,0.312027,0.012224,0.477675,2.334332,0.031435,0.057403,0.051290,ok,ok,ok,ok,ok,ok,ok,ok,ok,ok,ok,ok,ok,ok,ok,ok,ok,ok,ok,ok,ok,ok,ok,ok,percentile_p20_p80,synthetic,synthetic_v1
syn_0268,data/raw/images/syn_0268.jpg,train,0.035128,0.686620,0.287148,0.324080,0.823058,114.642268,0.167521,0.210205,0.929726,0.751698,0.359433,0.083375,0.798514,8.950146,0.036774,14.883750,0.259471,0.317387,0.015232,0.447118,2.794594,0.048299,0.069640,0.046452,high,ok,ok,ok,low,ok,high,ok,ok,ok,high,low,low,high,low,high,ok,ok,ok,ok,ok,high,high,ok,percentile_p20_p80,synthetic,synthetic_v1
syn_0269,data/raw/images/syn_0269.jpg,train,0.032878,0.649671,0.271266,0.367291,0.967059,101.378155,0.171521,0.203511,0.838075,0.839853,0.255016,0.069913,1.169510,-1.902783,0.072441,3.494070,0.231623,0.343559,0.018350,0.404601,0.936437,0.032545,0.071278,0.060527,high,low,ok,ok,high,low,high,ok,low,high,ok,low,high,low,ok,low,low,high,ok,low,ok,ok,high,ok,percentile_p20_p80,synthetic,synthetic_v1
syn_0270,data/raw/images/syn_0270.jpg,train,0.003480,0.642535,0.306557,0.398179,0.837949,110.486217,0.155288,0.231581,0.788497,0.763716,0.329408,0.082897,1.180602,-0.367389,0.084645,4.616217,0.203471,0.308836,0.010977,0.556086,3.579048,0.019294,0.058936,0.066776,low,low,ok,high,ok,ok,ok,ok,low,ok,high,low,high,low,ok,low,low,ok,ok,high,high,low,ok,high,percentile_p20_p80,synthetic,synthetic_v1
syn_0271,data/raw/images/syn_0271.jpg,train,0.028183,0.831624,0.358128,0.324672,0.907179,146.816177,0.178344,0.193182,0.843761,0.686623,0.319362,0.117310,1.022506,1.971005,0.062793,10.466325,0.259036,0.317242,0.001000,0.569491,4.447045,0.040565,0.030238,0.065686,high,high,high,ok,ok,high,high,ok,low,low,ok,ok,ok,ok,low,ok,ok,ok,low,high,high,high,low,high,percentile_p20_p80,synthetic,synthetic_v1
syn_0272,data/raw/images/syn_0272.jpg,train,0.001000,0.745749,0.326511,0.413582,0.930837,140.232951,0.144956,0.187703,0.893608,0.781161,0.330326,0.093431,1.172290,3.914050,0.070804,4.264158,0.243499,0.312214,0.010053,0.517722,-2.528944,0.020242,0.042557,0.068311,low,ok,high,high,ok,high,ok,low,ok,ok,high,low,high,ok,ok,low,ok,ok,ok,ok,low,low,low,high,percentile_p20_p80,synthetic,synthetic_v1
syn_0273,data/raw/images/syn_0273.jpg,train,0.016331,0.722246,0.303673,0.392811,0.842623,100.872955,0.129245,0.158856,0.916645,0.734010,0.297248,0.124903,0.995406,6.221542,0.136737,0.620068,0.344935,0.261089,0.001000,0.431937,3.334702,0.033726,0.047560,0.048043,ok,ok,ok,ok,ok,low,ok,low,ok,low,ok,ok,ok,ok,high,low,high,low,low,low,ok,ok,ok,ok,percentile_p20_p80,synthetic,synthetic_v1
syn_0274,data/raw/images/syn_0274.jpg,train,0.015721,0.728873,0.292549,0.356809,0.868112,116.871471,0.122693,0.219457,0.924786,0.774462,0.272429,0.127008,1.061753,4.339204,0.082515,8.143295,0.271494,0.286304,0.011922,0.451460,1.237214,0.036007,0.051146,0.051690,ok,ok,ok,ok,ok,ok,ok,ok,ok,ok,ok,ok,ok,ok,ok,ok,ok,ok,ok,ok,ok,ok,ok,ok,percentile_p20_p80,synthetic,synthetic_v1
syn_0275,data/raw/images/syn_0275.jpg,train,0.017102,0.771798,0.307207,0.332814,0.998830,117.304093,0.174154,0.283737,0.870847,0.690305,0.312151,0.124655,1.055116,4.938358,0.077991,14.245651,0.154627,0.350833,0.014589,0.473628,-0.937228,0.041859,0.041074,0.056299,ok,high,high,ok,high,ok,high,high,low,low,ok,ok,ok,ok,ok,high,low,high,ok,ok,low,high,low,ok,percentile_p20_p80,synthetic,synthetic_v1
syn_0276,data/raw/images/syn_0276.jpg,train,0.031650,0.620700,0.292644,0.375539,0.909878,112.418742,0.157566,0.261544,0.904980,0.905005,0.211815,0.103035,1.230388,3.241600,0.061262,6.213839,0.313011,0.331754,0.002736,0.386337,5.230589,0.033965,0.049928,0.044109,high,low,ok,ok,ok,ok,ok,high,ok,high,low,ok,high,ok,low,ok,high,high,low,low,high,ok,ok,low,percentile_p20_p80,synthetic,synthetic_v1
syn_0277,data/raw/images/syn_0277.jpg,train,0.001000,0.640718,0.292013,0.335315,0.995184,129.027788,0.122234,0.182911,0.984510,0.757616,0.438615,0.122412,0.845252,-3.142442,0.065290,13.781602,0.251351,0.199993,0.005749,0.465494,4.924651,0.035461,0.053200,0.058635,low,low,ok,ok,high,high,ok,low,high,ok,high,ok,low,low,ok,high,ok,low,low,ok,high,ok,ok,ok,percentile_p20_p80,synthetic,synthetic_v1
syn_0278,data/raw/images/syn_0278.jpg,train,0.044691,0.783543,0.250342,0.394209,0.959235,145.953466,0.148607,0.207068,0.937882,0.751362,0.289054,0.099875,1.053513,-1.099028,0.096879,11.194286,0.202221,0.329886,0.006396,0.550641,4.010913,0.040696,0.062093,0.042482,high,high,low,ok,high,high,ok,ok,ok,ok,ok,low,ok,low,high,ok,low,high,ok,high,high,high,ok,low,percentile_p20_p80,synthetic,synthetic_v1
syn_0279,data/raw/images/syn_0279.jpg,train,0.001000,0.728137,0.229090,0.369490,0.775821,127.374177,0.155475,0.168821,0.871766,0.805434,0.333109,0.125747,0.945905,4.566607,0.075472,5.861804,0.210696,0.301657,0.003811,0.473600,-3.534510,0.038690,0.048260,0.055954,low,ok,low,ok,low,ok,ok,low,low,ok,high,ok,ok,ok,ok,ok,low,ok,low,ok,low,high,ok,ok,percentile_p20_p80,synthetic,synthetic_v1
syn_0280,data/raw/images/syn_0280.jpg,train,0.036001,0.813218,0.306478,0.308944,0.873829,121.600745,0.148080,0.225621,0.961019,0.819502,0.353138,0.140566,0.945782,2.883981,0.079748,9.651447,0.242789,0.299574,0.008682,0.453274,2.532091,0.039279,0.076269,0.067272,high,high,ok,low,ok,ok,ok,ok,high,ok,high,high,ok,ok,ok,ok,ok,ok,ok,ok,ok,high,high,high,percentile_p20_p80,synthetic,synthetic_v1
syn_0281,data/raw/images/syn_0281.jpg,train,0.016823,0.739067,0.265696,0.365195,0.870216,116.347596,0.154858,0.215796,0.923075,0.788859,0.279619,0.111494,1.062303,3.700450,0.079471,7.976790,0.263991,0.304108,0.008204,0.482748,2.602568,0.028185,0.052221,0.052930,ok,ok,ok,ok,ok,ok,ok,ok,ok,ok,ok,ok,ok,ok,ok,ok,ok,ok,ok,ok,ok,ok,ok,ok,percentile_p20_p80,synthetic,synthetic_v1
syn_0282,data/raw/images/syn_0282.jpg,train,0.001000,0.610197,0.241624,0.417447,0.854287,106.806432,0.134962,0.239558,0.944268,0.782545,0.438497,0.126613,1.115021,2.142710,0.062770,3.342185,0.214850,0.322026,0.013619,0.448477,0.622680,0.040474,0.052513,0.055410,low,low,low,high,ok,low,ok,ok,ok,ok,high,ok,ok,ok,low,low,low,ok,ok,ok,ok,high,ok,ok,percentile_p20_p80,synthetic,synthetic_v1
syn_0283,data/raw/images/syn_0283.jpg,train,0.021472,0.749822,0.249751,0.236821,0.743463,122.238420,0.122699,0.206314,0.834141,0.731967,0.287162,0.120989,0.888182,-0.041574,0.118541,7.000976,0.256179,0.246335,0.004188,0.466131,-1.375822,0.032724,0.041126,0.046067,ok,ok,low,low,low,ok,ok,ok,low,low,ok,ok,low,low,high,ok,ok,low,low,ok,low,ok,low,low,percentile_p20_p80,synthetic,synthetic_v1
syn_0284,data/raw/images/syn_0284.jpg,train,0.008421,0.620393,0.216867,0.366011,0.807861,115.776841,0.135631,0.233268,0.960622,0.741136,0.210867,0.124871,1.178371,2.791465,0.078672,7.223929,0.254590,0.325393,0.007959,0.510202,2.535886,0.049202,0.046344,0.068801,low,low,low,ok,low,ok,ok,ok,high,ok,low,ok,high,ok,ok,ok,ok,ok,ok,ok,ok,high,ok,high,percentile_p20_p80,synthetic,synthetic_v1
syn_0285,data/raw/images/syn_0285.jpg,train,0.027634,0.646633,0.302643,0.390583,0.837362,88.467025,0.162369,0.168150,0.911379,0.673523,0.315604,0.074103,0.961883,2.023955,0.079861,2.067693,0.276079,0.319347,0.008369,0.465780,-5.382543,0.044842,0.052279,0.062764,high,low,ok,ok,ok,low,high,low,ok,low,ok,low,ok,ok,ok,low,ok,ok,ok,ok,low,high,ok,ok,percentile_p20_p80,synthetic,synthetic_v1
syn_0286,data/raw/images/syn_0286.jpg,train,0.020196,0.723344,0.307552,0.328026,0.951339,136.902563,0.146027,0.213723,0.968877,0.804799,0.257501,0.111463,1.068770,6.667069,0.069928,11.160062,0.328689,0.323706,0.011372,0.508455,0.394637,0.023044,0.045896,0.038566,ok,ok,high,ok,high,high,ok,ok,high,ok,ok,ok,ok,high,ok,ok,high,ok,ok,ok,ok,low,ok,low,percentile_p20_p80,synthetic,synthetic_v1
syn_0287,data/raw/images/syn_0287.jpg,train,0.029535,0.691355,0.205980,0.385540,0.905395,121.644578,0.099765,0.175293,1.008097,0.743719,0.307341,0.123076,0.842138,-1.160053,0.089909,6.759463,0.250118,0.341672,0.001000,0.476992,4.428502,0.038745,0.051688,0.060632,high,ok,low,ok,ok,ok,low,low,high,ok,ok,ok,low,low,ok,ok,ok,high,low,ok,high,high,ok,ok,percentile_p20_p80,synthetic,synthetic_v1
syn_0288,data/raw/images/syn_0288.jpg,train,0.019873,0.706867,0.265223,0.370807,0.880937,123.457706,0.135172,0.229960,0.930377,0.787389,0.280432,0.114091,1.039053,3.568122,0.080115,6.953640,0.262151,0.317822,0.009805,0.486639,0.318258,0.033003,0.055786,0.052268,ok,ok,ok,ok,ok,ok,ok,ok,ok,ok,ok,ok,ok,ok,ok,ok,ok,ok,ok,ok,ok,ok,ok,ok,percentile_p20_p80,synthetic,synthetic_v1
syn_0289,data/raw/images/syn_0289.jpg,train,0.024614,0.726258,0.352327,0.365659,0.907637,116.248539,0.106336,0.324073,0.929131,0.798349,0.285089,0.083330,0.845992,-1.863193,0.106420,10.008452,0.248266,0.242766,0.003691,0.474810,-1.584568,0.038983,0.045352,0.051621,ok,ok,high,ok,ok,ok,low,high,ok,ok,ok,low,low,low,high,ok,ok,low,low,ok,low,high,ok,ok,percentile_p20_p80,synthetic,synthetic_v1
syn_0290,data/raw/images/syn_0290.jpg,train,0.016794,0.588700,0.312367,0.362011,0.724891,113.309050,0.129979,0.178618,0.937442,0.852267,0.300800,0.084723,0.948344,-2.923837,0.084012,4.007037,0.269641,0.332046,0.020782,0.490387,0.860542,0.019028,0.081175,0.081508,ok,low,high,ok,low,ok,ok,low,ok,high,ok,low,ok,low,ok,low,ok,high,high,ok,ok,low,high,high,percentile_p20_p80,synthetic,synthetic_v1
syn_0291,data/raw/images/syn_0291.jpg,train,0.016879,0.745884,0.233992,0.340598,0.881830,110.920115,0.192721,0.232446,0.888940,0.755516,0.294609,0.080206,1.122326,3.861363,0.097969,9.421508,0.237136,0.273208,0.025861,0.501433,2.989292,0.036751,0.053913,0.041860,ok,ok,low,ok,ok,ok,high,ok,ok,ok,ok,low,ok,ok,high,ok,low,ok,high,ok,ok,ok,ok,low,percentile_p20_p80,synthetic,synthetic_v1
syn_0292,data/raw/images/syn_0292.jpg,train,0.039587,0.708393,0.331530,0.355541,0.957506,107.605026,0.100514,0.208825,0.895880,0.819661,0.300611,0.081339,0.938801,-0.895516,0.065028,7.628084,0.238268,0.346661,0.016184,0.437530,4.718698,0.039286,0.057348,0.050628,high,ok,high,ok,high,low,low,ok,ok,ok,ok,low,ok,low,ok,ok,ok,high,ok,low,high,high,ok,ok,percentile_p20_p80,synthetic,synthetic_v1
syn_0293,data/raw/images/syn_0293.jpg,train,0.041241,0.767872,0.236999,0.368080,0.821704,128.737207,0.109143,0.194524,0.889120,0.808825,0.217036,0.120193,0.727399,6.975915,0.026286,8.706981,0.268742,0.280024,0.022994,0.536458,4.183305,0.041073,0.058929,0.050445,high,high,low,ok,low,high,low,ok,ok,ok,low,ok,low,high,low,ok,ok,ok,high,high,high,high,ok,ok,percentile_p20_p80,synthetic,synthetic_v1
syn_0294,data/raw/images/syn_0294.jpg,train,0.021161,0.786084,0.277885,0.239953,0.762512,139.628917,0.115306,0.195569,0.967226,0.833801,0.313512,0.123612,0.731674,11.764882,0.072422,12.358398,0.264962,0.278589,0.009329,0.471570,5.627293,0.021656,0.059762,0.076675,ok,high,ok,low,low,high,low,ok,high,high,ok,ok,low,high,ok,high,ok,ok,ok,ok,high,low,ok,high,percentile_p20_p80,synthetic,synthetic_v1
syn_0295,data/raw/images/syn_0295.jpg,train,0.016471,0.720539,0.268256,0.380570,0.860162,119.937656,0.125251,0.211378,0.922778,0.763295,0.276170,0.111624,1.053335,2.965599,0.074697,8.265672,0.243336,0.306310,0.009959,0.499962,1.171646,0.030236,0.055324,0.057992,ok,ok,ok,ok,ok,ok,ok,ok,ok,ok,ok,ok,ok,ok,ok,ok,ok,ok,ok,ok,ok,ok,ok,ok,percentile_p20_p80,synthetic,synthetic_v1
syn_0296,data/raw/images/syn_0296.jpg,train,0.001000,0.681503,0.330306,0.308008,0.794628,98.906371,0.129618,0.169761,0.942417,0.689863,0.251396,0.115191,0.958672,3.166290,0.060733,4.440070,0.303000,0.316955,0.016224,0.532760,2.509100,0.029555,0.061955,0.052051,low,ok,high,low,low,low,ok,low,ok,low,ok,ok,ok,ok,low,low,high,ok,ok,high,ok,ok,ok,ok,percentile_p20_p80,synthetic,synthetic_v1
syn_0297,data/raw/images/syn_0297.jpg,train,0.038947,0.732545,0.281852,0.438160,0.937742,109.562589,0.154350,0.168801,0.907627,0.790533,0.288422,0.115864,0.906692,5.396963,0.091111,5.301785,0.259221,0.319720,0.016924,0.497731,2.686375,0.036833,0.063686,0.060484,high,ok,ok,high,high,low,ok,low,ok,ok,ok,ok,low,ok,ok,ok,ok,ok,ok,ok,ok,ok,high,ok,percentile_p20_p80,synthetic,synthetic_v1
syn_0298,data/raw/images/syn_0298.jpg,train,0.011899,0.740100,0.253306,0.330777,0.903952,118.707897,0.119704,0.242405,0.882211,0.807662,0.200173,0.153047,1.123150,5.622428,0.080356,2.687973,0.201577,0.302947,0.008290,0.496345,4.095028,0.035326,0.043480,0.062611,ok,ok,ok,ok,ok,ok,ok,ok,ok,ok,low,high,ok,ok,ok,low,low,ok,ok,ok,high,ok,low,ok,percentile_p20_p80,synthetic,synthetic_v1
syn_0299,data/raw/images/syn_0299.jpg,train,0.010681,0.744039,0.303912,0.334031,0.982212,113.906652,0.140883,0.270867,0.929353,0.730103,0.259070,0.125788,0.983474,2.221364,0.098943,7.225621,0.320832,0.293564,0.001791,0.467733,3.827904,0.027370,0.068414,0.055084,ok,ok,ok,ok,high,ok,ok,high,ok,low,ok,ok,ok,ok,high,ok,high,ok,low,ok,high,ok,high,ok,percentile_p20_p80,synthetic,synthetic_v1
syn_0300,data/raw/images/syn_0300.jpg,train,0.022743,0.676457,0.281298,0.359712,0.953403,112.413964,0.093128,0.175861,0.886052,0.818181,0.226325,0.095512,1.004327,3.930744,0.078252,2.864430,0.249018,0.338107,0.015927,0.499144,-0.397964,0.029749,0.040005,0.061831,ok,ok,ok,ok,high,ok,low,low,ok,ok,low,low,ok,ok,ok,low,ok,high,ok,ok,low,ok,low,ok,percentile_p20_p80,synthetic,synthetic_v1
syn_0301,data/raw/images/syn_0301.jpg,train,0.028131,0.706114,0.264839,0.318306,0.871655,138.008159,0.118447,0.228798,0.965456,0.774159,0.201406,0.128452,1.279012,4.534764,0.079224,7.796226,0.185472,0.312653,0.007181,0.434345,4.583386,0.024373,0.056167,0.040130,high,ok,ok,low,ok,high,low,ok,high,ok,low,ok,high,ok,ok,ok,low,ok,ok,low,high,low,ok,low,percentile_p20_p80,synthetic,synthetic_v1
syn_0302,data/raw/images/syn_0302.jpg,train,0.019008,0.698885,0.282216,0.361467,0.892880,114.105292,0.136715,0.211760,0.929006,0.754040,0.274121,0.123039,1.056528,2.656386,0.085565,8.059020,0.268738,0.295771,0.012089,0.482459,1.226002,0.036425,0.054183,0.056015,ok,ok,ok,ok,ok,ok,ok,ok,ok,ok,ok,ok,ok,ok,ok,ok,ok,ok,ok,ok,ok,ok,ok,ok,percentile_p20_p80,synthetic,synthetic_v1
syn_0303,data/raw/images/syn_0303.jpg,train,0.010283,0.686650,0.274129,0.324213,0.813570,118.443232,0.127513,0.305080,0.910853,0.740397,0.316991,0.163747,0.809358,8.294371,0.058821,6.035892,0.211297,0.281222,0.001000,0.449617,0.656721,0.030829,0.058048,0.058175,ok,ok,ok,ok,low,ok,ok,high,ok,ok,ok,high,low,high,low,ok,low,ok,low,ok,ok,ok,ok,ok,percentile_p20_p80,synthetic,synthetic_v1
syn_0304,data/raw/images/syn_0304.jpg,train,0.017058,0.797800,0.286718,0.420262,0.889196,110.327861,0.099264,0.108281,0.898368,0.710664,0.278589,0.152035,0.711093,6.355415,0.049703,0.584139,0.338367,0.330264,0.001000,0.547070,0.932082,0.043942,0.043883,0.057369,ok,high,ok,high,ok,low,low,low,ok,low,ok,high,low,ok,low,low,high,high,low,high,ok,high,low,ok,percentile_p20_p80,synthetic,synthetic_v1
syn_0305,data/raw/images/syn_0305.jpg,train,0.019411,0.595710,0.285140,0.399836,0.813027,124.305972,0.159727,0.220853,0.976708,0.818424,0.376881,0.126490,1.206023,3.495768,0.093541,9.367893,0.275457,0.329649,0.008830,0.463953,-3.006319,0.033825,0.040929,0.045754,ok,low,ok,high,low,ok,ok,ok,high,ok,high,ok,high,ok,ok,ok,ok,high,ok,ok,low,ok,low,low,percentile_p20_p80,synthetic,synthetic_v1
syn_0306,data/raw/images/syn_0306.jpg,train,0.013397,0.759312,0.302997,0.383131,0.867351,121.379014,0.113258,0.281530,1.001076,0.743967,0.205472,0.090998,0.910801,0.737749,0.086079,8.724595,0.289681,0.307212,0.014112,0.465011,5.400814,0.044887,0.045504,0.058628,ok,high,ok,ok,ok,ok,low,high,high,ok,low,low,low,low,ok,ok,high,ok,ok,ok,high,high,ok,ok,percentile_p20_p80,synthetic,synthetic_v1
syn_0307,data/raw/images/syn_0307.jpg,train,0.014893,0.704232,0.257492,0.302511,0.860892,129.296957,0.181285,0.257831,0.927165,0.860720,0.275292,0.116921,0.850838,8.153356,0.100253,4.193307,0.215995,0.379671,0.014260,0.426161,0.728769,0.036612,0.067894,0.064705,ok,ok,ok,low,ok,high,high,high,ok,high,ok,ok,low,high,high,low,low,high,ok,low,ok,ok,high,high,percentile_p20_p80,synthetic,synthetic_v1
syn_0308,data/raw/images/syn_0308.jpg,train,0.037303,0.763610,0.298109,0.421196,0.844980,110.983149,0.097634,0.250591,0.884914,0.795270,0.286172,0.111551,0.989357,7.467328,0.112447,6.322558,0.232686,0.377154,0.012901,0.452124,0.674373,0.038839,0.053962,0.056122,high,high,ok,high,ok,ok,low,high,ok,ok,ok,ok,ok,high,high,ok,low,high,ok,ok,ok,high,ok,ok,percentile_p20_p80,synthetic,synthetic_v1
syn_0309,data/raw/images/syn_0309.jpg,train,0.014132,0.708325,0.291132,0.365240,0.897656,112.894840,0.135636,0.223102,0.928387,0.811223,0.283014,0.114426,1.021490,2.827553,0.086723,7.846624,0.254387,0.311472,0.015367,0.476022,1.175549,0.032582,0.049923,0.056499,ok,ok,ok,ok,ok,ok,ok,ok,ok,ok,ok,ok,ok,ok,ok,ok,ok,ok,ok,ok,ok,ok,ok,ok,percentile_p20_p80,synthetic,synthetic_v1
syn_0310,data/raw/images/syn_0310.jpg,train,0.026151,0.731065,0.308409,0.360825,0.892103,134.653711,0.143369,0.284996,0.962898,0.764195,0.277467,0.103084,1.232533,13.715434,0.074904,9.188415,0.277009,0.303710,0.010342,0.511814,-2.155650,0.025014,0.057835,0.055802,high,ok,high,ok,ok,high,ok,high,high,ok,ok,ok,high,high,ok,ok,ok,ok,ok,ok,low,low,ok,ok,percentile_p20_p80,synthetic,synthetic_v1
syn_0311,data/raw/images/syn_0311.jpg,train,0.020390,0.755140,0.327898,0.307470,0.832389,130.893821,0.142714,0.227512,0.980552,0.669957,0.369476,0.124946,0.858804,8.246571,0.115962,14.024183,0.251202,0.327888,0.017370,0.411542,7.906658,0.024056,0.079790,0.054641,ok,ok,high,low,ok,high,ok,ok,high,low,high,ok,low,high,high,high,ok,ok,ok,low,high,low,high,ok,percentile_p20_p80,synthetic,synthetic_v1
syn_0312,data/raw/images/syn_0312.jpg,train,0.021186,0.704734,0.335936,0.449479,0.892712,110.480904,0.119051,0.246833,0.808676,0.683519,0.280632,0.127684,0.977564,2.490407,0.045561,6.439102,0.254570,0.311689,0.017741,0.382594,5.412275,0.015106,0.061196,0.049595,ok,ok,high,high,ok,ok,ok,ok,low,low,ok,ok,ok,ok,low,ok,ok,ok,ok,low,high,low,ok,ok,percentile_p20_p80,synthetic,synthetic_v1
syn_0313,data/raw/images/syn_0313.jpg,train,0.029803,0.753127,0.272424,0.344326,0.763393,116.917053,0.118077,0.182280,0.864140,0.780595,0.254679,0.141770,0.968730,-1.216702,0.064199,8.103449,0.195897,0.352564,0.009640,0.473124,1.820495,0.037291,0.062863,0.045871,high,ok,ok,ok,low,ok,low,low,low,ok,ok,high,ok,low,ok,ok,low,high,ok,ok,ok,ok,high,low,percentile_p20_p80,synthetic,synthetic_v1
syn_0314,data/raw/images/syn_0314.jpg,train,0.009334,0.838029,0.195604,0.309244,0.817753,128.791368,0.148352,0.232524,0.876260,0.799081,0.221994,0.105918,0.935534,1.456099,0.059914,8.830574,0.270264,0.267098,0.007350,0.501191,1.865990,0.043459,0.051849,0.058853,ok,high,low,low,low,high,ok,ok,low,ok,low,ok,ok,ok,low,ok,ok,low,ok,ok,ok,high,ok,ok,percentile_p20_p80,synthetic,synthetic_v1
syn_0315,data/raw/images/syn_0315.jpg,train,0.025909,0.659887,0.236490,0.291095,0.908534,115.569464,0.147554,0.224844,0.930164,0.817786,0.255667,0.138652,1.141108,-0.865118,0.075211,14.182015,0.385610,0.298192,0.012246,0.397961,1.778951,0.031452,0.048177,0.076237,ok,low,low,low,ok,ok,ok,ok,ok,ok,ok,high,ok,low,ok,high,high,ok,ok,low,ok,ok,ok,high,percentile_p20_p80,synthetic,synthetic_v1
syn_0316,data/raw/images/syn_0316.jpg,train,0.018631,0.705074,0.269071,0.369189,0.868915,115.192032,0.127348,0.218657,0.927442,0.792176,0.283604,0.130285,1.005416,4.168534,0.081887,6.359227,0.258327,0.289041,0.012564,0.469541,1.907981,0.035171,0.054339,0.053052,ok,ok,ok,ok,ok,ok,ok,ok,ok,ok,ok,ok,ok,ok,ok,ok,ok,ok,ok,ok,ok,ok,ok,ok,percentile_p20_p80,synthetic,synthetic_v1
syn_0317,data/raw/images/syn_0317.jpg,train,0.003408,0.743720,0.242941,0.406498,0.996088,138.755490,0.194608,0.224434,0.943022,0.732813,0.200234,0.138504,0.836059,7.467849,0.062725,7.168154,0.320747,0.310210,0.017099,0.466427,3.640060,0.029900,0.043822,0.043121,low,ok,low,high,high,high,high,ok,ok,low,low,high,low,high,low,ok,high,ok,ok,ok,high,ok,low,low,percentile_p20_p80,synthetic,synthetic_v1
syn_0318,data/raw/images/syn_0318.jpg,train,0.001000,0.644454,0.306826,0.355801,0.813081,127.413290,0.145436,0.237762,0.870344,0.752182,0.300950,0.113206,1.200890,6.706733,0.109950,9.223193,0.237557,0.301838,0.035269,0.534293,1.115948,0.037697,0.052540,0.051147,low,low,ok,ok,low,ok,ok,ok,low,ok,ok,ok,high,high,high,ok,low,ok,high,high,ok,ok,ok,ok,percentile_p20_p80,synthetic,synthetic_v1
syn_0319,data/raw/images/syn_0319.jpg,train,0.031574,0.745622,0.317393,0.447381,0.845335,121.726300,0.168553,0.251796,0.901302,0.783085,0.395477,0.106053,1.119714,5.730742,0.051357,10.599585,0.212976,0.308588,0.024347,0.455177,-2.298656,0.031811,0.054767,0.056448,high,ok,high,high,ok,ok,high,high,ok,ok,high,ok,ok,ok,low,ok,low,ok,high,ok,low,ok,ok,ok,percentile_p20_p80,synthetic,synthetic_v1
syn_0320,data/raw/images/syn_0320.jpg,train,0.020724,0.737043,0.221455,0.413707,0.728301,113.737537,0.164176,0.189439,0.847424,0.734841,0.250789,0.170126,0.825855,5.473018,0.075989,4.735988,0.211635,0.252473,0.015431,0.513738,4.787479,0.024353,0.029536,0.061910,ok,ok,low,high,low,ok,high,low,low,low,ok,high,low,ok,ok,low,low,low,ok,ok,high,low,low,ok,percentile_p20_p80,synthetic,synthetic_v1
syn_0321,data/raw/images/syn_0321.jpg,train,0.024319,0.791099,0.204254,0.434834,0.889158,142.213977,0.133720,0.275632,0.891026,0.909037,0.249195,0.082089,1.085742,7.996188,0.105345,7.757431,0.273961,0.299530,0.025463,0.532367,0.241670,0.039780,0.054752,0.069251,ok,high,low,high,ok,high,ok,high,ok,high,ok,low,ok,high,high,ok,ok,ok,high,high,ok,high,ok,high,percentile_p20_p80,synthetic,synthetic_v1
syn_0322,data/raw/images/syn_0322.jpg,train,0.013453,0.725509,0.257245,0.281788,0.794952,131.493282,0.158600,0.188347,0.944623,0.781996,0.326332,0.108930,1.048563,-0.030551,0.102937,10.096898,0.264147,0.397801,0.023790,0.551491,2.331941,0.027895,0.060488,0.055626,ok,ok,ok,low,low,high,ok,low,ok,ok,high,ok,ok,low,high,ok,ok,high,high,high,ok,ok,ok,ok,percentile_p20_p80,synthetic,synthetic_v1
syn_0323,data/raw/images/syn_0323.jpg,train,0.016984,0.737845,0.276890,0.363182,0.882245,113.503877,0.144024,0.227737,0.920688,0.783885,0.275250,0.116113,1.026562,2.427129,0.082698,6.674174,0.256092,0.279151,0.010341,0.486809,1.557197,0.032063,0.055719,0.049929,ok,ok,ok,ok,ok,ok,ok,ok,ok,ok,ok,ok,ok,ok,ok,ok,ok,ok,ok,ok,ok,ok,ok,ok,percentile_p20_p80,synthetic,synthetic_v1
syn_0324,data/raw/images/syn_0324.jpg,train,0.028484,0.694857,0.281260,0.381833,0.694164,135.077721,0.129800,0.242313,0.902791,0.743017,0.359144,0.089912,1.094036,2.143425,0.090323,11.595958,0.284293,0.322296,0.006003,0.467679,2.331271,0.041633,0.060646,0.052720,high,ok,ok,ok,low,high,ok,ok,ok,ok,high,low,ok,ok,ok,high,ok,ok,ok,ok,ok,high,ok,ok,percentile_p20_p80,synthetic,synthetic_v1
syn_0325,data/raw/images/syn_0325.jpg,train,0.020543,0.774893,0.298732,0.404986,0.851900,128.898085,0.129282,0.223786,0.948807,0.700234,0.264769,0.126845,1.074940,6.907516,0.033539,1.349172,0.294806,0.329599,0.031460,0.474204,4.493612,0.049810,0.027574,0.035109,ok,high,ok,high,ok,high,ok,ok,ok,low,ok,ok,ok,high,low,low,high,ok,high,ok,high,high,low,low,percentile_p20_p80,synthetic,synthetic_v1
syn_0326,data/raw/images/syn_0326.jpg,train,0.012022,0.634774,0.340609,0.346712,0.830982,132.830082,0.159574,0.196688,0.954167,0.724712,0.238123,0.149460,0.923269,2.250272,0.070769,5.751384,0.170910,0.237634,0.013510,0.548798,3.212525,0.027847,0.053468,0.034866,ok,low,high,ok,ok,high,ok,ok,high,low,ok,high,low,ok,ok,ok,low,low,ok,high,ok,ok,ok,low,percentile_p20_p80,synthetic,synthetic_v1
syn_0327,data/raw/images/syn_0327.jpg,train,0.014921,0.705583,0.256344,0.389747,0.907420,124.614636,0.206085,0.241393,0.821454,0.696248,0.276387,0.097731,1.012119,8.949302,0.081599,3.158198,0.310079,0.291879,0.011476,0.490631,2.783039,0.026114,0.055727,0.069922,ok,ok,ok,ok,ok,ok,high,ok,low,low,ok,low,ok,high,ok,low,high,ok,ok,ok,ok,low,ok,high,percentile_p20_p80,synthetic,synthetic_v1
syn_0328,data/raw/images/syn_0328.jpg,train,0.032780,0.670878,0.280637,0.436241,0.861753,101.876357,0.120565,0.243882,0.914852,0.782340,0.295632,0.113052,1.125256,8.643989,0.088516,10.099707,0.299324,0.329223,0.023320,0.378887,1.586652,0.035216,0.053378,0.044761,high,low,ok,high,ok,low,ok,ok,ok,ok,ok,ok,ok,high,ok,ok,high,ok,high,low,ok,ok,ok,low,percentile_p20_p80,synthetic,synthetic_v1
syn_0329,data/raw/images/syn_0329.jpg,train,0.016408,0.675735,0.293498,0.393865,0.863181,130.765597,0.124265,0.196020,0.923989,0.755967,0.339576,0.115677,1.129966,7.283956,0.047427,7.783280,0.264199,0.226127,0.012541,0.470370,-2.105126,0.042641,0.056506,0.027968,ok,ok,ok,ok,ok,high,ok,ok,ok,ok,high,ok,ok,high,low,ok,ok,low,ok,ok,low,high,ok,low,percentile_p20_p80,synthetic,synthetic_v1
syn_0330,data/raw/images/syn_0330.jpg,train,0.016572,0.715136,0.278872,0.350462,0.861259,118.746774,0.132755,0.229642,0.926096,0.783552,0.271465,0.120696,1.052232,4.130642,0.071962,7.992931,0.240078,0.301224,0.018175,0.467841,0.993484,0.033659,0.052473,0.051904,ok,ok,ok,ok,ok,ok,ok,ok,ok,ok,ok,ok,ok,ok,ok,ok,ok,ok,ok,ok,ok,ok,ok,ok,percentile_p20_p80,synthetic,synthetic_v1
syn_0331,data/raw/images/syn_0331.jpg,train,0.015162,0.729156,0.314742,0.336692,0.837850,114.840288,0.118788,0.231966,0.988392,0.730122,0.210638,0.118253,0.962693,-1.005948,0.053349,0.574951,0.257654,0.270319,0.029887,0.499701,-1.054410,0.023190,0.049400,0.038654,ok,ok,high,ok,ok,ok,ok,ok,high,low,low,ok,ok,low,low,low,ok,low,high,ok,low,low,ok,low,percentile_p20_p80,synthetic,synthetic_v1
syn_0332,data/raw/images/syn_0332.jpg,train,0.017059,0.785987,0.267139,0.325234,0.741927,100.309716,0.142571,0.214711,0.929447,0.694467,0.332362,0.107443,0.773535,0.121215,0.067149,7.699278,0.201708,0.335035,0.011847,0.522411,5.089353,0.029635,0.047372,0.061916,ok,high,ok,ok,low,low,ok,ok,ok,low,high,ok,low,low,ok,ok,low,high,ok,high,high,ok,ok,ok,percentile_p20_p80,synthetic,synthetic_v1
syn_0333,data/raw/images/syn_0333.jpg,train,0.001000,0.784691,0.277585,0.338640,0.800518,102.311923,0.130695,0.238407,0.919080,0.641627,0.238728,0.132832,1.325257,3.475254,0.087610,8.015097,0.245867,0.253945,0.002825,0.412928,2.658537,0.038808,0.052730,0.047358,low,high,ok,ok,low,low,ok,ok,ok,low,ok,ok,high,ok,ok,ok,ok,low,low,low,ok,high,ok,ok,percentile_p20_p80,synthetic,synthetic_v1
syn_0334,data/raw/images/syn_0334.jpg,train,0.030113,0.852988,0.210091,0.387993,0.889604,121.846796,0.160765,0.281556,0.913667,0.909176,0.209214,0.139033,0.835629,-0.965756,0.088378,10.879747,0.239739,0.322375,0.004736,0.535553,-2.200995,0.033655,0.058433,0.057521,high,high,low,ok,ok,ok,high,high,ok,high,low,high,low,low,ok,ok,ok,ok,low,high,low,ok,ok,ok,percentile_p20_p80,synthetic,synthetic_v1
syn_0335,data/raw/images/syn_0335.jpg,train,0.018016,0.712774,0.177007,0.286626,0.949820,126.338309,0.180735,0.222480,1.004354,0.771647,0.341851,0.108291,0.967371,7.167203,0.051074,14.099951,0.324488,0.299743,0.025786,0.453204,0.880074,0.033900,0.048360,0.063447,ok,ok,low,low,high,ok,high,ok,high,ok,high,ok,ok,high,low,high,high,ok,high,ok,ok,ok,ok,ok,percentile_p20_p80,synthetic,synthetic_v1
syn_0336,data/raw/images/syn_0336.jpg,train,0.028719,0.759029,0.259483,0.283834,0.909179,113.753259,0.091495,0.171816,0.905731,0.871421,0.302862,0.098007,0.888079,0.525008,0.059602,8.640913,0.298936,0.408266,0.029654,0.455881,3.849867,0.032789,0.075892,0.061177,high,ok,ok,low,ok,ok,low,low,ok,high,ok,low,low,low,low,ok,high,high,high,ok,high,ok,high,ok,percentile_p20_p80,synthetic,synthetic_v1
syn_0337,data/raw/images/syn_0337.jpg,train,0.016514,0.734463,0.272080,0.352144,0.874520,117.196742,0.124385,0.230132,0.953378,0.761411,0.300294,0.109391,1.046915,3.273632,0.080940,8.523115,0.248693,0.298363,0.013843,0.468397,2.274691,0.034570,0.053578,0.059254,ok,ok,ok,ok,ok,ok,ok,ok,ok,ok,ok,ok,ok,ok,ok,ok,ok,ok,ok,ok,ok,ok,ok,ok,percentile_p20_p80,synthetic,synthetic_v1
syn_0338,data/raw/images/syn_0338.jpg,train,0.001000,0.683121,0.301417,0.407316,0.957114,129.755229,0.141182,0.247541,0.921500,0.691916,0.334247,0.134231,1.031078,1.979211,0.118940,4.273318,0.262526,0.271924,0.011455,0.536805,2.524774,0.029538,0.064761,0.066179,low,ok,ok,high,high,high,ok,ok,ok,low,high,ok,ok,ok,high,low,ok,low,ok,high,ok,ok,high,high,percentile_p20_p80,synthetic,synthetic_v1
syn_0339,data/raw/images/syn_0339.jpg,train,0.017196,0.694186,0.250993,0.265334,0.988566,109.495073,0.105227,0.186011,0.863083,0.846596,0.274833,0.095582,0.929131,0.497700,0.102491,2.286040,0.262871,0.319562,0.015682,0.491310,1.152098,0.013210,0.054798,0.049041,ok,ok,ok,low,high,low,low,low,low,high,ok,low,ok,low,high,low,ok,ok,ok,ok,ok,low,ok,ok,percentile_p20_p80,synthetic,synthetic_v1
syn_0340,data/raw/images/syn_0340.jpg,train,0.002150,0.806835,0.330295,0.341335,0.905020,118.045235,0.083306,0.202802,0.963531,0.773351,0.220148,0.148278,1.102399,-0.058906,0.068616,6.310244,0.225565,0.330402,0.006579,0.486850,5.960174,0.026647,0.041763,0.055014,low,high,high,ok,ok,ok,low,ok,high,ok,low,high,ok,low,ok,ok,low,high,ok,ok,high,ok,low,ok,percentile_p20_p80,synthetic,synthetic_v1
syn_0341,data/raw/images/syn_0341.jpg,train,0.012585,0.699945,0.243532,0.282530,0.852444,102.483166,0.106953,0.333596,1.041152,0.922602,0.261534,0.092539,1.133203,0.398543,0.074474,4.270913,0.291286,0.295744,0.015233,0.449649,1.004196,0.017497,0.053791,0.051246,ok,ok,low,low,ok,low,low,high,high,high,ok,low,ok,low,ok,low,high,ok,ok,ok,ok,low,ok,ok,percentile_p20_p80,synthetic,synthetic_v1
syn_0342,data/raw/images/syn_0342.jpg,train,0.023000,0.691799,0.240232,0.363911,0.982223,116.275656,0.193468,0.119931,0.876678,0.763848,0.200025,0.051546,1.057239,0.517980,0.063934,7.432031,0.252377,0.275129,0.018194,0.440715,4.341684,0.041794,0.036009,0.044500,ok,ok,low,ok,high,ok,high,low,low,ok,low,low,ok,low,low,ok,ok,ok,ok,low,high,high,low,low,percentile_p20_p80,synthetic,synthetic_v1
syn_0343,data/raw/images/syn_0343.jpg,train,0.029074,0.643601,0.256929,0.367883,0.950120,132.085209,0.135716,0.241633,0.936518,0.877683,0.279251,0.116628,1.020442,-0.530730,0.053985,-2.760057,0.311462,0.378440,0.001000,0.522443,2.504177,0.030388,0.062452,0.053779,high,low,ok,ok,high,high,ok,ok,ok,high,ok,ok,ok,low,low,low,high,high,low,high,ok,ok,ok,ok,percentile_p20_p80,synthetic,synthetic_v1
syn_0344,data/raw/images/syn_0344.jpg,train,0.025954,0.733608,0.272121,0.346427,0.904133,117.203453,0.138376,0.221492,0.920831,0.797344,0.265832,0.105624,1.029136,3.304576,0.076815,6.336595,0.251750,0.285444,0.014395,0.466400,1.356491,0.034874,0.053980,0.056123,ok,ok,ok,ok,ok,ok,ok,ok,ok,ok,ok,ok,ok,ok,ok,ok,ok,ok,ok,ok,ok,ok,ok,ok,percentile_p20_p80,synthetic,synthetic_v1
syn_0345,data/raw/images/syn_0345.jpg,train,0.030077,0.754511,0.256674,0.307904,0.970365,120.257041,0.118462,0.205902,0.917407,0.673335,0.308965,0.146113,0.951644,1.056762,0.071753,7.205720,0.330594,0.334013,0.013793,0.449311,1.692139,0.030525,0.041034,0.049867,high,ok,ok,low,high,ok,low,ok,ok,low,ok,high,ok,low,ok,ok,high,high,ok,ok,ok,ok,low,ok,percentile_p20_p80,synthetic,synthetic_v1
syn_0346,data/raw/images/syn_0346.jpg,train,0.023293,0.655756,0.227344,0.352146,0.852072,97.344807,0.175678,0.267029,1.024273,0.752592,0.314234,0.150645,1.131310,8.027705,0.083198,6.052595,0.276412,0.319679,0.018807,0.534543,1.897185,0.030284,0.069141,0.053207,ok,low,low,ok,ok,low,high,high,high,ok,ok,high,ok,high,ok,ok,ok,ok,ok,high,ok,ok,high,ok,percentile_p20_p80,synthetic,synthetic_v1
syn_0347,data/raw/images/syn_0347.jpg,train,0.008152,0.776884,0.194641,0.416021,0.939193,118.005455,0.174265,0.203945,0.935013,0.693831,0.205952,0.131125,0.988315,-0.005880,0.098562,7.673047,0.236668,0.293472,0.027044,0.533938,1.630656,0.037147,0.048028,0.076592,low,high,low,high,high,ok,high,ok,ok,low,low,ok,ok,low,high,ok,low,ok,high,high,ok,ok,ok,high,percentile_p20_p80,synthetic,synthetic_v1
syn_0348,data/raw/images/syn_0348.jpg,train,0.033713,0.698466,0.287989,0.406091,0.947541,130.098022,0.160550,0.233823,0.840328,0.867787,0.259755,0.126124,1.045854,7.682827,0.071535,3.341813,0.311357,0.327871,0.027443,0.477748,2.350795,0.039222,0.042768,0.036425,high,ok,ok,high,high,high,ok,ok,low,high,ok,ok,ok,high,ok,low,high,ok,high,ok,ok,high,low,low,percentile_p20_p80,synthetic,synthetic_v1
syn_0349,data/raw/images/syn_0349.jpg,train,0.008105,0.681652,0.351261,0.488436,0.865335,119.113733,0.130413,0.210262,0.937108,0.800432,0.258851,0.117236,0.959345,1.437238,0.071994,10.765865,0.277008,0.279000,0.021712,0.483013,3.892041,0.030479,0.076617,0.071768,low,ok,high,high,ok,ok,ok,ok,ok,ok,ok,ok,ok,ok,ok,ok,ok,ok,high,ok,high,ok,high,high,percentile_p20_p80,synthetic,synthetic_v1
syn_0350,data/raw/images/syn_0350.jpg,train,0.026716,0.806508,0.254174,0.447002,0.794290,118.959771,0.121597,0.143742,0.855176,0.753889,0.309232,0.110743,1.190696,2.853154,0.061484,13.436285,0.302243,0.290160,0.001000,0.425486,0.207661,0.032605,0.069381,0.055859,high,high,ok,high,low,ok,ok,low,low,ok,ok,ok,high,ok,low,high,high,ok,low,low,ok,ok,high,ok,percentile_p20_p80,synthetic,synthetic_v1
syn_0351,data/raw/images/syn_0351.jpg,val,0.018873,0.726462,0.268197,0.374065,0.906599,119.572834,0.151609,0.217498,0.920096,0.800548,0.277441,0.116171,1.116870,3.864828,0.075983,7.988747,0.241252,0.310453,0.015370,0.464451,1.080389,0.035716,0.057899,0.054007,ok,ok,ok,ok,ok,ok,ok,ok,ok,ok,ok,ok,ok,ok,ok,ok,ok,ok,ok,ok,ok,ok,ok,ok,percentile_p20_p80,synthetic,synthetic_v1
syn_0352,data/raw/images/syn_0352.jpg,val,0.015997,0.744080,0.336821,0.398743,0.919555,115.552309,0.186298,0.243287,0.865077,0.756664,0.388132,0.074577,0.891184,5.918062,0.077248,3.461097,0.137379,0.286743,0.023802,0.429973,-1.367644,0.038197,0.071831,0.044450,ok,ok,high,high,ok,ok,high,ok,low,ok,high,low,low,ok,ok,low,low,ok,high,low,low,ok,high,low,percentile_p20_p80,synthetic,synthetic_v1
syn_0353,data/raw/images/syn_0353.jpg,val,0.013827,0.628919,0.279938,0.322583,0.868114,88.611818,0.167497,0.146179,0.852526,0.765548,0.158855,0.079626,0.908404,-2.436455,0.065873,7.579469,0.319619,0.334783,0.001000,0.469401,-0.658635,0.035645,0.050885,0.059205,ok,low,ok,ok,ok,low,high,low,low,ok,low,low,low,low,ok,ok,high,high,low,ok,low,ok,ok,ok,percentile_p20_p80,synthetic,synthetic_v1
syn_0354,data/raw/images/syn_0354.jpg,val,0.025803,0.696611,0.213834,0.339251,0.923565,124.827053,0.134389,0.246660,0.915125,0.702392,0.290387,0.140875,1.246550,1.950439,0.082461,7.044955,0.212762,0.312761,0.002648,0.483453,-0.168844,0.027260,0.054259,0.055969,ok,ok,low,ok,ok,ok,ok,ok,ok,low,ok,high,high,ok,ok,ok,low,ok,low,ok,ok,ok,ok,ok,percentile_p20_p80,synthetic,synthetic_v1
syn_0355,data/raw/images/syn_0355.jpg,val,0.023941,0.695489,0.268710,0.378305,0.850578,118.252274,0.122738,0.217924,0.961170,0.828691,0.329024,0.150314,1.072515,7.471376,0.073554,12.029018,0.286430,0.366544,0.020335,0.513905,2.290907,0.027976,0.047234,0.065178,ok,ok,ok,ok,ok,ok,ok,ok,high,high,high,high,ok,high,ok,high,high,high,high,ok,ok,ok,ok,high,percentile_p20_p80,synthetic,synthetic_v1
syn_0356,data/raw/images/syn_0356.jpg,val,0.002624,0.813847,0.288252,0.390733,0.947893,121.008323,0.137537,0.134037,0.937792,0.813789,0.191985,0.124798,1.034456,7.641508,0.045892,5.777661,0.253103,0.265430,0.013866,0.377100,-4.168901,0.031788,0.061573,0.045070,low,high,ok,ok,high,ok,ok,low,ok,ok,low,ok,ok,high,low,ok,ok,low,ok,low,low,ok,ok,low,percentile_p20_p80,synthetic,synthetic_v1
syn_0357,data/raw/images/syn_0357.jpg,val,0.022424,0.738237,0.303054,0.363853,0.760451,117.999880,0.143827,0.280028,0.845099,0.917506,0.274947,0.093397,1.007529,7.914088,0.081033,4.988822,0.284082,0.339158,0.012057,0.565309,6.779400,0.012634,0.055370,0.077242,ok,ok,ok,ok,low,ok,ok,high,low,high,ok,low,ok,high,ok,low,ok,high,ok,high,high,low,ok,high,percentile_p20_p80,synthetic,synthetic_v1
syn_0358,data/raw/images/syn_0358.jpg,val,0.019496,0.742263,0.285717,0.341934,0.868936,117.972184,0.150021,0.219374,0.914010,0.771901,0.282828,0.121292,1.136117,3.878634,0.073807,8.618401,0.262380,0.301749,0.010214,0.485882,1.196515,0.030922,0.053234,0.057937,ok,ok,ok,ok,ok,ok,ok,ok,ok,ok,ok,ok,ok,ok,ok,ok,ok,ok,ok,ok,ok,ok,ok,ok,percentile_p20_p80,synthetic,synthetic_v1
syn_0359,data/raw/images/syn_0359.jpg,val,0.001000,0.714660,0.269401,0.397321,0.867579,128.953818,0.117074,0.237290,0.933808,0.785104,0.373884,0.133292,1.090120,7.843632,0.087735,6.997382,0.293915,0.389324,0.006423,0.512203,1.840174,0.032759,0.032371,0.047368,low,ok,ok,high,ok,high,low,ok,ok,ok,high,ok,ok,high,ok,ok,high,high,ok,ok,ok,ok,low,ok,percentile_p20_p80,synthetic,synthetic_v1
syn_0360,data/raw/images/syn_0360.jpg,val,0.008362,0.806096,0.235246,0.426438,0.813632,115.913856,0.127917,0.197753,0.842063,0.863451,0.347446,0.150110,1.195026,7.191940,0.104826,4.943472,0.279984,0.358148,0.015521,0.471099,-0.693639,0.029885,0.049404,0.019154,low,high,low,high,low,ok,ok,ok,low,high,high,high,high,high,high,low,ok,high,ok,ok,low,ok,ok,low,percentile_p20_p80,synthetic,synthetic_v1
syn_0361,data/raw/images/syn_0361.jpg,val,0.023694,0.811513,0.305115,0.368867,0.829258,115.143678,0.182111,0.165297,1.033267,0.689877,0.331699,0.103272,0.982762,-3.534292,0.098985,9.720372,0.297642,0.280195,0.025394,0.489263,1.068318,0.028030,0.069881,0.059368,ok,high,ok,ok,ok,ok,high,low,high,low,high,ok,ok,low,high,ok,high,ok,high,ok,ok,ok,high,ok,percentile_p20_p80,synthetic,synthetic_v1
syn_0362,data/raw/images/syn_0362.jpg,val,0.023083,0.631256,0.277652,0.309754,0.823567,95.761324,0.157759,0.215720,0.920225,0.720923,0.291144,0.095126,1.037118,6.212125,0.087511,10.367304,0.236360,0.222331,0.014785,0.426662,0.699672,0.022579,0.052212,0.062994,ok,low,ok,low,low,low,ok,ok,ok,low,ok,low,ok,ok,ok,ok,low,low,ok,low,ok,low,ok,ok,percentile_p20_p80,synthetic,synthetic_v1
syn_0363,data/raw/images/syn_0363.jpg,val,0.014056,0.646550,0.285814,0.373439,0.881462,121.379531,0.177158,0.286542,0.955629,0.758971,0.301725,0.085308,1.051741,10.517633,0.078966,7.954338,0.232573,0.344622,0.009163,0.495276,0.628261,0.022293,0.052854,0.042894,ok,low,ok,ok,ok,ok,high,high,high,ok,ok,low,ok,high,ok,ok,low,high,ok,ok,ok,low,ok,low,percentile_p20_p80,synthetic,synthetic_v1
syn_0364,data/raw/images/syn_0364.jpg,val,0.009871,0.685734,0.348879,0.392388,0.902065,110.451318,0.158265,0.214593,0.981098,0.766779,0.383202,0.114228,1.063560,2.369898,0.079479,4.077160,0.219828,0.233506,0.003591,0.432728,2.219808,0.026842,0.053134,0.070732,ok,ok,high,ok,ok,ok,ok,ok,high,ok,high,ok,ok,ok,ok,low,low,low,low,low,ok,ok,ok,high,percentile_p20_p80,synthetic,synthetic_v1
syn_0365,data/raw/images/syn_0365.jpg,val,0.019780,0.696551,0.284057,0.367527,0.877509,115.154757,0.142718,0.217442,0.923336,0.788721,0.286296,0.116923,0.989469,4.084243,0.079381,7.835006,0.262848,0.305343,0.009308,0.490551,1.719048,0.032327,0.055196,0.061567,ok,ok,ok,ok,ok,ok,ok,ok,ok,ok,ok,ok,ok,ok,ok,ok,ok,ok,ok,ok,ok,ok,ok,ok,percentile_p20_p80,synthetic,synthetic_v1
syn_0366,data/raw/images/syn_0366.jpg,val,0.023420,0.714898,0.216476,0.346512,0.913922,102.753476,0.135582,0.225682,0.959284,0.689683,0.268955,0.114107,1.050653,5.462380,0.097552,12.389446,0.350835,0.308825,0.016575,0.473761,1.302243,0.024756,0.052869,0.047218,ok,ok,low,ok,ok,low,ok,ok,high,low,ok,ok,ok,ok,high,high,high,ok,ok,ok,ok,low,ok,ok,percentile_p20_p80,synthetic,synthetic_v1
syn_0367,data/raw/images/syn_0367.jpg,val,0.002679,0.729469,0.257573,0.370227,0.860071,124.055284,0.183235,0.241113,0.902165,0.757919,0.292677,0.109621,0.998023,8.010418,0.085719,6.106279,0.266570,0.295377,0.006935,0.492480,0.497840,0.027258,0.063570,0.046849,low,ok,ok,ok,ok,ok,high,ok,ok,ok,ok,ok,ok,high,ok,ok,ok,ok,ok,ok,ok,ok,high,ok,percentile_p20_p80,synthetic,synthetic_v1
syn_0368,data/raw/images/syn_0368.jpg,val,0.034673,0.645778,0.298550,0.379781,0.904967,121.546945,0.167131,0.209699,0.901248,0.759986,0.399464,0.093972,1.211898,1.092018,0.090741,12.424806,0.217213,0.264654,0.020703,0.540070,0.031914,0.045989,0.051742,0.059581,high,low,ok,ok,ok,ok,high,ok,ok,ok,high,low,high,low,ok,high,low,low,high,high,ok,high,ok,ok,percentile_p20_p80,synthetic,synthetic_v1
syn_0369,data/raw/images/syn_0369.jpg,val,0.033277,0.675622,0.346589,0.322658,0.873283,113.357399,0.209765,0.221273,0.963428,0.850458,0.254487,0.142497,1.002862,-2.042509,0.072602,8.201747,0.181733,0.252393,0.011225,0.501424,3.083194,0.031834,0.047104,0.061960,high,ok,high,ok,ok,ok,high,ok,high,high,ok,high,ok,low,ok,ok,low,low,ok,ok,ok,ok,ok,ok,percentile_p20_p80,synthetic,synthetic_v1
syn_0370,data/raw/images/syn_0370.jpg,val,0.001621,0.762489,0.219087,0.405714,0.816906,136.698353,0.127209,0.195255,0.868867,0.814409,0.207672,0.113508,1.114113,0.892354,0.061715,5.960595,0.212490,0.271087,0.011832,0.402084,1.517597,0.032604,0.057231,0.054915,low,high,low,high,low,high,ok,ok,low,ok,low,ok,ok,low,low,ok,low,low,ok,low,ok,ok,ok,ok,percentile_p20_p80,synthetic,synthetic_v1
syn_0371,data/raw/images/syn_0371.jpg,val,0.001000,0.665900,0.292324,0.351645,0.800482,136.925111,0.177143,0.165071,0.912268,0.812165,0.376903,0.066791,1.145486,2.643404,0.083185,6.802625,0.318015,0.377929,0.009223,0.433342,7.882558,0.035412,0.042085,0.068465,low,low,ok,ok,low,high,high,low,ok,ok,high,low,ok,ok,ok,ok,high,high,ok,low,high,ok,low,high,percentile_p20_p80,synthetic,synthetic_v1
syn_0372,data/raw/images/syn_0372.jpg,val,0.017388,0.714988,0.290557,0.338446,0.896386,118.539244,0.142641,0.221907,0.899215,0.768419,0.285610,0.123205,1.047480,2.548189,0.078660,7.199915,0.253257,0.304787,0.012755,0.461104,1.416683,0.033133,0.055563,0.054479,ok,ok,ok,ok,ok,ok,ok,ok,ok,ok,ok,ok,ok,ok,ok,ok,ok,ok,ok,ok,ok,ok,ok,ok,percentile_p20_p80,synthetic,synthetic_v1
syn_0373,data/raw/images/syn_0373.jpg,val,0.018101,0.649021,0.355462,0.366451,0.819026,95.821679,0.086805,0.194889,0.971575,0.745544,0.264087,0.094605,1.272961,11.844612,0.025270,6.512192,0.277064,0.319534,0.006847,0.456095,3.174853,0.044111,0.033540,0.046613,ok,low,high,ok,low,low,low,ok,high,ok,ok,low,high,high,low,ok,ok,ok,ok,ok,ok,high,low,ok,percentile_p20_p80,synthetic,synthetic_v1
syn_0374,data/raw/images/syn_0374.jpg,val,0.023479,0.658360,0.257833,0.426082,0.899602,111.629678,0.154232,0.165513,0.928152,0.807027,0.352022,0.135964,1.070410,3.314270,0.074980,12.893874,0.303275,0.321520,0.012352,0.437037,-1.879362,0.028359,0.064307,0.056919,ok,low,ok,high,ok,ok,ok,low,ok,ok,high,ok,ok,ok,ok,high,high,ok,ok,low,low,ok,high,ok,percentile_p20_p80,synthetic,synthetic_v1
syn_0375,data/raw/images/syn_0375.jpg,val,0.033313,0.708692,0.214901,0.325549,0.938353,120.952677,0.143671,0.218186,0.894702,0.818311,0.248313,0.129831,1.052793,-1.629054,0.110730,6.981021,0.289303,0.323499,0.011752,0.456960,2.004101,0.027731,0.044947,0.048868,high,ok,low,ok,high,ok,ok,ok,ok,ok,ok,ok,ok,low,high,ok,high,ok,ok,ok,ok,ok,low,ok,percentile_p20_p80,synthetic,synthetic_v1
syn_0376,data/raw/images/syn_0376.jpg,val,0.001000,0.659435,0.274281,0.387759,0.738249,123.736160,0.179791,0.255229,0.987855,0.707667,0.221865,0.084730,1.254805,11.640794,0.047863,7.339392,0.213101,0.224852,0.002469,0.553639,0.246029,0.038410,0.062869,0.044979,low,low,ok,ok,low,ok,high,high,high,low,low,low,high,high,low,ok,low,low,low,high,ok,ok,high,low,percentile_p20_p80,synthetic,synthetic_v1
syn_0377,data/raw/images/syn_0377.jpg,val,0.034007,0.654364,0.259167,0.382204,0.858745,114.970759,0.164274,0.265990,0.829641,0.781688,0.355772,0.159470,0.671933,1.308203,0.081677,6.324875,0.285213,0.319349,0.017433,0.468054,1.053125,0.039466,0.061387,0.059010,high,low,ok,ok,ok,ok,high,high,low,ok,high,high,low,ok,ok,ok,high,ok,ok,ok,ok,high,ok,ok,percentile_p20_p80,synthetic,synthetic_v1
syn_0378,data/raw/images/syn_0378.jpg,val,0.019274,0.674093,0.249670,0.366430,0.952495,105.828605,0.149805,0.235894,0.907093,0.772861,0.318423,0.100399,1.258498,-2.111630,0.093176,10.770491,0.308415,0.218401,0.001382,0.533975,-0.450988,0.031767,0.067898,0.042189,ok,low,low,ok,high,low,ok,ok,ok,ok,ok,ok,high,low,ok,ok,high,low,low,high,low,ok,high,low,percentile_p20_p80,synthetic,synthetic_v1
syn_0379,data/raw/images/syn_0379.jpg,val,0.014869,0.705184,0.279578,0.350647,0.880956,117.658449,0.143749,0.213390,0.926882,0.792694,0.293334,0.122743,1.033848,4.091034,0.072993,8.305155,0.267920,0.293434,0.015480,0.490413,2.727622,0.029758,0.055229,0.053012,ok,ok,ok,ok,ok,ok,ok,ok,ok,ok,ok,ok,ok,ok,ok,ok,ok,ok,ok,ok,ok,ok,ok,ok,percentile_p20_p80,synthetic,synthetic_v1
syn_0380,data/raw/images/syn_0380.jpg,val,0.013023,0.766139,0.326157,0.358709,0.856492,104.961439,0.138513,0.230999,0.951450,0.836093,0.246454,0.103057,1.249432,4.927849,0.045713,14.416455,0.236074,0.332430,0.008712,0.482773,5.670519,0.017429,0.051147,0.046297,ok,high,high,ok,ok,low,ok,ok,ok,high,ok,ok,high,ok,low,high,low,high,ok,ok,high,low,ok,low,percentile_p20_p80,synthetic,synthetic_v1
syn_0381,data/raw/images/syn_0381.jpg,val,0.014700,0.701123,0.316966,0.381481,0.846959,136.072787,0.165266,0.184703,0.901255,0.739299,0.292811,0.110369,1.161859,2.144516,0.080239,5.602046,0.238692,0.333840,0.001000,0.491715,3.555049,0.042462,0.043727,0.069592,ok,ok,high,ok,ok,high,high,low,ok,ok,ok,ok,ok,ok,ok,ok,ok,high,low,ok,high,high,low,high,percentile_p20_p80,synthetic,synthetic_v1
syn_0382,data/raw/images/syn_0382.jpg,val,0.016700,0.725439,0.291128,0.294029,0.971769,126.368642,0.120264,0.196352,1.037811,0.767861,0.275589,0.079198,1.015227,5.827021,0.069081,8.580378,0.271310,0.285208,0.022032,0.470424,1.287228,0.031911,0.033401,0.061934,ok,ok,ok,low,high,ok,ok,ok,high,ok,ok,low,ok,ok,ok,ok,ok,ok,high,ok,ok,ok,low,ok,percentile_p20_p80,synthetic,synthetic_v1
syn_0383,data/raw/images/syn_0383.jpg,val,0.027227,0.766553,0.297781,0.355682,0.918120,150.716143,0.106938,0.244171,0.944494,0.830494,0.194423,0.170340,1.243631,3.189356,0.116520,8.661322,0.334185,0.308655,0.001000,0.478682,0.367481,0.021007,0.043134,0.058367,high,high,ok,ok,ok,high,low,ok,ok,high,low,high,high,ok,high,ok,high,ok,low,ok,ok,low,low,ok,percentile_p20_p80,synthetic,synthetic_v1
syn_0384,data/raw/images/syn_0384.jpg,val,0.009012,0.780083,0.212638,0.347654,0.912944,122.877739,0.123144,0.230856,0.868240,0.737851,0.194754,0.152704,0.989406,0.521900,0.074227,13.446221,0.321532,0.264245,0.030101,0.477363,4.377388,0.039033,0.045799,0.046758,ok,high,low,ok,ok,ok,ok,ok,low,ok,low,high,ok,low,ok,high,high,low,high,ok,high,high,ok,ok,percentile_p20_p80,synthetic,synthetic_v1
syn_0385,data/raw/images/syn_0385.jpg,val,0.001000,0.722262,0.296450,0.349883,0.793278,123.447115,0.164304,0.226740,0.888816,0.800377,0.223598,0.126887,1.106659,7.713089,0.117171,15.382119,0.290980,0.278768,0.018679,0.409510,1.482837,0.031013,0.048971,0.061056,low,ok,ok,ok,low,ok,high,ok,ok,ok,low,ok,ok,high,high,high,high,ok,ok,low,ok,ok,ok,ok,percentile_p20_p80,synthetic,synthetic_v1
syn_0386,data/raw/images/syn_0386.jpg,val,0.016706,0.750180,0.278263,0.383770,0.885069,115.018912,0.140854,0.241438,0.918100,0.781357,0.288288,0.124972,1.078264,2.519751,0.076345,7.469220,0.286597,0.292024,0.012346,0.513637,1.816857,0.034692,0.057555,0.050250,ok,ok,ok,ok,ok,ok,ok,ok,ok,ok,ok,ok,ok,ok,ok,ok,high,ok,ok,ok,ok,ok,ok,ok,percentile_p20_p80,synthetic,synthetic_v1
syn_0387,data/raw/images/syn_0387.jpg,val,0.012436,0.705190,0.207855,0.256045,0.949912,141.060314,0.108013,0.215352,0.992846,0.843157,0.195256,0.119055,1.111697,-2.579842,0.069181,5.772190,0.179366,0.268187,0.013268,0.501198,-1.751446,0.036316,0.052625,0.053423,ok,ok,low,low,high,high,low,ok,high,high,low,ok,ok,low,ok,ok,low,low,ok,ok,low,ok,ok,ok,percentile_p20_p80,synthetic,synthetic_v1
syn_0388,data/raw/images/syn_0388.jpg,val,0.010885,0.589718,0.314558,0.383316,0.878219,111.659994,0.099390,0.236210,0.896742,0.814560,0.320352,0.107444,0.940250,3.420532,0.086588,1.100125,0.266562,0.241785,0.008348,0.595462,-0.982465,0.023809,0.050076,0.052319,ok,low,high,ok,ok,ok,low,ok,ok,ok,ok,ok,ok,ok,ok,low,ok,low,ok,high,low,low,ok,ok,percentile_p20_p80,synthetic,synthetic_v1
syn_0389,data/raw/images/syn_0389.jpg,val,0.002376,0.740515,0.305489,0.385387,0.904361,114.744004,0.111606,0.221370,0.946227,0.729227,0.267377,0.120297,1.389614,7.948742,0.107058,10.813852,0.238496,0.324497,0.027248,0.430469,1.652367,0.033033,0.061730,0.068999,low,ok,ok,ok,ok,ok,low,ok,ok,low,ok,ok,high,high,high,ok,ok,ok,high,low,ok,ok,ok,high,percentile_p20_p80,synthetic,synthetic_v1
syn_0390,data/raw/images/syn_0390.jpg,val,0.015622,0.710579,0.405961,0.335990,0.783907,119.670968,0.123128,0.213237,0.914041,0.643061,0.285165,0.125733,1.227736,4.604544,0.103126,14.567606,0.278383,0.318473,0.008702,0.511126,0.673793,0.013217,0.053483,0.068671,ok,ok,high,ok,low,ok,ok,ok,ok,low,ok,ok,high,ok,high,high,ok,ok,ok,ok,ok,low,ok,high,percentile_p20_p80,synthetic,synthetic_v1
syn_0391,data/raw/images/syn_0391.jpg,val,0.028633,0.703910,0.248334,0.346726,0.877527,103.962959,0.109776,0.216789,0.930792,0.814635,0.231699,0.071793,1.020922,7.429822,0.050494,4.577329,0.236519,0.365856,0.023083,0.463432,3.445390,0.026361,0.054595,0.032927,high,ok,low,ok,ok,low,low,ok,ok,ok,low,low,ok,high,low,low,low,high,high,ok,high,ok,ok,low,percentile_p20_p80,synthetic,synthetic_v1
syn_0392,data/raw/images/syn_0392.jpg,val,0.006247,0.662758,0.233258,0.387802,0.810404,130.087612,0.156691,0.229509,0.978497,0.795118,0.237254,0.109182,1.150053,-0.464266,0.098194,7.190135,0.281655,0.304711,0.004199,0.559392,0.891780,0.034422,0.048612,0.045348,low,low,low,ok,low,high,ok,ok,high,ok,ok,ok,ok,low,high,ok,ok,ok,low,high,ok,ok,ok,low,percentile_p20_p80,synthetic,synthetic_v1
syn_0393,data/raw/images/syn_0393.jpg,val,0.018283,0.712469,0.279381,0.361682,0.870687,120.953441,0.144501,0.199457,0.908576,0.774408,0.265268,0.115433,1.074159,4.425574,0.071927,6.699766,0.262198,0.296960,0.014044,0.471830,1.521291,0.030252,0.054152,0.056798,ok,ok,ok,ok,ok,ok,ok,ok,ok,ok,ok,ok,ok,ok,ok,ok,ok,ok,ok,ok,ok,ok,ok,ok,percentile_p20_p80,synthetic,synthetic_v1
syn_0394,data/raw/images/syn_0394.jpg,val,0.022587,0.653327,0.321754,0.356802,0.910500,123.169251,0.126310,0.254804,0.883672,0.757298,0.206808,0.081357,1.379488,3.417035,0.071773,15.501051,0.199014,0.348782,0.014459,0.473043,0.917554,0.029604,0.072867,0.067162,ok,low,high,ok,ok,ok,ok,high,ok,ok,low,low,high,ok,ok,high,low,high,ok,ok,ok,ok,high,high,percentile_p20_p80,synthetic,synthetic_v1
syn_0395,data/raw/images/syn_0395.jpg,val,0.016391,0.672592,0.280938,0.309447,0.823100,114.387536,0.117171,0.194062,0.901826,0.717638,0.371118,0.066817,1.154931,6.340437,0.076403,7.341448,0.264833,0.301712,0.018973,0.507091,0.478136,0.024092,0.058757,0.061854,ok,low,ok,low,low,ok,low,ok,ok,low,high,low,ok,ok,ok,ok,ok,ok,ok,ok,ok,low,ok,ok,percentile_p20_p80,synthetic,synthetic_v1
syn_0396,data/raw/images/syn_0396.jpg,val,0.027410,0.686833,0.379024,0.273447,1.008974,108.285167,0.136800,0.289998,1.013032,0.873308,0.327779,0.130150,0.841584,-0.166694,0.078475,10.425398,0.285211,0.333849,0.025956,0.550919,1.599704,0.015270,0.067108,0.052360,high,ok,high,low,high,low,ok,high,high,high,high,ok,low,low,ok,ok,ok,high,high,high,ok,low,high,ok,percentile_p20_p80,synthetic,synthetic_v1
syn_0397,data/raw/images/syn_0397.jpg,val,0.012208,0.730061,0.228252,0.348673,0.778650,90.133981,0.118778,0.278305,0.925920,0.826419,0.272855,0.129958,0.765704,1.444907,0.062438,2.505192,0.263860,0.315507,0.015471,0.476889,3.238771,0.032460,0.058231,0.047964,ok,ok,low,ok,low,low,ok,high,ok,high,ok,ok,low,ok,low,low,ok,ok,ok,ok,ok,ok,ok,ok,percentile_p20_p80,synthetic,synthetic_v1
syn_0398,data/raw/images/syn_0398.jpg,val,0.024502,0.745064,0.238722,0.327017,0.954550,102.243475,0.127499,0.260728,0.953613,0.838557,0.316173,0.110974,0.783082,11.186925,0.096197,4.455969,0.264235,0.274646,0.010958,0.509490,-0.274005,0.047125,0.050963,0.049560,ok,ok,low,ok,high,low,ok,high,ok,high,ok,ok,low,high,high,low,ok,ok,ok,ok,ok,high,ok,ok,percentile_p20_p80,synthetic,synthetic_v1
syn_0399,data/raw/images/syn_0399.jpg,val,0.032133,0.650388,0.285023,0.465768,0.886498,120.666845,0.122683,0.182646,0.908822,0.916592,0.335074,0.133390,1.153579,7.353889,0.073398,7.934180,0.257754,0.317967,0.002348,0.414771,-0.344174,0.035120,0.041806,0.064249,high,low,ok,high,ok,ok,ok,low,ok,high,high,ok,ok,high,ok,ok,ok,ok,low,low,low,ok,low,high,percentile_p20_p80,synthetic,synthetic_v1
syn_0400,data/raw/images/syn_0400.jpg,val,0.014560,0.716768,0.266178,0.367662,0.853189,111.970193,0.140471,0.223244,0.929588,0.782624,0.286339,0.121160,1.057688,5.204293,0.078937,7.025483,0.271450,0.309672,0.013436,0.473216,1.801395,0.035375,0.053577,0.057022,ok,ok,ok,ok,ok,ok,ok,ok,ok,ok,ok,ok,ok,ok,ok,ok,ok,ok,ok,ok,ok,ok,ok,ok,percentile_p20_p80,synthetic,synthetic_v1
syn_0401,data/raw/images/syn_0401.jpg,val,0.001942,0.664460,0.319261,0.393012,0.855605,104.998029,0.117743,0.301905,0.923108,0.832070,0.315025,0.126806,1.117079,2.860859,0.102618,8.362737,0.248974,0.321600,0.011653,0.499937,-0.606922,0.017856,0.028662,0.037341,low,low,high,ok,ok,low,low,high,ok,high,ok,ok,ok,ok,high,ok,ok,ok,ok,ok,low,low,low,low,percentile_p20_p80,synthetic,synthetic_v1
syn_0402,data/raw/images/syn_0402.jpg,val,0.005962,0.685338,0.280301,0.384064,0.918023,103.902069,0.196881,0.215426,0.890124,0.774260,0.296122,0.128840,0.967628,9.380746,0.048847,9.911778,0.286943,0.298023,0.002516,0.484034,3.822936,0.032635,0.048736,0.030504,low,ok,ok,ok,ok,low,high,ok,ok,ok,ok,ok,ok,high,low,ok,high,ok,low,ok,high,ok,ok,low,percentile_p20_p80,synthetic,synthetic_v1
syn_0403,data/raw/images/syn_0403.jpg,val,0.021632,0.603076,0.323981,0.321190,0.960880,129.881376,0.139162,0.211890,1.017597,0.764185,0.262121,0.108364,0.937721,4.035686,0.076962,-2.749808,0.223314,0.351058,0.020601,0.596772,-2.673950,0.016114,0.067959,0.042385,ok,low,high,low,high,high,ok,ok,high,ok,ok,ok,ok,ok,ok,low,low,high,high,high,low,low,high,low,percentile_p20_p80,synthetic,synthetic_v1
syn_0404,data/raw/images/syn_0404.jpg,val,0.028566,0.681220,0.327270,0.344157,0.869864,136.008297,0.162781,0.194221,0.781303,0.875219,0.273670,0.126746,0.913536,3.596166,0.063776,5.233385,0.171749,0.329283,0.014169,0.440205,4.385062,0.030207,0.049700,0.042640,high,ok,high,ok,ok,high,high,ok,low,high,ok,ok,low,ok,low,ok,low,ok,ok,low,high,ok,ok,low,percentile_p20_p80,synthetic,synthetic_v1
syn_0405,data/raw/images/syn_0405.jpg,val,0.036360,0.846736,0.237893,0.308157,0.860909,127.339214,0.141637,0.213253,0.959443,0.792455,0.263458,0.115437,0.995326,7.486879,0.079617,7.878867,0.259707,0.337141,0.007893,0.576817,-0.670680,0.020200,0.057860,0.059210,high,high,low,low,ok,ok,ok,ok,high,ok,ok,ok,ok,high,ok,ok,ok,high,ok,high,low,low,ok,ok,percentile_p20_p80,synthetic,synthetic_v1
syn_0406,data/raw/images/syn_0406.jpg,val,0.012846,0.917326,0.297433,0.422652,0.923006,122.096497,0.112321,0.226279,0.946914,0.700918,0.141525,0.150520,1.145235,5.575105,0.074460,11.268111,0.211439,0.276434,0.006221,0.538999,0.821524,0.027125,0.065039,0.066487,ok,high,ok,high,ok,ok,low,ok,ok,low,low,high,ok,ok,ok,high,low,ok,ok,high,ok,ok,high,high,percentile_p20_p80,synthetic,synthetic_v1
syn_0407,data/raw/images/syn_0407.jpg,val,0.017600,0.726022,0.267147,0.352847,0.863705,117.172596,0.145716,0.212466,0.928696,0.792392,0.266429,0.133469,1.040185,3.043429,0.075307,8.458565,0.258248,0.301266,0.006143,0.468636,0.577367,0.033601,0.053092,0.053314,ok,ok,ok,ok,ok,ok,ok,ok,ok,ok,ok,ok,ok,ok,ok,ok,ok,ok,ok,ok,ok,ok,ok,ok,percentile_p20_p80,synthetic,synthetic_v1
syn_0408,data/raw/images/syn_0408.jpg,val,0.018664,0.791816,0.314900,0.404890,0.826549,113.995483,0.141004,0.180076,0.915521,0.783755,0.323230,0.072314,1.001413,4.289409,0.115443,10.536608,0.241450,0.270867,0.018782,0.503801,-0.727665,0.032834,0.073286,0.062355,ok,high,high,high,low,ok,ok,low,ok,ok,ok,low,ok,ok,high,ok,ok,low,ok,ok,low,ok,high,ok,percentile_p20_p80,synthetic,synthetic_v1
syn_0409,data/raw/images/syn_0409.jpg,val,0.009001,0.632496,0.305610,0.371077,0.950947,133.508229,0.118669,0.220839,0.875981,0.675224,0.263724,0.140481,1.067026,3.972897,0.049620,8.576074,0.260222,0.300223,0.007963,0.464586,2.886660,0.035092,0.032615,0.058727,ok,low,ok,ok,high,high,ok,ok,low,low,ok,high,ok,ok,low,ok,ok,ok,ok,ok,ok,ok,low,ok,percentile_p20_p80,synthetic,synthetic_v1
syn_0410,data/raw/images/syn_0410.jpg,val,0.014189,0.727020,0.309373,0.395273,1.008925,115.587556,0.160565,0.177808,0.952919,0.698310,0.332721,0.093212,0.855669,6.052379,0.094716,14.778951,0.248236,0.279543,0.011342,0.417191,-0.546069,0.032988,0.039973,0.028642,ok,ok,high,ok,high,ok,high,low,ok,low,high,low,low,ok,ok,high,ok,ok,ok,low,low,ok,low,low,percentile_p20_p80,synthetic,synthetic_v1
syn_0411,data/raw/images/syn_0411.jpg,val,0.001000,0.723936,0.232036,0.408849,0.936788,125.782816,0.133636,0.224335,0.857885,0.800602,0.330834,0.121469,0.855710,-1.852727,0.075693,7.192395,0.334917,0.243418,0.001000,0.496047,0.309806,0.054315,0.040204,0.073409,low,ok,low,high,high,ok,ok,ok,low,ok,high,ok,low,low,ok,ok,high,low,low,ok,ok,high,low,high,percentile_p20_p80,synthetic,synthetic_v1
syn_0412,data/raw/images/syn_0412.jpg,val,0.006887,0.718881,0.269187,0.312105,0.974403,124.735040,0.111443,0.271134,0.877838,0.860515,0.291075,0.100342,1.060084,1.035893,0.044998,13.506009,0.239170,0.269257,0.001000,0.492949,-3.584818,0.023575,0.057328,0.040535,low,ok,ok,low,high,ok,low,high,ok,high,ok,ok,ok,low,low,high,ok,low,low,ok,low,low,ok,low,percentile_p20_p80,synthetic,synthetic_v1
syn_0413,data/raw/images/syn_0413.jpg,val,0.025299,0.758579,0.315545,0.347150,0.827339,109.788045,0.196325,0.241782,0.932170,0.802753,0.389949,0.156102,0.799394,4.873005,0.116117,7.148672,0.257201,0.270781,0.016998,0.461796,4.775762,0.023599,0.051163,0.057108,ok,ok,high,ok,ok,low,high,ok,ok,ok,high,high,low,ok,high,ok,ok,low,ok,ok,high,low,ok,ok,percentile_p20_p80,synthetic,synthetic_v1
syn_0414,data/raw/images/syn_0414.jpg,val,0.016872,0.715217,0.282223,0.356009,0.882003,113.916892,0.149174,0.200906,0.911628,0.800951,0.247665,0.133035,1.027609,3.738820,0.079916,9.072613,0.258681,0.306531,0.014405,0.499512,1.647192,0.030781,0.051325,0.052916,ok,ok,ok,ok,ok,ok,ok,ok,ok,ok,ok,ok,ok,ok,ok,ok,ok,ok,ok,ok,ok,ok,ok,ok,percentile_p20_p80,synthetic,synthetic_v1
syn_0415,data/raw/images/syn_0415.jpg,val,0.014040,0.684694,0.311155,0.261656,0.834462,127.489698,0.128898,0.215540,0.951991,0.869179,0.352920,0.100982,0.766571,4.158951,0.059517,6.060685,0.230923,0.344488,0.006919,0.470182,3.908877,0.035460,0.051724,0.058230,ok,ok,high,low,ok,ok,ok,ok,ok,high,high,ok,low,ok,low,ok,low,high,ok,ok,high,ok,ok,ok,percentile_p20_p80,synthetic,synthetic_v1
syn_0416,data/raw/images/syn_0416.jpg,val,0.036482,0.769407,0.274020,0.383907,0.891561,134.156675,0.129598,0.244885,1.025241,0.730565,0.279188,0.158969,1.326570,6.935909,0.087727,7.686164,0.198981,0.264271,0.022711,0.455540,0.811742,0.033617,0.053116,0.049496,high,high,ok,ok,ok,high,ok,ok,high,low,ok,high,high,high,ok,ok,low,low,high,ok,ok,ok,ok,ok,percentile_p20_p80,synthetic,synthetic_v1
syn_0417,data/raw/images/syn_0417.jpg,val,0.001000,0.744298,0.279192,0.372295,0.851402,125.938955,0.114147,0.278671,0.960330,0.837971,0.266215,0.063510,0.890533,-2.144166,0.080702,9.550124,0.331815,0.272186,0.007052,0.398507,8.368105,0.036965,0.070408,0.049984,low,ok,ok,ok,ok,ok,low,high,high,high,ok,low,low,low,ok,ok,high,low,ok,low,high,ok,high,ok,percentile_p20_p80,synthetic,synthetic_v1
syn_0418,data/raw/images/syn_0418.jpg,val,0.014258,0.704034,0.188182,0.321568,0.877373,121.475160,0.174821,0.230562,0.888856,0.728331,0.241517,0.165966,1.080731,3.870044,0.112409,10.350009,0.276270,0.254186,0.021670,0.421776,1.259673,0.021884,0.074356,0.061578,ok,ok,low,ok,ok,ok,high,ok,ok,low,ok,high,ok,ok,high,ok,ok,low,high,low,ok,low,high,ok,percentile_p20_p80,synthetic,synthetic_v1
syn_0419,data/raw/images/syn_0419.jpg,val,0.013725,0.660110,0.260482,0.372079,0.741905,127.727000,0.168552,0.215805,0.938569,0.840279,0.320743,0.126466,0.958590,2.672266,0.079336,-0.374635,0.272154,0.250067,0.013730,0.479507,0.637796,0.017622,0.060537,0.057892,ok,low,ok,ok,low,ok,high,ok,ok,high,ok,ok,ok,ok,ok,low,ok,low,ok,ok,ok,low,ok,ok,percentile_p20_p80,synthetic,synthetic_v1
syn_0420,data/raw/images/syn_0420.jpg,val,0.019516,0.736262,0.245788,0.419120,0.882105,127.974334,0.113092,0.191762,0.934366,0.796679,0.279906,0.151315,0.805587,4.181761,0.052346,14.952027,0.270266,0.362115,0.028242,0.448687,0.535311,0.043233,0.045665,0.053410,ok,ok,low,high,ok,ok,low,low,ok,ok,ok,high,low,ok,low,high,ok,high,high,ok,ok,high,ok,ok,percentile_p20_p80,synthetic,synthetic_v1
syn_0421,data/raw/images/syn_0421.jpg,val,0.016856,0.703198,0.300255,0.368936,0.873265,113.978525,0.139059,0.226629,0.942224,0.811080,0.283012,0.130210,1.058832,4.819050,0.081121,7.494072,0.273416,0.297858,0.010383,0.468883,2.053441,0.033546,0.057367,0.055510,ok,ok,ok,ok,ok,ok,ok,ok,ok,ok,ok,ok,ok,ok,ok,ok,ok,ok,ok,ok,ok,ok,ok,ok,percentile_p20_p80,synthetic,synthetic_v1
syn_0422,data/raw/images/syn_0422.jpg,val,0.001211,0.794784,0.307906,0.380480,0.816837,109.071283,0.159239,0.190069,0.952623,0.791218,0.305519,0.144330,1.171156,4.963122,0.062135,7.045457,0.307310,0.308910,0.029719,0.409633,5.308800,0.023988,0.038017,0.044078,low,high,high,ok,low,low,ok,low,ok,ok,ok,high,high,ok,low,ok,high,ok,high,low,high,low,low,low,percentile_p20_p80,synthetic,synthetic_v1
syn_0423,data/raw/images/syn_0423.jpg,val,0.005798,0.814888,0.241323,0.381255,0.865143,98.598061,0.153509,0.226757,0.859026,0.842009,0.228112,0.075536,1.204844,2.516081,0.056727,5.716052,0.239300,0.297175,0.001000,0.536144,2.683353,0.030060,0.076418,0.057049,low,high,low,ok,ok,low,ok,ok,low,high,low,low,high,ok,low,ok,ok,ok,low,high,ok,ok,high,ok,percentile_p20_p80,synthetic,synthetic_v1
syn_0424,data/raw/images/syn_0424.jpg,val,0.022836,0.712306,0.280021,0.422556,0.843345,128.249498,0.118741,0.194837,0.872851,0.691793,0.310353,0.088209,1.188104,7.194461,0.073237,10.828725,0.276880,0.340197,0.001581,0.500661,4.294461,0.030053,0.059699,0.048023,ok,ok,ok,high,ok,high,ok,ok,low,low,ok,low,high,high,ok,ok,ok,high,low,ok,high,ok,ok,ok,percentile_p20_p80,synthetic,synthetic_v1
syn_0425,data/raw/images/syn_0425.jpg,val,0.044467,0.771039,0.270917,0.427700,0.870029,122.017414,0.161827,0.281648,0.903513,0.899357,0.339013,0.145285,1.175563,7.871725,0.089386,8.604471,0.311611,0.314554,0.020431,0.429413,5.336957,0.035314,0.072631,0.062085,high,high,ok,high,ok,ok,high,high,ok,high,high,high,high,high,ok,ok,high,ok,high,low,high,ok,high,ok,percentile_p20_p80,synthetic,synthetic_v1
syn_0426,data/raw/images/syn_0426.jpg,test,0.017474,0.766219,0.245658,0.271124,0.812629,133.215277,0.117542,0.198078,0.967868,0.810404,0.235977,0.118726,0.983747,6.997165,0.089148,4.276789,0.215084,0.236430,0.017534,0.514798,2.036322,0.024981,0.040389,0.064514,ok,high,low,low,low,high,low,ok,high,ok,ok,ok,ok,high,ok,low,low,low,ok,ok,ok,low,low,high,percentile_p20_p80,synthetic,synthetic_v1
syn_0427,data/raw/images/syn_0427.jpg,test,0.001000,0.749612,0.262959,0.339509,1.035262,125.662191,0.145804,0.215216,0.849657,0.711023,0.175692,0.117047,0.852279,3.762608,0.072249,10.310415,0.264377,0.290998,0.010544,0.431565,2.510430,0.031956,0.079848,0.068119,low,ok,ok,ok,high,ok,ok,ok,low,low,low,ok,low,ok,ok,ok,ok,ok,ok,low,ok,ok,high,high,percentile_p20_p80,synthetic,synthetic_v1
syn_0428,data/raw/images/syn_0428.jpg,test,0.018565,0.737524,0.268748,0.352896,0.855244,120.400242,0.145287,0.209982,0.933403,0.785386,0.264012,0.118969,1.041426,5.651784,0.079000,8.720784,0.260650,0.317069,0.010216,0.490516,1.496477,0.031010,0.055274,0.059866,ok,ok,ok,ok,ok,ok,ok,ok,ok,ok,ok,ok,ok,ok,ok,ok,ok,ok,ok,ok,ok,ok,ok,ok,percentile_p20_p80,synthetic,synthetic_v1
syn_0429,data/raw/images/syn_0429.jpg,test,0.026303,0.681127,0.251615,0.407577,0.967584,109.074080,0.114148,0.193187,0.863354,0.818012,0.294403,0.108541,0.797574,2.581414,0.057827,10.908330,0.277567,0.323699,0.010006,0.522236,3.778339,0.036098,0.070633,0.053348,high,ok,ok,high,high,low,low,ok,low,ok,ok,ok,low,ok,low,ok,ok,ok,ok,high,high,ok,high,ok,percentile_p20_p80,synthetic,synthetic_v1
syn_0430,data/raw/images/syn_0430.jpg,test,0.004112,0.643561,0.346135,0.299836,0.915350,118.592520,0.136797,0.270692,0.994590,0.737967,0.291073,0.124696,0.841400,6.237575,0.090637,7.865263,0.312536,0.233496,0.019712,0.453531,-1.107735,0.037879,0.053571,0.049130,low,low,high,low,ok,ok,ok,high,high,ok,ok,ok,low,ok,ok,ok,high,low,high,ok,low,ok,ok,ok,percentile_p20_p80,synthetic,synthetic_v1
syn_0431,data/raw/images/syn_0431.jpg,test,0.038513,0.642918,0.233511,0.322360,0.901285,117.865454,0.138016,0.182637,0.871350,0.799418,0.171766,0.134730,1.008258,7.864788,0.088444,9.906083,0.267803,0.211345,0.015856,0.471889,4.158428,0.025452,0.043117,0.067675,high,low,low,ok,ok,ok,ok,low,low,ok,low,ok,ok,high,ok,ok,ok,low,ok,ok,high,low,low,high,percentile_p20_p80,synthetic,synthetic_v1
syn_0432,data/raw/images/syn_0432.jpg,test,0.008635,0.764318,0.226804,0.356375,0.909720,116.157344,0.131967,0.254934,0.821868,0.729803,0.178576,0.096827,0.931363,5.373649,0.074763,10.278502,0.299917,0.357455,0.009097,0.330224,2.239809,0.041387,0.040224,0.047455,low,high,low,ok,ok,ok,ok,high,low,low,low,low,ok,ok,ok,ok,high,high,ok,low,ok,high,low,ok,percentile_p20_p80,synthetic,synthetic_v1
syn_0433,data/raw/images/syn_0433.jpg,test,0.025968,0.748742,0.303525,0.387115,0.744909,127.351883,0.123948,0.306794,1.003467,0.772943,0.359096,0.103081,1.114595,5.845475,0.097754,2.309530,0.334415,0.314760,0.024065,0.464453,1.587601,0.031118,0.056359,0.052618,ok,ok,ok,ok,low,ok,ok,high,high,ok,high,ok,ok,ok,high,low,high,ok,high,ok,ok,ok,ok,ok,percentile_p20_p80,synthetic,synthetic_v1
syn_0434,data/raw/images/syn_0434.jpg,test,0.026305,0.856939,0.221462,0.324911,0.749131,115.037741,0.135972,0.238512,0.893847,0.668527,0.220013,0.129104,1.025424,10.974372,0.112409,7.717885,0.284331,0.324973,0.027611,0.522316,1.184527,0.024951,0.045363,0.054572,high,high,low,ok,low,ok,ok,ok,ok,low,low,ok,ok,high,high,ok,ok,ok,high,high,ok,low,ok,ok,percentile_p20_p80,synthetic,synthetic_v1
syn_0435,data/raw/images/syn_0435.jpg,test,0.015547,0.706838,0.282649,0.340701,0.864236,124.265529,0.124095,0.229435,0.922995,0.767391,0.291991,0.112281,1.057258,3.836038,0.079580,7.905367,0.265546,0.307363,0.015504,0.473463,1.465652,0.033141,0.056906,0.050508,ok,ok,ok,ok,ok,ok,ok,ok,ok,ok,ok,ok,ok,ok,ok,ok,ok,ok,ok,ok,ok,ok,ok,ok,percentile_p20_p80,synthetic,synthetic_v1
syn_0436,data/raw/images/syn_0436.jpg,test,0.016376,0.759088,0.349802,0.273689,0.952622,102.391550,0.151193,0.220300,0.888029,0.765438,0.307255,0.143409,1.037960,7.412392,0.055369,5.132460,0.209054,0.305787,0.015594,0.518226,1.735909,0.038607,0.033673,0.057008,ok,ok,high,low,high,low,ok,ok,ok,ok,ok,high,ok,high,low,ok,low,ok,ok,ok,ok,ok,low,ok,percentile_p20_p80,synthetic,synthetic_v1
syn_0437,data/raw/images/syn_0437.jpg,test,0.009210,0.755344,0.262105,0.362689,0.989882,134.061169,0.140769,0.187096,0.963544,0.769815,0.264432,0.109427,0.921751,4.674113,0.103369,12.044790,0.243101,0.233806,0.001000,0.489217,-1.070458,0.032560,0.055945,0.064906,ok,ok,ok,ok,high,high,ok,low,high,ok,ok,ok,low,ok,high,high,ok,low,low,ok,low,ok,ok,high,percentile_p20_p80,synthetic,synthetic_v1
syn_0438,data/raw/images/syn_0438.jpg,test,0.001000,0.714074,0.282902,0.342665,0.887444,108.741739,0.127677,0.256318,0.872888,0.801586,0.320418,0.109661,1.031323,0.840202,0.087170,4.877725,0.221503,0.327994,0.015403,0.509413,-2.789178,0.018225,0.046874,0.047988,low,ok,ok,ok,ok,low,ok,high,low,ok,ok,ok,ok,low,ok,low,low,ok,ok,ok,low,low,ok,ok,percentile_p20_p80,synthetic,synthetic_v1
syn_0439,data/raw/images/syn_0439.jpg,test,0.016098,0.712625,0.267494,0.271324,0.972224,128.068426,0.183605,0.184235,0.851052,0.751444,0.223496,0.117229,1.077906,5.939105,0.041353,6.236618,0.268147,0.371303,0.019597,0.456112,2.371355,0.044705,0.058025,0.053803,ok,ok,ok,low,high,high,high,low,low,ok,low,ok,ok,ok,low,ok,ok,high,high,ok,ok,high,ok,ok,percentile_p20_p80,synthetic,synthetic_v1
syn_0440,data/raw/images/syn_0440.jpg,test,0.046270,0.737882,0.312220,0.390247,0.839281,118.664278,0.133108,0.247421,0.925290,0.735220,0.275665,0.132717,1.096484,-0.991626,0.102309,12.823255,0.258152,0.316718,0.026309,0.515829,1.701387,0.023736,0.077503,0.057090,high,ok,high,ok,ok,ok,ok,ok,ok,low,ok,ok,ok,low,high,high,ok,ok,high,ok,ok,low,high,ok,percentile_p20_p80,synthetic,synthetic_v1
syn_0441,data/raw/images/syn_0441.jpg,test,0.012555,0.698916,0.273711,0.271659,0.912753,133.378330,0.129893,0.252713,0.909145,0.778987,0.273921,0.136634,1.030377,9.092961,0.063672,8.593204,0.336193,0.357641,0.001341,0.458513,4.081050,0.026587,0.055076,0.057235,ok,ok,ok,low,ok,high,ok,high,ok,ok,ok,ok,ok,high,low,ok,high,high,low,ok,high,ok,ok,ok,percentile_p20_p80,synthetic,synthetic_v1
syn_0442,data/raw/images/syn_0442.jpg,test,0.015000,0.720280,0.271234,0.371274,0.889689,119.344480,0.147456,0.218438,0.921347,0.794324,0.260148,0.116534,1.016180,5.384806,0.082213,7.932225,0.268505,0.317486,0.010108,0.480607,2.045968,0.034148,0.050259,0.055796,ok,ok,ok,ok,ok,ok,ok,ok,ok,ok,ok,ok,ok,ok,ok,ok,ok,ok,ok,ok,ok,ok,ok,ok,percentile_p20_p80,synthetic,synthetic_v1
syn_0443,data/raw/images/syn_0443.jpg,test,0.010026,0.702256,0.283328,0.322124,0.856061,128.094477,0.155447,0.248578,0.873164,0.755547,0.371823,0.121340,1.058448,-2.225036,0.063375,7.020668,0.242185,0.271220,0.008928,0.421895,6.451246,0.012514,0.059929,0.057768,ok,ok,ok,ok,ok,high,ok,high,low,ok,high,ok,ok,low,low,ok,ok,low,ok,low,high,low,ok,ok,percentile_p20_p80,synthetic,synthetic_v1
syn_0444,data/raw/images/syn_0444.jpg,test,0.014349,0.664695,0.281029,0.330292,0.879509,110.765413,0.065894,0.260854,0.970960,0.795317,0.331684,0.159597,0.801403,4.467763,0.060682,6.822396,0.249163,0.340943,0.005805,0.588599,0.148754,0.023287,0.046328,0.047345,ok,low,ok,ok,ok,ok,low,high,high,ok,high,high,low,ok,low,ok,ok,high,low,high,ok,low,ok,ok,percentile_p20_p80,synthetic,synthetic_v1
syn_0445,data/raw/images/syn_0445.jpg,test,0.014111,0.693158,0.253234,0.355077,0.796405,105.525122,0.117348,0.216304,0.805872,0.812534,0.365878,0.102353,1.098528,2.489838,0.042827,6.852212,0.296249,0.302560,0.014183,0.495094,3.638831,0.031003,0.062049,0.072070,ok,ok,ok,ok,low,low,low,ok,low,ok,high,ok,ok,ok,low,ok,high,ok,ok,ok,high,ok,ok,high,percentile_p20_p80,synthetic,synthetic_v1
syn_0446,data/raw/images/syn_0446.jpg,test,0.007541,0.707364,0.321711,0.381064,0.916058,127.276678,0.119991,0.209600,0.840893,0.680399,0.262886,0.165803,1.184338,0.580869,0.070394,13.258587,0.237967,0.317517,0.001000,0.461297,2.770743,0.034152,0.053821,0.045345,low,ok,high,ok,ok,ok,ok,ok,low,low,ok,high,high,low,ok,high,ok,ok,low,ok,ok,ok,ok,low,percentile_p20_p80,synthetic,synthetic_v1
syn_0447,data/raw/images/syn_0447.jpg,test,0.017547,0.747786,0.295452,0.296342,0.886311,107.311871,0.145531,0.166937,0.904547,0.887293,0.341578,0.093133,0.960262,4.353158,0.092511,-3.760494,0.313011,0.339166,0.015634,0.503883,3.058623,0.026988,0.058119,0.052611,ok,ok,ok,low,ok,low,ok,low,ok,high,high,low,ok,ok,ok,low,high,high,ok,ok,ok,ok,ok,ok,percentile_p20_p80,synthetic,synthetic_v1
syn_0448,data/raw/images/syn_0448.jpg,test,0.005119,0.715255,0.261846,0.321715,0.845033,117.985872,0.112860,0.205634,0.877331,0.824839,0.252415,0.148116,0.744857,2.609977,0.107300,-0.347430,0.322436,0.274558,0.007397,0.387106,-1.194537,0.028556,0.059423,0.037295,low,ok,ok,ok,ok,ok,low,ok,ok,high,ok,high,low,ok,high,low,high,ok,ok,low,low,ok,ok,low,percentile_p20_p80,synthetic,synthetic_v1
syn_0449,data/raw/images/syn_0449.jpg,test,0.015002,0.714292,0.278690,0.362308,0.866972,120.511359,0.134168,0.205848,0.923613,0.798720,0.315516,0.119805,1.032584,4.369973,0.079989,7.853525,0.250008,0.304349,0.014154,0.480380,1.997827,0.033070,0.054840,0.061767,ok,ok,ok,ok,ok,ok,ok,ok,ok,ok,ok,ok,ok,ok,ok,ok,ok,ok,ok,ok,ok,ok,ok,ok,percentile_p20_p80,synthetic,synthetic_v1
syn_0450,data/raw/images/syn_0450.jpg,test,0.015545,0.710258,0.272871,0.416374,0.983865,123.041884,0.139198,0.276034,1.011572,0.759853,0.369737,0.076601,1.262134,3.913892,0.057390,8.275932,0.301228,0.252845,0.012985,0.466945,6.712801,0.035056,0.066195,0.071076,ok,ok,ok,high,high,ok,ok,high,high,ok,high,low,high,ok,low,ok,high,low,ok,ok,high,ok,high,high,percentile_p20_p80,synthetic,synthetic_v1
syn_0451,data/raw/images/syn_0451.jpg,test,0.022391,0.696886,0.212321,0.406805,0.973599,123.896369,0.152558,0.226914,0.782303,0.733025,0.308443,0.152395,1.334275,4.697493,0.090098,5.154372,0.240764,0.215895,0.001000,0.417636,-4.408564,0.030052,0.036222,0.068079,ok,ok,low,high,high,ok,ok,ok,low,low,ok,high,high,ok,ok,ok,ok,low,low,low,low,ok,low,high,percentile_p20_p80,synthetic,synthetic_v1
syn_0452,data/raw/images/syn_0452.jpg,test,0.015873,0.700754,0.301441,0.307438,0.876135,113.018035,0.117421,0.231182,0.938802,0.847533,0.326277,0.156678,1.056322,3.760492,0.077235,11.676004,0.235348,0.343513,0.007721,0.419025,0.290476,0.032916,0.071349,0.065456,ok,ok,ok,low,ok,ok,low,ok,ok,high,high,high,ok,ok,ok,high,low,high,ok,low,ok,ok,high,high,percentile_p20_p80,synthetic,synthetic_v1
syn_0453,data/raw/images/syn_0453.jpg,test,0.024313,0.793779,0.346674,0.341791,0.891816,109.842680,0.131291,0.231680,0.913943,0.735422,0.324866,0.089411,1.129561,2.677415,0.080391,5.866688,0.311713,0.320582,0.014405,0.504740,0.783799,0.037247,0.064416,0.078036,ok,high,high,ok,ok,low,ok,ok,ok,low,high,low,ok,ok,ok,ok,high,ok,ok,ok,ok,ok,high,high,percentile_p20_p80,synthetic,synthetic_v1
syn_0454,data/raw/images/syn_0454.jpg,test,0.022436,0.764992,0.269854,0.322913,0.788147,119.002026,0.114981,0.266613,0.852895,0.806347,0.288064,0.114043,1.125155,1.023047,0.066632,7.350167,0.250439,0.264730,0.018661,0.397262,2.524422,0.043967,0.032421,0.054466,ok,high,ok,ok,low,ok,low,high,low,ok,ok,ok,ok,low,ok,ok,ok,low,ok,low,ok,high,low,ok,percentile_p20_p80,synthetic,synthetic_v1
syn_0455,data/raw/images/syn_0455.jpg,test,0.019438,0.694834,0.284531,0.321772,0.862668,118.611655,0.172925,0.258850,0.930672,0.810337,0.230501,0.107482,0.906114,7.236744,0.110390,9.312547,0.211493,0.241357,0.022448,0.482595,-0.333094,0.041960,0.076441,0.070621,ok,ok,ok,ok,ok,ok,high,high,ok,ok,low,ok,low,high,high,ok,low,low,high,ok,low,high,high,high,percentile_p20_p80,synthetic,synthetic_v1
syn_0456,data/raw/images/syn_0456.jpg,test,0.016835,0.735782,0.280819,0.362413,0.887025,114.914101,0.132882,0.215091,0.900890,0.796808,0.279765,0.126040,1.020366,5.122379,0.075879,10.526987,0.270661,0.288183,0.014415,0.471328,0.552119,0.033643,0.057910,0.054134,ok,ok,ok,ok,ok,ok,ok,ok,ok,ok,ok,ok,ok,ok,ok,ok,ok,ok,ok,ok,ok,ok,ok,ok,percentile_p20_p80,synthetic,synthetic_v1
syn_0457,data/raw/images/syn_0457.jpg,test,0.032148,0.732830,0.353724,0.311098,1.043495,111.778611,0.165582,0.321625,0.920307,0.748351,0.204062,0.174952,1.176800,3.441864,0.083570,0.842381,0.239661,0.306169,0.017649,0.480150,3.069805,0.027455,0.062709,0.059262,high,ok,high,low,high,ok,high,high,ok,ok,low,high,high,ok,ok,low,ok,ok,ok,ok,ok,ok,ok,ok,percentile_p20_p80,synthetic,synthetic_v1
syn_0458,data/raw/images/syn_0458.jpg,test,0.019508,0.744970,0.282011,0.435928,0.918334,108.417021,0.112696,0.225218,0.845092,0.796679,0.238077,0.067609,0.911229,-1.755275,0.070782,1.467091,0.275129,0.311882,0.012438,0.453320,2.277961,0.015088,0.063249,0.037409,ok,ok,ok,high,ok,low,low,ok,low,ok,ok,low,low,low,ok,low,ok,ok,ok,ok,ok,low,high,low,percentile_p20_p80,synthetic,synthetic_v1
syn_0459,data/raw/images/syn_0459.jpg,test,0.007315,0.747393,0.321690,0.385188,0.874410,102.082581,0.147269,0.273918,0.925370,0.722770,0.220236,0.159320,0.857652,0.260121,0.104757,5.054375,0.274606,0.319689,0.014579,0.531884,-0.443775,0.041858,0.046223,0.059423,low,ok,high,ok,ok,low,ok,high,ok,low,low,high,low,low,high,low,ok,ok,ok,high,low,high,ok,ok,percentile_p20_p80,synthetic,synthetic_v1
syn_0460,data/raw/images/syn_0460.jpg,test,0.001129,0.792676,0.378507,0.387383,0.843123,121.386130,0.116542,0.150915,0.899735,0.785448,0.269151,0.109359,1.225705,-0.802274,0.097481,8.269063,0.229271,0.282194,0.001000,0.496204,3.954020,0.029980,0.056364,0.044897,low,high,high,ok,ok,ok,low,low,ok,ok,ok,ok,high,low,high,ok,low,ok,low,ok,high,ok,ok,low,percentile_p20_p80,synthetic,synthetic_v1
syn_0461,data/raw/images/syn_0461.jpg,test,0.017076,0.804958,0.222704,0.305423,0.815658,121.563238,0.113272,0.225978,0.873509,0.767521,0.317297,0.051478,0.905391,3.318650,0.074798,5.967062,0.217509,0.379676,0.006401,0.462195,3.050836,0.020090,0.051365,0.056056,ok,high,low,low,low,ok,low,ok,low,ok,ok,low,low,ok,ok,ok,low,high,ok,ok,ok,low,ok,ok,percentile_p20_p80,synthetic,synthetic_v1
syn_0462,data/raw/images/syn_0462.jpg,test,0.016791,0.749942,0.241821,0.363116,0.961781,106.277646,0.139602,0.256292,0.893563,0.886334,0.243698,0.115837,1.032452,4.515141,0.067150,13.072769,0.232874,0.278709,0.027951,0.498678,1.509039,0.035352,0.071017,0.065823,ok,ok,low,ok,high,low,ok,high,ok,high,ok,ok,ok,ok,ok,high,low,ok,high,ok,ok,ok,high,high,percentile_p20_p80,synthetic,synthetic_v1
syn_0463,data/raw/images/syn_0463.jpg,test,0.015862,0.708188,0.275870,0.393001,0.875103,115.918502,0.146508,0.203119,0.918348,0.761842,0.274217,0.120644,1.035269,4.353374,0.087051,7.793368,0.266332,0.293377,0.013005,0.479374,2.433413,0.030535,0.054436,0.055299,ok,ok,ok,ok,ok,ok,ok,ok,ok,ok,ok,ok,ok,ok,ok,ok,ok,ok,ok,ok,ok,ok,ok,ok,percentile_p20_p80,synthetic,synthetic_v1
syn_0464,data/raw/images/syn_0464.jpg,test,0.026800,0.705813,0.232530,0.275125,0.918730,107.066094,0.154563,0.237430,0.917071,0.830879,0.162704,0.115678,1.060544,10.264416,0.064072,11.216321,0.262525,0.257225,0.011659,0.393228,0.873628,0.043767,0.034166,0.038918,high,ok,low,low,ok,low,ok,ok,ok,high,low,ok,ok,high,low,high,ok,low,ok,low,ok,high,low,low,percentile_p20_p80,synthetic,synthetic_v1
syn_0465,data/raw/images/syn_0465.jpg,test,0.013826,0.676910,0.273509,0.365353,0.848312,121.243754,0.135662,0.273771,0.963258,0.772078,0.282054,0.124697,1.025407,5.133084,0.072569,14.134197,0.281672,0.252847,0.006086,0.446554,-2.918608,0.043842,0.065917,0.055864,ok,ok,ok,ok,ok,ok,ok,high,high,ok,ok,ok,ok,ok,ok,high,ok,low,ok,ok,low,high,high,ok,percentile_p20_p80,synthetic,synthetic_v1
syn_0466,data/raw/images/syn_0466.jpg,test,0.010595,0.773484,0.215977,0.379507,0.906508,135.997730,0.129274,0.192789,1.015786,0.803628,0.363031,0.112886,0.922062,2.789203,0.095261,19.171185,0.240204,0.324338,0.006020,0.548689,4.940600,0.034069,0.060581,0.064677,ok,high,low,ok,ok,high,ok,low,high,ok,high,ok,low,ok,ok,high,ok,ok,ok,high,high,ok,ok,high,percentile_p20_p80,synthetic,synthetic_v1
syn_0467,data/raw/images/syn_0467.jpg,test,0.001000,0.802833,0.386544,0.379730,0.803738,113.159220,0.146483,0.309750,0.966253,0.840383,0.295884,0.110851,1.142371,14.679536,0.068673,6.920964,0.292798,0.358347,0.011013,0.429611,-2.000265,0.039256,0.040870,0.062980,low,high,high,ok,low,ok,ok,high,high,high,ok,ok,ok,high,ok,ok,high,high,ok,low,low,high,low,ok,percentile_p20_p80,synthetic,synthetic_v1
syn_0468,data/raw/images/syn_0468.jpg,test,0.013185,0.771666,0.345498,0.424035,0.994884,112.974903,0.124650,0.265119,0.842880,0.854454,0.213036,0.120906,1.125445,0.605319,0.091106,6.849072,0.249683,0.347909,0.006372,0.528233,4.058221,0.047408,0.042022,0.066683,ok,high,high,high,high,ok,ok,high,low,high,low,ok,ok,low,ok,ok,ok,high,ok,high,high,high,low,high,percentile_p20_p80,synthetic,synthetic_v1
syn_0469,data/raw/images/syn_0469.jpg,test,0.030172,0.710066,0.243631,0.307499,0.942734,130.764992,0.180587,0.219629,0.906500,0.636178,0.259336,0.136893,0.896313,2.331601,0.096178,10.081065,0.256793,0.217136,0.004818,0.427789,4.686124,0.020204,0.061087,0.064777,high,ok,low,low,high,high,high,ok,ok,low,ok,high,low,ok,high,ok,ok,low,low,low,high,low,ok,high,percentile_p20_p80,synthetic,synthetic_v1
syn_0470,data/raw/images/syn_0470.jpg,test,0.019314,0.713402,0.300817,0.349153,0.873571,120.241826,0.144025,0.215807,0.910905,0.782716,0.243837,0.108575,1.079155,1.751231,0.077573,7.999344,0.253768,0.294546,0.013291,0.476459,-0.056519,0.033205,0.055768,0.055033,ok,ok,ok,ok,ok,ok,ok,ok,ok,ok,ok,ok,ok,ok,ok,ok,ok,ok,ok,ok,ok,ok,ok,ok,percentile_p20_p80,synthetic,synthetic_v1
syn_0471,data/raw/images/syn_0471.jpg,test,0.007309,0.611966,0.359602,0.357207,0.945734,123.334327,0.137003,0.283339,0.982738,0.851577,0.235317,0.095336,1.219842,4.595046,0.077502,4.707005,0.207752,0.344309,0.013118,0.432813,0.876993,0.022633,0.047514,0.044746,low,low,high,ok,high,ok,ok,high,high,high,ok,low,high,ok,ok,low,low,high,ok,low,ok,low,ok,low,percentile_p20_p80,synthetic,synthetic_v1
syn_0472,data/raw/images/syn_0472.jpg,test,0.022795,0.743693,0.274139,0.453100,0.880766,112.158572,0.155094,0.256044,0.860894,0.892020,0.291634,0.103529,1.226201,6.875088,0.118288,11.845503,0.233813,0.301585,0.011475,0.521749,-2.636021,0.036796,0.050153,0.040222,ok,ok,ok,high,ok,ok,ok,high,low,high,ok,ok,high,high,high,high,low,ok,ok,high,low,ok,ok,low,percentile_p20_p80,synthetic,synthetic_v1
syn_0473,data/raw/images/syn_0473.jpg,test,0.001159,0.663215,0.299726,0.393067,0.892202,129.361334,0.123808,0.245206,0.947606,0.768025,0.234583,0.098834,0.933456,5.079390,0.078787,1.839809,0.277618,0.326478,0.001371,0.527317,3.197574,0.032966,0.049807,0.070026,low,low,ok,ok,ok,high,ok,ok,ok,ok,ok,low,ok,ok,ok,low,ok,ok,low,high,ok,ok,ok,high,percentile_p20_p80,synthetic,synthetic_v1
syn_0474,data/raw/images/syn_0474.jpg,test,0.016865,0.815721,0.276196,0.193465,0.799341,127.290111,0.153214,0.252245,0.974550,0.877472,0.257158,0.142263,1.164652,0.981241,0.091879,12.265442,0.293727,0.376106,0.036137,0.490821,0.320686,0.037756,0.056558,0.064566,ok,high,ok,low,low,ok,ok,high,high,high,ok,high,ok,low,ok,high,high,high,high,ok,ok,ok,ok,high,percentile_p20_p80,synthetic,synthetic_v1
syn_0475,data/raw/images/syn_0475.jpg,test,0.021708,0.615750,0.257923,0.322018,0.730436,124.699702,0.187763,0.177478,0.969473,0.693519,0.237291,0.117282,1.115123,8.942631,0.072669,9.086606,0.253746,0.313096,0.001000,0.459676,1.221372,0.015784,0.059003,0.054248,ok,low,ok,ok,low,ok,high,low,high,low,ok,ok,ok,high,ok,ok,ok,ok,low,ok,ok,low,ok,ok,percentile_p20_p80,synthetic,synthetic_v1
syn_0476,data/raw/images/syn_0476.jpg,test,0.009725,0.701567,0.277498,0.441944,0.842441,101.827257,0.141416,0.281159,0.906213,0.784687,0.221154,0.099939,1.131774,5.233869,0.083523,6.731605,0.294917,0.272191,0.018667,0.493409,-1.332184,0.026588,0.040483,0.058315,ok,ok,ok,high,ok,low,ok,high,ok,ok,low,low,ok,ok,ok,ok,high,low,ok,ok,low,ok,low,ok,percentile_p20_p80,synthetic,synthetic_v1
syn_0477,data/raw/images/syn_0477.jpg,test,0.018516,0.707110,0.275592,0.353837,0.885435,118.836159,0.143043,0.231827,0.923152,0.796919,0.262045,0.116518,1.061725,3.674082,0.086556,6.866123,0.265385,0.317026,0.009923,0.470913,2.547575,0.032010,0.052190,0.052922,ok,ok,ok,ok,ok,ok,ok,ok,ok,ok,ok,ok,ok,ok,ok,ok,ok,ok,ok,ok,ok,ok,ok,ok,percentile_p20_p80,synthetic,synthetic_v1
syn_0478,data/raw/images/syn_0478.jpg,test,0.024359,0.783917,0.182007,0.349042,0.836834,140.952548,0.140148,0.252098,0.880172,0.760637,0.126550,0.145294,1.213459,2.645702,0.057194,17.819575,0.239469,0.304399,0.021747,0.501292,-0.416862,0.049159,0.038974,0.060976,ok,high,low,ok,ok,high,ok,high,ok,ok,low,high,high,ok,low,high,ok,ok,high,ok,low,high,low,ok,percentile_p20_p80,synthetic,synthetic_v1
syn_0479,data/raw/images/syn_0479.jpg,test,0.010601,0.710850,0.292209,0.276559,0.898928,131.788575,0.124291,0.264498,0.953708,0.810537,0.219705,0.099342,1.099354,5.685337,0.083611,1.015220,0.288809,0.256067,0.025806,0.584563,5.114303,0.030624,0.060032,0.034741,ok,ok,ok,low,ok,high,ok,high,ok,ok,low,low,ok,ok,ok,low,high,low,high,high,high,ok,ok,low,percentile_p20_p80,synthetic,synthetic_v1
syn_0480,data/raw/images/syn_0480.jpg,test,0.014612,0.858413,0.202435,0.377247,0.867049,124.338968,0.125920,0.252334,0.918357,0.714451,0.226482,0.131309,0.829456,6.951392,0.036635,13.967603,0.221627,0.357568,0.028860,0.466641,5.373594,0.033525,0.059901,0.073417,ok,high,low,ok,ok,ok,ok,high,ok,low,low,ok,low,high,low,high,low,high,high,ok,high,ok,ok,high,percentile_p20_p80,synthetic,synthetic_v1
syn_0481,data/raw/images/syn_0481.jpg,test,0.014777,0.775738,0.249128,0.439599,0.838936,131.670022,0.146518,0.246439,0.821509,0.777814,0.315069,0.131606,0.971695,7.559194,0.075954,3.566775,0.270565,0.297786,0.003777,0.415734,3.928117,0.026992,0.051914,0.071101,ok,high,low,high,ok,high,ok,ok,low,ok,ok,ok,ok,high,ok,low,ok,ok,low,low,high,ok,ok,high,percentile_p20_p80,synthetic,synthetic_v1
syn_0482,data/raw/images/syn_0482.jpg,test,0.014075,0.739621,0.259448,0.329094,0.771724,137.903780,0.152347,0.233799,0.919952,0.726849,0.289794,0.094487,1.099568,5.629764,0.075963,10.547234,0.282342,0.315759,0.001000,0.442574,1.292950,0.041823,0.054351,0.057438,ok,ok,ok,ok,low,high,ok,ok,ok,low,ok,low,ok,ok,ok,ok,ok,ok,low,low,ok,high,ok,ok,percentile_p20_p80,synthetic,synthetic_v1
syn_0483,data/raw/images/syn_0483.jpg,test,0.018623,0.697699,0.294104,0.283170,0.826342,139.643135,0.166972,0.195594,0.943873,0.754611,0.214628,0.125493,0.937537,8.566416,0.075628,5.055392,0.259888,0.291346,0.019533,0.515013,-0.794689,0.037600,0.069048,0.059373,ok,ok,ok,low,low,high,high,ok,ok,ok,low,ok,ok,high,ok,low,ok,ok,high,ok,low,ok,high,ok,percentile_p20_p80,synthetic,synthetic_v1
syn_0484,data/raw/images/syn_0484.jpg,test,0.021071,0.710655,0.290667,0.361362,0.900310,118.711551,0.143959,0.203136,0.903673,0.780985,0.263775,0.112392,0.956984,3.055823,0.081177,6.790789,0.265090,0.281542,0.016817,0.494806,-0.015696,0.027986,0.055061,0.049879,ok,ok,ok,ok,ok,ok,ok,ok,ok,ok,ok,ok,ok,ok,ok,ok,ok,ok,ok,ok,ok,ok,ok,ok,percentile_p20_p80,synthetic,synthetic_v1
syn_0485,data/raw/images/syn_0485.jpg,test,0.009233,0.740309,0.201374,0.391056,0.872951,100.643338,0.178860,0.245596,0.887246,0.842099,0.240767,0.076667,1.021516,4.300604,0.077986,7.795625,0.263224,0.293116,0.013636,0.532141,1.401293,0.037673,0.050128,0.045505,ok,ok,low,ok,ok,low,high,ok,ok,high,ok,low,ok,ok,ok,ok,ok,ok,ok,high,ok,ok,ok,low,percentile_p20_p80,synthetic,synthetic_v1
syn_0486,data/raw/images/syn_0486.jpg,test,0.001000,0.743292,0.286530,0.295153,0.791851,137.571257,0.151599,0.202949,0.924891,0.739655,0.285764,0.125239,0.817865,-0.036106,0.084588,3.099781,0.289919,0.289987,0.009114,0.513155,2.043589,0.038570,0.046517,0.059371,low,ok,ok,low,low,high,ok,ok,ok,ok,ok,ok,low,low,ok,low,high,ok,ok,ok,ok,ok,ok,ok,percentile_p20_p80,synthetic,synthetic_v1
syn_0487,data/raw/images/syn_0487.jpg,test,0.025735,0.703638,0.266638,0.381437,0.940637,110.335255,0.154676,0.186508,0.842532,0.814161,0.276282,0.095587,0.906965,5.158812,0.085386,11.763367,0.266092,0.283771,0.022027,0.578548,1.296954,0.027976,0.055252,0.048928,ok,ok,ok,ok,high,ok,ok,low,low,ok,ok,low,low,ok,ok,high,ok,ok,high,high,ok,ok,ok,ok,percentile_p20_p80,synthetic,synthetic_v1
syn_0488,data/raw/images/syn_0488.jpg,test,0.001686,0.725591,0.279930,0.316349,0.953607,150.453462,0.148721,0.184053,0.919191,0.809227,0.273022,0.120806,1.099957,0.657985,0.091703,5.078091,0.322778,0.274542,0.001000,0.519007,-1.657727,0.062644,0.069867,0.063723,low,ok,ok,low,high,high,ok,low,ok,ok,ok,ok,ok,low,ok,low,high,ok,low,high,low,high,high,ok,percentile_p20_p80,synthetic,synthetic_v1
syn_0489,data/raw/images/syn_0489.jpg,test,0.007577,0.763286,0.310571,0.347930,0.842814,109.525211,0.154390,0.243413,0.895961,0.767607,0.331613,0.151971,1.054111,2.760017,0.092969,0.405760,0.242090,0.267316,0.006963,0.494920,4.247803,0.048587,0.074284,0.050728,low,high,high,ok,ok,low,ok,ok,ok,ok,high,high,ok,ok,ok,low,ok,low,ok,ok,high,high,high,ok,percentile_p20_p80,synthetic,synthetic_v1
syn_0490,data/raw/images/syn_0490.jpg,test,0.020811,0.684708,0.293959,0.343423,0.922967,129.998586,0.125497,0.272606,0.953006,0.754508,0.234686,0.159432,0.895805,10.393140,0.119622,9.730708,0.269247,0.293622,0.002326,0.527149,0.051302,0.031260,0.080483,0.057399,ok,ok,ok,ok,ok,high,ok,high,ok,ok,ok,high,low,high,high,ok,ok,ok,low,high,ok,ok,high,ok,percentile_p20_p80,synthetic,synthetic_v1
syn_0491,data/raw/images/syn_0491.jpg,test,0.025483,0.744449,0.288645,0.369219,0.914273,117.383790,0.136077,0.218771,0.905824,0.767098,0.273642,0.126520,1.066098,3.737354,0.077353,7.206373,0.249501,0.289607,0.007885,0.482890,1.746974,0.030940,0.055303,0.056553,ok,ok,ok,ok,ok,ok,ok,ok,ok,ok,ok,ok,ok,ok,ok,ok,ok,ok,ok,ok,ok,ok,ok,ok,percentile_p20_p80,synthetic,synthetic_v1
syn_0492,data/raw/images/syn_0492.jpg,test,0.026022,0.704783,0.295524,0.371018,0.759723,132.233665,0.156958,0.237591,0.949301,0.860733,0.203153,0.179454,0.960818,0.305711,0.043302,4.133544,0.261156,0.278783,0.001000,0.514619,-3.627962,0.023063,0.080495,0.060569,ok,ok,ok,ok,low,high,ok,ok,ok,high,low,high,ok,low,low,low,ok,ok,low,ok,low,low,high,ok,percentile_p20_p80,synthetic,synthetic_v1
syn_0493,data/raw/images/syn_0493.jpg,test,0.015176,0.732445,0.288157,0.390026,0.891490,120.473120,0.144950,0.197162,0.891327,0.850198,0.225198,0.122326,0.859140,-0.666194,0.060592,5.954060,0.270689,0.354389,0.007199,0.472882,0.716971,0.045454,0.064663,0.049991,ok,ok,ok,ok,ok,ok,ok,ok,ok,high,low,ok,low,low,low,ok,ok,high,ok,ok,ok,high,high,ok,percentile_p20_p80,synthetic,synthetic_v1
syn_0494,data/raw/images/syn_0494.jpg,test,0.025191,0.691203,0.296206,0.305866,0.781558,112.645325,0.126468,0.188131,0.902074,0.777410,0.222934,0.146827,1.126021,3.600620,0.083168,12.377763,0.293900,0.332520,0.006241,0.577473,0.561398,0.040020,0.059970,0.054508,ok,ok,ok,low,low,ok,ok,low,ok,ok,low,high,ok,ok,ok,high,high,high,ok,high,ok,high,ok,ok,percentile_p20_p80,synthetic,synthetic_v1
syn_0495,data/raw/images/syn_0495.jpg,test,0.027539,0.667233,0.203819,0.431444,0.926088,117.927759,0.151387,0.196080,1.000855,0.790230,0.230584,0.146914,1.222123,9.659230,0.044547,6.874881,0.243530,0.321996,0.023632,0.459950,0.690625,0.034607,0.063606,0.069685,high,low,low,high,ok,ok,ok,ok,high,ok,low,high,high,high,low,ok,ok,ok,high,ok,ok,ok,high,high,percentile_p20_p80,synthetic,synthetic_v1
syn_0496,data/raw/images/syn_0496.jpg,test,0.001000,0.641896,0.280159,0.331284,0.969753,112.151965,0.155247,0.194882,1.037929,0.742770,0.242839,0.171483,1.362726,2.703265,0.069399,8.432089,0.260861,0.299597,0.011894,0.543692,-0.637301,0.048778,0.031989,0.035192,low,low,ok,ok,high,ok,ok,ok,high,ok,ok,high,high,ok,ok,ok,ok,ok,ok,high,low,high,low,low,percentile_p20_p80,synthetic,synthetic_v1
syn_0497,data/raw/images/syn_0497.jpg,test,0.029490,0.742423,0.326027,0.433021,0.891625,96.325373,0.161302,0.210951,0.936300,0.695762,0.249535,0.130368,1.078996,2.844903,0.095657,7.266031,0.274033,0.287174,0.010439,0.360077,3.065153,0.039064,0.045476,0.037083,high,ok,high,high,ok,low,high,ok,ok,low,ok,ok,ok,ok,high,ok,ok,ok,ok,low,ok,high,ok,low,percentile_p20_p80,synthetic,synthetic_v1
syn_0498,data/raw/images/syn_0498.jpg,test,0.019495,0.720507,0.278255,0.365392,0.866348,115.552938,0.136628,0.212874,0.934581,0.797467,0.274502,0.120675,1.131674,3.746990,0.077836,8.669199,0.268553,0.299259,0.012948,0.476134,0.689381,0.032554,0.058278,0.051772,ok,ok,ok,ok,ok,ok,ok,ok,ok,ok,ok,ok,ok,ok,ok,ok,ok,ok,ok,ok,ok,ok,ok,ok,percentile_p20_p80,synthetic,synthetic_v1
syn_0499,data/raw/images/syn_0499.jpg,test,0.023577,0.622781,0.282961,0.383023,0.975180,117.754478,0.116868,0.197873,0.970397,0.715079,0.359927,0.065043,0.861527,6.357760,0.090738,5.569168,0.255436,0.268288,0.011875,0.539533,-2.662753,0.039362,0.059970,0.054470,ok,low,ok,ok,high,ok,low,ok,high,low,high,low,low,ok,ok,ok,ok,low,ok,high,low,high,ok,ok,percentile_p20_p80,synthetic,synthetic_v1
syn_0500,data/raw/images/syn_0500.jpg,test,0.035490,0.784492,0.282131,0.418384,0.792896,108.380436,0.181515,0.262363,0.903478,0.705643,0.310410,0.099297,0.710797,3.052297,0.059919,11.650377,0.207574,0.261795,0.024552,0.461369,4.642881,0.041148,0.043509,0.068767,high,high,ok,high,low,low,high,high,ok,low,ok,low,low,ok,low,high,low,low,high,ok,high,high,low,high,percentile_p20_p80,synthetic,synthetic_v1
