sample_id,image_path,split,symmetry_error,face_aspect_ratio,midface_length_ratio,lowerface_length_ratio,jaw_width_ratio,jaw_angle_sharpness,chin_length_ratio,chin_width_ratio,cheekbone_width_ratio,lower_cheek_ratio,eye_openness_ratio,eye_size_ratio,eye_spacing_ratio,eye_tilt_deg,brow_height_ratio,brow_tilt_deg,nose_width_ratio,nose_length_ratio,nose_tip_deviation_ratio,mouth_width_ratio,mouth_corner_tilt_deg,lip_thickness_ratio,upper_lip_ratio,philtrum_ratio,y_symmetry_error,y_face_aspect_ratio,y_midface_length_ratio,y_lowerface_length_ratio,y_jaw_width_ratio,y_jaw_angle_sharpness,y_chin_length_ratio,y_chin_width_ratio,y_cheekbone_width_ratio,y_lower_cheek_ratio,y_eye_openness_ratio,y_eye_size_ratio,y_eye_spacing_ratio,y_eye_tilt_deg,y_brow_height_ratio,y_brow_tilt_deg,y_nose_width_ratio,y_nose_length_ratio,y_nose_tip_deviation_ratio,y_mouth_width_ratio,y_mouth_corner_tilt_deg,y_lip_thickness_ratio,y_upper_lip_ratio,y_philtrum_ratio,suggestion_ids,priority_order,annotator_id,label_method,consent_flag,source,feature_contract_version,yaw_deg,pitch_deg
lfw_00288,data/raw/images/lfw_00288.jpg,test,0.004834,0.899831,0.272338,0.420732,0.816476,108.548718,0.420732,0.322988,0.992119,0.906824,0.248284,0.195332,1.263025,-0.483789,0.098616,-0.253852,0.223733,0.209351,0.015690,0.375602,-0.426275,0.010056,0.023424,0.069881,low,high,high,ok,high,low,ok,ok,high,high,ok,ok,ok,ok,low,high,ok,ok,low,ok,ok,ok,ok,ok,SUG_FACE_ASPECT_HIGH_01|SUG_MIDFACE_HIGH_01|SUG_JAW_WIDE_01|SUG_JAW_ANGLE_LOW_01,SUG_FACE_ASPECT_HIGH_01|SUG_MIDFACE_HIGH_01|SUG_JAW_WIDE_01|SUG_JAW_ANGLE_LOW_01,rules_v1,rules_v1,research_lfw,lfw,v1,2.211265129968524,-4.869933879724178
lfw_00448,data/raw/images/lfw_00448.jpg,test,0.005448,0.838780,0.235124,0.441906,0.778318,109.476566,0.441906,0.312616,0.977470,0.872231,0.283030,0.209240,1.256918,-1.821118,0.136667,-2.138414,0.232683,0.196515,0.006673,0.451420,-0.814803,0.059249,0.025542,0.063177,low,ok,low,ok,low,ok,ok,ok,low,low,ok,high,ok,ok,high,ok,ok,ok,low,high,ok,high,ok,low,SUG_MIDFACE_LOW_01|SUG_JAW_NARROW_01|SUG_CHEEK_NARROW_01|SUG_LOWER_CHEEK_LOW_01,SUG_MIDFACE_LOW_01|SUG_JAW_NARROW_01|SUG_CHEEK_NARROW_01|SUG_LOWER_CHEEK_LOW_01,rules_v1,rules_v1,research_lfw,lfw,v1,1.0653016841970384,-13.088171654213541
lfw_00506,data/raw/images/lfw_00506.jpg,test,0.028627,0.896312,0.233174,0.450966,0.813279,105.687813,0.450966,0.325571,0.989864,0.903016,0.229362,0.191714,1.317456,-1.376944,0.107527,-2.367739,0.232931,0.194621,0.061307,0.400645,0.757960,0.004469,0.027772,0.082533,ok,high,low,ok,ok,low,ok,ok,ok,ok,ok,low,high,ok,ok,ok,ok,low,ok,ok,high,low,ok,ok,SUG_FACE_ASPECT_HIGH_01|SUG_MIDFACE_LOW_01|SUG_JAW_ANGLE_LOW_01|SUG_EYE_SIZE_LOW_01,SUG_FACE_ASPECT_HIGH_01|SUG_MIDFACE_LOW_01|SUG_JAW_ANGLE_LOW_01|SUG_EYE_SIZE_LOW_01,rules_v1,rules_v1,research_lfw,lfw,v1,-8.514145664870739,-14.250874061598518
lfw_00543,data/raw/images/lfw_00543.jpg,test,0.044372,0.867542,0.260419,0.433836,0.812566,110.968273,0.433836,0.333887,0.990594,0.903504,0.241764,0.210505,1.176690,5.768977,0.107953,5.664421,0.237075,0.208060,0.075417,0.435656,7.088552,0.042919,0.021874,0.070553,high,ok,ok,ok,ok,ok,ok,high,ok,ok,ok,high,low,high,ok,high,ok,ok,ok,high,high,ok,ok,ok,SUG_SYM_HIGH_01|SUG_CHIN_WIDE_01|SUG_EYE_SIZE_HIGH_01|SUG_EYE_CLOSE_01,SUG_SYM_HIGH_01|SUG_CHIN_WIDE_01|SUG_EYE_SIZE_HIGH_01|SUG_EYE_CLOSE_01,rules_v1,rules_v1,research_lfw,lfw,v1,10.344835862517357,-8.080840434028909
lfw_00544,data/raw/images/lfw_00544.jpg,test,0.009278,0.875286,0.234870,0.449334,0.798155,107.988708,0.449334,0.319928,0.986161,0.892665,0.271729,0.198196,1.203518,4.351574,0.128659,3.341966,0.224682,0.198410,0.030932,0.423183,5.276329,0.053574,0.025015,0.072609,ok,high,low,ok,ok,low,ok,ok,ok,ok,ok,ok,ok,high,ok,high,ok,ok,ok,ok,high,high,ok,ok,SUG_FACE_ASPECT_HIGH_01|SUG_MIDFACE_LOW_01|SUG_JAW_ANGLE_LOW_01|SUG_EYE_TILT_HIGH_01,SUG_FACE_ASPECT_HIGH_01|SUG_MIDFACE_LOW_01|SUG_JAW_ANGLE_LOW_01|SUG_EYE_TILT_HIGH_01,rules_v1,rules_v1,research_lfw,lfw,v1,-4.47789921797812,-13.810405377274803
lfw_00598,data/raw/images/lfw_00598.jpg,test,0.027051,0.847493,0.275323,0.400522,0.788751,111.041442,0.400522,0.305474,0.981054,0.880848,0.311688,0.211198,1.174831,-1.012976,0.133728,-0.752905,0.222777,0.213707,0.078067,0.371678,-2.157819,0.004718,0.025344,0.077085,ok,ok,high,low,ok,ok,low,low,ok,ok,ok,high,low,ok,high,ok,ok,high,ok,ok,ok,low,ok,ok,SUG_MIDFACE_HIGH_01|SUG_LOWERFACE_LOW_01|SUG_CHIN_SHORT_01|SUG_CHIN_NARROW_01,SUG_MIDFACE_HIGH_01|SUG_LOWERFACE_LOW_01|SUG_CHIN_SHORT_01|SUG_CHIN_NARROW_01,rules_v1,rules_v1,research_lfw,lfw,v1,11.168425440788269,-2.2723285339725665
lfw_00662,data/raw/images/lfw_00662.jpg,test,0.010606,0.813043,0.262428,0.432477,0.779357,115.082718,0.432477,0.333391,0.981318,0.871718,0.306307,0.212356,1.330023,4.557863,0.099586,3.842153,0.243657,0.197741,0.038659,0.353154,3.326791,0.035902,0.039163,0.090074,ok,low,ok,ok,low,high,ok,high,ok,low,ok,high,high,high,low,high,high,ok,ok,ok,high,ok,high,ok,SUG_FACE_ASPECT_LOW_01|SUG_JAW_NARROW_01|SUG_JAW_ANGLE_HIGH_01|SUG_CHIN_WIDE_01,SUG_FACE_ASPECT_LOW_01|SUG_JAW_NARROW_01|SUG_JAW_ANGLE_HIGH_01|SUG_CHIN_WIDE_01,rules_v1,rules_v1,research_lfw,lfw,v1,-5.55289276689291,-7.6237091820298355
lfw_00663,data/raw/images/lfw_00663.jpg,test,0.005562,0.845767,0.245087,0.419848,0.778620,108.694915,0.419848,0.295343,0.980876,0.874527,0.339344,0.208359,1.219267,-1.395157,0.134380,-1.071148,0.214651,0.196402,0.023203,0.367330,-2.893760,0.015653,0.030412,0.086016,low,ok,ok,ok,low,low,ok,low,ok,low,high,high,ok,ok,high,ok,low,ok,ok,ok,low,ok,ok,ok,SUG_JAW_NARROW_01|SUG_JAW_ANGLE_LOW_01|SUG_CHIN_NARROW_01|SUG_LOWER_CHEEK_LOW_01,SUG_JAW_NARROW_01|SUG_JAW_ANGLE_LOW_01|SUG_CHIN_NARROW_01|SUG_LOWER_CHEEK_LOW_01,rules_v1,rules_v1,research_lfw,lfw,v1,3.345074074342847,-9.254061717174384
lfw_01290,data/raw/images/lfw_01290.jpg,test,0.033726,0.813495,0.306261,0.390816,0.810948,117.092702,0.390816,0.328358,0.988598,0.900036,0.249403,0.198236,1.319062,0.885366,0.095890,-0.023235,0.248742,0.227349,0.094591,0.441574,0.986988,0.043901,0.015699,0.043640,high,low,high,low,ok,high,low,ok,ok,ok,ok,ok,high,high,low,high,high,high,high,high,high,ok,low,low,SUG_SYM_HIGH_01|SUG_NOSE_DEV_HIGH_01|SUG_FACE_ASPECT_LOW_01|SUG_MIDFACE_HIGH_01,SUG_SYM_HIGH_01|SUG_NOSE_DEV_HIGH_01|SUG_FACE_ASPECT_LOW_01|SUG_MIDFACE_HIGH_01,rules_v1,rules_v1,research_lfw,lfw,v1,-13.161520175635815,3.4830191314763175
lfw_01302,data/raw/images/lfw_01302.jpg,test,0.003276,0.859341,0.304715,0.396192,0.780110,113.961135,0.396192,0.320451,0.977192,0.871381,0.394138,0.205434,1.141809,-1.002419,0.122425,-1.114444,0.207335,0.221304,0.006243,0.311453,-0.572426,0.010903,0.024400,0.089273,low,ok,high,low,low,high,low,ok,low,low,high,ok,low,ok,ok,ok,low,high,low,low,ok,ok,ok,ok,SUG_MIDFACE_HIGH_01|SUG_LOWERFACE_LOW_01|SUG_JAW_NARROW_01|SUG_JAW_ANGLE_HIGH_01,SUG_MIDFACE_HIGH_01|SUG_LOWERFACE_LOW_01|SUG_JAW_NARROW_01|SUG_JAW_ANGLE_HIGH_01,rules_v1,rules_v1,research_lfw,lfw,v1,0.7767555643804371,2.6538062932251956
lfw_01388,data/raw/images/lfw_01388.jpg,test,0.012831,0.821214,0.266213,0.406095,0.777042,112.470159,0.406095,0.309623,0.977338,0.869578,0.284457,0.207695,1.173657,-2.644995,0.135232,-2.089214,0.227593,0.215748,0.055577,0.383088,-3.449951,0.000473,0.022894,0.087305,ok,ok,ok,low,low,ok,low,ok,low,low,ok,ok,low,low,high,ok,ok,high,ok,ok,low,low,ok,ok,SUG_LOWERFACE_LOW_01|SUG_JAW_NARROW_01|SUG_CHIN_SHORT_01|SUG_CHEEK_NARROW_01,SUG_LOWERFACE_LOW_01|SUG_JAW_NARROW_01|SUG_CHIN_SHORT_01|SUG_CHEEK_NARROW_01,rules_v1,rules_v1,research_lfw,lfw,v1,7.965707212686539,-4.325591410414432
lfw_01539,data/raw/images/lfw_01539.jpg,test,0.015807,0.871706,0.234294,0.456376,0.800653,108.820551,0.456376,0.320523,0.986930,0.895105,0.213234,0.192681,1.264460,-1.538150,0.108426,-2.096332,0.226628,0.192120,0.021215,0.441790,-0.402649,0.061337,0.020974,0.071428,ok,ok,low,high,ok,ok,high,ok,ok,ok,low,low,ok,ok,ok,ok,ok,low,ok,high,ok,high,low,ok,SUG_MIDFACE_LOW_01|SUG_LOWERFACE_HIGH_01|SUG_CHIN_LONG_01|SUG_EYE_OPEN_LOW_01,SUG_MIDFACE_LOW_01|SUG_LOWERFACE_HIGH_01|SUG_CHIN_LONG_01|SUG_EYE_OPEN_LOW_01,rules_v1,rules_v1,research_lfw,lfw,v1,-2.7506847213953733,-14.53903874192889
lfw_01595,data/raw/images/lfw_01595.jpg,test,0.030526,0.804899,0.246966,0.439885,0.790824,113.672082,0.439885,0.329600,0.981040,0.878713,0.321520,0.198884,1.316726,-0.049072,0.118379,-1.002671,0.228330,0.201008,0.085180,0.363464,0.379608,0.000626,0.030607,0.089105,high,low,ok,ok,ok,high,ok,ok,ok,ok,ok,ok,high,high,ok,ok,ok,ok,high,ok,high,low,ok,ok,SUG_SYM_HIGH_01|SUG_NOSE_DEV_HIGH_01|SUG_FACE_ASPECT_LOW_01|SUG_JAW_ANGLE_HIGH_01,SUG_SYM_HIGH_01|SUG_NOSE_DEV_HIGH_01|SUG_FACE_ASPECT_LOW_01|SUG_JAW_ANGLE_HIGH_01,rules_v1,rules_v1,research_lfw,lfw,v1,-12.124094434082508,-10.878592013542082
lfw_01729,data/raw/images/lfw_01729.jpg,test,0.034691,0.828117,0.260748,0.427524,0.799336,112.809515,0.427524,0.324960,0.986632,0.891281,0.278255,0.192460,1.289249,-1.640626,0.111918,-2.745893,0.234409,0.202384,0.076905,0.367389,-1.049990,0.013076,0.032388,0.087329,high,ok,ok,ok,ok,ok,ok,ok,ok,ok,ok,low,high,ok,ok,low,ok,ok,ok,ok,ok,ok,high,ok,SUG_SYM_HIGH_01|SUG_EYE_SIZE_LOW_01|SUG_EYE_WIDE_01|SUG_BROW_TILT_LOW_01,SUG_SYM_HIGH_01|SUG_EYE_SIZE_LOW_01|SUG_EYE_WIDE_01|SUG_BROW_TILT_LOW_01,rules_v1,rules_v1,research_lfw,lfw,v1,-10.747404053807259,-7.407848191659874
lfw_01852,data/raw/images/lfw_01852.jpg,test,0.027951,0.886741,0.262388,0.440981,0.822773,110.343456,0.440981,0.333881,0.992255,0.912440,0.204898,0.196067,1.288698,0.631797,0.102134,0.295944,0.238920,0.204216,0.067148,0.467559,-0.128229,0.052782,0.017901,0.058045,ok,high,ok,ok,high,ok,ok,high,high,high,low,ok,high,high,low,high,high,ok,ok,high,ok,high,low,low,SUG_FACE_ASPECT_HIGH_01|SUG_JAW_WIDE_01|SUG_CHIN_WIDE_01|SUG_CHEEK_WIDE_01,SUG_FACE_ASPECT_HIGH_01|SUG_JAW_WIDE_01|SUG_CHIN_WIDE_01|SUG_CHEEK_WIDE_01,rules_v1,rules_v1,research_lfw,lfw,v1,-9.393913306295872,-8.451956347016349
lfw_02185,data/raw/images/lfw_02185.jpg,test,0.034266,0.854276,0.240685,0.448753,0.805847,109.770404,0.448753,0.318505,0.987741,0.898781,0.251708,0.191022,1.259855,-0.836414,0.107869,-1.569576,0.220948,0.194844,0.077643,0.438678,-0.981055,0.049846,0.021989,0.060400,high,ok,ok,ok,ok,ok,ok,ok,ok,ok,ok,low,ok,ok,ok,ok,ok,low,ok,high,ok,high,ok,low,SUG_SYM_HIGH_01|SUG_EYE_SIZE_LOW_01|SUG_NOSE_SHORT_01|SUG_MOUTH_WIDE_01,SUG_SYM_HIGH_01|SUG_EYE_SIZE_LOW_01|SUG_NOSE_SHORT_01|SUG_MOUTH_WIDE_01,rules_v1,rules_v1,research_lfw,lfw,v1,-10.679252743721008,-12.761389082730298
lfw_02474,data/raw/images/lfw_02474.jpg,test,0.037527,0.845190,0.242898,0.435044,0.810485,110.389982,0.435044,0.331520,0.986838,0.897357,0.204071,0.196075,1.316162,-1.244938,0.140423,-1.676956,0.243572,0.205416,0.081348,0.421682,-1.593884,0.003434,0.026068,0.077452,high,ok,ok,ok,ok,ok,ok,ok,ok,ok,low,ok,high,ok,high,ok,high,ok,high,ok,ok,low,ok,ok,SUG_SYM_HIGH_01|SUG_NOSE_DEV_HIGH_01|SUG_EYE_OPEN_LOW_01|SUG_EYE_WIDE_01,SUG_SYM_HIGH_01|SUG_NOSE_DEV_HIGH_01|SUG_EYE_OPEN_LOW_01|SUG_EYE_WIDE_01,rules_v1,rules_v1,research_lfw,lfw,v1,-11.268212400376797,-11.10826653626207
lfw_02643,data/raw/images/lfw_02643.jpg,test,0.014098,0.872249,0.280818,0.429570,0.825640,111.957509,0.429570,0.343665,0.991197,0.912630,0.263461,0.213660,1.247893,-2.743687,0.112869,-3.045728,0.253487,0.217925,0.050767,0.476118,-0.635083,0.038304,0.018759,0.059594,ok,ok,high,ok,high,ok,ok,high,high,high,ok,high,ok,low,ok,low,high,high,ok,high,ok,ok,low,low,SUG_MIDFACE_HIGH_01|SUG_JAW_WIDE_01|SUG_CHIN_WIDE_01|SUG_CHEEK_WIDE_01,SUG_MIDFACE_HIGH_01|SUG_JAW_WIDE_01|SUG_CHIN_WIDE_01|SUG_CHEEK_WIDE_01,rules_v1,rules_v1,research_lfw,lfw,v1,7.22843386977911,-4.445609423695595
lfw_02657,data/raw/images/lfw_02657.jpg,test,0.011634,0.842547,0.241579,0.465229,0.814193,112.092775,0.465229,0.344065,0.989930,0.904659,0.187781,0.195228,1.315121,-0.565036,0.093984,-1.146571,0.248947,0.196413,0.029089,0.487875,-0.547492,0.082450,0.022050,0.057618,ok,ok,ok,high,ok,ok,high,high,ok,high,low,ok,high,ok,low,ok,high,ok,ok,high,ok,high,ok,low,SUG_LOWERFACE_HIGH_01|SUG_CHIN_LONG_01|SUG_CHIN_WIDE_01|SUG_LOWER_CHEEK_HIGH_01,SUG_LOWERFACE_HIGH_01|SUG_CHIN_LONG_01|SUG_CHIN_WIDE_01|SUG_LOWER_CHEEK_HIGH_01,rules_v1,rules_v1,research_lfw,lfw,v1,-4.06824422813952,-14.077910843058133
lfw_02700,data/raw/images/lfw_02700.jpg,test,0.002727,0.871437,0.244935,0.455119,0.832958,108.497539,0.455119,0.334252,0.995696,0.920711,0.264056,0.191111,1.229947,-1.460605,0.109976,-1.487694,0.212791,0.198122,0.011837,0.357657,-1.599584,0.001540,0.026625,0.089755,low,ok,ok,high,high,low,high,high,high,high,ok,low,ok,ok,ok,ok,low,ok,low,ok,ok,low,ok,ok,SUG_LOWERFACE_HIGH_01|SUG_JAW_WIDE_01|SUG_JAW_ANGLE_LOW_01|SUG_CHIN_LONG_01,SUG_LOWERFACE_HIGH_01|SUG_JAW_WIDE_01|SUG_JAW_ANGLE_LOW_01|SUG_CHIN_LONG_01,rules_v1,rules_v1,research_lfw,lfw,v1,1.737307632341981,-12.621470681654646
lfw_02917,data/raw/images/lfw_02917.jpg,test,0.011220,0.820663,0.241146,0.443183,0.800076,111.429280,0.443183,0.326250,0.985591,0.889903,0.295016,0.197725,1.296854,-0.990898,0.115124,-0.619354,0.227001,0.199348,0.014720,0.348256,-4.950806,0.010801,0.029344,0.074091,ok,ok,ok,ok,ok,ok,ok,ok,ok,ok,ok,ok,high,ok,ok,ok,ok,ok,low,ok,low,ok,ok,ok,SUG_EYE_WIDE_01|SUG_MOUTH_TILT_LOW_01,SUG_EYE_WIDE_01|SUG_MOUTH_TILT_LOW_01,rules_v1,rules_v1,research_lfw,lfw,v1,2.166260118596256,-12.170893123642422
lfw_03308,data/raw/images/lfw_03308.jpg,test,0.018602,0.852966,0.268038,0.413888,0.791760,110.226588,0.413888,0.308938,0.982260,0.884006,0.333772,0.198616,1.210722,-1.774651,0.127777,-2.561974,0.217524,0.210098,0.033406,0.399010,-0.699578,0.006476,0.024114,0.077114,ok,ok,ok,low,ok,ok,low,low,ok,ok,high,ok,ok,ok,ok,low,ok,ok,ok,ok,ok,ok,ok,ok,SUG_LOWERFACE_LOW_01|SUG_CHIN_SHORT_01|SUG_CHIN_NARROW_01|SUG_EYE_OPEN_HIGH_01,SUG_LOWERFACE_LOW_01|SUG_CHIN_SHORT_01|SUG_CHIN_NARROW_01|SUG_EYE_OPEN_HIGH_01,rules_v1,rules_v1,research_lfw,lfw,v1,-4.5384799763560295,-4.849176584318051
lfw_03372,data/raw/images/lfw_03372.jpg,test,0.004131,0.919349,0.242762,0.445432,0.793921,105.281572,0.445432,0.316987,0.983181,0.887841,0.231953,0.198802,1.211110,-1.115897,0.110968,-1.713881,0.229660,0.199928,0.017307,0.468096,0.054185,0.067405,0.019654,0.055757,low,high,ok,ok,ok,low,ok,ok,ok,ok,ok,ok,ok,ok,ok,ok,ok,ok,low,high,ok,high,low,low,SUG_FACE_ASPECT_HIGH_01|SUG_JAW_ANGLE_LOW_01|SUG_MOUTH_WIDE_01|SUG_LIP_FULL_01,SUG_FACE_ASPECT_HIGH_01|SUG_JAW_ANGLE_LOW_01|SUG_MOUTH_WIDE_01|SUG_LIP_FULL_01,rules_v1,rules_v1,research_lfw,lfw,v1,2.5348569341003895,-12.104539100948111
lfw_03407,data/raw/images/lfw_03407.jpg,test,0.017813,0.774285,0.243489,0.437827,0.784467,112.994520,0.437827,0.302224,0.984177,0.881897,0.422376,0.193108,1.182370,-0.408211,0.140830,-1.057167,0.200627,0.198195,0.047636,0.326650,-1.894891,0.019842,0.036862,0.088507,ok,low,ok,ok,ok,ok,ok,low,ok,ok,high,ok,low,ok,high,ok,low,ok,ok,low,ok,ok,high,ok,SUG_FACE_ASPECT_LOW_01|SUG_CHIN_NARROW_01|SUG_EYE_OPEN_HIGH_01|SUG_EYE_CLOSE_01,SUG_FACE_ASPECT_LOW_01|SUG_CHIN_NARROW_01|SUG_EYE_OPEN_HIGH_01|SUG_EYE_CLOSE_01,rules_v1,rules_v1,research_lfw,lfw,v1,-6.7212529219686985,-11.271385893935072
lfw_03520,data/raw/images/lfw_03520.jpg,test,0.015956,0.881826,0.233258,0.441815,0.784255,106.354271,0.441815,0.304868,0.981167,0.878383,0.327294,0.209917,1.195221,-0.961684,0.137669,-0.496011,0.209731,0.190769,0.043772,0.361877,-2.718619,0.013925,0.030175,0.080348,ok,high,low,ok,ok,low,ok,low,ok,ok,high,high,low,ok,high,ok,low,low,ok,ok,low,ok,ok,ok,SUG_FACE_ASPECT_HIGH_01|SUG_MIDFACE_LOW_01|SUG_JAW_ANGLE_LOW_01|SUG_CHIN_NARROW_01,SUG_FACE_ASPECT_HIGH_01|SUG_MIDFACE_LOW_01|SUG_JAW_ANGLE_LOW_01|SUG_CHIN_NARROW_01,rules_v1,rules_v1,research_lfw,lfw,v1,6.021627835929394,-13.40444339636216
lfw_03549,data/raw/images/lfw_03549.jpg,test,0.026848,0.822445,0.245401,0.422457,0.764413,110.908167,0.422457,0.293227,0.975527,0.861443,0.326591,0.218119,1.165700,-0.176377,0.156406,0.817895,0.218944,0.199246,0.069910,0.425058,-1.166968,0.046904,0.025315,0.062008,ok,ok,ok,ok,low,ok,ok,low,low,low,high,high,low,ok,high,high,ok,ok,ok,ok,ok,high,ok,low,SUG_JAW_NARROW_01|SUG_CHIN_NARROW_01|SUG_CHEEK_NARROW_01|SUG_LOWER_CHEEK_LOW_01,SUG_JAW_NARROW_01|SUG_CHIN_NARROW_01|SUG_CHEEK_NARROW_01|SUG_LOWER_CHEEK_LOW_01,rules_v1,rules_v1,research_lfw,lfw,v1,9.808024182915688,-9.459836250556178
lfw_03555,data/raw/images/lfw_03555.jpg,test,0.005784,0.864077,0.333797,0.348842,0.761405,114.422574,0.348842,0.294846,0.973773,0.857891,0.350170,0.213085,1.145915,-1.744324,0.126351,-2.127301,0.226733,0.232649,0.006648,0.368508,-1.453108,0.018947,0.022953,0.065580,low,ok,high,low,low,high,low,low,low,low,high,high,low,ok,ok,ok,ok,high,low,ok,ok,ok,ok,low,SUG_MIDFACE_HIGH_01|SUG_LOWERFACE_LOW_01|SUG_JAW_NARROW_01|SUG_JAW_ANGLE_HIGH_01,SUG_MIDFACE_HIGH_01|SUG_LOWERFACE_LOW_01|SUG_JAW_NARROW_01|SUG_JAW_ANGLE_HIGH_01,rules_v1,rules_v1,research_lfw,lfw,v1,1.0725382966920733,12.416324416534025
lfw_03676,data/raw/images/lfw_03676.jpg,test,0.024398,0.890724,0.249333,0.442531,0.821409,108.023463,0.442531,0.327959,0.992417,0.912217,0.167029,0.201772,1.234855,-1.042520,0.109298,-1.297170,0.241928,0.206434,0.067356,0.497486,-0.590060,0.058531,0.015439,0.048499,ok,high,ok,ok,high,low,ok,ok,high,high,low,ok,ok,ok,ok,ok,high,ok,ok,high,ok,high,low,low,SUG_FACE_ASPECT_HIGH_01|SUG_JAW_WIDE_01|SUG_JAW_ANGLE_LOW_01|SUG_CHEEK_WIDE_01,SUG_FACE_ASPECT_HIGH_01|SUG_JAW_WIDE_01|SUG_JAW_ANGLE_LOW_01|SUG_CHEEK_WIDE_01,rules_v1,rules_v1,research_lfw,lfw,v1,9.588574089109898,-10.731800909279858
lfw_03752,data/raw/images/lfw_03752.jpg,test,0.021717,0.852344,0.255234,0.435560,0.807741,109.682220,0.435560,0.322174,0.988683,0.899281,0.329979,0.191572,1.213033,-1.277073,0.116047,-2.056783,0.221859,0.203881,0.047744,0.368324,0.257486,0.016488,0.029144,0.076804,ok,ok,ok,ok,ok,ok,ok,ok,ok,ok,high,low,ok,ok,ok,ok,ok,ok,ok,ok,high,ok,ok,ok,SUG_EYE_OPEN_HIGH_01|SUG_EYE_SIZE_LOW_01|SUG_MOUTH_TILT_HIGH_01,SUG_EYE_OPEN_HIGH_01|SUG_EYE_SIZE_LOW_01|SUG_MOUTH_TILT_HIGH_01,rules_v1,rules_v1,research_lfw,lfw,v1,-6.6836310513317585,-9.093748730502279
lfw_03775,data/raw/images/lfw_03775.jpg,test,0.007023,0.796788,0.242572,0.458876,0.818745,113.762984,0.458876,0.340490,0.991724,0.907268,0.336064,0.201445,1.235483,-1.940963,0.111850,-2.010341,0.228255,0.195408,0.026007,0.356941,-3.308913,0.016475,0.036018,0.087204,low,low,ok,high,high,high,high,high,high,high,high,ok,ok,ok,ok,ok,ok,low,ok,ok,low,ok,high,ok,SUG_FACE_ASPECT_LOW_01|SUG_LOWERFACE_HIGH_01|SUG_JAW_WIDE_01|SUG_JAW_ANGLE_HIGH_01,SUG_FACE_ASPECT_LOW_01|SUG_LOWERFACE_HIGH_01|SUG_JAW_WIDE_01|SUG_JAW_ANGLE_HIGH_01,rules_v1,rules_v1,research_lfw,lfw,v1,3.6520336847752333,-13.353081147379562
lfw_03783,data/raw/images/lfw_03783.jpg,test,0.033700,0.835481,0.246224,0.446799,0.801582,110.711777,0.446799,0.311970,0.989276,0.899347,0.277797,0.200193,1.132590,-2.031725,0.117625,-1.919606,0.220493,0.201817,0.088132,0.463587,-1.154106,0.075038,0.016698,0.060857,high,ok,ok,ok,ok,ok,ok,ok,ok,ok,ok,ok,low,ok,ok,ok,ok,ok,high,high,ok,high,low,low,SUG_SYM_HIGH_01|SUG_NOSE_DEV_HIGH_01|SUG_EYE_CLOSE_01|SUG_MOUTH_WIDE_01,SUG_SYM_HIGH_01|SUG_NOSE_DEV_HIGH_01|SUG_EYE_CLOSE_01|SUG_MOUTH_WIDE_01,rules_v1,rules_v1,research_lfw,lfw,v1,12.32103469222784,-11.647819703095571
lfw_03801,data/raw/images/lfw_03801.jpg,test,0.016885,0.807392,0.239688,0.454097,0.799133,113.899423,0.454097,0.346880,0.986419,0.886943,0.288810,0.202550,1.377387,2.077250,0.101878,1.198607,0.248902,0.194006,0.041124,0.355602,2.407405,0.017410,0.037614,0.096878,ok,low,ok,high,ok,high,high,high,ok,ok,ok,ok,high,high,low,high,high,low,ok,ok,high,ok,high,high,SUG_FACE_ASPECT_LOW_01|SUG_LOWERFACE_HIGH_01|SUG_JAW_ANGLE_HIGH_01|SUG_CHIN_LONG_01,SUG_FACE_ASPECT_LOW_01|SUG_LOWERFACE_HIGH_01|SUG_JAW_ANGLE_HIGH_01|SUG_CHIN_LONG_01,rules_v1,rules_v1,research_lfw,lfw,v1,-5.674163483083248,-13.41372989637291
lfw_03831,data/raw/images/lfw_03831.jpg,test,0.046411,0.914209,0.271210,0.407999,0.806421,107.838780,0.407999,0.313811,0.986336,0.896139,0.264786,0.196370,1.239709,-0.902787,0.110769,-1.291802,0.229226,0.208819,0.089240,0.420169,-1.643860,0.006228,0.017224,0.073020,high,high,high,low,ok,low,low,ok,ok,ok,ok,ok,ok,ok,ok,ok,ok,ok,high,ok,ok,low,low,ok,SUG_SYM_HIGH_01|SUG_NOSE_DEV_HIGH_01|SUG_FACE_ASPECT_HIGH_01|SUG_MIDFACE_HIGH_01,SUG_SYM_HIGH_01|SUG_NOSE_DEV_HIGH_01|SUG_FACE_ASPECT_HIGH_01|SUG_MIDFACE_HIGH_01,rules_v1,rules_v1,research_lfw,lfw,v1,-12.153001941740513,-3.7254226790927456
lfw_04214,data/raw/images/lfw_04214.jpg,test,0.033605,0.870508,0.285693,0.428930,0.805355,113.179492,0.428930,0.352888,0.985019,0.893742,0.261177,0.211638,1.163555,-3.134938,0.133882,-2.900815,0.243302,0.221536,0.105041,0.338456,-3.240503,0.020144,0.035999,0.093901,high,ok,high,ok,ok,high,ok,high,ok,ok,ok,high,low,low,high,low,high,high,high,low,low,ok,high,high,SUG_SYM_HIGH_01|SUG_NOSE_DEV_HIGH_01|SUG_MIDFACE_HIGH_01|SUG_JAW_ANGLE_HIGH_01,SUG_SYM_HIGH_01|SUG_NOSE_DEV_HIGH_01|SUG_MIDFACE_HIGH_01|SUG_JAW_ANGLE_HIGH_01,rules_v1,rules_v1,research_lfw,lfw,v1,14.962882965803146,-3.6393813437066656
lfw_04502,data/raw/images/lfw_04502.jpg,test,0.007300,0.798382,0.243762,0.437008,0.784707,111.670539,0.437008,0.314611,0.981684,0.878550,0.389537,0.207190,1.216027,-0.571904,0.131620,-1.061615,0.226185,0.199423,0.021577,0.362079,-0.758834,0.013231,0.035016,0.094006,low,low,ok,ok,ok,ok,ok,ok,ok,ok,high,ok,ok,ok,ok,ok,ok,ok,ok,ok,ok,ok,high,high,SUG_FACE_ASPECT_LOW_01|SUG_EYE_OPEN_HIGH_01|SUG_UPPER_LIP_HIGH_01|SUG_PHILTRUM_HIGH_01,SUG_FACE_ASPECT_LOW_01|SUG_EYE_OPEN_HIGH_01|SUG_UPPER_LIP_HIGH_01|SUG_PHILTRUM_HIGH_01,rules_v1,rules_v1,research_lfw,lfw,v1,3.129668215289712,-11.147553093661992
lfw_04549,data/raw/images/lfw_04549.jpg,test,0.008317,0.864782,0.249795,0.437304,0.801822,110.308445,0.437304,0.318397,0.986847,0.893061,0.243945,0.190430,1.255186,-1.875374,0.111982,-2.153670,0.215012,0.196239,0.009063,0.344550,-0.088045,0.010086,0.025861,0.087360,low,ok,ok,ok,ok,ok,ok,ok,ok,ok,ok,low,ok,ok,ok,ok,low,ok,low,ok,ok,ok,ok,ok,SUG_EYE_SIZE_LOW_01|SUG_NOSE_NARROW_01,SUG_EYE_SIZE_LOW_01|SUG_NOSE_NARROW_01,rules_v1,rules_v1,research_lfw,lfw,v1,-1.2585373297333717,-10.16089740159754
lfw_04567,data/raw/images/lfw_04567.jpg,test,0.030327,0.905112,0.269749,0.413172,0.803585,108.594553,0.413172,0.325473,0.986906,0.892852,0.267981,0.190151,1.264642,-4.248511,0.120880,-5.338388,0.219068,0.208872,0.045243,0.319287,-3.120453,0.011014,0.026588,0.075993,ok,high,ok,low,ok,low,low,ok,ok,ok,ok,low,ok,low,ok,low,ok,ok,ok,low,low,ok,ok,ok,SUG_FACE_ASPECT_HIGH_01|SUG_LOWERFACE_LOW_01|SUG_JAW_ANGLE_LOW_01|SUG_CHIN_SHORT_01,SUG_FACE_ASPECT_HIGH_01|SUG_LOWERFACE_LOW_01|SUG_JAW_ANGLE_LOW_01|SUG_CHIN_SHORT_01,rules_v1,rules_v1,research_lfw,lfw,v1,-6.07284776866436,-4.501135751293916
lfw_04960,data/raw/images/lfw_04960.jpg,test,0.010980,0.839393,0.239247,0.451150,0.784428,110.279352,0.451150,0.317806,0.980573,0.879078,0.321814,0.211956,1.242576,-1.177027,0.125705,-1.962859,0.237427,0.192166,0.007055,0.487169,-0.148257,0.082292,0.025098,0.059564,ok,ok,ok,ok,ok,ok,ok,ok,low,ok,ok,high,ok,ok,ok,ok,ok,low,low,high,ok,high,ok,low,SUG_CHEEK_NARROW_01|SUG_EYE_SIZE_HIGH_01|SUG_NOSE_SHORT_01|SUG_MOUTH_WIDE_01,SUG_CHEEK_NARROW_01|SUG_EYE_SIZE_HIGH_01|SUG_NOSE_SHORT_01|SUG_MOUTH_WIDE_01,rules_v1,rules_v1,research_lfw,lfw,v1,-0.8915763893164694,-13.223482215612426
lfw_00003,data/raw/images/lfw_00003.jpg,train,0.022336,0.819555,0.271647,0.424845,0.808897,113.551066,0.424845,0.325940,0.987045,0.897916,0.342992,0.202625,1.144288,1.063020,0.117386,1.383349,0.209912,0.213238,0.048653,0.348575,0.101088,0.000362,0.026157,0.093514,ok,low,high,ok,ok,high,ok,ok,ok,ok,high,ok,low,high,ok,high,low,high,ok,ok,ok,low,ok,high,SUG_FACE_ASPECT_LOW_01|SUG_MIDFACE_HIGH_01|SUG_JAW_ANGLE_HIGH_01|SUG_EYE_OPEN_HIGH_01,SUG_FACE_ASPECT_LOW_01|SUG_MIDFACE_HIGH_01|SUG_JAW_ANGLE_HIGH_01|SUG_EYE_OPEN_HIGH_01,rules_v1,rules_v1,research_lfw,lfw,v1,6.8351562805473804,-5.396109613585671
lfw_00006,data/raw/images/lfw_00006.jpg,train,0.005705,0.841186,0.241795,0.445043,0.807137,109.023890,0.445043,0.313931,0.989470,0.901469,0.283556,0.195930,1.206863,-0.199036,0.121398,0.228933,0.217807,0.203476,0.016439,0.426014,-1.552516,0.030397,0.022968,0.070803,low,ok,ok,ok,ok,ok,ok,ok,ok,ok,ok,ok,ok,ok,ok,high,ok,ok,low,ok,ok,ok,ok,ok,SUG_BROW_TILT_HIGH_01,SUG_BROW_TILT_HIGH_01,rules_v1,rules_v1,research_lfw,lfw,v1,2.2930368650704622,-12.232596314177355
lfw_00017,data/raw/images/lfw_00017.jpg,train,0.033748,0.831805,0.272089,0.438683,0.818305,114.404578,0.438683,0.348983,0.990083,0.904607,0.309473,0.221135,1.167714,-1.597614,0.113632,-1.152363,0.247433,0.206692,0.096223,0.396714,-0.691045,0.008733,0.030874,0.091488,high,ok,high,ok,high,high,ok,high,ok,ok,ok,high,low,ok,ok,ok,high,ok,high,ok,ok,ok,ok,high,SUG_SYM_HIGH_01|SUG_NOSE_DEV_HIGH_01|SUG_MIDFACE_HIGH_01|SUG_JAW_WIDE_01,SUG_SYM_HIGH_01|SUG_NOSE_DEV_HIGH_01|SUG_MIDFACE_HIGH_01|SUG_JAW_WIDE_01,rules_v1,rules_v1,research_lfw,lfw,v1,13.758846916258335,-6.694512994462666
lfw_00064,data/raw/images/lfw_00064.jpg,train,0.009233,0.842619,0.255070,0.473416,0.848290,113.109618,0.473416,0.373791,0.996355,0.928517,0.294830,0.199170,1.223795,-5.341144,0.122030,-6.048873,0.228414,0.206489,0.005173,0.367492,-2.754751,0.013890,0.029670,0.081213,low,ok,ok,high,high,ok,high,high,high,high,ok,ok,ok,low,ok,low,ok,ok,low,ok,low,ok,ok,ok,SUG_LOWERFACE_HIGH_01|SUG_JAW_WIDE_01|SUG_CHIN_LONG_01|SUG_CHIN_WIDE_01,SUG_LOWERFACE_HIGH_01|SUG_JAW_WIDE_01|SUG_CHIN_LONG_01|SUG_CHIN_WIDE_01,rules_v1,rules_v1,research_lfw,lfw,v1,-0.8194493958726525,-12.575346566381175
lfw_00070,data/raw/images/lfw_00070.jpg,train,0.029656,0.825683,0.245031,0.448293,0.812024,112.124739,0.448293,0.331771,0.989554,0.902563,0.259597,0.202042,1.229018,-0.109491,0.110887,0.330536,0.239884,0.200360,0.076301,0.405077,-0.613491,0.011367,0.030279,0.091516,ok,ok,ok,ok,ok,ok,ok,ok,ok,ok,ok,ok,ok,high,ok,high,high,ok,ok,ok,ok,ok,ok,high,SUG_EYE_TILT_HIGH_01|SUG_BROW_TILT_HIGH_01|SUG_NOSE_WIDE_01|SUG_PHILTRUM_HIGH_01,SUG_EYE_TILT_HIGH_01|SUG_BROW_TILT_HIGH_01|SUG_NOSE_WIDE_01|SUG_PHILTRUM_HIGH_01,rules_v1,rules_v1,research_lfw,lfw,v1,10.679429031908512,-11.985278841143792
lfw_00074,data/raw/images/lfw_00074.jpg,train,0.007534,0.758833,0.251635,0.436252,0.787856,115.755020,0.436252,0.319152,0.985276,0.882741,0.372534,0.201897,1.196006,-1.751761,0.118731,-1.201886,0.208427,0.203101,0.027130,0.306323,-3.835691,0.015410,0.035845,0.097639,low,low,ok,ok,ok,high,ok,ok,ok,ok,high,ok,low,ok,ok,ok,low,ok,ok,low,low,ok,high,high,SUG_FACE_ASPECT_LOW_01|SUG_JAW_ANGLE_HIGH_01|SUG_EYE_OPEN_HIGH_01|SUG_EYE_CLOSE_01,SUG_FACE_ASPECT_LOW_01|SUG_JAW_ANGLE_HIGH_01|SUG_EYE_OPEN_HIGH_01|SUG_EYE_CLOSE_01,rules_v1,rules_v1,research_lfw,lfw,v1,3.859642831608653,-9.75450096948904
lfw_00098,data/raw/images/lfw_00098.jpg,train,0.025414,0.916565,0.281123,0.401016,0.777781,108.725103,0.401016,0.311785,0.978936,0.870118,0.272028,0.210884,1.220181,-1.050231,0.110921,-0.671566,0.219845,0.208728,0.051834,0.333022,0.114856,0.009157,0.028886,0.086994,ok,high,high,low,low,low,low,ok,low,low,ok,high,ok,ok,ok,ok,ok,ok,ok,low,ok,ok,ok,ok,SUG_FACE_ASPECT_HIGH_01|SUG_MIDFACE_HIGH_01|SUG_LOWERFACE_LOW_01|SUG_JAW_NARROW_01,SUG_FACE_ASPECT_HIGH_01|SUG_MIDFACE_HIGH_01|SUG_LOWERFACE_LOW_01|SUG_JAW_NARROW_01,rules_v1,rules_v1,research_lfw,lfw,v1,7.209478430449963,-1.418510129825001
lfw_00099,data/raw/images/lfw_00099.jpg,train,0.031430,0.807766,0.236295,0.451827,0.794460,113.166754,0.451827,0.321117,0.986963,0.890040,0.199953,0.213141,1.234763,-2.429188,0.130645,-1.972903,0.236843,0.194670,0.092199,0.466735,-1.252543,0.092381,0.023701,0.055881,high,low,low,high,ok,high,high,ok,ok,ok,low,high,ok,low,ok,ok,ok,low,high,high,ok,high,ok,low,SUG_SYM_HIGH_01|SUG_NOSE_DEV_HIGH_01|SUG_FACE_ASPECT_LOW_01|SUG_MIDFACE_LOW_01,SUG_SYM_HIGH_01|SUG_NOSE_DEV_HIGH_01|SUG_FACE_ASPECT_LOW_01|SUG_MIDFACE_LOW_01,rules_v1,rules_v1,research_lfw,lfw,v1,13.290244080126286,-13.789387988880328
lfw_00103,data/raw/images/lfw_00103.jpg,train,0.024230,0.794395,0.231772,0.447100,0.806730,110.717923,0.447100,0.313946,0.992059,0.902756,0.271520,0.193639,1.290835,-1.726246,0.137500,-2.864072,0.233162,0.203196,0.049898,0.453058,1.060525,0.034748,0.025904,0.062677,ok,low,low,ok,ok,ok,ok,ok,high,ok,ok,ok,high,ok,high,low,ok,ok,ok,high,high,ok,ok,low,SUG_FACE_ASPECT_LOW_01|SUG_MIDFACE_LOW_01|SUG_CHEEK_WIDE_01|SUG_EYE_WIDE_01,SUG_FACE_ASPECT_LOW_01|SUG_MIDFACE_LOW_01|SUG_CHEEK_WIDE_01|SUG_EYE_WIDE_01,rules_v1,rules_v1,research_lfw,lfw,v1,-6.8156682550907135,-14.146556515432218
lfw_00123,data/raw/images/lfw_00123.jpg,train,0.036630,0.855378,0.251903,0.432976,0.797835,109.913930,0.432976,0.315551,0.986634,0.890235,0.294848,0.188503,1.277712,0.265176,0.098197,-0.195475,0.210003,0.198238,0.085143,0.337263,-0.365270,0.016928,0.028808,0.075508,high,ok,ok,ok,ok,ok,ok,ok,ok,ok,ok,low,ok,high,low,high,low,ok,high,low,ok,ok,ok,ok,SUG_SYM_HIGH_01|SUG_NOSE_DEV_HIGH_01|SUG_EYE_SIZE_LOW_01|SUG_EYE_TILT_HIGH_01,SUG_SYM_HIGH_01|SUG_NOSE_DEV_HIGH_01|SUG_EYE_SIZE_LOW_01|SUG_EYE_TILT_HIGH_01,rules_v1,rules_v1,research_lfw,lfw,v1,-11.973821192979813,-9.3946841911253
lfw_00141,data/raw/images/lfw_00141.jpg,train,0.013879,0.893026,0.248446,0.432589,0.797560,107.094614,0.432589,0.316281,0.985115,0.889138,0.257126,0.191255,1.274283,-3.077498,0.101953,-3.603850,0.215692,0.201538,0.012657,0.361226,-3.201410,0.006291,0.024470,0.084665,ok,high,ok,ok,ok,low,ok,ok,ok,ok,ok,low,ok,low,low,low,low,ok,low,ok,low,ok,ok,ok,SUG_FACE_ASPECT_HIGH_01|SUG_JAW_ANGLE_LOW_01|SUG_EYE_SIZE_LOW_01|SUG_EYE_TILT_LOW_01,SUG_FACE_ASPECT_HIGH_01|SUG_JAW_ANGLE_LOW_01|SUG_EYE_SIZE_LOW_01|SUG_EYE_TILT_LOW_01,rules_v1,rules_v1,research_lfw,lfw,v1,-1.7235018080100417,-9.934798098036808
lfw_00146,data/raw/images/lfw_00146.jpg,train,0.011028,0.821317,0.264867,0.463764,0.841278,115.560044,0.463764,0.367649,0.995207,0.925438,0.285647,0.210483,1.224532,1.039428,0.122694,0.663571,0.255753,0.209512,0.039104,0.492600,0.765190,0.053162,0.020074,0.067933,ok,ok,ok,high,high,high,high,high,high,high,ok,high,ok,high,ok,high,high,ok,ok,high,high,high,low,ok,SUG_LOWERFACE_HIGH_01|SUG_JAW_WIDE_01|SUG_JAW_ANGLE_HIGH_01|SUG_CHIN_LONG_01,SUG_LOWERFACE_HIGH_01|SUG_JAW_WIDE_01|SUG_JAW_ANGLE_HIGH_01|SUG_CHIN_LONG_01,rules_v1,rules_v1,research_lfw,lfw,v1,-5.570694554597139,-10.167536202383992
lfw_00154,data/raw/images/lfw_00154.jpg,train,0.020677,0.847411,0.266817,0.427560,0.837610,110.446838,0.427560,0.326592,0.997384,0.925450,0.390524,0.187651,1.185755,-0.783615,0.108726,-1.272194,0.208867,0.206978,0.046080,0.340028,-0.304928,0.004662,0.020867,0.084321,ok,ok,ok,ok,high,ok,ok,ok,high,high,high,low,low,ok,ok,ok,low,ok,ok,low,ok,low,low,ok,SUG_JAW_WIDE_01|SUG_CHEEK_WIDE_01|SUG_LOWER_CHEEK_HIGH_01|SUG_EYE_OPEN_HIGH_01,SUG_JAW_WIDE_01|SUG_CHEEK_WIDE_01|SUG_LOWER_CHEEK_HIGH_01|SUG_EYE_OPEN_HIGH_01,rules_v1,rules_v1,research_lfw,lfw,v1,-6.364402648061514,-6.4342180938361215
lfw_00182,data/raw/images/lfw_00182.jpg,train,0.057643,0.845739,0.273427,0.401197,0.802710,111.905098,0.401197,0.319459,0.985397,0.894287,0.264436,0.191141,1.311787,-11.025175,0.121962,-11.834773,0.236091,0.214318,0.095121,0.459199,-11.906971,0.046525,0.019068,0.057173,high,ok,high,low,ok,ok,low,ok,ok,ok,ok,low,high,low,ok,low,ok,high,high,high,low,high,low,low,SUG_SYM_HIGH_01|SUG_NOSE_DEV_HIGH_01|SUG_MIDFACE_HIGH_01|SUG_LOWERFACE_LOW_01,SUG_SYM_HIGH_01|SUG_NOSE_DEV_HIGH_01|SUG_MIDFACE_HIGH_01|SUG_LOWERFACE_LOW_01,rules_v1,rules_v1,research_lfw,lfw,v1,-13.047983139753342,-2.6454707124201007
lfw_00185,data/raw/images/lfw_00185.jpg,train,0.017197,0.852209,0.257594,0.435280,0.806200,110.868733,0.435280,0.319334,0.986885,0.896406,0.291732,0.192204,1.204495,-3.196845,0.099941,-3.361189,0.210372,0.200990,0.051095,0.337959,-2.900756,0.011213,0.025840,0.080916,ok,ok,ok,ok,ok,ok,ok,ok,ok,ok,ok,low,ok,low,low,low,low,ok,ok,low,low,ok,ok,ok,SUG_EYE_SIZE_LOW_01|SUG_EYE_TILT_LOW_01|SUG_BROW_LOW_01|SUG_BROW_TILT_LOW_01,SUG_EYE_SIZE_LOW_01|SUG_EYE_TILT_LOW_01|SUG_BROW_LOW_01|SUG_BROW_TILT_LOW_01,rules_v1,rules_v1,research_lfw,lfw,v1,7.25996783003211,-8.680263379862977
lfw_00187,data/raw/images/lfw_00187.jpg,train,0.009742,0.822250,0.277672,0.382195,0.773142,111.730896,0.382195,0.301147,0.974117,0.865356,0.309263,0.214106,1.204168,0.341383,0.167496,-0.393315,0.239621,0.227344,0.022475,0.417404,1.164512,0.000668,0.022430,0.074141,ok,ok,high,low,low,ok,low,low,low,low,ok,high,ok,high,high,high,high,high,ok,ok,high,low,ok,ok,SUG_MIDFACE_HIGH_01|SUG_LOWERFACE_LOW_01|SUG_JAW_NARROW_01|SUG_CHIN_SHORT_01,SUG_MIDFACE_HIGH_01|SUG_LOWERFACE_LOW_01|SUG_JAW_NARROW_01|SUG_CHIN_SHORT_01,rules_v1,rules_v1,research_lfw,lfw,v1,3.2101472932845354,0.1439405016082052
lfw_00188,data/raw/images/lfw_00188.jpg,train,0.007033,0.818994,0.267781,0.402083,0.772658,113.041692,0.402083,0.297288,0.975410,0.867664,0.261022,0.204884,1.195284,-3.113987,0.142057,-3.624655,0.225082,0.215847,0.034680,0.432818,-2.297720,0.055673,0.015501,0.047726,low,low,ok,low,low,ok,low,low,low,low,ok,ok,low,low,high,low,ok,high,ok,ok,ok,high,low,low,SUG_FACE_ASPECT_LOW_01|SUG_LOWERFACE_LOW_01|SUG_JAW_NARROW_01|SUG_CHIN_SHORT_01,SUG_FACE_ASPECT_LOW_01|SUG_LOWERFACE_LOW_01|SUG_JAW_NARROW_01|SUG_CHIN_SHORT_01,rules_v1,rules_v1,research_lfw,lfw,v1,5.304639771580696,-3.644209629009458
lfw_00190,data/raw/images/lfw_00190.jpg,train,0.014556,0.813653,0.229996,0.433526,0.775929,110.548100,0.433526,0.304462,0.976446,0.868650,0.269441,0.206245,1.246511,-3.428764,0.145584,-4.047778,0.225122,0.199489,0.072589,0.388157,-3.595826,0.019047,0.030665,0.075878,ok,low,low,ok,low,ok,ok,low,low,low,ok,ok,ok,low,high,low,ok,ok,ok,ok,low,ok,ok,ok,SUG_FACE_ASPECT_LOW_01|SUG_MIDFACE_LOW_01|SUG_JAW_NARROW_01|SUG_CHIN_NARROW_01,SUG_FACE_ASPECT_LOW_01|SUG_MIDFACE_LOW_01|SUG_JAW_NARROW_01|SUG_CHIN_NARROW_01,rules_v1,rules_v1,research_lfw,lfw,v1,10.4831183552742,-13.206622033403978
lfw_00202,data/raw/images/lfw_00202.jpg,train,0.002848,0.805177,0.266176,0.412845,0.785997,113.519341,0.412845,0.312936,0.981687,0.878535,0.324208,0.199729,1.230753,-1.540994,0.128653,-1.742338,0.224787,0.214547,0.007561,0.363004,-0.392252,0.003444,0.023560,0.080982,low,low,ok,low,ok,high,low,ok,ok,ok,high,ok,ok,ok,ok,ok,ok,high,low,ok,ok,low,ok,ok,SUG_FACE_ASPECT_LOW_01|SUG_LOWERFACE_LOW_01|SUG_JAW_ANGLE_HIGH_01|SUG_CHIN_SHORT_01,SUG_FACE_ASPECT_LOW_01|SUG_LOWERFACE_LOW_01|SUG_JAW_ANGLE_HIGH_01|SUG_CHIN_SHORT_01,rules_v1,rules_v1,research_lfw,lfw,v1,0.9791282722726464,-5.040024090399263
lfw_00211,data/raw/images/lfw_00211.jpg,train,0.036583,0.786549,0.247495,0.424585,0.793123,111.695471,0.424585,0.303424,0.985545,0.887571,0.407695,0.194143,1.226653,-1.467846,0.146612,-2.415430,0.209566,0.203523,0.094791,0.343468,-0.781794,0.002641,0.031108,0.086705,high,low,ok,ok,ok,ok,ok,low,ok,ok,high,ok,ok,ok,high,ok,low,ok,high,ok,ok,low,ok,ok,SUG_SYM_HIGH_01|SUG_NOSE_DEV_HIGH_01|SUG_FACE_ASPECT_LOW_01|SUG_CHIN_NARROW_01,SUG_SYM_HIGH_01|SUG_NOSE_DEV_HIGH_01|SUG_FACE_ASPECT_LOW_01|SUG_CHIN_NARROW_01,rules_v1,rules_v1,research_lfw,lfw,v1,-13.426839664578438,-9.314557428664715
lfw_00231,data/raw/images/lfw_00231.jpg,train,0.029281,0.820024,0.237159,0.455537,0.810840,112.103326,0.455537,0.324412,0.989958,0.902847,0.262218,0.189395,1.235680,-0.295841,0.117721,-0.912355,0.219710,0.194331,0.072468,0.413816,-0.015536,0.039767,0.026749,0.077630,ok,ok,low,high,ok,ok,high,ok,ok,ok,ok,low,ok,ok,ok,ok,ok,low,ok,ok,ok,ok,ok,ok,SUG_MIDFACE_LOW_01|SUG_LOWERFACE_HIGH_01|SUG_CHIN_LONG_01|SUG_EYE_SIZE_LOW_01,SUG_MIDFACE_LOW_01|SUG_LOWERFACE_HIGH_01|SUG_CHIN_LONG_01|SUG_EYE_SIZE_LOW_01,rules_v1,rules_v1,research_lfw,lfw,v1,-10.204096533358097,-13.973060636347839
lfw_00245,data/raw/images/lfw_00245.jpg,train,0.007836,0.830225,0.236782,0.458663,0.819366,110.177169,0.458663,0.332517,0.991744,0.909017,0.279652,0.188776,1.214924,-0.004409,0.141082,0.035828,0.206587,0.203657,0.027419,0.317192,-1.672976,0.010720,0.032608,0.087715,low,ok,low,high,high,ok,high,ok,high,high,ok,low,ok,high,high,high,low,ok,ok,low,ok,ok,high,ok,SUG_MIDFACE_LOW_01|SUG_LOWERFACE_HIGH_01|SUG_JAW_WIDE_01|SUG_CHIN_LONG_01,SUG_MIDFACE_LOW_01|SUG_LOWERFACE_HIGH_01|SUG_JAW_WIDE_01|SUG_CHIN_LONG_01,rules_v1,rules_v1,research_lfw,lfw,v1,3.8732264935970306,-14.314340739084466
lfw_00247,data/raw/images/lfw_00247.jpg,train,0.027219,0.798172,0.253138,0.452629,0.829118,114.937477,0.452629,0.348350,0.993788,0.915646,0.254109,0.210456,1.199272,-3.789773,0.122269,-4.220251,0.246721,0.208689,0.095479,0.425716,-2.264052,0.021579,0.031383,0.084690,ok,low,ok,high,high,high,high,high,high,high,ok,high,ok,low,ok,low,high,ok,high,ok,ok,ok,ok,ok,SUG_NOSE_DEV_HIGH_01|SUG_FACE_ASPECT_LOW_01|SUG_LOWERFACE_HIGH_01|SUG_JAW_WIDE_01,SUG_NOSE_DEV_HIGH_01|SUG_FACE_ASPECT_LOW_01|SUG_LOWERFACE_HIGH_01|SUG_JAW_WIDE_01,rules_v1,rules_v1,research_lfw,lfw,v1,13.514736995100975,-11.039210658900355
lfw_00250,data/raw/images/lfw_00250.jpg,train,0.009245,0.807249,0.248494,0.454524,0.792618,113.959790,0.454524,0.327015,0.985675,0.888477,0.310239,0.198005,1.237200,-1.968085,0.110508,-2.095478,0.221779,0.196499,0.011028,0.388450,-2.054045,0.065245,0.029972,0.081032,low,low,ok,high,ok,high,high,ok,ok,ok,ok,ok,ok,ok,ok,ok,ok,ok,low,ok,ok,high,ok,ok,SUG_FACE_ASPECT_LOW_01|SUG_LOWERFACE_HIGH_01|SUG_JAW_ANGLE_HIGH_01|SUG_CHIN_LONG_01,SUG_FACE_ASPECT_LOW_01|SUG_LOWERFACE_HIGH_01|SUG_JAW_ANGLE_HIGH_01|SUG_CHIN_LONG_01,rules_v1,rules_v1,research_lfw,lfw,v1,-1.474548714235425,-11.97576424379171
lfw_00268,data/raw/images/lfw_00268.jpg,train,0.012675,0.925015,0.295868,0.391042,0.819861,107.931745,0.391042,0.316046,0.993177,0.910557,0.255036,0.191953,1.234129,-1.069649,0.107010,-1.682535,0.231418,0.223052,0.021526,0.395647,-0.741403,0.001069,0.016633,0.076097,ok,high,high,low,high,low,low,ok,high,high,ok,low,ok,ok,ok,ok,ok,high,ok,ok,ok,low,low,ok,SUG_FACE_ASPECT_HIGH_01|SUG_MIDFACE_HIGH_01|SUG_LOWERFACE_LOW_01|SUG_JAW_WIDE_01,SUG_FACE_ASPECT_HIGH_01|SUG_MIDFACE_HIGH_01|SUG_LOWERFACE_LOW_01|SUG_JAW_WIDE_01,rules_v1,rules_v1,research_lfw,lfw,v1,-3.033135948702693,1.9300759811027668
lfw_00273,data/raw/images/lfw_00273.jpg,train,0.019077,0.834443,0.246899,0.455019,0.806935,112.550212,0.455019,0.335099,0.990857,0.899416,0.250241,0.190182,1.289131,-1.692055,0.106064,-2.493324,0.226754,0.196382,0.040760,0.363667,-2.557136,0.057167,0.030805,0.076740,ok,ok,ok,high,ok,ok,high,high,high,ok,ok,low,high,ok,low,ok,ok,ok,ok,ok,low,high,ok,ok,SUG_LOWERFACE_HIGH_01|SUG_CHIN_LONG_01|SUG_CHIN_WIDE_01|SUG_CHEEK_WIDE_01,SUG_LOWERFACE_HIGH_01|SUG_CHIN_LONG_01|SUG_CHIN_WIDE_01|SUG_CHEEK_WIDE_01,rules_v1,rules_v1,research_lfw,lfw,v1,-5.610855672508478,-12.285123842744499
lfw_00275,data/raw/images/lfw_00275.jpg,train,0.016761,0.966603,0.306885,0.387362,0.797184,108.379335,0.387362,0.311866,0.985284,0.890962,0.207904,0.202661,1.192240,0.030836,0.096603,-0.778260,0.233493,0.220232,0.038064,0.431407,2.489741,0.055598,0.013188,0.057109,ok,high,high,low,ok,low,low,ok,ok,ok,low,ok,low,high,low,ok,ok,high,ok,ok,high,high,low,low,SUG_FACE_ASPECT_HIGH_01|SUG_MIDFACE_HIGH_01|SUG_LOWERFACE_LOW_01|SUG_JAW_ANGLE_LOW_01,SUG_FACE_ASPECT_HIGH_01|SUG_MIDFACE_HIGH_01|SUG_LOWERFACE_LOW_01|SUG_JAW_ANGLE_LOW_01,rules_v1,rules_v1,research_lfw,lfw,v1,5.259315334260464,3.967072905879717
lfw_00279,data/raw/images/lfw_00279.jpg,train,0.024623,0.837336,0.237498,0.451706,0.844896,109.419777,0.451706,0.322958,1.002847,0.936441,0.224648,0.188720,1.209385,-3.346175,0.119515,-3.474836,0.222902,0.201745,0.081081,0.416582,-3.320121,0.000815,0.024573,0.084528,ok,ok,low,high,high,ok,high,ok,high,high,low,low,ok,low,ok,low,ok,ok,high,ok,low,low,ok,ok,SUG_NOSE_DEV_HIGH_01|SUG_MIDFACE_LOW_01|SUG_LOWERFACE_HIGH_01|SUG_JAW_WIDE_01,SUG_NOSE_DEV_HIGH_01|SUG_MIDFACE_LOW_01|SUG_LOWERFACE_HIGH_01|SUG_JAW_WIDE_01,rules_v1,rules_v1,research_lfw,lfw,v1,11.555019669234753,-13.572325575282548
lfw_00282,data/raw/images/lfw_00282.jpg,train,0.030260,0.901335,0.245226,0.439102,0.828467,106.986629,0.439102,0.328991,0.994740,0.916720,0.183830,0.198456,1.226816,-3.529770,0.121127,-2.892291,0.241976,0.207150,0.096268,0.422448,-3.573727,0.002296,0.026106,0.089696,ok,high,ok,ok,high,low,ok,ok,high,high,low,ok,ok,low,ok,low,high,ok,high,ok,low,low,ok,ok,SUG_NOSE_DEV_HIGH_01|SUG_FACE_ASPECT_HIGH_01|SUG_JAW_WIDE_01|SUG_JAW_ANGLE_LOW_01,SUG_NOSE_DEV_HIGH_01|SUG_FACE_ASPECT_HIGH_01|SUG_JAW_WIDE_01|SUG_JAW_ANGLE_LOW_01,rules_v1,rules_v1,research_lfw,lfw,v1,13.6648039072752,-11.09769298071376
lfw_00286,data/raw/images/lfw_00286.jpg,train,0.040840,0.912331,0.270969,0.424983,0.819635,109.732102,0.424983,0.320668,0.992297,0.910922,0.139383,0.195145,1.201410,-0.775846,0.090373,-0.799005,0.223925,0.208748,0.099877,0.402235,0.619480,0.032466,0.017169,0.054258,high,high,high,ok,high,ok,ok,ok,high,high,low,ok,ok,ok,low,ok,ok,ok,high,ok,high,ok,low,low,SUG_SYM_HIGH_01|SUG_NOSE_DEV_HIGH_01|SUG_FACE_ASPECT_HIGH_01|SUG_MIDFACE_HIGH_01,SUG_SYM_HIGH_01|SUG_NOSE_DEV_HIGH_01|SUG_FACE_ASPECT_HIGH_01|SUG_MIDFACE_HIGH_01,rules_v1,rules_v1,research_lfw,lfw,v1,13.959738604724407,-5.517050589212695
lfw_00294,data/raw/images/lfw_00294.jpg,train,0.007073,0.841975,0.249009,0.458510,0.804133,111.712445,0.458510,0.339861,0.989489,0.895826,0.307818,0.191800,1.231066,-1.222661,0.093533,-1.728434,0.212094,0.198659,0.000040,0.301426,-2.900642,0.021569,0.034048,0.095052,low,ok,ok,high,ok,ok,high,high,ok,ok,ok,low,ok,ok,low,ok,low,ok,low,low,low,ok,high,high,SUG_LOWERFACE_HIGH_01|SUG_CHIN_LONG_01|SUG_CHIN_WIDE_01|SUG_EYE_SIZE_LOW_01,SUG_LOWERFACE_HIGH_01|SUG_CHIN_LONG_01|SUG_CHIN_WIDE_01|SUG_EYE_SIZE_LOW_01,rules_v1,rules_v1,research_lfw,lfw,v1,-0.10371731037230347,-12.249417551820637
lfw_00330,data/raw/images/lfw_00330.jpg,train,0.021985,0.906282,0.236096,0.444110,0.794547,105.904359,0.444110,0.308933,0.985794,0.887490,0.292083,0.207846,1.203440,0.290669,0.117287,0.904716,0.204620,0.187708,0.058286,0.346936,-1.747173,0.018512,0.032626,0.081190,ok,high,low,ok,ok,low,ok,low,ok,ok,ok,ok,ok,high,ok,high,low,low,ok,ok,ok,ok,high,ok,SUG_FACE_ASPECT_HIGH_01|SUG_MIDFACE_LOW_01|SUG_JAW_ANGLE_LOW_01|SUG_CHIN_NARROW_01,SUG_FACE_ASPECT_HIGH_01|SUG_MIDFACE_LOW_01|SUG_JAW_ANGLE_LOW_01|SUG_CHIN_NARROW_01,rules_v1,rules_v1,research_lfw,lfw,v1,8.103355664759874,-13.122866285381445
lfw_00333,data/raw/images/lfw_00333.jpg,train,0.022413,0.837120,0.233793,0.447956,0.812290,109.902598,0.447956,0.330514,0.990052,0.901896,0.215440,0.201483,1.251192,-1.335184,0.117330,-0.710344,0.240068,0.204379,0.073787,0.400165,-1.766602,0.000004,0.026105,0.092591,ok,ok,low,ok,ok,ok,ok,ok,ok,ok,low,ok,ok,ok,ok,ok,high,ok,ok,ok,ok,low,ok,high,SUG_MIDFACE_LOW_01|SUG_EYE_OPEN_LOW_01|SUG_NOSE_WIDE_01|SUG_LIP_THIN_01,SUG_MIDFACE_LOW_01|SUG_EYE_OPEN_LOW_01|SUG_NOSE_WIDE_01|SUG_LIP_THIN_01,rules_v1,rules_v1,research_lfw,lfw,v1,10.474645860493183,-13.87229359426271
lfw_00339,data/raw/images/lfw_00339.jpg,train,0.011110,0.972429,0.254342,0.430055,0.823038,103.194036,0.430055,0.326329,0.993679,0.911701,0.175740,0.193181,1.278199,-5.200499,0.100089,-5.451363,0.226682,0.206530,0.032719,0.374259,-3.814751,0.007244,0.020369,0.071566,ok,high,ok,ok,high,low,ok,ok,high,high,low,ok,ok,low,low,low,ok,ok,ok,ok,low,ok,low,ok,SUG_FACE_ASPECT_HIGH_01|SUG_JAW_WIDE_01|SUG_JAW_ANGLE_LOW_01|SUG_CHEEK_WIDE_01,SUG_FACE_ASPECT_HIGH_01|SUG_JAW_WIDE_01|SUG_JAW_ANGLE_LOW_01|SUG_CHEEK_WIDE_01,rules_v1,rules_v1,research_lfw,lfw,v1,4.851111922413111,-8.70665870495637
lfw_00352,data/raw/images/lfw_00352.jpg,train,0.013496,0.851934,0.266603,0.418175,0.822807,111.466989,0.418175,0.336427,0.991980,0.909043,0.245581,0.199003,1.268394,-0.596289,0.125505,-0.541936,0.240561,0.215766,0.012326,0.379672,-1.607084,0.002680,0.021077,0.079177,ok,ok,ok,ok,high,ok,ok,high,high,high,ok,ok,ok,ok,ok,ok,high,high,low,ok,ok,low,low,ok,SUG_JAW_WIDE_01|SUG_CHIN_WIDE_01|SUG_CHEEK_WIDE_01|SUG_LOWER_CHEEK_HIGH_01,SUG_JAW_WIDE_01|SUG_CHIN_WIDE_01|SUG_CHEEK_WIDE_01|SUG_LOWER_CHEEK_HIGH_01,rules_v1,rules_v1,research_lfw,lfw,v1,-1.6125089647248387,-5.520995876884523
lfw_00359,data/raw/images/lfw_00359.jpg,train,0.001001,0.846781,0.243066,0.445942,0.804991,110.048800,0.445942,0.328034,0.986815,0.894560,0.306434,0.196969,1.261626,0.897377,0.096464,0.415440,0.221418,0.194562,0.004855,0.354397,0.246506,0.003313,0.030325,0.093901,low,ok,ok,ok,ok,ok,ok,ok,ok,ok,ok,ok,ok,high,low,high,ok,low,low,ok,high,low,ok,high,SUG_EYE_TILT_HIGH_01|SUG_BROW_LOW_01|SUG_BROW_TILT_HIGH_01|SUG_NOSE_SHORT_01,SUG_EYE_TILT_HIGH_01|SUG_BROW_LOW_01|SUG_BROW_TILT_HIGH_01|SUG_NOSE_SHORT_01,rules_v1,rules_v1,research_lfw,lfw,v1,-0.772850142326206,-12.100051763569356
lfw_00368,data/raw/images/lfw_00368.jpg,train,0.009255,0.895037,0.255641,0.437595,0.799582,109.064173,0.437595,0.327203,0.985000,0.889448,0.199049,0.195820,1.270551,-1.246563,0.108196,-1.130839,0.227616,0.204057,0.033245,0.360037,-1.993371,0.024925,0.029171,0.070544,low,high,ok,ok,ok,ok,ok,ok,ok,ok,low,ok,ok,ok,ok,ok,ok,ok,ok,ok,ok,ok,ok,ok,SUG_FACE_ASPECT_HIGH_01|SUG_EYE_OPEN_LOW_01,SUG_FACE_ASPECT_HIGH_01|SUG_EYE_OPEN_LOW_01,rules_v1,rules_v1,research_lfw,lfw,v1,4.633811116218567,-9.222296757546383
lfw_00373,data/raw/images/lfw_00373.jpg,train,0.005586,0.836505,0.237214,0.437931,0.777579,108.250470,0.437931,0.303392,0.978524,0.872730,0.341107,0.212384,1.253303,-2.080842,0.136049,-2.422672,0.231769,0.197433,0.006140,0.490905,-1.059892,0.071051,0.024623,0.052300,low,ok,low,ok,low,low,ok,low,low,low,high,high,ok,ok,high,ok,ok,ok,low,high,ok,high,ok,low,SUG_MIDFACE_LOW_01|SUG_JAW_NARROW_01|SUG_JAW_ANGLE_LOW_01|SUG_CHIN_NARROW_01,SUG_MIDFACE_LOW_01|SUG_JAW_NARROW_01|SUG_JAW_ANGLE_LOW_01|SUG_CHIN_NARROW_01,rules_v1,rules_v1,research_lfw,lfw,v1,0.8612213144078851,-12.356448369289064
lfw_00374,data/raw/images/lfw_00374.jpg,train,0.010037,0.867763,0.233976,0.443370,0.808464,106.405943,0.443370,0.316113,0.990233,0.900261,0.295923,0.194695,1.231428,-0.074125,0.152452,-0.580873,0.212593,0.199698,0.023208,0.345530,0.550498,0.004054,0.029128,0.082828,ok,ok,low,ok,ok,low,ok,ok,ok,ok,ok,ok,ok,high,high,ok,low,ok,ok,ok,high,low,ok,ok,SUG_MIDFACE_LOW_01|SUG_JAW_ANGLE_LOW_01|SUG_EYE_TILT_HIGH_01|SUG_BROW_HIGH_01,SUG_MIDFACE_LOW_01|SUG_JAW_ANGLE_LOW_01|SUG_EYE_TILT_HIGH_01|SUG_BROW_HIGH_01,rules_v1,rules_v1,research_lfw,lfw,v1,-3.2529002130031586,-13.422415499147176
lfw_00410,data/raw/images/lfw_00410.jpg,train,0.017553,0.808123,0.269352,0.413702,0.764135,115.411193,0.413702,0.309894,0.977342,0.860668,0.302548,0.199211,1.259857,-0.850547,0.103205,-1.150112,0.220109,0.199877,0.029389,0.314355,-0.478246,0.020192,0.036126,0.086428,ok,low,ok,low,low,high,low,ok,low,low,ok,ok,ok,ok,low,ok,ok,ok,ok,low,ok,ok,high,ok,SUG_FACE_ASPECT_LOW_01|SUG_LOWERFACE_LOW_01|SUG_JAW_NARROW_01|SUG_JAW_ANGLE_HIGH_01,SUG_FACE_ASPECT_LOW_01|SUG_LOWERFACE_LOW_01|SUG_JAW_NARROW_01|SUG_JAW_ANGLE_HIGH_01,rules_v1,rules_v1,research_lfw,lfw,v1,-4.026046257466078,-4.619804776172154
lfw_00416,data/raw/images/lfw_00416.jpg,train,0.025180,0.885854,0.313928,0.357427,0.759393,112.846998,0.357427,0.297799,0.974000,0.855860,0.270782,0.203730,1.230942,-1.338016,0.104219,-1.326140,0.212382,0.222832,0.038171,0.320389,0.116730,0.008719,0.024400,0.078195,ok,high,high,low,low,ok,low,low,low,low,ok,ok,ok,ok,low,ok,low,high,ok,low,high,ok,ok,ok,SUG_FACE_ASPECT_HIGH_01|SUG_MIDFACE_HIGH_01|SUG_LOWERFACE_LOW_01|SUG_JAW_NARROW_01,SUG_FACE_ASPECT_HIGH_01|SUG_MIDFACE_HIGH_01|SUG_LOWERFACE_LOW_01|SUG_JAW_NARROW_01,rules_v1,rules_v1,research_lfw,lfw,v1,-5.196176502853632,8.568691476164677
lfw_00424,data/raw/images/lfw_00424.jpg,train,0.028055,0.831748,0.237685,0.433667,0.780497,110.041762,0.433667,0.308411,0.979799,0.873843,0.276073,0.190434,1.273734,-3.042042,0.124770,-3.566649,0.204285,0.195663,0.052128,0.327017,-3.032386,0.006168,0.030717,0.095394,ok,ok,low,ok,low,ok,ok,low,low,low,ok,low,ok,low,ok,low,low,ok,ok,low,low,low,ok,high,SUG_MIDFACE_LOW_01|SUG_JAW_NARROW_01|SUG_CHIN_NARROW_01|SUG_CHEEK_NARROW_01,SUG_MIDFACE_LOW_01|SUG_JAW_NARROW_01|SUG_CHIN_NARROW_01|SUG_CHEEK_NARROW_01,rules_v1,rules_v1,research_lfw,lfw,v1,-7.198388803750277,-11.872908032742695
lfw_00426,data/raw/images/lfw_00426.jpg,train,0.022321,0.851507,0.262307,0.410701,0.773112,110.846166,0.410701,0.309077,0.977573,0.866651,0.258112,0.204679,1.214042,-1.924311,0.120145,-1.520719,0.224827,0.209571,0.077149,0.338120,-2.009334,0.009937,0.029125,0.088881,ok,ok,ok,low,low,ok,low,low,low,low,ok,ok,ok,ok,ok,ok,ok,ok,ok,low,ok,ok,ok,ok,SUG_LOWERFACE_LOW_01|SUG_JAW_NARROW_01|SUG_CHIN_SHORT_01|SUG_CHIN_NARROW_01,SUG_LOWERFACE_LOW_01|SUG_JAW_NARROW_01|SUG_CHIN_SHORT_01|SUG_CHIN_NARROW_01,rules_v1,rules_v1,research_lfw,lfw,v1,11.0586938560009,-5.444380563520133
lfw_00428,data/raw/images/lfw_00428.jpg,train,0.032998,0.833756,0.248172,0.439127,0.782827,111.742754,0.439127,0.314783,0.981821,0.877326,0.305800,0.192208,1.288532,-1.423266,0.106915,-1.636125,0.211631,0.193465,0.072174,0.338000,-0.994358,0.023090,0.033198,0.087043,high,ok,ok,ok,ok,ok,ok,ok,ok,ok,ok,low,high,ok,ok,ok,low,low,ok,low,ok,ok,high,ok,SUG_SYM_HIGH_01|SUG_EYE_SIZE_LOW_01|SUG_EYE_WIDE_01|SUG_NOSE_NARROW_01,SUG_SYM_HIGH_01|SUG_EYE_SIZE_LOW_01|SUG_EYE_WIDE_01|SUG_NOSE_NARROW_01,rules_v1,rules_v1,research_lfw,lfw,v1,-10.154772453010082,-10.605051254032947
lfw_00456,data/raw/images/lfw_00456.jpg,train,0.020572,0.857936,0.285534,0.402382,0.772042,113.446552,0.402382,0.312234,0.976012,0.863782,0.262100,0.210438,1.220826,-1.288399,0.124967,-0.871420,0.226070,0.209451,0.050538,0.344165,-2.021339,0.018285,0.031109,0.078067,ok,ok,high,low,low,high,low,ok,low,low,ok,high,ok,ok,ok,ok,ok,ok,ok,ok,ok,ok,ok,ok,SUG_MIDFACE_HIGH_01|SUG_LOWERFACE_LOW_01|SUG_JAW_NARROW_01|SUG_JAW_ANGLE_HIGH_01,SUG_MIDFACE_HIGH_01|SUG_LOWERFACE_LOW_01|SUG_JAW_NARROW_01|SUG_JAW_ANGLE_HIGH_01,rules_v1,rules_v1,research_lfw,lfw,v1,6.928968083113432,-0.8873150494577972
lfw_00473,data/raw/images/lfw_00473.jpg,train,0.034005,0.841654,0.241569,0.447093,0.812508,110.060701,0.447093,0.324891,0.990743,0.902914,0.311131,0.194976,1.241541,-0.220873,0.110392,-1.095435,0.216878,0.193627,0.067904,0.358913,-1.319334,0.007014,0.029837,0.081984,high,ok,ok,ok,ok,ok,ok,ok,ok,ok,ok,ok,ok,ok,ok,ok,ok,low,ok,ok,ok,ok,ok,ok,SUG_SYM_HIGH_01|SUG_NOSE_SHORT_01,SUG_SYM_HIGH_01|SUG_NOSE_SHORT_01,rules_v1,rules_v1,research_lfw,lfw,v1,-9.249963976442814,-12.45951167408305
lfw_00478,data/raw/images/lfw_00478.jpg,train,0.011442,0.852031,0.283256,0.413684,0.799731,112.641919,0.413684,0.312791,0.985481,0.893129,0.280916,0.200998,1.200010,-2.960318,0.098580,-3.666326,0.222824,0.211108,0.005828,0.437483,-1.966568,0.048417,0.016527,0.054455,ok,ok,high,low,ok,ok,low,ok,ok,ok,ok,ok,ok,low,low,low,ok,ok,low,high,ok,high,low,low,SUG_MIDFACE_HIGH_01|SUG_LOWERFACE_LOW_01|SUG_CHIN_SHORT_01|SUG_EYE_TILT_LOW_01,SUG_MIDFACE_HIGH_01|SUG_LOWERFACE_LOW_01|SUG_CHIN_SHORT_01|SUG_EYE_TILT_LOW_01,rules_v1,rules_v1,research_lfw,lfw,v1,-0.5153743419796228,-2.442986688355065
lfw_00498,data/raw/images/lfw_00498.jpg,train,0.034915,0.789985,0.255774,0.446962,0.803276,114.611493,0.446962,0.330960,0.988835,0.898399,0.306298,0.213986,1.148753,-2.230945,0.115229,-2.126086,0.236156,0.204336,0.103567,0.433735,-1.701994,0.076535,0.030138,0.074880,high,low,ok,ok,ok,high,ok,ok,ok,ok,ok,high,low,low,ok,ok,ok,ok,high,ok,ok,high,ok,ok,SUG_SYM_HIGH_01|SUG_NOSE_DEV_HIGH_01|SUG_FACE_ASPECT_LOW_01|SUG_JAW_ANGLE_HIGH_01,SUG_SYM_HIGH_01|SUG_NOSE_DEV_HIGH_01|SUG_FACE_ASPECT_LOW_01|SUG_JAW_ANGLE_HIGH_01,rules_v1,rules_v1,research_lfw,lfw,v1,14.874595440924168,-10.085461178042964
lfw_00565,data/raw/images/lfw_00565.jpg,train,0.032694,0.875598,0.277982,0.402834,0.774713,110.811566,0.402834,0.309330,0.978135,0.868000,0.278881,0.196226,1.271306,1.010852,0.110050,0.257703,0.228205,0.212767,0.078524,0.379121,1.384933,0.027489,0.024126,0.063718,high,high,high,low,low,ok,low,low,low,low,ok,ok,ok,high,ok,high,ok,high,ok,ok,high,ok,ok,low,SUG_SYM_HIGH_01|SUG_FACE_ASPECT_HIGH_01|SUG_MIDFACE_HIGH_01|SUG_LOWERFACE_LOW_01,SUG_SYM_HIGH_01|SUG_FACE_ASPECT_HIGH_01|SUG_MIDFACE_HIGH_01|SUG_LOWERFACE_LOW_01,rules_v1,rules_v1,research_lfw,lfw,v1,-11.00907526910305,-2.104800409107343
lfw_00586,data/raw/images/lfw_00586.jpg,train,0.028499,0.813039,0.257922,0.428810,0.800968,113.030856,0.428810,0.320391,0.988821,0.892939,0.355771,0.192597,1.302361,-0.097110,0.115781,-0.635341,0.211604,0.201154,0.069771,0.306518,-0.740795,0.019408,0.032915,0.079958,ok,low,ok,ok,ok,ok,ok,ok,ok,ok,high,low,high,high,ok,ok,low,ok,ok,low,ok,ok,high,ok,SUG_FACE_ASPECT_LOW_01|SUG_EYE_OPEN_HIGH_01|SUG_EYE_SIZE_LOW_01|SUG_EYE_WIDE_01,SUG_FACE_ASPECT_LOW_01|SUG_EYE_OPEN_HIGH_01|SUG_EYE_SIZE_LOW_01|SUG_EYE_WIDE_01,rules_v1,rules_v1,research_lfw,lfw,v1,-9.789604313671589,-7.995714386582521
lfw_00588,data/raw/images/lfw_00588.jpg,train,0.009527,0.774327,0.243333,0.451467,0.787041,115.658271,0.451467,0.328961,0.983834,0.880912,0.356961,0.208108,1.187638,-1.440213,0.113921,-0.961179,0.224701,0.196216,0.039657,0.343536,-3.116995,0.029214,0.035611,0.094485,ok,low,ok,high,ok,high,high,ok,ok,ok,high,high,low,ok,ok,ok,ok,ok,ok,ok,low,ok,high,high,SUG_FACE_ASPECT_LOW_01|SUG_LOWERFACE_HIGH_01|SUG_JAW_ANGLE_HIGH_01|SUG_CHIN_LONG_01,SUG_FACE_ASPECT_LOW_01|SUG_LOWERFACE_HIGH_01|SUG_JAW_ANGLE_HIGH_01|SUG_CHIN_LONG_01,rules_v1,rules_v1,research_lfw,lfw,v1,5.63581657782197,-12.560213371224963
lfw_00633,data/raw/images/lfw_00633.jpg,train,0.013053,0.848961,0.238722,0.444287,0.807301,109.243828,0.444287,0.318668,0.987095,0.897595,0.320964,0.206736,1.191178,-1.923015,0.117405,-1.619276,0.218055,0.193850,0.043213,0.386076,-2.384930,0.003343,0.025150,0.088106,ok,ok,ok,ok,ok,ok,ok,ok,ok,ok,ok,ok,low,ok,ok,ok,ok,low,ok,ok,ok,low,ok,ok,SUG_EYE_CLOSE_01|SUG_NOSE_SHORT_01|SUG_LIP_THIN_01,SUG_EYE_CLOSE_01|SUG_NOSE_SHORT_01|SUG_LIP_THIN_01,rules_v1,rules_v1,research_lfw,lfw,v1,6.080147936940193,-12.687150519953407
lfw_00640,data/raw/images/lfw_00640.jpg,train,0.013213,0.815175,0.249027,0.444259,0.796109,112.779363,0.444259,0.320744,0.985352,0.888647,0.298469,0.197368,1.256519,-1.217699,0.106823,-1.578915,0.225193,0.196817,0.014888,0.388814,-1.888458,0.026825,0.028291,0.073915,ok,low,ok,ok,ok,ok,ok,ok,ok,ok,ok,ok,ok,ok,ok,ok,ok,ok,low,ok,ok,ok,ok,ok,SUG_FACE_ASPECT_LOW_01,SUG_FACE_ASPECT_LOW_01,rules_v1,rules_v1,research_lfw,lfw,v1,-2.052111614495516,-10.944259858063601
lfw_00659,data/raw/images/lfw_00659.jpg,train,0.005411,0.838062,0.233372,0.436839,0.783897,107.844090,0.436839,0.292059,0.982820,0.881253,0.391589,0.207744,1.169978,-1.249782,0.144128,-1.212140,0.205005,0.189420,0.021472,0.383841,-2.224053,0.023975,0.030782,0.078127,low,ok,low,ok,ok,low,ok,low,ok,ok,high,ok,low,ok,high,ok,low,low,ok,ok,ok,ok,ok,ok,SUG_MIDFACE_LOW_01|SUG_JAW_ANGLE_LOW_01|SUG_CHIN_NARROW_01|SUG_EYE_OPEN_HIGH_01,SUG_MIDFACE_LOW_01|SUG_JAW_ANGLE_LOW_01|SUG_CHIN_NARROW_01|SUG_EYE_OPEN_HIGH_01,rules_v1,rules_v1,research_lfw,lfw,v1,2.9957098122686148,-12.922687370611252
lfw_00667,data/raw/images/lfw_00667.jpg,train,0.003731,0.896588,0.315968,0.360014,0.761847,111.432490,0.360014,0.300406,0.972296,0.854146,0.354041,0.220420,1.223919,1.770678,0.137602,2.095518,0.235822,0.221323,0.000181,0.366565,-1.497980,0.010711,0.027508,0.066688,low,high,high,low,low,ok,low,low,low,low,high,high,ok,high,high,high,ok,high,low,ok,ok,ok,ok,ok,SUG_FACE_ASPECT_HIGH_01|SUG_MIDFACE_HIGH_01|SUG_LOWERFACE_LOW_01|SUG_JAW_NARROW_01,SUG_FACE_ASPECT_HIGH_01|SUG_MIDFACE_HIGH_01|SUG_LOWERFACE_LOW_01|SUG_JAW_NARROW_01,rules_v1,rules_v1,research_lfw,lfw,v1,-0.10718378836463671,8.535629787320813
lfw_00672,data/raw/images/lfw_00672.jpg,train,0.005575,0.852768,0.275918,0.390531,0.769847,110.284051,0.390531,0.293388,0.977158,0.864568,0.389664,0.217077,1.222359,-1.431441,0.135288,-0.958230,0.222359,0.206752,0.018951,0.361856,-2.682913,0.010637,0.028555,0.077099,low,ok,high,low,low,ok,low,low,low,low,high,high,ok,ok,high,ok,ok,ok,low,ok,low,ok,ok,ok,SUG_MIDFACE_HIGH_01|SUG_LOWERFACE_LOW_01|SUG_JAW_NARROW_01|SUG_CHIN_SHORT_01,SUG_MIDFACE_HIGH_01|SUG_LOWERFACE_LOW_01|SUG_JAW_NARROW_01|SUG_CHIN_SHORT_01,rules_v1,rules_v1,research_lfw,lfw,v1,2.7359840366989374,-1.0778550411621555
lfw_00685,data/raw/images/lfw_00685.jpg,train,0.011346,0.866461,0.236918,0.428798,0.783922,107.310872,0.428798,0.309555,0.984867,0.878293,0.340514,0.206942,1.275716,0.199327,0.150293,0.205097,0.227387,0.194292,0.019055,0.330036,-1.165435,0.022877,0.036836,0.084493,ok,ok,low,ok,ok,low,ok,low,ok,ok,high,ok,ok,high,high,high,ok,low,ok,low,ok,ok,high,ok,SUG_MIDFACE_LOW_01|SUG_JAW_ANGLE_LOW_01|SUG_CHIN_NARROW_01|SUG_EYE_OPEN_HIGH_01,SUG_MIDFACE_LOW_01|SUG_JAW_ANGLE_LOW_01|SUG_CHIN_NARROW_01|SUG_EYE_OPEN_HIGH_01,rules_v1,rules_v1,research_lfw,lfw,v1,-2.5792612060904503,-11.540723222582432
lfw_00688,data/raw/images/lfw_00688.jpg,train,0.028408,0.823270,0.224637,0.441277,0.796161,108.605127,0.441277,0.323053,0.983171,0.885155,0.335622,0.204210,1.363948,2.410462,0.153732,1.801909,0.246693,0.197316,0.094378,0.392820,2.135620,0.010591,0.038507,0.080672,ok,ok,low,ok,ok,low,ok,ok,ok,ok,high,ok,high,high,high,high,high,ok,high,ok,high,ok,high,ok,SUG_NOSE_DEV_HIGH_01|SUG_MIDFACE_LOW_01|SUG_JAW_ANGLE_LOW_01|SUG_EYE_OPEN_HIGH_01,SUG_NOSE_DEV_HIGH_01|SUG_MIDFACE_LOW_01|SUG_JAW_ANGLE_LOW_01|SUG_EYE_OPEN_HIGH_01,rules_v1,rules_v1,research_lfw,lfw,v1,-13.363098040223122,-14.87940049598758
lfw_00705,data/raw/images/lfw_00705.jpg,train,0.029971,0.863978,0.264968,0.414657,0.794117,109.002029,0.414657,0.302208,0.984880,0.887758,0.353096,0.192817,1.215036,-1.095386,0.126204,-1.412299,0.206452,0.206607,0.058078,0.362880,-1.548343,0.006399,0.024799,0.079451,ok,ok,ok,ok,ok,ok,ok,low,ok,ok,high,low,ok,ok,ok,ok,low,ok,ok,ok,ok,ok,ok,ok,SUG_CHIN_NARROW_01|SUG_EYE_OPEN_HIGH_01|SUG_EYE_SIZE_LOW_01|SUG_NOSE_NARROW_01,SUG_CHIN_NARROW_01|SUG_EYE_OPEN_HIGH_01|SUG_EYE_SIZE_LOW_01|SUG_NOSE_NARROW_01,rules_v1,rules_v1,research_lfw,lfw,v1,-8.149169705808163,-5.422686247818869
lfw_00709,data/raw/images/lfw_00709.jpg,train,0.022974,0.826617,0.256184,0.450855,0.794369,114.820547,0.450855,0.340422,0.987628,0.889252,0.254224,0.201006,1.199252,-8.893228,0.109063,-8.585079,0.218544,0.200216,0.087735,0.313337,-9.077503,0.066944,0.035824,0.087215,ok,ok,ok,ok,ok,high,ok,high,ok,ok,ok,ok,low,low,ok,low,ok,ok,high,low,low,high,high,ok,SUG_NOSE_DEV_HIGH_01|SUG_JAW_ANGLE_HIGH_01|SUG_CHIN_WIDE_01|SUG_EYE_CLOSE_01,SUG_NOSE_DEV_HIGH_01|SUG_JAW_ANGLE_HIGH_01|SUG_CHIN_WIDE_01|SUG_EYE_CLOSE_01,rules_v1,rules_v1,research_lfw,lfw,v1,12.533515401184559,-10.379905536940088
lfw_00722,data/raw/images/lfw_00722.jpg,train,0.014510,0.895330,0.238115,0.450651,0.788947,107.884279,0.450651,0.313794,0.981938,0.882623,0.296984,0.207696,1.248812,-3.423206,0.112115,-3.527225,0.223296,0.183864,0.001615,0.428129,-2.733073,0.059816,0.024280,0.059772,ok,high,low,ok,ok,low,ok,ok,ok,ok,ok,ok,ok,low,ok,low,ok,low,low,ok,low,high,ok,low,SUG_FACE_ASPECT_HIGH_01|SUG_MIDFACE_LOW_01|SUG_JAW_ANGLE_LOW_01|SUG_EYE_TILT_LOW_01,SUG_FACE_ASPECT_HIGH_01|SUG_MIDFACE_LOW_01|SUG_JAW_ANGLE_LOW_01|SUG_EYE_TILT_LOW_01,rules_v1,rules_v1,research_lfw,lfw,v1,-0.03212043677922338,-13.37161361187195
lfw_00767,data/raw/images/lfw_00767.jpg,train,0.016842,0.865135,0.299142,0.408261,0.810746,114.210402,0.408261,0.345957,0.985864,0.895379,0.244053,0.215809,1.224105,-1.868955,0.107211,-1.818114,0.250342,0.223661,0.058693,0.402392,-1.968760,0.002329,0.022980,0.071412,ok,ok,high,low,ok,high,low,high,ok,ok,ok,high,ok,ok,ok,ok,high,high,ok,ok,ok,low,ok,ok,SUG_MIDFACE_HIGH_01|SUG_LOWERFACE_LOW_01|SUG_JAW_ANGLE_HIGH_01|SUG_CHIN_SHORT_01,SUG_MIDFACE_HIGH_01|SUG_LOWERFACE_LOW_01|SUG_JAW_ANGLE_HIGH_01|SUG_CHIN_SHORT_01,rules_v1,rules_v1,research_lfw,lfw,v1,8.36106502264738,0.5172513993646438
lfw_00770,data/raw/images/lfw_00770.jpg,train,0.008981,0.872503,0.245766,0.422333,0.781270,106.836296,0.422333,0.308708,0.981041,0.875010,0.278071,0.194131,1.299945,-1.065603,0.124201,-1.224908,0.223477,0.205500,0.019416,0.341627,-0.625638,0.010088,0.030131,0.082138,low,ok,ok,ok,low,low,ok,low,ok,low,ok,ok,high,ok,ok,ok,ok,ok,ok,low,ok,ok,ok,ok,SUG_JAW_NARROW_01|SUG_JAW_ANGLE_LOW_01|SUG_CHIN_NARROW_01|SUG_LOWER_CHEEK_LOW_01,SUG_JAW_NARROW_01|SUG_JAW_ANGLE_LOW_01|SUG_CHIN_NARROW_01|SUG_LOWER_CHEEK_LOW_01,rules_v1,rules_v1,research_lfw,lfw,v1,-2.7469473984092474,-9.385430814716003
lfw_00790,data/raw/images/lfw_00790.jpg,train,0.008403,0.826211,0.239097,0.452927,0.803594,111.200410,0.452927,0.337045,0.988940,0.894558,0.310766,0.200832,1.268661,-1.212344,0.133807,-1.728123,0.238794,0.198466,0.017405,0.352140,-1.291676,0.029095,0.036060,0.084757,low,ok,ok,high,ok,ok,high,high,ok,ok,ok,ok,ok,ok,high,ok,high,ok,low,ok,ok,ok,high,ok,SUG_LOWERFACE_HIGH_01|SUG_CHIN_LONG_01|SUG_CHIN_WIDE_01|SUG_BROW_HIGH_01,SUG_LOWERFACE_HIGH_01|SUG_CHIN_LONG_01|SUG_CHIN_WIDE_01|SUG_BROW_HIGH_01,rules_v1,rules_v1,research_lfw,lfw,v1,-2.4961779043078423,-13.409128081500564
lfw_00830,data/raw/images/lfw_00830.jpg,train,0.027949,0.833195,0.244847,0.440276,0.788953,111.655532,0.440276,0.322468,0.982794,0.881301,0.287714,0.195804,1.270409,-1.641322,0.124446,-2.513078,0.224658,0.196451,0.057610,0.357869,-0.845770,0.018431,0.033069,0.092096,ok,ok,ok,ok,ok,ok,ok,ok,ok,ok,ok,ok,ok,ok,ok,low,ok,ok,ok,ok,ok,ok,high,high,SUG_BROW_TILT_LOW_01|SUG_UPPER_LIP_HIGH_01|SUG_PHILTRUM_HIGH_01,SUG_BROW_TILT_LOW_01|SUG_UPPER_LIP_HIGH_01|SUG_PHILTRUM_HIGH_01,rules_v1,rules_v1,research_lfw,lfw,v1,-8.004495911300182,-11.272093935967229
lfw_00845,data/raw/images/lfw_00845.jpg,train,0.013176,0.848059,0.289254,0.392372,0.789531,113.799597,0.392372,0.311748,0.982097,0.881829,0.243359,0.201112,1.211268,-1.136567,0.120840,-0.552757,0.229010,0.218710,0.041983,0.357982,-1.673880,0.010172,0.021811,0.082307,ok,ok,high,low,ok,high,low,ok,ok,ok,ok,ok,ok,ok,ok,ok,ok,high,ok,ok,ok,ok,ok,ok,SUG_MIDFACE_HIGH_01|SUG_LOWERFACE_LOW_01|SUG_JAW_ANGLE_HIGH_01|SUG_CHIN_SHORT_01,SUG_MIDFACE_HIGH_01|SUG_LOWERFACE_LOW_01|SUG_JAW_ANGLE_HIGH_01|SUG_CHIN_SHORT_01,rules_v1,rules_v1,research_lfw,lfw,v1,6.096916604787111,0.7845944535226751
lfw_00852,data/raw/images/lfw_00852.jpg,train,0.025452,0.832259,0.238548,0.449221,0.807478,110.962201,0.449221,0.328424,0.987208,0.898227,0.247237,0.193037,1.264455,-2.080999,0.140118,-1.983181,0.234480,0.203542,0.046189,0.435616,-2.858299,0.039915,0.022195,0.066637,ok,ok,ok,ok,ok,ok,ok,ok,ok,ok,ok,ok,ok,ok,high,ok,ok,ok,ok,high,low,ok,ok,ok,SUG_BROW_HIGH_01|SUG_MOUTH_WIDE_01|SUG_MOUTH_TILT_LOW_01,SUG_BROW_HIGH_01|SUG_MOUTH_WIDE_01|SUG_MOUTH_TILT_LOW_01,rules_v1,rules_v1,research_lfw,lfw,v1,-6.310694262385368,-13.168112187143663
lfw_00855,data/raw/images/lfw_00855.jpg,train,0.014993,0.858606,0.257539,0.425713,0.801004,109.547564,0.425713,0.317096,0.984785,0.892601,0.335136,0.204064,1.156489,-1.674436,0.144512,-1.715502,0.219995,0.209576,0.052793,0.364910,-1.962164,0.008463,0.025764,0.088262,ok,ok,ok,ok,ok,ok,ok,ok,ok,ok,high,ok,low,ok,high,ok,ok,ok,ok,ok,ok,ok,ok,ok,SUG_EYE_OPEN_HIGH_01|SUG_EYE_CLOSE_01|SUG_BROW_HIGH_01,SUG_EYE_OPEN_HIGH_01|SUG_EYE_CLOSE_01|SUG_BROW_HIGH_01,rules_v1,rules_v1,research_lfw,lfw,v1,7.497672367841005,-7.752240436920491
lfw_00865,data/raw/images/lfw_00865.jpg,train,0.005003,0.839232,0.253224,0.436975,0.787370,111.183343,0.436975,0.308470,0.982939,0.883691,0.371123,0.204708,1.165406,-0.605264,0.132732,0.346480,0.208700,0.198473,0.020056,0.371037,-2.661433,0.049400,0.027652,0.079625,low,ok,ok,ok,ok,ok,ok,low,ok,ok,high,ok,low,ok,high,high,low,ok,ok,ok,low,high,ok,ok,SUG_CHIN_NARROW_01|SUG_EYE_OPEN_HIGH_01|SUG_EYE_CLOSE_01|SUG_BROW_HIGH_01,SUG_CHIN_NARROW_01|SUG_EYE_OPEN_HIGH_01|SUG_EYE_CLOSE_01|SUG_BROW_HIGH_01,rules_v1,rules_v1,research_lfw,lfw,v1,2.797695329412818,-9.560487909083943
lfw_00866,data/raw/images/lfw_00866.jpg,train,0.028146,0.832327,0.242566,0.442384,0.781110,110.857647,0.442384,0.314135,0.978565,0.874869,0.350778,0.212953,1.123625,-2.145999,0.168752,-1.992915,0.218134,0.202297,0.094412,0.379602,-2.453173,0.036679,0.031277,0.083416,ok,ok,ok,ok,low,ok,ok,ok,low,low,high,high,low,ok,high,ok,ok,ok,high,ok,ok,ok,ok,ok,SUG_NOSE_DEV_HIGH_01|SUG_JAW_NARROW_01|SUG_CHEEK_NARROW_01|SUG_LOWER_CHEEK_LOW_01,SUG_NOSE_DEV_HIGH_01|SUG_JAW_NARROW_01|SUG_CHEEK_NARROW_01|SUG_LOWER_CHEEK_LOW_01,rules_v1,rules_v1,research_lfw,lfw,v1,13.549015559256077,-11.85522200074403
lfw_00871,data/raw/images/lfw_00871.jpg,train,0.011979,0.847049,0.231757,0.448234,0.814658,108.151014,0.448234,0.312369,0.990896,0.906024,0.303495,0.195761,1.206110,-1.205265,0.126505,-1.748783,0.217935,0.193428,0.019352,0.415570,-0.974752,0.006196,0.026077,0.085692,ok,ok,low,ok,ok,low,ok,ok,high,high,ok,ok,ok,ok,ok,ok,ok,low,ok,ok,ok,low,ok,ok,SUG_MIDFACE_LOW_01|SUG_JAW_ANGLE_LOW_01|SUG_CHEEK_WIDE_01|SUG_LOWER_CHEEK_HIGH_01,SUG_MIDFACE_LOW_01|SUG_JAW_ANGLE_LOW_01|SUG_CHEEK_WIDE_01|SUG_LOWER_CHEEK_HIGH_01,rules_v1,rules_v1,research_lfw,lfw,v1,-2.7056001741439104,-14.251757360938038
lfw_00885,data/raw/images/lfw_00885.jpg,train,0.052696,0.848793,0.272223,0.410735,0.798774,112.271448,0.410735,0.304616,0.986856,0.893288,0.278516,0.188449,1.231973,-1.371994,0.113354,-2.020968,0.216099,0.206307,0.104101,0.400352,-1.731841,0.036059,0.018806,0.065515,high,ok,high,low,ok,ok,low,low,ok,ok,ok,low,ok,ok,ok,ok,low,ok,high,ok,ok,ok,low,low,SUG_SYM_HIGH_01|SUG_NOSE_DEV_HIGH_01|SUG_MIDFACE_HIGH_01|SUG_LOWERFACE_LOW_01,SUG_SYM_HIGH_01|SUG_NOSE_DEV_HIGH_01|SUG_MIDFACE_HIGH_01|SUG_LOWERFACE_LOW_01,rules_v1,rules_v1,research_lfw,lfw,v1,-14.518281407654285,-3.853080205534201
lfw_00888,data/raw/images/lfw_00888.jpg,train,0.008578,0.888972,0.274909,0.402052,0.802735,108.839478,0.402052,0.326707,0.985811,0.891568,0.376598,0.210577,1.186088,0.535026,0.160141,0.964815,0.236913,0.220181,0.022420,0.358181,2.882496,0.001019,0.025474,0.082187,low,high,high,low,ok,ok,low,ok,ok,ok,high,high,low,high,high,high,ok,high,ok,ok,high,low,ok,ok,SUG_FACE_ASPECT_HIGH_01|SUG_MIDFACE_HIGH_01|SUG_LOWERFACE_LOW_01|SUG_CHIN_SHORT_01,SUG_FACE_ASPECT_HIGH_01|SUG_MIDFACE_HIGH_01|SUG_LOWERFACE_LOW_01|SUG_CHIN_SHORT_01,rules_v1,rules_v1,research_lfw,lfw,v1,-3.1273305024951696,-2.503198365176483
lfw_00895,data/raw/images/lfw_00895.jpg,train,0.011767,0.845126,0.244106,0.450448,0.805069,110.249688,0.450448,0.327159,0.988407,0.896382,0.297368,0.189019,1.234179,-0.970561,0.106879,-1.548726,0.209342,0.197155,0.027258,0.322376,-0.483395,0.013051,0.032221,0.090165,ok,ok,ok,ok,ok,ok,ok,ok,ok,ok,ok,low,ok,ok,ok,ok,low,ok,ok,low,ok,ok,high,ok,SUG_EYE_SIZE_LOW_01|SUG_NOSE_NARROW_01|SUG_MOUTH_NARROW_01|SUG_UPPER_LIP_HIGH_01,SUG_EYE_SIZE_LOW_01|SUG_NOSE_NARROW_01|SUG_MOUTH_NARROW_01|SUG_UPPER_LIP_HIGH_01,rules_v1,rules_v1,research_lfw,lfw,v1,-3.9436276238411665,-12.337620779597112
lfw_00898,data/raw/images/lfw_00898.jpg,train,0.019251,0.824980,0.244937,0.434117,0.787645,111.338708,0.434117,0.313878,0.982201,0.879522,0.318098,0.202318,1.234538,-1.111146,0.120226,-0.117790,0.213936,0.198446,0.050093,0.334433,-2.828009,0.014750,0.027213,0.079177,ok,ok,ok,ok,ok,ok,ok,ok,ok,ok,ok,ok,ok,ok,ok,high,low,ok,ok,low,low,ok,ok,ok,SUG_BROW_TILT_HIGH_01|SUG_NOSE_NARROW_01|SUG_MOUTH_NARROW_01|SUG_MOUTH_TILT_LOW_01,SUG_BROW_TILT_HIGH_01|SUG_NOSE_NARROW_01|SUG_MOUTH_NARROW_01|SUG_MOUTH_TILT_LOW_01,rules_v1,rules_v1,research_lfw,lfw,v1,6.954996306449175,-10.673382756501379
lfw_00908,data/raw/images/lfw_00908.jpg,train,0.008650,0.928011,0.253399,0.470418,0.835457,108.348853,0.470418,0.362942,0.995825,0.919857,0.264850,0.201410,1.209899,-1.063356,0.116239,-1.601633,0.226176,0.201781,0.006648,0.337639,2.352014,0.015682,0.029795,0.094679,low,high,ok,high,high,low,high,high,high,high,ok,ok,ok,ok,ok,ok,ok,ok,low,low,high,ok,ok,high,SUG_FACE_ASPECT_HIGH_01|SUG_LOWERFACE_HIGH_01|SUG_JAW_WIDE_01|SUG_JAW_ANGLE_LOW_01,SUG_FACE_ASPECT_HIGH_01|SUG_LOWERFACE_HIGH_01|SUG_JAW_WIDE_01|SUG_JAW_ANGLE_LOW_01,rules_v1,rules_v1,research_lfw,lfw,v1,0.9675250654108822,-12.584190047853603
lfw_00943,data/raw/images/lfw_00943.jpg,train,0.024396,0.861435,0.298914,0.366785,0.762683,113.010008,0.366785,0.309413,0.972507,0.856818,0.300338,0.224232,1.196986,8.664177,0.124997,8.621939,0.259578,0.226014,0.024243,0.424538,7.830111,0.014552,0.026379,0.086566,ok,ok,high,low,low,ok,low,low,low,low,ok,high,low,high,ok,high,high,high,ok,ok,high,ok,ok,ok,SUG_MIDFACE_HIGH_01|SUG_LOWERFACE_LOW_01|SUG_JAW_NARROW_01|SUG_CHIN_SHORT_01,SUG_MIDFACE_HIGH_01|SUG_LOWERFACE_LOW_01|SUG_JAW_NARROW_01|SUG_CHIN_SHORT_01,rules_v1,rules_v1,research_lfw,lfw,v1,3.0806892681866884,5.224031777647266
lfw_00948,data/raw/images/lfw_00948.jpg,train,0.046270,0.858754,0.342229,0.347600,0.771880,117.010628,0.347600,0.319203,0.975592,0.863016,0.207461,0.219616,1.200330,-2.165005,0.097260,-1.500256,0.241079,0.242995,0.095549,0.359778,-2.579119,0.004570,0.020070,0.071971,high,ok,high,low,low,high,low,ok,low,low,low,high,ok,ok,low,ok,high,high,high,ok,low,low,low,ok,SUG_SYM_HIGH_01|SUG_NOSE_DEV_HIGH_01|SUG_MIDFACE_HIGH_01|SUG_LOWERFACE_LOW_01,SUG_SYM_HIGH_01|SUG_NOSE_DEV_HIGH_01|SUG_MIDFACE_HIGH_01|SUG_LOWERFACE_LOW_01,rules_v1,rules_v1,research_lfw,lfw,v1,13.20322859287262,13.699151915905476
lfw_00965,data/raw/images/lfw_00965.jpg,train,0.004912,0.818048,0.268957,0.432150,0.801098,115.489521,0.432150,0.339712,0.986399,0.890602,0.240445,0.216330,1.308613,1.752473,0.119419,0.996878,0.259717,0.208859,0.009333,0.476262,2.781256,0.053125,0.028322,0.064047,low,low,ok,ok,ok,high,ok,high,ok,ok,ok,high,high,high,ok,high,high,ok,low,high,high,high,ok,low,SUG_FACE_ASPECT_LOW_01|SUG_JAW_ANGLE_HIGH_01|SUG_CHIN_WIDE_01|SUG_EYE_SIZE_HIGH_01,SUG_FACE_ASPECT_LOW_01|SUG_JAW_ANGLE_HIGH_01|SUG_CHIN_WIDE_01|SUG_EYE_SIZE_HIGH_01,rules_v1,rules_v1,research_lfw,lfw,v1,1.735160700045526,-6.548824880533422
lfw_00966,data/raw/images/lfw_00966.jpg,train,0.009345,0.791306,0.235816,0.457039,0.820048,113.913518,0.457039,0.338204,0.991972,0.907085,0.263277,0.209032,1.343512,-1.821433,0.124312,-1.582850,0.243205,0.194243,0.015189,0.419203,-2.437321,0.018989,0.034692,0.078425,ok,low,low,high,high,high,high,high,high,high,ok,high,high,ok,ok,ok,high,low,low,ok,ok,ok,high,ok,SUG_FACE_ASPECT_LOW_01|SUG_MIDFACE_LOW_01|SUG_LOWERFACE_HIGH_01|SUG_JAW_WIDE_01,SUG_FACE_ASPECT_LOW_01|SUG_MIDFACE_LOW_01|SUG_LOWERFACE_HIGH_01|SUG_JAW_WIDE_01,rules_v1,rules_v1,research_lfw,lfw,v1,2.397586061619222,-14.336130585610839
lfw_00971,data/raw/images/lfw_00971.jpg,train,0.002956,0.868916,0.309306,0.378985,0.806018,114.056582,0.378985,0.316580,0.986319,0.895502,0.179276,0.201328,1.267849,-0.643446,0.089275,-1.450004,0.242394,0.226489,0.001850,0.430826,0.768108,0.019512,0.010841,0.051299,low,ok,high,low,ok,high,low,ok,ok,ok,low,ok,ok,ok,low,ok,high,high,low,ok,high,ok,low,low,SUG_MIDFACE_HIGH_01|SUG_LOWERFACE_LOW_01|SUG_JAW_ANGLE_HIGH_01|SUG_CHIN_SHORT_01,SUG_MIDFACE_HIGH_01|SUG_LOWERFACE_LOW_01|SUG_JAW_ANGLE_HIGH_01|SUG_CHIN_SHORT_01,rules_v1,rules_v1,research_lfw,lfw,v1,0.5101117766462266,5.2889147803426395
lfw_00984,data/raw/images/lfw_00984.jpg,train,0.027908,0.811133,0.236990,0.441247,0.782488,112.107705,0.441247,0.314805,0.982871,0.877864,0.298496,0.199279,1.272823,-1.096886,0.124085,-1.650001,0.231012,0.192571,0.053017,0.362254,-1.602824,0.040998,0.033376,0.079440,ok,low,low,ok,low,ok,ok,ok,ok,ok,ok,ok,ok,ok,ok,ok,ok,low,ok,ok,ok,ok,high,ok,SUG_FACE_ASPECT_LOW_01|SUG_MIDFACE_LOW_01|SUG_JAW_NARROW_01|SUG_NOSE_SHORT_01,SUG_FACE_ASPECT_LOW_01|SUG_MIDFACE_LOW_01|SUG_JAW_NARROW_01|SUG_NOSE_SHORT_01,rules_v1,rules_v1,research_lfw,lfw,v1,-7.26891353353858,-12.704141965121892
lfw_00998,data/raw/images/lfw_00998.jpg,train,0.025325,0.854332,0.250294,0.460771,0.803386,112.576828,0.460771,0.341121,0.985673,0.891238,0.255033,0.211353,1.235767,1.569099,0.115022,2.452642,0.221805,0.194818,0.055844,0.356011,0.014606,0.030143,0.034189,0.079346,ok,ok,ok,high,ok,ok,high,high,ok,ok,ok,high,ok,high,ok,high,ok,low,ok,ok,ok,ok,high,ok,SUG_LOWERFACE_HIGH_01|SUG_CHIN_LONG_01|SUG_CHIN_WIDE_01|SUG_EYE_SIZE_HIGH_01,SUG_LOWERFACE_HIGH_01|SUG_CHIN_LONG_01|SUG_CHIN_WIDE_01|SUG_EYE_SIZE_HIGH_01,rules_v1,rules_v1,research_lfw,lfw,v1,7.586616430431604,-12.240192228007542
lfw_00999,data/raw/images/lfw_00999.jpg,train,0.021479,0.888509,0.254188,0.461695,0.833837,109.378607,0.461695,0.348548,0.994157,0.918944,0.326227,0.199352,1.229851,-0.719319,0.124369,-0.862740,0.221168,0.200132,0.048387,0.371350,-0.491227,0.006157,0.027874,0.082689,ok,high,ok,high,high,ok,high,high,high,high,high,ok,ok,ok,ok,ok,ok,ok,ok,ok,ok,low,ok,ok,SUG_FACE_ASPECT_HIGH_01|SUG_LOWERFACE_HIGH_01|SUG_JAW_WIDE_01|SUG_CHIN_LONG_01,SUG_FACE_ASPECT_HIGH_01|SUG_LOWERFACE_HIGH_01|SUG_JAW_WIDE_01|SUG_CHIN_LONG_01,rules_v1,rules_v1,research_lfw,lfw,v1,-6.903295621275902,-11.687520203330545
lfw_01003,data/raw/images/lfw_01003.jpg,train,0.027713,0.820379,0.252296,0.433848,0.789336,111.337170,0.433848,0.310663,0.982911,0.882509,0.378363,0.202442,1.238316,-0.220685,0.113084,-1.423183,0.212026,0.197408,0.073471,0.375143,2.304499,0.010905,0.032113,0.080160,ok,ok,ok,ok,ok,ok,ok,ok,ok,ok,high,ok,ok,ok,ok,ok,low,ok,ok,ok,high,ok,high,ok,SUG_EYE_OPEN_HIGH_01|SUG_NOSE_NARROW_01|SUG_MOUTH_TILT_HIGH_01|SUG_UPPER_LIP_HIGH_01,SUG_EYE_OPEN_HIGH_01|SUG_NOSE_NARROW_01|SUG_MOUTH_TILT_HIGH_01|SUG_UPPER_LIP_HIGH_01,rules_v1,rules_v1,research_lfw,lfw,v1,-10.462420485913754,-9.413653947950985
lfw_01014,data/raw/images/lfw_01014.jpg,train,0.032882,0.930474,0.262336,0.423367,0.816571,107.311666,0.423367,0.328363,0.989541,0.905523,0.168159,0.193101,1.358430,4.359912,0.106066,4.188093,0.243925,0.210837,0.101245,0.449710,3.123835,0.031726,0.018005,0.057337,high,high,ok,ok,high,low,ok,ok,ok,high,low,ok,high,high,low,high,high,ok,high,high,high,ok,low,low,SUG_SYM_HIGH_01|SUG_NOSE_DEV_HIGH_01|SUG_FACE_ASPECT_HIGH_01|SUG_JAW_WIDE_01,SUG_SYM_HIGH_01|SUG_NOSE_DEV_HIGH_01|SUG_FACE_ASPECT_HIGH_01|SUG_JAW_WIDE_01,rules_v1,rules_v1,research_lfw,lfw,v1,-14.182581558823586,-6.735622693769578
lfw_01024,data/raw/images/lfw_01024.jpg,train,0.022580,0.923524,0.240929,0.439348,0.801406,105.409106,0.439348,0.314053,0.986358,0.892985,0.202421,0.193436,1.249444,-0.440101,0.113534,-0.695350,0.218678,0.198435,0.060967,0.371303,-1.989225,0.017159,0.027064,0.070491,ok,high,ok,ok,ok,low,ok,ok,ok,ok,low,ok,ok,ok,ok,ok,ok,ok,ok,ok,ok,ok,ok,ok,SUG_FACE_ASPECT_HIGH_01|SUG_JAW_ANGLE_LOW_01|SUG_EYE_OPEN_LOW_01,SUG_FACE_ASPECT_HIGH_01|SUG_JAW_ANGLE_LOW_01|SUG_EYE_OPEN_LOW_01,rules_v1,rules_v1,research_lfw,lfw,v1,8.653118524700403,-11.850494303966068
lfw_01064,data/raw/images/lfw_01064.jpg,train,0.040222,0.827869,0.228412,0.426222,0.770034,108.051504,0.426222,0.294742,0.978559,0.865770,0.220842,0.190449,1.345122,0.166155,0.153683,-0.431716,0.217247,0.199568,0.096506,0.363538,0.375319,0.004908,0.031677,0.075670,high,ok,low,ok,low,low,ok,low,low,low,low,low,high,high,high,ok,ok,ok,high,ok,high,low,ok,ok,SUG_SYM_HIGH_01|SUG_NOSE_DEV_HIGH_01|SUG_MIDFACE_LOW_01|SUG_JAW_NARROW_01,SUG_SYM_HIGH_01|SUG_NOSE_DEV_HIGH_01|SUG_MIDFACE_LOW_01|SUG_JAW_NARROW_01,rules_v1,rules_v1,research_lfw,lfw,v1,-13.386293917894363,-12.795109702444728
lfw_01072,data/raw/images/lfw_01072.jpg,train,0.024553,0.866326,0.227092,0.437663,0.784457,105.146799,0.437663,0.299963,0.980335,0.877669,0.361850,0.197864,1.253564,-0.970017,0.147550,-1.314898,0.208983,0.194093,0.053899,0.381373,-0.128795,0.002977,0.028283,0.081599,ok,ok,low,ok,ok,low,ok,low,low,ok,high,ok,ok,ok,high,ok,low,low,ok,ok,ok,low,ok,ok,SUG_MIDFACE_LOW_01|SUG_JAW_ANGLE_LOW_01|SUG_CHIN_NARROW_01|SUG_CHEEK_NARROW_01,SUG_MIDFACE_LOW_01|SUG_JAW_ANGLE_LOW_01|SUG_CHIN_NARROW_01|SUG_CHEEK_NARROW_01,rules_v1,rules_v1,research_lfw,lfw,v1,-7.566559676080942,-14.108727076261898
lfw_01088,data/raw/images/lfw_01088.jpg,train,0.034445,0.900290,0.267096,0.414781,0.817404,107.258892,0.414781,0.327738,0.989348,0.905220,0.243894,0.191150,1.283020,-1.784657,0.140528,-2.675730,0.238735,0.217877,0.077684,0.392548,-1.594737,0.001639,0.025750,0.077994,high,high,ok,ok,high,low,ok,ok,ok,high,ok,low,ok,ok,high,low,high,high,ok,ok,ok,low,ok,ok,SUG_SYM_HIGH_01|SUG_FACE_ASPECT_HIGH_01|SUG_JAW_WIDE_01|SUG_JAW_ANGLE_LOW_01,SUG_SYM_HIGH_01|SUG_FACE_ASPECT_HIGH_01|SUG_JAW_WIDE_01|SUG_JAW_ANGLE_LOW_01,rules_v1,rules_v1,research_lfw,lfw,v1,-10.852307327091694,-5.092718136777663
lfw_01095,data/raw/images/lfw_01095.jpg,train,0.005960,0.776547,0.274387,0.428308,0.805944,117.273566,0.428308,0.337910,0.987911,0.895783,0.315961,0.209414,1.236896,-1.281367,0.089827,-1.234152,0.242387,0.208979,0.023852,0.383988,-1.608305,0.016848,0.031974,0.091398,low,low,high,ok,ok,high,ok,high,ok,ok,ok,high,ok,ok,low,ok,high,ok,ok,ok,ok,ok,high,high,SUG_FACE_ASPECT_LOW_01|SUG_MIDFACE_HIGH_01|SUG_JAW_ANGLE_HIGH_01|SUG_CHIN_WIDE_01,SUG_FACE_ASPECT_LOW_01|SUG_MIDFACE_HIGH_01|SUG_JAW_ANGLE_HIGH_01|SUG_CHIN_WIDE_01,rules_v1,rules_v1,research_lfw,lfw,v1,3.489421896636486,-5.3139035291185195
lfw_01139,data/raw/images/lfw_01139.jpg,train,0.014421,0.771701,0.239236,0.439575,0.765772,114.775684,0.439575,0.313649,0.978009,0.861074,0.337501,0.207247,1.269800,-0.443117,0.129561,-1.105169,0.227665,0.191561,0.033581,0.341825,-1.262960,0.018609,0.040940,0.091970,ok,low,ok,ok,low,high,ok,ok,low,low,high,ok,ok,ok,ok,ok,ok,low,ok,low,ok,ok,high,high,SUG_FACE_ASPECT_LOW_01|SUG_JAW_NARROW_01|SUG_JAW_ANGLE_HIGH_01|SUG_CHEEK_NARROW_01,SUG_FACE_ASPECT_LOW_01|SUG_JAW_NARROW_01|SUG_JAW_ANGLE_HIGH_01|SUG_CHEEK_NARROW_01,rules_v1,rules_v1,research_lfw,lfw,v1,-4.685128848999739,-12.161858557827594
lfw_01149,data/raw/images/lfw_01149.jpg,train,0.025236,0.794848,0.248283,0.456131,0.785301,115.152130,0.456131,0.317737,0.986580,0.884945,0.340931,0.190770,1.216086,1.710541,0.094127,0.533568,0.205554,0.189422,0.070713,0.371058,3.216399,0.092565,0.028556,0.077401,ok,low,ok,high,ok,high,high,ok,ok,ok,high,low,ok,high,low,high,low,low,ok,ok,high,high,ok,ok,SUG_FACE_ASPECT_LOW_01|SUG_LOWERFACE_HIGH_01|SUG_JAW_ANGLE_HIGH_01|SUG_CHIN_LONG_01,SUG_FACE_ASPECT_LOW_01|SUG_LOWERFACE_HIGH_01|SUG_JAW_ANGLE_HIGH_01|SUG_CHIN_LONG_01,rules_v1,rules_v1,research_lfw,lfw,v1,-9.953177690505981,-12.155795416197648
lfw_01178,data/raw/images/lfw_01178.jpg,train,0.008724,0.808307,0.287142,0.403589,0.793732,114.772622,0.403589,0.308428,0.983748,0.889115,0.321926,0.205445,1.169671,-0.702499,0.118490,-0.983952,0.230013,0.219287,0.009400,0.467848,-0.501095,0.046708,0.016830,0.063393,low,low,high,low,ok,high,low,low,ok,ok,ok,ok,low,ok,ok,ok,ok,high,low,high,ok,high,low,low,SUG_FACE_ASPECT_LOW_01|SUG_MIDFACE_HIGH_01|SUG_LOWERFACE_LOW_01|SUG_JAW_ANGLE_HIGH_01,SUG_FACE_ASPECT_LOW_01|SUG_MIDFACE_HIGH_01|SUG_LOWERFACE_LOW_01|SUG_JAW_ANGLE_HIGH_01,rules_v1,rules_v1,research_lfw,lfw,v1,-1.1399820735678077,-0.7726852924472719
lfw_01199,data/raw/images/lfw_01199.jpg,train,0.021426,0.854634,0.258531,0.428453,0.780628,110.342024,0.428453,0.318931,0.978609,0.872341,0.353271,0.200907,1.242809,-0.025666,0.136070,-1.299697,0.210742,0.205526,0.062119,0.341152,-0.023081,0.006409,0.032402,0.086489,ok,ok,ok,ok,low,ok,ok,ok,low,low,high,ok,ok,high,high,ok,low,ok,ok,low,ok,ok,high,ok,SUG_JAW_NARROW_01|SUG_CHEEK_NARROW_01|SUG_LOWER_CHEEK_LOW_01|SUG_EYE_OPEN_HIGH_01,SUG_JAW_NARROW_01|SUG_CHEEK_NARROW_01|SUG_LOWER_CHEEK_LOW_01|SUG_EYE_OPEN_HIGH_01,rules_v1,rules_v1,research_lfw,lfw,v1,-8.976006768643856,-7.861106235699229
lfw_01232,data/raw/images/lfw_01232.jpg,train,0.009198,0.861386,0.240309,0.445578,0.796896,109.981109,0.445578,0.331310,0.983165,0.885366,0.210760,0.191405,1.251973,-2.612223,0.120172,-3.479022,0.222932,0.200903,0.013512,0.344964,-2.209661,0.020756,0.026641,0.080217,low,ok,ok,ok,ok,ok,ok,ok,ok,ok,low,low,ok,low,ok,low,ok,ok,low,ok,ok,ok,ok,ok,SUG_EYE_OPEN_LOW_01|SUG_EYE_SIZE_LOW_01|SUG_EYE_TILT_LOW_01|SUG_BROW_TILT_LOW_01,SUG_EYE_OPEN_LOW_01|SUG_EYE_SIZE_LOW_01|SUG_EYE_TILT_LOW_01|SUG_BROW_TILT_LOW_01,rules_v1,rules_v1,research_lfw,lfw,v1,-1.7979254638776183,-12.534752961231186
lfw_01337,data/raw/images/lfw_01337.jpg,train,0.025307,0.834522,0.249399,0.434575,0.812809,110.584266,0.434575,0.317605,0.990014,0.904710,0.259817,0.203771,1.175741,-1.556134,0.113710,-1.724131,0.221481,0.206571,0.077293,0.412011,-0.225229,0.009277,0.020626,0.074511,ok,ok,ok,ok,ok,ok,ok,ok,ok,high,ok,ok,low,ok,ok,ok,ok,ok,ok,ok,ok,ok,low,ok,SUG_LOWER_CHEEK_HIGH_01|SUG_EYE_CLOSE_01|SUG_UPPER_LIP_LOW_01,SUG_LOWER_CHEEK_HIGH_01|SUG_EYE_CLOSE_01|SUG_UPPER_LIP_LOW_01,rules_v1,rules_v1,research_lfw,lfw,v1,10.925918877124786,-9.966057068401975
lfw_01355,data/raw/images/lfw_01355.jpg,train,0.005866,0.849191,0.245381,0.465441,0.818039,111.487006,0.465441,0.355909,0.987614,0.903340,0.300525,0.209004,1.225681,-1.454141,0.130354,-1.571409,0.235097,0.207104,0.021425,0.414750,-2.840832,0.031680,0.026121,0.077967,low,ok,ok,high,high,ok,high,high,ok,ok,ok,high,ok,ok,ok,ok,ok,ok,ok,ok,low,ok,ok,ok,SUG_LOWERFACE_HIGH_01|SUG_JAW_WIDE_01|SUG_CHIN_LONG_01|SUG_CHIN_WIDE_01,SUG_LOWERFACE_HIGH_01|SUG_JAW_WIDE_01|SUG_CHIN_LONG_01|SUG_CHIN_WIDE_01,rules_v1,rules_v1,research_lfw,lfw,v1,3.1689919643104076,-13.462625451783993
lfw_01365,data/raw/images/lfw_01365.jpg,train,0.025214,0.846939,0.245185,0.437300,0.817053,110.298016,0.437300,0.325582,0.991823,0.905971,0.241500,0.208997,1.285208,-2.407370,0.130943,-1.972477,0.241639,0.200465,0.076119,0.397191,-3.552980,0.011708,0.029440,0.079962,ok,ok,ok,ok,high,ok,ok,ok,high,high,ok,high,high,low,ok,ok,high,ok,ok,ok,low,ok,ok,ok,SUG_JAW_WIDE_01|SUG_CHEEK_WIDE_01|SUG_LOWER_CHEEK_HIGH_01|SUG_EYE_SIZE_HIGH_01,SUG_JAW_WIDE_01|SUG_CHEEK_WIDE_01|SUG_LOWER_CHEEK_HIGH_01|SUG_EYE_SIZE_HIGH_01,rules_v1,rules_v1,research_lfw,lfw,v1,10.78053630888462,-10.934257822402136
lfw_01374,data/raw/images/lfw_01374.jpg,train,0.031156,0.809565,0.248916,0.439194,0.796849,114.413665,0.439194,0.327401,0.983804,0.887910,0.272082,0.201316,1.293329,-1.041825,0.115673,-0.953869,0.240356,0.199210,0.068457,0.442774,-1.790441,0.035833,0.025091,0.076532,high,low,ok,ok,ok,high,ok,ok,ok,ok,ok,ok,high,ok,ok,ok,high,ok,ok,high,ok,ok,ok,ok,SUG_SYM_HIGH_01|SUG_FACE_ASPECT_LOW_01|SUG_JAW_ANGLE_HIGH_01|SUG_EYE_WIDE_01,SUG_SYM_HIGH_01|SUG_FACE_ASPECT_LOW_01|SUG_JAW_ANGLE_HIGH_01|SUG_EYE_WIDE_01,rules_v1,rules_v1,research_lfw,lfw,v1,-9.645000323653221,-10.486923325545508
lfw_01382,data/raw/images/lfw_01382.jpg,train,0.024620,0.861368,0.254638,0.439385,0.802860,111.362226,0.439385,0.339221,0.986553,0.892640,0.215735,0.194224,1.321571,0.491837,0.128305,0.496143,0.245008,0.211255,0.066133,0.377576,0.386036,0.010988,0.028496,0.093424,ok,ok,ok,ok,ok,ok,ok,high,ok,ok,low,ok,high,high,ok,high,high,high,ok,ok,high,ok,ok,high,SUG_CHIN_WIDE_01|SUG_EYE_OPEN_LOW_01|SUG_EYE_WIDE_01|SUG_EYE_TILT_HIGH_01,SUG_CHIN_WIDE_01|SUG_EYE_OPEN_LOW_01|SUG_EYE_WIDE_01|SUG_EYE_TILT_HIGH_01,rules_v1,rules_v1,research_lfw,lfw,v1,-9.609266124665737,-9.557720910643974
lfw_01384,data/raw/images/lfw_01384.jpg,train,0.034678,0.797551,0.242846,0.440758,0.775340,113.828181,0.440758,0.309379,0.978955,0.871262,0.295276,0.191356,1.252738,0.415249,0.116477,-0.443099,0.222163,0.196486,0.089120,0.421639,0.743961,0.050264,0.025329,0.080983,high,low,ok,ok,low,high,ok,low,low,low,ok,low,ok,high,ok,ok,ok,ok,high,ok,high,high,ok,ok,SUG_SYM_HIGH_01|SUG_NOSE_DEV_HIGH_01|SUG_FACE_ASPECT_LOW_01|SUG_JAW_NARROW_01,SUG_SYM_HIGH_01|SUG_NOSE_DEV_HIGH_01|SUG_FACE_ASPECT_LOW_01|SUG_JAW_NARROW_01,rules_v1,rules_v1,research_lfw,lfw,v1,-12.357664212584496,-11.656135486576142
lfw_01397,data/raw/images/lfw_01397.jpg,train,0.018893,0.834143,0.242101,0.446690,0.807530,111.785599,0.446690,0.336145,0.986490,0.894053,0.218862,0.202622,1.274147,-1.226513,0.117823,-1.440832,0.246061,0.202216,0.051153,0.406931,-0.402754,0.001033,0.029978,0.103531,ok,ok,ok,ok,ok,ok,ok,high,ok,ok,low,ok,ok,ok,ok,ok,high,ok,ok,ok,ok,low,ok,high,SUG_CHIN_WIDE_01|SUG_EYE_OPEN_LOW_01|SUG_NOSE_WIDE_01|SUG_LIP_THIN_01,SUG_CHIN_WIDE_01|SUG_EYE_OPEN_LOW_01|SUG_NOSE_WIDE_01|SUG_LIP_THIN_01,rules_v1,rules_v1,research_lfw,lfw,v1,7.259398598223925,-12.332311472930622
lfw_01444,data/raw/images/lfw_01444.jpg,train,0.031120,0.915367,0.253037,0.409226,0.799306,105.553257,0.409226,0.303796,0.986128,0.890728,0.238466,0.191802,1.321230,-1.470404,0.118623,-2.839047,0.224304,0.200627,0.079468,0.374580,0.805133,0.003226,0.025240,0.073590,high,high,ok,low,ok,low,low,low,ok,ok,ok,low,high,ok,ok,low,ok,ok,high,ok,high,low,ok,ok,SUG_SYM_HIGH_01|SUG_NOSE_DEV_HIGH_01|SUG_FACE_ASPECT_HIGH_01|SUG_LOWERFACE_LOW_01,SUG_SYM_HIGH_01|SUG_NOSE_DEV_HIGH_01|SUG_FACE_ASPECT_HIGH_01|SUG_LOWERFACE_LOW_01,rules_v1,rules_v1,research_lfw,lfw,v1,-11.216078102588654,-6.825654761004301
lfw_01458,data/raw/images/lfw_01458.jpg,train,0.014806,0.847944,0.265878,0.408673,0.819558,110.094176,0.408673,0.305731,0.991199,0.910000,0.292030,0.207832,1.191469,-2.974695,0.129759,-2.567818,0.229252,0.208423,0.060189,0.436988,-3.619371,0.002871,0.017957,0.067531,ok,ok,ok,low,high,ok,low,low,high,high,ok,ok,low,low,ok,low,ok,ok,ok,high,low,low,low,ok,SUG_LOWERFACE_LOW_01|SUG_JAW_WIDE_01|SUG_CHIN_SHORT_01|SUG_CHIN_NARROW_01,SUG_LOWERFACE_LOW_01|SUG_JAW_WIDE_01|SUG_CHIN_SHORT_01|SUG_CHIN_NARROW_01,rules_v1,rules_v1,research_lfw,lfw,v1,8.641542915254831,-4.652068657591537
lfw_01465,data/raw/images/lfw_01465.jpg,train,0.010225,0.840050,0.323037,0.372396,0.773039,116.350425,0.372396,0.311347,0.977241,0.867376,0.285829,0.204569,1.174100,-0.859465,0.091489,-1.075564,0.220964,0.228694,0.029278,0.346322,-0.667333,0.010799,0.023081,0.082032,ok,ok,high,low,low,high,low,ok,low,low,ok,ok,low,ok,low,ok,ok,high,ok,ok,ok,ok,ok,ok,SUG_MIDFACE_HIGH_01|SUG_LOWERFACE_LOW_01|SUG_JAW_NARROW_01|SUG_JAW_ANGLE_HIGH_01,SUG_MIDFACE_HIGH_01|SUG_LOWERFACE_LOW_01|SUG_JAW_NARROW_01|SUG_JAW_ANGLE_HIGH_01,rules_v1,rules_v1,research_lfw,lfw,v1,4.143415566533804,8.0120414125667
lfw_01469,data/raw/images/lfw_01469.jpg,train,0.031195,0.845747,0.251861,0.434823,0.806360,110.508514,0.434823,0.323142,0.988093,0.897221,0.188475,0.190659,1.294753,-0.045118,0.107652,-0.971030,0.231959,0.205832,0.064832,0.395874,1.643387,0.007450,0.025067,0.075010,high,ok,ok,ok,ok,ok,ok,ok,ok,ok,low,low,high,high,ok,ok,ok,ok,ok,ok,high,ok,ok,ok,SUG_SYM_HIGH_01|SUG_EYE_OPEN_LOW_01|SUG_EYE_SIZE_LOW_01|SUG_EYE_WIDE_01,SUG_SYM_HIGH_01|SUG_EYE_OPEN_LOW_01|SUG_EYE_SIZE_LOW_01|SUG_EYE_WIDE_01,rules_v1,rules_v1,research_lfw,lfw,v1,-8.815229393541813,-9.579779227788542
lfw_01495,data/raw/images/lfw_01495.jpg,train,0.007037,0.860522,0.273743,0.412756,0.800176,110.417825,0.412756,0.316527,0.984865,0.891252,0.301303,0.201635,1.221254,-1.386761,0.113124,-1.682376,0.229267,0.212867,0.007095,0.400132,-0.975740,0.011058,0.022732,0.070085,low,ok,high,low,ok,ok,low,ok,ok,ok,ok,ok,ok,ok,ok,ok,ok,high,low,ok,ok,ok,ok,ok,SUG_MIDFACE_HIGH_01|SUG_LOWERFACE_LOW_01|SUG_CHIN_SHORT_01|SUG_NOSE_LONG_01,SUG_MIDFACE_HIGH_01|SUG_LOWERFACE_LOW_01|SUG_CHIN_SHORT_01|SUG_NOSE_LONG_01,rules_v1,rules_v1,research_lfw,lfw,v1,-0.9414622290059924,-3.8245888283209015
lfw_01511,data/raw/images/lfw_01511.jpg,train,0.021678,0.844275,0.250947,0.458994,0.822087,111.620957,0.458994,0.350563,0.991381,0.908998,0.294102,0.202969,1.255911,-0.857975,0.139240,-1.678959,0.232057,0.207787,0.050101,0.399654,0.596088,0.009621,0.029930,0.087274,ok,ok,ok,high,high,ok,high,high,high,high,ok,ok,ok,ok,high,ok,ok,ok,ok,ok,high,ok,ok,ok,SUG_LOWERFACE_HIGH_01|SUG_JAW_WIDE_01|SUG_CHIN_LONG_01|SUG_CHIN_WIDE_01,SUG_LOWERFACE_HIGH_01|SUG_JAW_WIDE_01|SUG_CHIN_LONG_01|SUG_CHIN_WIDE_01,rules_v1,rules_v1,research_lfw,lfw,v1,-7.103842243552208,-11.974249590552603
lfw_01524,data/raw/images/lfw_01524.jpg,train,0.011016,0.794184,0.238229,0.443697,0.804378,111.082067,0.443697,0.314417,0.987671,0.899128,0.276195,0.195833,1.253522,-0.696576,0.118217,-1.211887,0.239577,0.205472,0.021428,0.518907,-0.789947,0.061573,0.018860,0.056266,ok,low,ok,ok,ok,ok,ok,ok,ok,ok,ok,ok,ok,ok,ok,ok,high,ok,ok,high,ok,high,low,low,SUG_FACE_ASPECT_LOW_01|SUG_NOSE_WIDE_01|SUG_MOUTH_WIDE_01|SUG_LIP_FULL_01,SUG_FACE_ASPECT_LOW_01|SUG_NOSE_WIDE_01|SUG_MOUTH_WIDE_01|SUG_LIP_FULL_01,rules_v1,rules_v1,research_lfw,lfw,v1,-3.082598330453038,-12.71739306165716
lfw_01546,data/raw/images/lfw_01546.jpg,train,0.028186,0.862827,0.238567,0.439824,0.800404,107.808631,0.439824,0.324048,0.986440,0.890706,0.229253,0.199039,1.346843,-1.070477,0.130290,-1.499520,0.234304,0.198515,0.047481,0.376129,-1.539467,0.008981,0.033029,0.080633,ok,ok,ok,ok,ok,low,ok,ok,ok,ok,low,ok,high,ok,ok,ok,ok,ok,ok,ok,ok,ok,high,ok,SUG_JAW_ANGLE_LOW_01|SUG_EYE_OPEN_LOW_01|SUG_EYE_WIDE_01|SUG_UPPER_LIP_HIGH_01,SUG_JAW_ANGLE_LOW_01|SUG_EYE_OPEN_LOW_01|SUG_EYE_WIDE_01|SUG_UPPER_LIP_HIGH_01,rules_v1,rules_v1,research_lfw,lfw,v1,-6.318926900625229,-12.300107590610223
lfw_01550,data/raw/images/lfw_01550.jpg,train,0.003059,0.838150,0.254853,0.419854,0.776607,110.110641,0.419854,0.296233,0.979805,0.873082,0.322343,0.215195,1.267481,-2.284200,0.126750,-2.531092,0.232014,0.197979,0.009488,0.482259,-1.889953,0.074797,0.021598,0.047318,low,ok,ok,ok,low,ok,ok,low,low,low,ok,high,ok,low,ok,low,ok,ok,low,high,ok,high,low,low,SUG_JAW_NARROW_01|SUG_CHIN_NARROW_01|SUG_CHEEK_NARROW_01|SUG_LOWER_CHEEK_LOW_01,SUG_JAW_NARROW_01|SUG_CHIN_NARROW_01|SUG_CHEEK_NARROW_01|SUG_LOWER_CHEEK_LOW_01,rules_v1,rules_v1,research_lfw,lfw,v1,1.6120874807238579,-7.609650729424892
lfw_01551,data/raw/images/lfw_01551.jpg,train,0.008091,0.834296,0.253471,0.429421,0.796512,111.432481,0.429421,0.309503,0.986382,0.890656,0.254085,0.211997,1.294829,-1.636037,0.120945,-1.828213,0.245283,0.196449,0.020192,0.506345,-1.222785,0.078091,0.022716,0.050222,low,ok,ok,ok,ok,ok,ok,low,ok,ok,ok,high,high,ok,ok,ok,high,ok,ok,high,ok,high,ok,low,SUG_CHIN_NARROW_01|SUG_EYE_SIZE_HIGH_01|SUG_EYE_WIDE_01|SUG_NOSE_WIDE_01,SUG_CHIN_NARROW_01|SUG_EYE_SIZE_HIGH_01|SUG_EYE_WIDE_01|SUG_NOSE_WIDE_01,rules_v1,rules_v1,research_lfw,lfw,v1,3.1074987184256315,-8.788805469163613
lfw_01553,data/raw/images/lfw_01553.jpg,train,0.025463,0.840645,0.239892,0.428919,0.763430,108.589031,0.428919,0.293103,0.974752,0.859932,0.358137,0.208087,1.296981,-0.854627,0.129365,-1.288388,0.221149,0.191713,0.055371,0.437956,-1.486938,0.057106,0.027172,0.055451,ok,ok,ok,ok,low,low,ok,low,low,low,high,high,high,ok,ok,ok,ok,low,ok,high,ok,high,ok,low,SUG_JAW_NARROW_01|SUG_JAW_ANGLE_LOW_01|SUG_CHIN_NARROW_01|SUG_CHEEK_NARROW_01,SUG_JAW_NARROW_01|SUG_JAW_ANGLE_LOW_01|SUG_CHIN_NARROW_01|SUG_CHEEK_NARROW_01,rules_v1,rules_v1,research_lfw,lfw,v1,-7.5895341373980045,-11.036760557646085
lfw_01558,data/raw/images/lfw_01558.jpg,train,0.037580,0.868504,0.237960,0.430718,0.787776,107.064091,0.430718,0.291169,0.984893,0.884228,0.315172,0.220226,1.175587,-2.297613,0.138475,-1.611113,0.211283,0.190488,0.104776,0.416606,-2.883619,0.035184,0.027194,0.068974,high,ok,low,ok,ok,low,ok,low,ok,ok,ok,high,low,low,high,ok,low,low,high,ok,low,ok,ok,ok,SUG_SYM_HIGH_01|SUG_NOSE_DEV_HIGH_01|SUG_MIDFACE_LOW_01|SUG_JAW_ANGLE_LOW_01,SUG_SYM_HIGH_01|SUG_NOSE_DEV_HIGH_01|SUG_MIDFACE_LOW_01|SUG_JAW_ANGLE_LOW_01,rules_v1,rules_v1,research_lfw,lfw,v1,14.839682534337044,-11.543955758426636
lfw_01601,data/raw/images/lfw_01601.jpg,train,0.029731,0.834699,0.236300,0.460769,0.827991,110.356519,0.460769,0.333055,0.994248,0.919152,0.226622,0.206468,1.196888,-0.303985,0.112296,-0.483201,0.243635,0.199986,0.075918,0.513944,0.632227,0.055363,0.020320,0.064063,ok,ok,low,high,high,ok,high,ok,high,high,low,ok,low,ok,ok,ok,high,ok,ok,high,high,high,low,low,SUG_MIDFACE_LOW_01|SUG_LOWERFACE_HIGH_01|SUG_JAW_WIDE_01|SUG_CHIN_LONG_01,SUG_MIDFACE_LOW_01|SUG_LOWERFACE_HIGH_01|SUG_JAW_WIDE_01|SUG_CHIN_LONG_01,rules_v1,rules_v1,research_lfw,lfw,v1,10.68074794113636,-14.58147247519931
lfw_01606,data/raw/images/lfw_01606.jpg,train,0.010912,0.870799,0.235762,0.449773,0.823267,107.019254,0.449773,0.328169,0.993905,0.912696,0.245129,0.187063,1.271893,-1.926151,0.112357,-2.033777,0.218058,0.201598,0.015031,0.361926,-1.716458,0.014256,0.025409,0.073426,ok,ok,low,ok,high,low,ok,ok,high,high,ok,low,ok,ok,ok,ok,ok,ok,low,ok,ok,ok,ok,ok,SUG_MIDFACE_LOW_01|SUG_JAW_WIDE_01|SUG_JAW_ANGLE_LOW_01|SUG_CHEEK_WIDE_01,SUG_MIDFACE_LOW_01|SUG_JAW_WIDE_01|SUG_JAW_ANGLE_LOW_01|SUG_CHEEK_WIDE_01,rules_v1,rules_v1,research_lfw,lfw,v1,-2.089750936254859,-13.696164896578615
lfw_01609,data/raw/images/lfw_01609.jpg,train,0.042527,0.859407,0.237777,0.449799,0.810554,108.995986,0.449799,0.325825,0.990430,0.902747,0.255479,0.185790,1.272884,-1.610164,0.112667,-2.055757,0.225739,0.195520,0.093555,0.382746,-2.544126,0.017455,0.031473,0.089130,high,ok,low,ok,ok,ok,ok,ok,ok,ok,ok,low,ok,ok,ok,ok,ok,ok,high,ok,ok,ok,ok,ok,SUG_SYM_HIGH_01|SUG_NOSE_DEV_HIGH_01|SUG_MIDFACE_LOW_01|SUG_EYE_SIZE_LOW_01,SUG_SYM_HIGH_01|SUG_NOSE_DEV_HIGH_01|SUG_MIDFACE_LOW_01|SUG_EYE_SIZE_LOW_01,rules_v1,rules_v1,research_lfw,lfw,v1,-13.029199697077274,-13.35236980477788
lfw_01612,data/raw/images/lfw_01612.jpg,train,0.024212,0.835425,0.272558,0.416379,0.777338,113.066864,0.416379,0.321543,0.979469,0.870546,0.348347,0.197135,1.209007,-6.246012,0.112250,-7.240252,0.218396,0.207395,0.004906,0.306670,-5.248272,0.022323,0.034000,0.085870,ok,ok,high,ok,low,ok,ok,ok,low,low,high,ok,ok,low,ok,low,ok,ok,low,low,low,ok,high,ok,SUG_MIDFACE_HIGH_01|SUG_JAW_NARROW_01|SUG_CHEEK_NARROW_01|SUG_LOWER_CHEEK_LOW_01,SUG_MIDFACE_HIGH_01|SUG_JAW_NARROW_01|SUG_CHEEK_NARROW_01|SUG_LOWER_CHEEK_LOW_01,rules_v1,rules_v1,research_lfw,lfw,v1,-0.3221538048237562,-4.388251998096154
lfw_01635,data/raw/images/lfw_01635.jpg,train,0.018138,0.864379,0.235265,0.437297,0.813449,106.843029,0.437297,0.312018,0.990780,0.907118,0.246440,0.206842,1.208037,-2.264918,0.140118,-2.535595,0.241110,0.202561,0.062732,0.498741,-0.359992,0.046116,0.018425,0.052671,ok,ok,low,ok,ok,low,ok,ok,ok,high,ok,ok,ok,low,high,low,high,ok,ok,high,ok,high,low,low,SUG_MIDFACE_LOW_01|SUG_JAW_ANGLE_LOW_01|SUG_LOWER_CHEEK_HIGH_01|SUG_EYE_TILT_LOW_01,SUG_MIDFACE_LOW_01|SUG_JAW_ANGLE_LOW_01|SUG_LOWER_CHEEK_HIGH_01|SUG_EYE_TILT_LOW_01,rules_v1,rules_v1,research_lfw,lfw,v1,8.948876827955246,-12.635156058018051
lfw_01667,data/raw/images/lfw_01667.jpg,train,0.019499,0.867455,0.268954,0.433796,0.802423,112.164561,0.433796,0.333517,0.986083,0.891441,0.311672,0.197349,1.196669,1.572478,0.098636,0.705841,0.210593,0.201465,0.048049,0.313785,1.559855,0.010364,0.029707,0.087732,ok,ok,ok,ok,ok,ok,ok,high,ok,ok,ok,ok,low,high,low,high,low,ok,ok,low,high,ok,ok,ok,SUG_CHIN_WIDE_01|SUG_EYE_CLOSE_01|SUG_EYE_TILT_HIGH_01|SUG_BROW_LOW_01,SUG_CHIN_WIDE_01|SUG_EYE_CLOSE_01|SUG_EYE_TILT_HIGH_01|SUG_BROW_LOW_01,rules_v1,rules_v1,research_lfw,lfw,v1,-6.8351758271455765,-6.711063655584503
lfw_01702,data/raw/images/lfw_01702.jpg,train,0.004841,0.847239,0.230388,0.452963,0.793645,109.196716,0.452963,0.318735,0.983920,0.886199,0.234916,0.194953,1.289261,-0.988908,0.104391,-1.346170,0.232211,0.192859,0.009635,0.416439,-0.782609,0.033978,0.028240,0.082456,low,ok,low,high,ok,ok,high,ok,ok,ok,ok,ok,high,ok,low,ok,ok,low,low,ok,ok,ok,ok,ok,SUG_MIDFACE_LOW_01|SUG_LOWERFACE_HIGH_01|SUG_CHIN_LONG_01|SUG_EYE_WIDE_01,SUG_MIDFACE_LOW_01|SUG_LOWERFACE_HIGH_01|SUG_CHIN_LONG_01|SUG_EYE_WIDE_01,rules_v1,rules_v1,research_lfw,lfw,v1,1.2934409324079752,-14.913831545370495
lfw_01712,data/raw/images/lfw_01712.jpg,train,0.043286,0.875881,0.261329,0.456392,0.837829,110.594577,0.456392,0.354246,0.998594,0.923991,0.293600,0.187819,1.266406,-1.771027,0.122353,-2.741894,0.223244,0.206996,0.098608,0.333599,-1.114053,0.007014,0.032939,0.087570,high,high,ok,high,high,ok,high,high,high,high,ok,low,ok,ok,ok,low,ok,ok,high,low,ok,ok,high,ok,SUG_SYM_HIGH_01|SUG_NOSE_DEV_HIGH_01|SUG_FACE_ASPECT_HIGH_01|SUG_LOWERFACE_HIGH_01,SUG_SYM_HIGH_01|SUG_NOSE_DEV_HIGH_01|SUG_FACE_ASPECT_HIGH_01|SUG_LOWERFACE_HIGH_01,rules_v1,rules_v1,research_lfw,lfw,v1,-13.756572604179382,-10.060276449105714
lfw_01720,data/raw/images/lfw_01720.jpg,train,0.009269,0.874604,0.247602,0.467632,0.835569,109.996010,0.467632,0.362676,0.995577,0.919901,0.229408,0.191340,1.296158,-4.130499,0.113820,-4.607760,0.235163,0.206198,0.002002,0.348527,-3.985981,0.011495,0.030871,0.093248,ok,high,ok,high,high,ok,high,high,high,high,ok,low,high,low,ok,low,ok,ok,low,ok,low,ok,ok,high,SUG_FACE_ASPECT_HIGH_01|SUG_LOWERFACE_HIGH_01|SUG_JAW_WIDE_01|SUG_CHIN_LONG_01,SUG_FACE_ASPECT_HIGH_01|SUG_LOWERFACE_HIGH_01|SUG_JAW_WIDE_01|SUG_CHIN_LONG_01,rules_v1,rules_v1,research_lfw,lfw,v1,0.3467804335523397,-13.286920092224914
lfw_01726,data/raw/images/lfw_01726.jpg,train,0.009827,0.898967,0.254526,0.467335,0.838536,109.816617,0.467335,0.370406,0.995148,0.920824,0.229270,0.202428,1.255054,-3.910360,0.125887,-4.005680,0.243324,0.208267,0.036125,0.375890,-3.869878,0.014511,0.033896,0.090026,ok,high,ok,high,high,ok,high,high,high,high,low,ok,ok,low,ok,low,high,ok,ok,ok,low,ok,high,ok,SUG_FACE_ASPECT_HIGH_01|SUG_LOWERFACE_HIGH_01|SUG_JAW_WIDE_01|SUG_CHIN_LONG_01,SUG_FACE_ASPECT_HIGH_01|SUG_LOWERFACE_HIGH_01|SUG_JAW_WIDE_01|SUG_CHIN_LONG_01,rules_v1,rules_v1,research_lfw,lfw,v1,5.170987106859684,-12.13250824890788
lfw_01749,data/raw/images/lfw_01749.jpg,train,0.022117,0.812080,0.227030,0.444846,0.771100,109.345880,0.444846,0.295938,0.976901,0.866797,0.431005,0.201475,1.206560,0.201876,0.132455,-0.545932,0.202351,0.186008,0.063795,0.370827,1.093521,0.015820,0.034006,0.087949,ok,low,low,ok,low,ok,ok,low,low,low,high,ok,ok,high,high,ok,low,low,ok,ok,high,ok,high,ok,SUG_FACE_ASPECT_LOW_01|SUG_MIDFACE_LOW_01|SUG_JAW_NARROW_01|SUG_CHIN_NARROW_01,SUG_FACE_ASPECT_LOW_01|SUG_MIDFACE_LOW_01|SUG_JAW_NARROW_01|SUG_CHIN_NARROW_01,rules_v1,rules_v1,research_lfw,lfw,v1,-9.099110841751099,-14.77709306706599
lfw_01752,data/raw/images/lfw_01752.jpg,train,0.032624,0.876035,0.277001,0.404675,0.793309,110.281828,0.404675,0.304875,0.983938,0.886215,0.288920,0.202855,1.302308,0.177245,0.118305,-0.233789,0.237435,0.206809,0.076976,0.460950,-0.652704,0.048360,0.021045,0.052919,high,high,high,low,ok,ok,low,low,ok,ok,ok,ok,high,high,ok,high,ok,ok,ok,high,ok,high,low,low,SUG_SYM_HIGH_01|SUG_FACE_ASPECT_HIGH_01|SUG_MIDFACE_HIGH_01|SUG_LOWERFACE_LOW_01,SUG_SYM_HIGH_01|SUG_FACE_ASPECT_HIGH_01|SUG_MIDFACE_HIGH_01|SUG_LOWERFACE_LOW_01,rules_v1,rules_v1,research_lfw,lfw,v1,-10.611651554703712,-2.4565200165083607
lfw_01776,data/raw/images/lfw_01776.jpg,train,0.029925,0.867243,0.258151,0.419671,0.805200,108.747334,0.419671,0.308814,0.987345,0.895669,0.324681,0.202878,1.290058,-1.297013,0.119986,-1.555906,0.228444,0.203235,0.072923,0.437020,-1.264911,0.012803,0.022419,0.060182,ok,ok,ok,ok,ok,ok,ok,low,ok,ok,high,ok,high,ok,ok,ok,ok,ok,ok,high,ok,ok,ok,low,SUG_CHIN_NARROW_01|SUG_EYE_OPEN_HIGH_01|SUG_EYE_WIDE_01|SUG_MOUTH_WIDE_01,SUG_CHIN_NARROW_01|SUG_EYE_OPEN_HIGH_01|SUG_EYE_WIDE_01|SUG_MOUTH_WIDE_01,rules_v1,rules_v1,research_lfw,lfw,v1,-10.508479446172714,-7.046260727004709
lfw_01819,data/raw/images/lfw_01819.jpg,train,0.044403,0.876344,0.258883,0.426778,0.776100,109.639842,0.426778,0.313115,0.978038,0.870317,0.295490,0.200133,1.264103,-1.699748,0.116126,-2.374307,0.217596,0.202011,0.092323,0.394896,-1.146674,0.040858,0.026406,0.068344,high,high,ok,ok,low,ok,ok,ok,low,low,ok,ok,ok,ok,ok,ok,ok,ok,high,ok,ok,ok,ok,ok,SUG_SYM_HIGH_01|SUG_NOSE_DEV_HIGH_01|SUG_FACE_ASPECT_HIGH_01|SUG_JAW_NARROW_01,SUG_SYM_HIGH_01|SUG_NOSE_DEV_HIGH_01|SUG_FACE_ASPECT_HIGH_01|SUG_JAW_NARROW_01,rules_v1,rules_v1,research_lfw,lfw,v1,-12.835661686956882,-7.637863901967686
lfw_01832,data/raw/images/lfw_01832.jpg,train,0.021006,0.845736,0.248673,0.420049,0.759745,109.420192,0.420049,0.293286,0.974139,0.858474,0.294401,0.216321,1.190489,-1.667834,0.144566,-1.720335,0.222921,0.200249,0.064914,0.433583,-0.563014,0.062637,0.024158,0.059707,ok,ok,ok,ok,low,ok,ok,low,low,low,ok,high,low,ok,high,ok,ok,ok,ok,ok,ok,high,ok,low,SUG_JAW_NARROW_01|SUG_CHIN_NARROW_01|SUG_CHEEK_NARROW_01|SUG_LOWER_CHEEK_LOW_01,SUG_JAW_NARROW_01|SUG_CHIN_NARROW_01|SUG_CHEEK_NARROW_01|SUG_LOWER_CHEEK_LOW_01,rules_v1,rules_v1,research_lfw,lfw,v1,9.245860263705254,-8.66459644522779
lfw_01837,data/raw/images/lfw_01837.jpg,train,0.022442,0.921638,0.302502,0.377174,0.794373,109.511044,0.377174,0.317129,0.984765,0.884738,0.269873,0.204532,1.273693,-0.833508,0.119314,-1.303454,0.236282,0.222810,0.043870,0.365811,1.001015,0.000429,0.025413,0.086137,ok,high,high,low,ok,ok,low,ok,ok,ok,ok,ok,ok,ok,ok,ok,ok,high,ok,ok,high,low,ok,ok,SUG_FACE_ASPECT_HIGH_01|SUG_MIDFACE_HIGH_01|SUG_LOWERFACE_LOW_01|SUG_CHIN_SHORT_01,SUG_FACE_ASPECT_HIGH_01|SUG_MIDFACE_HIGH_01|SUG_LOWERFACE_LOW_01|SUG_CHIN_SHORT_01,rules_v1,rules_v1,research_lfw,lfw,v1,-6.174968987703323,4.512245322885867
lfw_01841,data/raw/images/lfw_01841.jpg,train,0.011454,0.846425,0.252711,0.439533,0.788206,111.086202,0.439533,0.318548,0.981044,0.881488,0.282104,0.208551,1.207648,-1.574137,0.114449,-1.637069,0.219902,0.202224,0.039845,0.430976,-0.643161,0.053968,0.021670,0.060124,ok,ok,ok,ok,ok,ok,ok,ok,ok,ok,ok,high,ok,ok,ok,ok,ok,ok,ok,ok,ok,high,low,low,SUG_EYE_SIZE_HIGH_01|SUG_LIP_FULL_01|SUG_UPPER_LIP_LOW_01|SUG_PHILTRUM_LOW_01,SUG_EYE_SIZE_HIGH_01|SUG_LIP_FULL_01|SUG_UPPER_LIP_LOW_01|SUG_PHILTRUM_LOW_01,rules_v1,rules_v1,research_lfw,lfw,v1,5.755098167806864,-9.889032644653104
lfw_01845,data/raw/images/lfw_01845.jpg,train,0.044466,0.857609,0.228691,0.439722,0.788674,109.111662,0.439722,0.314247,0.982149,0.880760,0.289831,0.193703,1.259570,-2.331859,0.141613,-2.084762,0.217312,0.193539,0.098691,0.352561,-3.104884,0.011741,0.030324,0.096768,high,ok,low,ok,ok,ok,ok,ok,ok,ok,ok,ok,ok,low,high,ok,ok,low,high,ok,low,ok,ok,high,SUG_SYM_HIGH_01|SUG_NOSE_DEV_HIGH_01|SUG_MIDFACE_LOW_01|SUG_EYE_TILT_LOW_01,SUG_SYM_HIGH_01|SUG_NOSE_DEV_HIGH_01|SUG_MIDFACE_LOW_01|SUG_EYE_TILT_LOW_01,rules_v1,rules_v1,research_lfw,lfw,v1,-13.787139728665352,-14.014702770808332
lfw_01846,data/raw/images/lfw_01846.jpg,train,0.040460,0.867059,0.234204,0.448380,0.820808,107.575759,0.448380,0.323884,0.994427,0.911123,0.247036,0.181713,1.354857,-0.385033,0.114337,-0.573047,0.221196,0.198153,0.100059,0.359510,-0.369508,0.016848,0.029596,0.067169,high,ok,low,ok,high,low,ok,ok,high,high,ok,low,high,ok,ok,ok,ok,ok,high,ok,ok,ok,ok,ok,SUG_SYM_HIGH_01|SUG_NOSE_DEV_HIGH_01|SUG_MIDFACE_LOW_01|SUG_JAW_WIDE_01,SUG_SYM_HIGH_01|SUG_NOSE_DEV_HIGH_01|SUG_MIDFACE_LOW_01|SUG_JAW_WIDE_01,rules_v1,rules_v1,research_lfw,lfw,v1,-14.115227535367012,-13.839463351527701
lfw_01866,data/raw/images/lfw_01866.jpg,train,0.012467,0.855157,0.244376,0.455071,0.808286,109.907196,0.455071,0.320829,0.989060,0.902118,0.268923,0.192834,1.260192,-0.637917,0.097260,-0.860417,0.217310,0.195835,0.021987,0.457931,-1.409841,0.069915,0.017283,0.057287,ok,ok,ok,high,ok,ok,high,ok,ok,ok,ok,low,ok,ok,low,ok,ok,ok,ok,high,ok,high,low,low,SUG_LOWERFACE_HIGH_01|SUG_CHIN_LONG_01|SUG_EYE_SIZE_LOW_01|SUG_BROW_LOW_01,SUG_LOWERFACE_HIGH_01|SUG_CHIN_LONG_01|SUG_EYE_SIZE_LOW_01|SUG_BROW_LOW_01,rules_v1,rules_v1,research_lfw,lfw,v1,-3.118897721171379,-12.710698970797356
lfw_01887,data/raw/images/lfw_01887.jpg,train,0.034367,0.896784,0.244918,0.433576,0.806288,106.788947,0.433576,0.316543,0.988736,0.898093,0.275865,0.189384,1.243466,-1.608660,0.117789,-2.029262,0.212739,0.197484,0.065588,0.345911,-1.504160,0.010413,0.024534,0.090365,high,high,ok,ok,ok,low,ok,ok,ok,ok,ok,low,ok,ok,ok,ok,low,ok,ok,ok,ok,ok,ok,ok,SUG_SYM_HIGH_01|SUG_FACE_ASPECT_HIGH_01|SUG_JAW_ANGLE_LOW_01|SUG_EYE_SIZE_LOW_01,SUG_SYM_HIGH_01|SUG_FACE_ASPECT_HIGH_01|SUG_JAW_ANGLE_LOW_01|SUG_EYE_SIZE_LOW_01,rules_v1,rules_v1,research_lfw,lfw,v1,-9.0401766076684,-10.624736390266081
lfw_01894,data/raw/images/lfw_01894.jpg,train,0.023123,0.909341,0.249648,0.453147,0.855716,106.912023,0.453147,0.345646,1.002346,0.941986,0.165035,0.199624,1.171977,-1.676551,0.127645,-1.895145,0.244035,0.214612,0.073958,0.486630,-1.173863,0.025716,0.015033,0.062938,ok,high,ok,high,high,low,high,high,high,high,low,ok,low,ok,ok,ok,high,high,ok,high,ok,ok,low,low,SUG_FACE_ASPECT_HIGH_01|SUG_LOWERFACE_HIGH_01|SUG_JAW_WIDE_01|SUG_JAW_ANGLE_LOW_01,SUG_FACE_ASPECT_HIGH_01|SUG_LOWERFACE_HIGH_01|SUG_JAW_WIDE_01|SUG_JAW_ANGLE_LOW_01,rules_v1,rules_v1,research_lfw,lfw,v1,10.406946502625942,-11.660042448146603
lfw_01901,data/raw/images/lfw_01901.jpg,train,0.009710,0.857741,0.230756,0.446082,0.799332,109.218589,0.446082,0.339159,0.984747,0.888374,0.225692,0.215576,1.315332,-3.725485,0.133381,-3.181540,0.267979,0.196850,0.040624,0.421405,-4.902046,0.008768,0.036635,0.106252,ok,ok,low,ok,ok,ok,ok,high,ok,ok,low,high,high,low,high,low,high,ok,ok,ok,low,ok,high,high,SUG_MIDFACE_LOW_01|SUG_CHIN_WIDE_01|SUG_EYE_OPEN_LOW_01|SUG_EYE_SIZE_HIGH_01,SUG_MIDFACE_LOW_01|SUG_CHIN_WIDE_01|SUG_EYE_OPEN_LOW_01|SUG_EYE_SIZE_HIGH_01,rules_v1,rules_v1,research_lfw,lfw,v1,5.849754799157381,-14.232094551947467
lfw_01939,data/raw/images/lfw_01939.jpg,train,0.020503,0.868705,0.239336,0.432176,0.780175,107.790118,0.432176,0.313873,0.979000,0.871159,0.267021,0.197174,1.306774,-0.888174,0.135872,-1.855798,0.220311,0.198254,0.053029,0.344204,0.031782,0.007725,0.033951,0.092668,ok,ok,ok,ok,low,low,ok,ok,low,low,ok,ok,high,ok,high,ok,ok,ok,ok,ok,ok,ok,high,high,SUG_JAW_NARROW_01|SUG_JAW_ANGLE_LOW_01|SUG_CHEEK_NARROW_01|SUG_LOWER_CHEEK_LOW_01,SUG_JAW_NARROW_01|SUG_JAW_ANGLE_LOW_01|SUG_CHEEK_NARROW_01|SUG_LOWER_CHEEK_LOW_01,rules_v1,rules_v1,research_lfw,lfw,v1,-7.384441874921322,-11.445528962538237
lfw_01947,data/raw/images/lfw_01947.jpg,train,0.024005,0.815829,0.234835,0.435656,0.777068,110.630612,0.435656,0.303646,0.981399,0.876337,0.319462,0.216569,1.168137,-1.280868,0.148825,-0.764857,0.248706,0.201095,0.091376,0.501897,-1.042217,0.091419,0.018383,0.058894,ok,low,low,ok,low,ok,ok,low,ok,ok,ok,high,low,ok,high,ok,high,ok,high,high,ok,high,low,low,SUG_NOSE_DEV_HIGH_01|SUG_FACE_ASPECT_LOW_01|SUG_MIDFACE_LOW_01|SUG_JAW_NARROW_01,SUG_NOSE_DEV_HIGH_01|SUG_FACE_ASPECT_LOW_01|SUG_MIDFACE_LOW_01|SUG_JAW_NARROW_01,rules_v1,rules_v1,research_lfw,lfw,v1,13.188651591539383,-12.556131350336898
lfw_01978,data/raw/images/lfw_01978.jpg,train,0.067779,0.823307,0.258572,0.464505,0.836433,114.931765,0.464505,0.352718,0.998107,0.926665,0.198533,0.206845,1.168694,1.909170,0.118969,2.791085,0.241494,0.207616,0.110550,0.488527,0.777432,0.091094,0.019007,0.055864,high,ok,ok,high,high,high,high,high,high,high,low,ok,low,high,ok,high,high,ok,high,high,high,high,low,low,SUG_SYM_HIGH_01|SUG_NOSE_DEV_HIGH_01|SUG_LOWERFACE_HIGH_01|SUG_JAW_WIDE_01,SUG_SYM_HIGH_01|SUG_NOSE_DEV_HIGH_01|SUG_LOWERFACE_HIGH_01|SUG_JAW_WIDE_01,rules_v1,rules_v1,research_lfw,lfw,v1,14.820285469293594,-11.232000324310839
lfw_01989,data/raw/images/lfw_01989.jpg,train,0.017209,0.825811,0.253175,0.429558,0.778864,111.349385,0.429558,0.302956,0.980781,0.876553,0.312668,0.203321,1.224598,-0.593799,0.130901,-1.096034,0.222471,0.201083,0.032563,0.448587,-0.741499,0.074314,0.023017,0.056069,ok,ok,ok,ok,low,ok,ok,low,ok,ok,ok,ok,ok,ok,ok,ok,ok,ok,ok,high,ok,high,ok,low,SUG_JAW_NARROW_01|SUG_CHIN_NARROW_01|SUG_MOUTH_WIDE_01|SUG_LIP_FULL_01,SUG_JAW_NARROW_01|SUG_CHIN_NARROW_01|SUG_MOUTH_WIDE_01|SUG_LIP_FULL_01,rules_v1,rules_v1,research_lfw,lfw,v1,-4.404738463461399,-8.851346398575286
lfw_02007,data/raw/images/lfw_02007.jpg,train,0.010767,0.894288,0.287353,0.428148,0.803906,111.044864,0.428148,0.344766,0.982921,0.890802,0.321432,0.201142,1.144015,-2.773588,0.143756,-2.760577,0.209025,0.225890,0.031323,0.317078,-4.126936,0.009054,0.026037,0.092943,ok,high,high,ok,ok,ok,ok,high,ok,ok,ok,ok,low,low,high,low,low,high,ok,low,low,ok,ok,high,SUG_FACE_ASPECT_HIGH_01|SUG_MIDFACE_HIGH_01|SUG_CHIN_WIDE_01|SUG_EYE_CLOSE_01,SUG_FACE_ASPECT_HIGH_01|SUG_MIDFACE_HIGH_01|SUG_CHIN_WIDE_01|SUG_EYE_CLOSE_01,rules_v1,rules_v1,research_lfw,lfw,v1,4.360896751284599,-3.3099584966779227
lfw_02019,data/raw/images/lfw_02019.jpg,train,0.036714,0.836955,0.231330,0.454994,0.803903,110.195326,0.454994,0.334803,0.987625,0.892958,0.357096,0.199468,1.292967,-1.299963,0.137070,-2.295316,0.238965,0.193112,0.097226,0.363108,-0.740499,0.017797,0.036630,0.088593,high,ok,low,high,ok,ok,high,high,ok,ok,high,ok,high,ok,high,ok,high,low,high,ok,ok,ok,high,ok,SUG_SYM_HIGH_01|SUG_NOSE_DEV_HIGH_01|SUG_MIDFACE_LOW_01|SUG_LOWERFACE_HIGH_01,SUG_SYM_HIGH_01|SUG_NOSE_DEV_HIGH_01|SUG_MIDFACE_LOW_01|SUG_LOWERFACE_HIGH_01,rules_v1,rules_v1,research_lfw,lfw,v1,-13.69522612541914,-14.929721561992357
lfw_02040,data/raw/images/lfw_02040.jpg,train,0.015774,0.822395,0.288669,0.417486,0.798650,116.572636,0.417486,0.332684,0.985201,0.889151,0.226724,0.202541,1.228524,-3.579353,0.088340,-3.940537,0.233859,0.217117,0.059835,0.376694,-1.991288,0.024748,0.023573,0.071784,ok,ok,high,ok,ok,high,ok,ok,ok,ok,low,ok,ok,low,low,low,ok,high,ok,ok,ok,ok,ok,ok,SUG_MIDFACE_HIGH_01|SUG_JAW_ANGLE_HIGH_01|SUG_EYE_OPEN_LOW_01|SUG_EYE_TILT_LOW_01,SUG_MIDFACE_HIGH_01|SUG_JAW_ANGLE_HIGH_01|SUG_EYE_OPEN_LOW_01|SUG_EYE_TILT_LOW_01,rules_v1,rules_v1,research_lfw,lfw,v1,8.69382282346487,-2.017838517636325
lfw_02042,data/raw/images/lfw_02042.jpg,train,0.028641,0.903485,0.314725,0.359702,0.772400,110.612787,0.359702,0.303800,0.976304,0.865295,0.326404,0.207567,1.287851,0.760805,0.118510,0.569946,0.234219,0.225094,0.062784,0.354994,-1.127540,0.012114,0.024851,0.065924,ok,high,high,low,low,ok,low,low,low,low,high,ok,high,high,ok,high,ok,high,ok,ok,ok,ok,ok,low,SUG_FACE_ASPECT_HIGH_01|SUG_MIDFACE_HIGH_01|SUG_LOWERFACE_LOW_01|SUG_JAW_NARROW_01,SUG_FACE_ASPECT_HIGH_01|SUG_MIDFACE_HIGH_01|SUG_LOWERFACE_LOW_01|SUG_JAW_NARROW_01,rules_v1,rules_v1,research_lfw,lfw,v1,-8.617811903357506,8.397971777451215
lfw_02053,data/raw/images/lfw_02053.jpg,train,0.006954,0.832455,0.229908,0.448786,0.769942,108.984218,0.448786,0.303576,0.975483,0.865534,0.407089,0.218830,1.169340,-1.177502,0.137284,-1.365671,0.209726,0.188757,0.029930,0.423543,-1.215676,0.058701,0.026679,0.065632,low,ok,low,ok,low,ok,ok,low,low,low,high,high,low,ok,high,ok,low,low,ok,ok,ok,high,ok,low,SUG_MIDFACE_LOW_01|SUG_JAW_NARROW_01|SUG_CHIN_NARROW_01|SUG_CHEEK_NARROW_01,SUG_MIDFACE_LOW_01|SUG_JAW_NARROW_01|SUG_CHIN_NARROW_01|SUG_CHEEK_NARROW_01,rules_v1,rules_v1,research_lfw,lfw,v1,4.242270274087787,-14.62483579900725
lfw_02082,data/raw/images/lfw_02082.jpg,train,0.004210,0.813364,0.246177,0.430219,0.775020,112.138008,0.430219,0.305960,0.976949,0.868320,0.346745,0.200512,1.219907,-0.390213,0.129798,-0.962805,0.214066,0.199388,0.010443,0.350880,-1.223928,0.017332,0.026927,0.073601,low,low,ok,ok,low,ok,ok,low,low,low,high,ok,ok,ok,ok,ok,low,ok,low,ok,ok,ok,ok,ok,SUG_FACE_ASPECT_LOW_01|SUG_JAW_NARROW_01|SUG_CHIN_NARROW_01|SUG_CHEEK_NARROW_01,SUG_FACE_ASPECT_LOW_01|SUG_JAW_NARROW_01|SUG_CHIN_NARROW_01|SUG_CHEEK_NARROW_01,rules_v1,rules_v1,research_lfw,lfw,v1,1.5294697433710098,-10.08830442830035
lfw_02105,data/raw/images/lfw_02105.jpg,train,0.017933,0.910071,0.257458,0.470128,0.831284,109.069517,0.470128,0.350354,0.993386,0.920014,0.267468,0.197813,1.186306,0.323835,0.139460,-0.183996,0.225300,0.207421,0.048480,0.466515,1.216214,0.079016,0.019569,0.056714,ok,high,ok,high,high,ok,high,high,high,high,ok,ok,low,high,high,high,ok,ok,ok,high,high,high,low,low,SUG_FACE_ASPECT_HIGH_01|SUG_LOWERFACE_HIGH_01|SUG_JAW_WIDE_01|SUG_CHIN_LONG_01,SUG_FACE_ASPECT_HIGH_01|SUG_LOWERFACE_HIGH_01|SUG_JAW_WIDE_01|SUG_CHIN_LONG_01,rules_v1,rules_v1,research_lfw,lfw,v1,-6.85549084469676,-11.906461672297457
lfw_02106,data/raw/images/lfw_02106.jpg,train,0.029604,0.850640,0.251703,0.420186,0.777376,110.120257,0.420186,0.301051,0.978512,0.871384,0.288892,0.219632,1.205097,-1.706827,0.140405,-0.659738,0.226229,0.199266,0.087161,0.399788,-3.752059,0.014327,0.030244,0.082319,ok,ok,ok,ok,low,ok,ok,low,low,low,ok,high,ok,ok,high,ok,ok,ok,high,ok,low,ok,ok,ok,SUG_NOSE_DEV_HIGH_01|SUG_JAW_NARROW_01|SUG_CHIN_NARROW_01|SUG_CHEEK_NARROW_01,SUG_NOSE_DEV_HIGH_01|SUG_JAW_NARROW_01|SUG_CHIN_NARROW_01|SUG_CHEEK_NARROW_01,rules_v1,rules_v1,research_lfw,lfw,v1,12.312492191791534,-8.168400033760216
lfw_02112,data/raw/images/lfw_02112.jpg,train,0.033267,0.821412,0.266318,0.421174,0.793030,113.902484,0.421174,0.320565,0.984687,0.884727,0.283754,0.197037,1.276089,-1.325520,0.106092,-2.473535,0.234022,0.204656,0.072719,0.400278,-2.274724,0.009193,0.025869,0.084752,high,ok,ok,ok,ok,high,ok,ok,ok,ok,ok,ok,ok,ok,low,ok,ok,ok,ok,ok,ok,ok,ok,ok,SUG_SYM_HIGH_01|SUG_JAW_ANGLE_HIGH_01|SUG_BROW_LOW_01,SUG_SYM_HIGH_01|SUG_JAW_ANGLE_HIGH_01|SUG_BROW_LOW_01,rules_v1,rules_v1,research_lfw,lfw,v1,-10.179748646914959,-5.872171756745769
lfw_02140,data/raw/images/lfw_02140.jpg,train,0.024674,0.892175,0.279649,0.449183,0.840029,112.041569,0.449183,0.353398,0.996592,0.927318,0.217002,0.196619,1.225039,-2.107459,0.123849,-2.665024,0.239562,0.216708,0.053103,0.476086,-2.135250,0.062970,0.016951,0.059564,ok,high,high,ok,high,ok,ok,high,high,high,low,ok,ok,ok,ok,low,high,high,ok,high,ok,high,low,low,SUG_FACE_ASPECT_HIGH_01|SUG_MIDFACE_HIGH_01|SUG_JAW_WIDE_01|SUG_CHIN_WIDE_01,SUG_FACE_ASPECT_HIGH_01|SUG_MIDFACE_HIGH_01|SUG_JAW_WIDE_01|SUG_CHIN_WIDE_01,rules_v1,rules_v1,research_lfw,lfw,v1,-7.417484611272812,-6.534910661886397
lfw_02144,data/raw/images/lfw_02144.jpg,train,0.014981,0.857761,0.246043,0.454480,0.814397,110.930352,0.454480,0.333326,0.986110,0.903404,0.319923,0.199483,1.168031,7.755041,0.149635,7.742648,0.219235,0.204024,0.071669,0.443938,6.379550,0.049934,0.019711,0.067904,ok,ok,ok,high,ok,ok,high,ok,ok,ok,ok,ok,low,high,high,high,ok,ok,ok,high,high,high,low,ok,SUG_LOWERFACE_HIGH_01|SUG_CHIN_LONG_01|SUG_EYE_CLOSE_01|SUG_EYE_TILT_HIGH_01,SUG_LOWERFACE_HIGH_01|SUG_CHIN_LONG_01|SUG_EYE_CLOSE_01|SUG_EYE_TILT_HIGH_01,rules_v1,rules_v1,research_lfw,lfw,v1,-10.418604791164398,-12.378867569305006
lfw_02156,data/raw/images/lfw_02156.jpg,train,0.027197,0.810859,0.234914,0.431121,0.770804,110.293747,0.431121,0.305150,0.976372,0.864779,0.321625,0.218157,1.162169,-2.822088,0.142418,-2.262893,0.225876,0.202533,0.098893,0.390866,-2.482492,0.002669,0.028712,0.087995,ok,low,low,ok,low,ok,ok,low,low,low,ok,high,low,low,high,ok,ok,ok,high,ok,ok,low,ok,ok,SUG_NOSE_DEV_HIGH_01|SUG_FACE_ASPECT_LOW_01|SUG_MIDFACE_LOW_01|SUG_JAW_NARROW_01,SUG_NOSE_DEV_HIGH_01|SUG_FACE_ASPECT_LOW_01|SUG_MIDFACE_LOW_01|SUG_JAW_NARROW_01,rules_v1,rules_v1,research_lfw,lfw,v1,14.198664419353008,-12.112894617807404
lfw_02168,data/raw/images/lfw_02168.jpg,train,0.025993,0.842322,0.238805,0.451269,0.810632,110.352001,0.451269,0.329187,0.990205,0.901609,0.245243,0.203316,1.188370,-2.045720,0.109474,-1.304454,0.224244,0.201398,0.084087,0.375442,-1.352880,0.007574,0.027552,0.096107,ok,ok,ok,ok,ok,ok,ok,ok,ok,ok,ok,ok,low,ok,ok,ok,ok,ok,high,ok,ok,ok,ok,high,SUG_NOSE_DEV_HIGH_01|SUG_EYE_CLOSE_01|SUG_PHILTRUM_HIGH_01,SUG_NOSE_DEV_HIGH_01|SUG_EYE_CLOSE_01|SUG_PHILTRUM_HIGH_01,rules_v1,rules_v1,research_lfw,lfw,v1,11.867633879184723,-13.309661803990322
lfw_02170,data/raw/images/lfw_02170.jpg,train,0.026538,0.838653,0.238567,0.458212,0.805365,111.191630,0.458212,0.341174,0.987948,0.894199,0.212618,0.191366,1.353229,-0.491430,0.097581,-0.972354,0.239802,0.196068,0.063561,0.372546,-1.114059,0.012081,0.033710,0.091072,ok,ok,ok,high,ok,ok,high,high,ok,ok,low,low,high,ok,low,ok,high,ok,ok,ok,ok,ok,high,high,SUG_LOWERFACE_HIGH_01|SUG_CHIN_LONG_01|SUG_CHIN_WIDE_01|SUG_EYE_OPEN_LOW_01,SUG_LOWERFACE_HIGH_01|SUG_CHIN_LONG_01|SUG_CHIN_WIDE_01|SUG_EYE_OPEN_LOW_01,rules_v1,rules_v1,research_lfw,lfw,v1,-8.869628012180328,-13.970585937469773
lfw_02177,data/raw/images/lfw_02177.jpg,train,0.028516,0.840242,0.284302,0.406612,0.796681,113.655922,0.406612,0.315317,0.984917,0.889760,0.313184,0.203467,1.242252,-1.834400,0.105442,-2.313903,0.236063,0.212387,0.056168,0.458149,-3.241618,0.046136,0.017817,0.059838,ok,ok,high,low,ok,high,low,ok,ok,ok,ok,ok,ok,ok,low,ok,ok,high,ok,high,low,high,low,low,SUG_MIDFACE_HIGH_01|SUG_LOWERFACE_LOW_01|SUG_JAW_ANGLE_HIGH_01|SUG_CHIN_SHORT_01,SUG_MIDFACE_HIGH_01|SUG_LOWERFACE_LOW_01|SUG_JAW_ANGLE_HIGH_01|SUG_CHIN_SHORT_01,rules_v1,rules_v1,research_lfw,lfw,v1,-7.574691832065582,-1.5323536158633817
lfw_02183,data/raw/images/lfw_02183.jpg,train,0.035359,0.857840,0.232298,0.455243,0.823242,108.479839,0.455243,0.325523,0.996862,0.915451,0.267723,0.196391,1.196069,-0.794480,0.114278,0.385159,0.221276,0.197919,0.091288,0.355489,-3.266331,0.018145,0.026679,0.085773,high,ok,low,high,high,low,high,ok,high,high,ok,ok,low,ok,ok,high,ok,ok,high,ok,low,ok,ok,ok,SUG_SYM_HIGH_01|SUG_NOSE_DEV_HIGH_01|SUG_MIDFACE_LOW_01|SUG_LOWERFACE_HIGH_01,SUG_SYM_HIGH_01|SUG_NOSE_DEV_HIGH_01|SUG_MIDFACE_LOW_01|SUG_LOWERFACE_HIGH_01,rules_v1,rules_v1,research_lfw,lfw,v1,12.658801518380642,-14.783648222761691
lfw_02186,data/raw/images/lfw_02186.jpg,train,0.036503,0.861170,0.266534,0.437204,0.803091,112.613839,0.437204,0.330049,0.987168,0.894168,0.266266,0.204339,1.128753,-1.480653,0.104867,-0.788963,0.220499,0.203352,0.095333,0.345082,-2.922122,0.016550,0.029664,0.098278,high,ok,ok,ok,ok,ok,ok,ok,ok,ok,ok,ok,low,ok,low,ok,ok,ok,high,ok,low,ok,ok,high,SUG_SYM_HIGH_01|SUG_NOSE_DEV_HIGH_01|SUG_EYE_CLOSE_01|SUG_BROW_LOW_01,SUG_SYM_HIGH_01|SUG_NOSE_DEV_HIGH_01|SUG_EYE_CLOSE_01|SUG_BROW_LOW_01,rules_v1,rules_v1,research_lfw,lfw,v1,13.345395259559155,-7.4266665882357135
lfw_02214,data/raw/images/lfw_02214.jpg,train,0.030343,0.837090,0.231126,0.454337,0.815542,110.219944,0.454337,0.330397,0.991368,0.904489,0.281092,0.198811,1.345557,0.047527,0.120941,-0.227874,0.234416,0.189002,0.070846,0.385716,-0.769926,0.006255,0.032220,0.094159,ok,ok,low,high,ok,ok,high,ok,high,ok,ok,ok,high,high,ok,high,ok,low,ok,ok,ok,low,high,high,SUG_MIDFACE_LOW_01|SUG_LOWERFACE_HIGH_01|SUG_CHIN_LONG_01|SUG_CHEEK_WIDE_01,SUG_MIDFACE_LOW_01|SUG_LOWERFACE_HIGH_01|SUG_CHIN_LONG_01|SUG_CHEEK_WIDE_01,rules_v1,rules_v1,research_lfw,lfw,v1,-9.90592011809349,-14.907123187832097
lfw_02221,data/raw/images/lfw_02221.jpg,train,0.012914,0.842767,0.245608,0.424404,0.796318,109.198299,0.424404,0.307983,0.986229,0.889428,0.335856,0.209912,1.215888,-3.151419,0.143076,-2.679449,0.224466,0.196907,0.044264,0.361255,-2.738024,0.003220,0.031937,0.099823,ok,ok,ok,ok,ok,ok,ok,low,ok,ok,high,high,ok,low,high,low,ok,ok,ok,ok,low,low,ok,high,SUG_CHIN_NARROW_01|SUG_EYE_OPEN_HIGH_01|SUG_EYE_SIZE_HIGH_01|SUG_EYE_TILT_LOW_01,SUG_CHIN_NARROW_01|SUG_EYE_OPEN_HIGH_01|SUG_EYE_SIZE_HIGH_01|SUG_EYE_TILT_LOW_01,rules_v1,rules_v1,research_lfw,lfw,v1,6.295314811170101,-9.61684719400541
lfw_02244,data/raw/images/lfw_02244.jpg,train,0.032927,0.843449,0.259458,0.416842,0.793909,111.216329,0.416842,0.316348,0.984608,0.885428,0.277309,0.200261,1.311284,-0.124805,0.118734,-0.341468,0.242827,0.202357,0.073574,0.391163,-0.505895,0.007792,0.029941,0.083769,high,ok,ok,ok,ok,ok,ok,ok,ok,ok,ok,ok,high,high,ok,high,high,ok,ok,ok,ok,ok,ok,ok,SUG_SYM_HIGH_01|SUG_EYE_WIDE_01|SUG_EYE_TILT_HIGH_01|SUG_BROW_TILT_HIGH_01,SUG_SYM_HIGH_01|SUG_EYE_WIDE_01|SUG_EYE_TILT_HIGH_01|SUG_BROW_TILT_HIGH_01,rules_v1,rules_v1,research_lfw,lfw,v1,-10.287211820483208,-6.544205932635268
lfw_02322,data/raw/images/lfw_02322.jpg,train,0.022102,0.806023,0.245795,0.439172,0.789615,112.779242,0.439172,0.322743,0.981838,0.881885,0.344276,0.220504,1.198302,0.541697,0.132552,0.369518,0.238192,0.193778,0.063953,0.383324,-0.024566,0.021387,0.038667,0.101313,ok,low,ok,ok,ok,ok,ok,ok,ok,ok,high,high,low,high,high,high,high,low,ok,ok,ok,ok,high,high,SUG_FACE_ASPECT_LOW_01|SUG_EYE_OPEN_HIGH_01|SUG_EYE_SIZE_HIGH_01|SUG_EYE_CLOSE_01,SUG_FACE_ASPECT_LOW_01|SUG_EYE_OPEN_HIGH_01|SUG_EYE_SIZE_HIGH_01|SUG_EYE_CLOSE_01,rules_v1,rules_v1,research_lfw,lfw,v1,9.118660993874073,-11.00825944260013
lfw_02329,data/raw/images/lfw_02329.jpg,train,0.039505,0.850681,0.270032,0.407188,0.762470,111.858743,0.407188,0.303952,0.973010,0.856397,0.347125,0.198071,1.254199,0.558074,0.133691,-0.146151,0.214169,0.202649,0.096622,0.332866,0.489521,0.008305,0.033784,0.087800,high,ok,ok,low,low,ok,low,low,low,low,high,ok,ok,high,high,high,low,ok,high,low,high,ok,high,ok,SUG_SYM_HIGH_01|SUG_NOSE_DEV_HIGH_01|SUG_LOWERFACE_LOW_01|SUG_JAW_NARROW_01,SUG_SYM_HIGH_01|SUG_NOSE_DEV_HIGH_01|SUG_LOWERFACE_LOW_01|SUG_JAW_NARROW_01,rules_v1,rules_v1,research_lfw,lfw,v1,-13.680398941040039,-3.8274803434499813
lfw_02362,data/raw/images/lfw_02362.jpg,train,0.007826,0.821863,0.239743,0.458662,0.800154,113.273434,0.458662,0.333633,0.987196,0.891950,0.256306,0.207063,1.274370,-0.682422,0.111896,-0.550746,0.239835,0.189169,0.006606,0.406782,-1.174545,0.049069,0.032498,0.084353,low,ok,ok,high,ok,high,high,high,ok,ok,ok,ok,ok,ok,ok,ok,high,low,low,ok,ok,high,high,ok,SUG_LOWERFACE_HIGH_01|SUG_JAW_ANGLE_HIGH_01|SUG_CHIN_LONG_01|SUG_CHIN_WIDE_01,SUG_LOWERFACE_HIGH_01|SUG_JAW_ANGLE_HIGH_01|SUG_CHIN_LONG_01|SUG_CHIN_WIDE_01,rules_v1,rules_v1,research_lfw,lfw,v1,1.0141740362159908,-13.810902318591742
lfw_02368,data/raw/images/lfw_02368.jpg,train,0.007411,0.863413,0.243129,0.450704,0.803253,110.930416,0.450704,0.325726,0.987919,0.895513,0.210578,0.201813,1.301422,-1.005023,0.111776,-1.098500,0.236029,0.191100,0.012043,0.443508,-0.813026,0.070760,0.025320,0.071821,low,ok,ok,ok,ok,ok,ok,ok,ok,ok,low,ok,high,ok,ok,ok,ok,low,low,high,ok,high,ok,ok,SUG_EYE_OPEN_LOW_01|SUG_EYE_WIDE_01|SUG_NOSE_SHORT_01|SUG_MOUTH_WIDE_01,SUG_EYE_OPEN_LOW_01|SUG_EYE_WIDE_01|SUG_NOSE_SHORT_01|SUG_MOUTH_WIDE_01,rules_v1,rules_v1,research_lfw,lfw,v1,-1.6700566140934825,-12.525405971306041
lfw_02385,data/raw/images/lfw_02385.jpg,train,0.013574,0.885097,0.273483,0.403198,0.772700,109.788960,0.403198,0.313596,0.975427,0.865530,0.274000,0.207942,1.220736,-1.542000,0.147390,-1.861002,0.231129,0.211536,0.040883,0.345635,-1.285527,0.008575,0.034110,0.096387,ok,high,high,low,low,ok,low,ok,low,low,ok,high,ok,ok,high,ok,ok,high,ok,ok,ok,ok,high,high,SUG_FACE_ASPECT_HIGH_01|SUG_MIDFACE_HIGH_01|SUG_LOWERFACE_LOW_01|SUG_JAW_NARROW_01,SUG_FACE_ASPECT_HIGH_01|SUG_MIDFACE_HIGH_01|SUG_LOWERFACE_LOW_01|SUG_JAW_NARROW_01,rules_v1,rules_v1,research_lfw,lfw,v1,5.8604006208479404,-2.8523423867709448
lfw_02390,data/raw/images/lfw_02390.jpg,train,0.026878,0.872716,0.285449,0.405345,0.790948,112.843911,0.405345,0.322857,0.981738,0.883052,0.287770,0.210495,1.145755,-1.877807,0.125883,-1.027625,0.229271,0.211192,0.071690,0.338547,-4.892383,0.018765,0.028081,0.094789,ok,ok,high,low,ok,ok,low,ok,ok,ok,ok,high,low,ok,ok,ok,ok,ok,ok,low,low,ok,ok,high,SUG_MIDFACE_HIGH_01|SUG_LOWERFACE_LOW_01|SUG_CHIN_SHORT_01|SUG_EYE_SIZE_HIGH_01,SUG_MIDFACE_HIGH_01|SUG_LOWERFACE_LOW_01|SUG_CHIN_SHORT_01|SUG_EYE_SIZE_HIGH_01,rules_v1,rules_v1,research_lfw,lfw,v1,10.031428389251232,-1.2206693217633842
lfw_02393,data/raw/images/lfw_02393.jpg,train,0.007986,0.841420,0.236484,0.442994,0.775161,110.176762,0.442994,0.314351,0.978736,0.869343,0.317304,0.203507,1.220900,-1.165221,0.152952,-1.457037,0.214727,0.190729,0.004067,0.310999,-1.144064,0.021646,0.038704,0.094714,low,ok,low,ok,low,ok,ok,ok,low,low,ok,ok,ok,ok,high,ok,low,low,low,low,ok,ok,high,high,SUG_MIDFACE_LOW_01|SUG_JAW_NARROW_01|SUG_CHEEK_NARROW_01|SUG_LOWER_CHEEK_LOW_01,SUG_MIDFACE_LOW_01|SUG_JAW_NARROW_01|SUG_CHEEK_NARROW_01|SUG_LOWER_CHEEK_LOW_01,rules_v1,rules_v1,research_lfw,lfw,v1,-0.47513320622965693,-12.95318937996021
lfw_02402,data/raw/images/lfw_02402.jpg,train,0.016435,0.863173,0.257240,0.425383,0.792983,110.076248,0.425383,0.310425,0.983419,0.886708,0.254848,0.200246,1.274959,-2.184345,0.119402,-2.019735,0.232065,0.200637,0.000580,0.436243,-4.792411,0.052212,0.024181,0.067408,ok,ok,ok,ok,ok,ok,ok,ok,ok,ok,ok,ok,ok,ok,ok,ok,ok,ok,low,high,low,high,ok,ok,SUG_MOUTH_WIDE_01|SUG_MOUTH_TILT_LOW_01|SUG_LIP_FULL_01,SUG_MOUTH_WIDE_01|SUG_MOUTH_TILT_LOW_01|SUG_LIP_FULL_01,rules_v1,rules_v1,research_lfw,lfw,v1,0.16747639328241348,-7.768665544404666
lfw_02420,data/raw/images/lfw_02420.jpg,train,0.017627,0.911921,0.255124,0.433459,0.798785,107.748827,0.433459,0.318385,0.986373,0.892070,0.229336,0.199691,1.223073,-1.088244,0.120236,-0.994698,0.229317,0.198272,0.046463,0.368562,-0.482815,0.031032,0.032382,0.085147,ok,high,ok,ok,ok,low,ok,ok,ok,ok,ok,ok,ok,ok,ok,ok,ok,ok,ok,ok,ok,ok,high,ok,SUG_FACE_ASPECT_HIGH_01|SUG_JAW_ANGLE_LOW_01|SUG_UPPER_LIP_HIGH_01,SUG_FACE_ASPECT_HIGH_01|SUG_JAW_ANGLE_LOW_01|SUG_UPPER_LIP_HIGH_01,rules_v1,rules_v1,research_lfw,lfw,v1,6.318796511739492,-8.90883637604552
lfw_02426,data/raw/images/lfw_02426.jpg,train,0.020144,0.856779,0.229862,0.445990,0.785067,108.811042,0.445990,0.318387,0.981484,0.875983,0.308113,0.202253,1.317902,-0.751085,0.118211,-1.784938,0.229708,0.182263,0.042070,0.342283,0.132289,0.011468,0.037886,0.090396,ok,ok,low,ok,ok,ok,ok,ok,ok,low,ok,ok,high,ok,ok,ok,ok,low,ok,low,high,ok,high,ok,SUG_MIDFACE_LOW_01|SUG_LOWER_CHEEK_LOW_01|SUG_EYE_WIDE_01|SUG_NOSE_SHORT_01,SUG_MIDFACE_LOW_01|SUG_LOWER_CHEEK_LOW_01|SUG_EYE_WIDE_01|SUG_NOSE_SHORT_01,rules_v1,rules_v1,research_lfw,lfw,v1,-5.780089918524027,-14.380572524191548
lfw_02431,data/raw/images/lfw_02431.jpg,train,0.021429,0.865882,0.249010,0.442033,0.816055,109.626154,0.442033,0.332245,0.991248,0.904674,0.267781,0.192954,1.274971,-0.952566,0.110750,-1.854829,0.220406,0.200355,0.051085,0.348311,-0.447700,0.009905,0.027803,0.088376,ok,ok,ok,ok,high,ok,ok,ok,high,high,ok,low,ok,ok,ok,ok,ok,ok,ok,ok,ok,ok,ok,ok,SUG_JAW_WIDE_01|SUG_CHEEK_WIDE_01|SUG_LOWER_CHEEK_HIGH_01|SUG_EYE_SIZE_LOW_01,SUG_JAW_WIDE_01|SUG_CHEEK_WIDE_01|SUG_LOWER_CHEEK_HIGH_01|SUG_EYE_SIZE_LOW_01,rules_v1,rules_v1,research_lfw,lfw,v1,-7.197643183171749,-10.73892961143169
lfw_02485,data/raw/images/lfw_02485.jpg,train,0.010472,0.831290,0.258480,0.461466,0.820909,114.311900,0.461466,0.381422,0.988128,0.900828,0.332012,0.224176,1.246603,-2.209638,0.122982,-1.953808,0.261822,0.206972,0.047514,0.362539,-3.734711,0.007933,0.037218,0.091617,ok,ok,ok,high,high,high,high,high,ok,ok,high,high,ok,low,ok,ok,high,ok,ok,ok,low,ok,high,high,SUG_LOWERFACE_HIGH_01|SUG_JAW_WIDE_01|SUG_JAW_ANGLE_HIGH_01|SUG_CHIN_LONG_01,SUG_LOWERFACE_HIGH_01|SUG_JAW_WIDE_01|SUG_JAW_ANGLE_HIGH_01|SUG_CHIN_LONG_01,rules_v1,rules_v1,research_lfw,lfw,v1,6.857603218406439,-10.975065624570103
lfw_02486,data/raw/images/lfw_02486.jpg,train,0.022217,0.894971,0.256725,0.443947,0.831836,110.204660,0.443947,0.346635,0.994651,0.917718,0.228936,0.195183,1.313078,9.418105,0.114305,9.670176,0.236385,0.207125,0.088616,0.390652,8.017815,0.016377,0.024627,0.071142,ok,high,ok,ok,high,ok,ok,high,high,high,low,ok,high,high,ok,high,ok,ok,high,ok,high,ok,ok,ok,SUG_NOSE_DEV_HIGH_01|SUG_FACE_ASPECT_HIGH_01|SUG_JAW_WIDE_01|SUG_CHIN_WIDE_01,SUG_NOSE_DEV_HIGH_01|SUG_FACE_ASPECT_HIGH_01|SUG_JAW_WIDE_01|SUG_CHIN_WIDE_01,rules_v1,rules_v1,research_lfw,lfw,v1,-13.032543003559113,-9.648321401990746
lfw_02489,data/raw/images/lfw_02489.jpg,train,0.023869,0.830887,0.271717,0.414893,0.781276,113.377019,0.414893,0.315659,0.978679,0.873929,0.271501,0.202995,1.285678,1.570362,0.105067,0.605943,0.238128,0.210304,0.069081,0.473385,1.737711,0.063920,0.019071,0.054100,ok,ok,high,ok,low,high,ok,ok,low,low,ok,ok,high,high,low,high,high,ok,ok,high,high,high,low,low,SUG_MIDFACE_HIGH_01|SUG_JAW_NARROW_01|SUG_JAW_ANGLE_HIGH_01|SUG_CHEEK_NARROW_01,SUG_MIDFACE_HIGH_01|SUG_JAW_NARROW_01|SUG_JAW_ANGLE_HIGH_01|SUG_CHEEK_NARROW_01,rules_v1,rules_v1,research_lfw,lfw,v1,-9.6303316578269,-4.367300922871131
lfw_02523,data/raw/images/lfw_02523.jpg,train,0.004695,0.821041,0.242234,0.437085,0.792172,111.135238,0.437085,0.307109,0.983783,0.884384,0.338096,0.211440,1.244173,-0.299670,0.129294,-0.030688,0.213154,0.191963,0.001766,0.380601,-1.074631,0.011694,0.030952,0.075936,low,ok,ok,ok,ok,ok,ok,low,ok,ok,high,high,ok,ok,ok,high,low,low,low,ok,ok,ok,ok,ok,SUG_CHIN_NARROW_01|SUG_EYE_OPEN_HIGH_01|SUG_EYE_SIZE_HIGH_01|SUG_BROW_TILT_HIGH_01,SUG_CHIN_NARROW_01|SUG_EYE_OPEN_HIGH_01|SUG_EYE_SIZE_HIGH_01|SUG_BROW_TILT_HIGH_01,rules_v1,rules_v1,research_lfw,lfw,v1,0.20447359629906714,-11.414791452272341
lfw_02554,data/raw/images/lfw_02554.jpg,train,0.005274,0.830339,0.235148,0.463090,0.793432,111.497068,0.463090,0.329031,0.984839,0.885455,0.299908,0.194067,1.249850,-2.069854,0.096486,-2.607012,0.208466,0.191219,0.017339,0.315782,-2.492740,0.027909,0.034590,0.087956,low,ok,low,high,ok,ok,high,ok,ok,ok,ok,ok,ok,ok,low,low,low,low,low,low,ok,ok,high,ok,SUG_MIDFACE_LOW_01|SUG_LOWERFACE_HIGH_01|SUG_CHIN_LONG_01|SUG_BROW_LOW_01,SUG_MIDFACE_LOW_01|SUG_LOWERFACE_HIGH_01|SUG_CHIN_LONG_01|SUG_BROW_LOW_01,rules_v1,rules_v1,research_lfw,lfw,v1,2.540022298693657,-14.980716108786428
lfw_02561,data/raw/images/lfw_02561.jpg,train,0.020709,0.902480,0.253434,0.447055,0.828044,107.817859,0.447055,0.334800,0.994357,0.916313,0.239114,0.189695,1.276673,-4.888711,0.101553,-5.427511,0.226449,0.201513,0.021020,0.392178,-3.842261,0.001893,0.024444,0.085084,ok,high,ok,ok,high,low,ok,high,high,high,ok,low,ok,low,low,low,ok,ok,ok,ok,low,low,ok,ok,SUG_FACE_ASPECT_HIGH_01|SUG_JAW_WIDE_01|SUG_JAW_ANGLE_LOW_01|SUG_CHIN_WIDE_01,SUG_FACE_ASPECT_HIGH_01|SUG_JAW_WIDE_01|SUG_JAW_ANGLE_LOW_01|SUG_CHIN_WIDE_01,rules_v1,rules_v1,research_lfw,lfw,v1,-2.825464189052582,-10.476619772480104
lfw_02566,data/raw/images/lfw_02566.jpg,train,0.017570,0.826809,0.285021,0.407819,0.816260,114.045660,0.407819,0.331601,0.990177,0.904338,0.243427,0.199588,1.316847,-2.344105,0.099597,-2.279938,0.255069,0.222336,0.034348,0.457735,-1.861248,0.014614,0.018728,0.063903,ok,ok,high,low,high,high,low,ok,ok,ok,ok,ok,high,low,low,ok,high,high,ok,high,ok,ok,low,low,SUG_MIDFACE_HIGH_01|SUG_LOWERFACE_LOW_01|SUG_JAW_WIDE_01|SUG_JAW_ANGLE_HIGH_01,SUG_MIDFACE_HIGH_01|SUG_LOWERFACE_LOW_01|SUG_JAW_WIDE_01|SUG_JAW_ANGLE_HIGH_01,rules_v1,rules_v1,research_lfw,lfw,v1,-4.893002696335316,-1.5514248599605533
lfw_02567,data/raw/images/lfw_02567.jpg,train,0.015077,0.789672,0.307054,0.383755,0.762007,118.604319,0.383755,0.307377,0.973802,0.857233,0.346111,0.213053,1.230890,0.729849,0.107030,0.249086,0.235115,0.218052,0.032554,0.400793,-0.435474,0.042830,0.023926,0.055243,ok,low,high,low,low,high,low,low,low,low,high,high,ok,high,ok,high,ok,high,ok,ok,ok,ok,ok,low,SUG_FACE_ASPECT_LOW_01|SUG_MIDFACE_HIGH_01|SUG_LOWERFACE_LOW_01|SUG_JAW_NARROW_01,SUG_FACE_ASPECT_LOW_01|SUG_MIDFACE_HIGH_01|SUG_LOWERFACE_LOW_01|SUG_JAW_NARROW_01,rules_v1,rules_v1,research_lfw,lfw,v1,-4.465450331568718,4.4072603126212275
lfw_02568,data/raw/images/lfw_02568.jpg,train,0.005909,0.819889,0.285768,0.396739,0.782667,114.331321,0.396739,0.310552,0.980171,0.874348,0.319990,0.204987,1.256856,-1.026507,0.100987,-1.260705,0.225046,0.213468,0.013278,0.356058,0.108159,0.003818,0.023762,0.075302,low,low,high,low,ok,high,low,ok,low,low,ok,ok,ok,ok,low,ok,ok,high,low,ok,ok,low,ok,ok,SUG_FACE_ASPECT_LOW_01|SUG_MIDFACE_HIGH_01|SUG_LOWERFACE_LOW_01|SUG_JAW_ANGLE_HIGH_01,SUG_FACE_ASPECT_LOW_01|SUG_MIDFACE_HIGH_01|SUG_LOWERFACE_LOW_01|SUG_JAW_ANGLE_HIGH_01,rules_v1,rules_v1,research_lfw,lfw,v1,-1.9391048848628998,-0.23340873670221593
lfw_02591,data/raw/images/lfw_02591.jpg,train,0.009865,0.862411,0.247478,0.437401,0.798470,109.345265,0.437401,0.323778,0.984866,0.888675,0.248882,0.203461,1.293041,-1.282889,0.113182,-1.290163,0.232743,0.199926,0.031624,0.383532,-1.149444,0.010289,0.028539,0.079728,ok,ok,ok,ok,ok,ok,ok,ok,ok,ok,ok,ok,high,ok,ok,ok,ok,ok,ok,ok,ok,ok,ok,ok,SUG_EYE_WIDE_01,SUG_EYE_WIDE_01,rules_v1,rules_v1,research_lfw,lfw,v1,4.4595933593809605,-10.557631974625147
lfw_02597,data/raw/images/lfw_02597.jpg,train,0.004627,0.850444,0.234562,0.449925,0.812321,108.497620,0.449925,0.323643,0.990509,0.903158,0.236399,0.189967,1.268274,-0.044605,0.115528,0.020397,0.221275,0.202544,0.007245,0.392898,-0.058185,0.005477,0.024524,0.078076,low,ok,low,ok,ok,low,ok,ok,ok,ok,ok,low,ok,high,ok,high,ok,ok,low,ok,ok,low,ok,ok,SUG_MIDFACE_LOW_01|SUG_JAW_ANGLE_LOW_01|SUG_EYE_SIZE_LOW_01|SUG_EYE_TILT_HIGH_01,SUG_MIDFACE_LOW_01|SUG_JAW_ANGLE_LOW_01|SUG_EYE_SIZE_LOW_01|SUG_EYE_TILT_HIGH_01,rules_v1,rules_v1,research_lfw,lfw,v1,-1.0535358642227948,-13.917069665503234
lfw_02615,data/raw/images/lfw_02615.jpg,train,0.017496,0.903494,0.249493,0.444340,0.803165,108.621110,0.444340,0.340142,0.981266,0.889099,0.223123,0.211323,1.190508,-6.265844,0.117727,-6.112228,0.222052,0.208780,0.080371,0.377572,-5.920420,0.002681,0.024710,0.090406,ok,high,ok,ok,ok,low,ok,high,ok,ok,low,high,low,low,ok,low,ok,ok,high,ok,low,low,ok,ok,SUG_NOSE_DEV_HIGH_01|SUG_FACE_ASPECT_HIGH_01|SUG_JAW_ANGLE_LOW_01|SUG_CHIN_WIDE_01,SUG_NOSE_DEV_HIGH_01|SUG_FACE_ASPECT_HIGH_01|SUG_JAW_ANGLE_LOW_01|SUG_CHIN_WIDE_01,rules_v1,rules_v1,research_lfw,lfw,v1,11.566818974912167,-10.874323549804952
lfw_02623,data/raw/images/lfw_02623.jpg,train,0.025632,0.873642,0.240375,0.444935,0.791690,108.408197,0.444935,0.327392,0.982876,0.881422,0.249952,0.192998,1.319625,-0.679111,0.127407,-1.553008,0.219951,0.195983,0.063742,0.325602,-0.210862,0.010502,0.034929,0.093463,ok,high,ok,ok,ok,low,ok,ok,ok,ok,ok,low,high,ok,ok,ok,ok,ok,ok,low,ok,ok,high,high,SUG_FACE_ASPECT_HIGH_01|SUG_JAW_ANGLE_LOW_01|SUG_EYE_SIZE_LOW_01|SUG_EYE_WIDE_01,SUG_FACE_ASPECT_HIGH_01|SUG_JAW_ANGLE_LOW_01|SUG_EYE_SIZE_LOW_01|SUG_EYE_WIDE_01,rules_v1,rules_v1,research_lfw,lfw,v1,-8.899368949234486,-12.464197266244366
lfw_02648,data/raw/images/lfw_02648.jpg,train,0.017967,0.752092,0.241284,0.449088,0.798327,116.862951,0.449088,0.329311,0.983658,0.888562,0.322236,0.194008,1.198013,-3.348364,0.134042,-4.712689,0.219194,0.200153,0.051604,0.368527,0.022565,0.008888,0.029664,0.092074,ok,low,ok,ok,ok,high,ok,ok,ok,ok,ok,ok,low,low,high,low,ok,ok,ok,ok,ok,ok,ok,high,SUG_FACE_ASPECT_LOW_01|SUG_JAW_ANGLE_HIGH_01|SUG_EYE_CLOSE_01|SUG_EYE_TILT_LOW_01,SUG_FACE_ASPECT_LOW_01|SUG_JAW_ANGLE_HIGH_01|SUG_EYE_CLOSE_01|SUG_EYE_TILT_LOW_01,rules_v1,rules_v1,research_lfw,lfw,v1,-7.318930763751268,-12.690199829938265
lfw_02651,data/raw/images/lfw_02651.jpg,train,0.004417,0.879339,0.260424,0.439443,0.812057,109.641697,0.439443,0.336558,0.987081,0.899552,0.238814,0.198585,1.257785,-1.529735,0.098245,-1.966762,0.228592,0.210541,0.005153,0.401640,-1.374516,0.005974,0.022570,0.076466,low,high,ok,ok,ok,ok,ok,high,ok,ok,ok,ok,ok,ok,low,ok,ok,ok,low,ok,ok,low,ok,ok,SUG_FACE_ASPECT_HIGH_01|SUG_CHIN_WIDE_01|SUG_BROW_LOW_01|SUG_LIP_THIN_01,SUG_FACE_ASPECT_HIGH_01|SUG_CHIN_WIDE_01|SUG_BROW_LOW_01|SUG_LIP_THIN_01,rules_v1,rules_v1,research_lfw,lfw,v1,0.740040825214237,-8.621011476151368
lfw_02658,data/raw/images/lfw_02658.jpg,train,0.021697,0.837705,0.255761,0.448655,0.817690,112.515278,0.448655,0.337782,0.990874,0.908441,0.230441,0.207460,1.236050,-3.220337,0.103349,-3.040827,0.252910,0.205398,0.072976,0.497901,-2.910298,0.064690,0.018466,0.060672,ok,ok,ok,ok,high,ok,ok,high,high,high,ok,ok,ok,low,low,low,high,ok,ok,high,low,high,low,low,SUG_JAW_WIDE_01|SUG_CHIN_WIDE_01|SUG_CHEEK_WIDE_01|SUG_LOWER_CHEEK_HIGH_01,SUG_JAW_WIDE_01|SUG_CHIN_WIDE_01|SUG_CHEEK_WIDE_01|SUG_LOWER_CHEEK_HIGH_01,rules_v1,rules_v1,research_lfw,lfw,v1,10.501649267971516,-10.245149010518311
lfw_02667,data/raw/images/lfw_02667.jpg,train,0.012266,0.828923,0.242887,0.451124,0.815556,112.030568,0.451124,0.335433,0.990099,0.903462,0.250135,0.202668,1.259664,-0.786903,0.105754,-0.226995,0.226648,0.197164,0.033416,0.375733,-1.278417,0.005941,0.028488,0.090651,ok,ok,ok,ok,high,ok,ok,high,ok,ok,ok,ok,ok,ok,low,high,ok,ok,ok,ok,ok,low,ok,ok,SUG_JAW_WIDE_01|SUG_CHIN_WIDE_01|SUG_BROW_LOW_01|SUG_BROW_TILT_HIGH_01,SUG_JAW_WIDE_01|SUG_CHIN_WIDE_01|SUG_BROW_LOW_01|SUG_BROW_TILT_HIGH_01,rules_v1,rules_v1,research_lfw,lfw,v1,4.710355795919895,-12.604230113895854
lfw_02668,data/raw/images/lfw_02668.jpg,train,0.003377,0.879756,0.257367,0.441130,0.791580,110.941055,0.441130,0.328434,0.982349,0.883379,0.164790,0.195518,1.295780,-0.129625,0.094872,-0.623256,0.236404,0.203978,0.004743,0.430058,-0.445139,0.059471,0.022377,0.058801,low,high,ok,ok,ok,ok,ok,ok,ok,ok,low,ok,high,ok,low,ok,ok,ok,low,ok,ok,high,ok,low,SUG_FACE_ASPECT_HIGH_01|SUG_EYE_OPEN_LOW_01|SUG_EYE_WIDE_01|SUG_BROW_LOW_01,SUG_FACE_ASPECT_HIGH_01|SUG_EYE_OPEN_LOW_01|SUG_EYE_WIDE_01|SUG_BROW_LOW_01,rules_v1,rules_v1,research_lfw,lfw,v1,0.7890682867728174,-9.27745762466094
lfw_02671,data/raw/images/lfw_02671.jpg,train,0.033089,0.814149,0.241471,0.446918,0.791261,112.187024,0.446918,0.326467,0.982575,0.881845,0.300800,0.195540,1.331946,-1.509307,0.107086,-2.184808,0.223911,0.195083,0.077608,0.361277,-1.228072,0.012946,0.032627,0.087639,high,low,ok,ok,ok,ok,ok,ok,ok,ok,ok,ok,high,ok,ok,ok,ok,low,ok,ok,ok,ok,high,ok,SUG_SYM_HIGH_01|SUG_FACE_ASPECT_LOW_01|SUG_EYE_WIDE_01|SUG_NOSE_SHORT_01,SUG_SYM_HIGH_01|SUG_FACE_ASPECT_LOW_01|SUG_EYE_WIDE_01|SUG_NOSE_SHORT_01,rules_v1,rules_v1,research_lfw,lfw,v1,-10.778265751898289,-12.460040527223613
lfw_02697,data/raw/images/lfw_02697.jpg,train,0.023253,0.815846,0.235392,0.447533,0.788557,112.472072,0.447533,0.324837,0.981934,0.879156,0.244959,0.209709,1.252608,-0.418947,0.119236,0.465208,0.240170,0.195447,0.063725,0.405126,-0.613719,0.010541,0.029005,0.093771,ok,low,low,ok,ok,ok,ok,ok,ok,ok,ok,high,ok,ok,ok,high,high,low,ok,ok,ok,ok,ok,high,SUG_FACE_ASPECT_LOW_01|SUG_MIDFACE_LOW_01|SUG_EYE_SIZE_HIGH_01|SUG_BROW_TILT_HIGH_01,SUG_FACE_ASPECT_LOW_01|SUG_MIDFACE_LOW_01|SUG_EYE_SIZE_HIGH_01|SUG_BROW_TILT_HIGH_01,rules_v1,rules_v1,research_lfw,lfw,v1,9.012679673731327,-13.557204737445536
lfw_02708,data/raw/images/lfw_02708.jpg,train,0.033865,0.826919,0.229973,0.449325,0.805554,109.783274,0.449325,0.325808,0.986312,0.895181,0.254623,0.199892,1.300247,-2.365390,0.120158,-3.072946,0.244314,0.194520,0.063704,0.459356,-2.276149,0.013548,0.026996,0.074005,high,ok,low,ok,ok,ok,ok,ok,ok,ok,ok,ok,high,low,ok,low,high,low,ok,high,ok,ok,ok,ok,SUG_SYM_HIGH_01|SUG_MIDFACE_LOW_01|SUG_EYE_WIDE_01|SUG_EYE_TILT_LOW_01,SUG_SYM_HIGH_01|SUG_MIDFACE_LOW_01|SUG_EYE_WIDE_01|SUG_EYE_TILT_LOW_01,rules_v1,rules_v1,research_lfw,lfw,v1,-8.63827233016491,-14.661737038878538
lfw_02713,data/raw/images/lfw_02713.jpg,train,0.029890,0.842873,0.268012,0.412087,0.784356,111.394518,0.412087,0.314047,0.980497,0.876422,0.298438,0.195365,1.250063,-0.109035,0.126269,-0.579643,0.220752,0.212427,0.067497,0.368341,-0.581342,0.005209,0.026346,0.087655,ok,ok,ok,low,ok,ok,low,ok,low,ok,ok,ok,ok,high,ok,ok,ok,high,ok,ok,ok,low,ok,ok,SUG_LOWERFACE_LOW_01|SUG_CHIN_SHORT_01|SUG_CHEEK_NARROW_01|SUG_EYE_TILT_HIGH_01,SUG_LOWERFACE_LOW_01|SUG_CHIN_SHORT_01|SUG_CHEEK_NARROW_01|SUG_EYE_TILT_HIGH_01,rules_v1,rules_v1,research_lfw,lfw,v1,-9.390124551951885,-4.665926067033564
lfw_02716,data/raw/images/lfw_02716.jpg,train,0.013802,0.847650,0.286533,0.412410,0.799976,114.135302,0.412410,0.332878,0.984076,0.889962,0.195109,0.203394,1.276845,-1.974875,0.094745,-2.535568,0.254232,0.221527,0.009155,0.464955,-1.592733,0.049553,0.015442,0.055760,ok,ok,high,low,ok,high,low,ok,ok,ok,low,ok,ok,ok,low,low,high,high,low,high,ok,high,low,low,SUG_MIDFACE_HIGH_01|SUG_LOWERFACE_LOW_01|SUG_JAW_ANGLE_HIGH_01|SUG_CHIN_SHORT_01,SUG_MIDFACE_HIGH_01|SUG_LOWERFACE_LOW_01|SUG_JAW_ANGLE_HIGH_01|SUG_CHIN_SHORT_01,rules_v1,rules_v1,research_lfw,lfw,v1,1.6853081490844488,-1.8086594741694917
lfw_02720,data/raw/images/lfw_02720.jpg,train,0.005568,0.826189,0.236006,0.459383,0.787607,111.792922,0.459383,0.322270,0.986287,0.883397,0.346169,0.195646,1.198384,-1.985367,0.110840,-2.245355,0.210896,0.188926,0.012932,0.316671,-1.863723,0.028388,0.036742,0.104918,low,ok,low,high,ok,ok,high,ok,ok,ok,high,ok,low,ok,ok,ok,low,low,low,low,ok,ok,high,high,SUG_MIDFACE_LOW_01|SUG_LOWERFACE_HIGH_01|SUG_CHIN_LONG_01|SUG_EYE_OPEN_HIGH_01,SUG_MIDFACE_LOW_01|SUG_LOWERFACE_HIGH_01|SUG_CHIN_LONG_01|SUG_EYE_OPEN_HIGH_01,rules_v1,rules_v1,research_lfw,lfw,v1,1.7367995213717222,-14.510186674377383
lfw_02722,data/raw/images/lfw_02722.jpg,train,0.013346,0.807901,0.234605,0.461795,0.789674,111.890923,0.461795,0.320312,0.985954,0.885423,0.399643,0.200823,1.190615,1.317237,0.130974,0.916848,0.213125,0.189383,0.040413,0.354653,0.024499,0.035982,0.037752,0.093273,ok,low,low,high,ok,ok,high,ok,ok,ok,high,ok,low,high,ok,high,low,low,ok,ok,ok,ok,high,high,SUG_FACE_ASPECT_LOW_01|SUG_MIDFACE_LOW_01|SUG_LOWERFACE_HIGH_01|SUG_CHIN_LONG_01,SUG_FACE_ASPECT_LOW_01|SUG_MIDFACE_LOW_01|SUG_LOWERFACE_HIGH_01|SUG_CHIN_LONG_01,rules_v1,rules_v1,research_lfw,lfw,v1,-5.8053469732403755,-14.961075270127528
lfw_02737,data/raw/images/lfw_02737.jpg,train,0.032706,0.797755,0.239239,0.446096,0.797780,112.887071,0.446096,0.320569,0.982200,0.888255,0.360705,0.194768,1.207548,-4.688794,0.131333,-5.313495,0.207950,0.194200,0.041484,0.361066,-6.157119,0.008620,0.029392,0.089502,high,low,ok,ok,ok,ok,ok,ok,ok,ok,high,ok,ok,low,ok,low,low,low,ok,ok,low,ok,ok,ok,SUG_SYM_HIGH_01|SUG_FACE_ASPECT_LOW_01|SUG_EYE_OPEN_HIGH_01|SUG_EYE_TILT_LOW_01,SUG_SYM_HIGH_01|SUG_FACE_ASPECT_LOW_01|SUG_EYE_OPEN_HIGH_01|SUG_EYE_TILT_LOW_01,rules_v1,rules_v1,research_lfw,lfw,v1,-5.7065440490841866,-12.764935528928964
lfw_02745,data/raw/images/lfw_02745.jpg,train,0.025290,0.853403,0.254073,0.439763,0.818472,109.668427,0.439763,0.324119,0.991317,0.909978,0.276689,0.185692,1.238480,-1.333526,0.102640,-3.089809,0.222672,0.208062,0.060144,0.420643,0.370763,0.015153,0.020427,0.070753,ok,ok,ok,ok,high,ok,ok,ok,high,high,ok,low,ok,ok,low,low,ok,ok,ok,ok,high,ok,low,ok,SUG_JAW_WIDE_01|SUG_CHEEK_WIDE_01|SUG_LOWER_CHEEK_HIGH_01|SUG_EYE_SIZE_LOW_01,SUG_JAW_WIDE_01|SUG_CHEEK_WIDE_01|SUG_LOWER_CHEEK_HIGH_01|SUG_EYE_SIZE_LOW_01,rules_v1,rules_v1,research_lfw,lfw,v1,-8.39953262731433,-9.68650531930312
lfw_02750,data/raw/images/lfw_02750.jpg,train,0.006583,0.869347,0.270381,0.426487,0.800219,110.920233,0.426487,0.331089,0.985269,0.890751,0.282359,0.198791,1.242673,-3.850212,0.117318,-4.327039,0.225573,0.212267,0.031093,0.339601,-2.918891,0.008515,0.030058,0.093001,low,ok,high,ok,ok,ok,ok,ok,ok,ok,ok,ok,ok,low,ok,low,ok,high,ok,low,low,ok,ok,high,SUG_MIDFACE_HIGH_01|SUG_EYE_TILT_LOW_01|SUG_BROW_TILT_LOW_01|SUG_NOSE_LONG_01,SUG_MIDFACE_HIGH_01|SUG_EYE_TILT_LOW_01|SUG_BROW_TILT_LOW_01|SUG_NOSE_LONG_01,rules_v1,rules_v1,research_lfw,lfw,v1,4.663195436820388,-5.760864329962556
lfw_02751,data/raw/images/lfw_02751.jpg,train,0.005505,0.849982,0.231881,0.454481,0.791279,109.546121,0.454481,0.327384,0.981685,0.881672,0.211145,0.194997,1.278454,-3.853882,0.112668,-5.150154,0.224461,0.196893,0.008238,0.359989,-1.681533,0.005993,0.030737,0.092511,low,ok,low,high,ok,ok,high,ok,ok,ok,low,ok,ok,low,ok,low,ok,ok,low,ok,ok,low,ok,high,SUG_MIDFACE_LOW_01|SUG_LOWERFACE_HIGH_01|SUG_CHIN_LONG_01|SUG_EYE_OPEN_LOW_01,SUG_MIDFACE_LOW_01|SUG_LOWERFACE_HIGH_01|SUG_CHIN_LONG_01|SUG_EYE_OPEN_LOW_01,rules_v1,rules_v1,research_lfw,lfw,v1,1.2289961837232113,-14.788638193853009
lfw_02781,data/raw/images/lfw_02781.jpg,train,0.020712,0.825246,0.290231,0.394102,0.782211,114.547248,0.394102,0.313280,0.979542,0.874004,0.315515,0.201636,1.248763,0.161105,0.101143,-0.980231,0.230171,0.215020,0.051489,0.366710,0.407741,0.000450,0.024662,0.082991,ok,ok,high,low,low,high,low,ok,low,low,ok,ok,ok,high,low,ok,ok,high,ok,ok,high,low,ok,ok,SUG_MIDFACE_HIGH_01|SUG_LOWERFACE_LOW_01|SUG_JAW_NARROW_01|SUG_JAW_ANGLE_HIGH_01,SUG_MIDFACE_HIGH_01|SUG_LOWERFACE_LOW_01|SUG_JAW_NARROW_01|SUG_JAW_ANGLE_HIGH_01,rules_v1,rules_v1,research_lfw,lfw,v1,-7.231823813170195,0.739367063166363
lfw_02791,data/raw/images/lfw_02791.jpg,train,0.020135,0.878672,0.257162,0.444369,0.827136,110.455305,0.444369,0.339608,0.992634,0.914189,0.210842,0.206593,1.228776,-1.400125,0.114107,-1.408908,0.237718,0.207652,0.058638,0.444124,-0.774703,0.025746,0.018550,0.073908,ok,high,ok,ok,high,ok,ok,high,high,high,low,ok,ok,ok,ok,ok,high,ok,ok,high,ok,ok,low,ok,SUG_FACE_ASPECT_HIGH_01|SUG_JAW_WIDE_01|SUG_CHIN_WIDE_01|SUG_CHEEK_WIDE_01,SUG_FACE_ASPECT_HIGH_01|SUG_JAW_WIDE_01|SUG_CHIN_WIDE_01|SUG_CHEEK_WIDE_01,rules_v1,rules_v1,research_lfw,lfw,v1,8.255741011351347,-9.616927882820113
lfw_02813,data/raw/images/lfw_02813.jpg,train,0.011217,0.894491,0.245640,0.443192,0.800987,106.428148,0.443192,0.318687,0.986941,0.894136,0.293897,0.195622,1.219894,-1.196119,0.116673,-1.634203,0.215519,0.201011,0.023081,0.380541,-0.041703,0.015283,0.026334,0.080529,ok,high,ok,ok,ok,low,ok,ok,ok,ok,ok,ok,ok,ok,ok,ok,low,ok,ok,ok,ok,ok,ok,ok,SUG_FACE_ASPECT_HIGH_01|SUG_JAW_ANGLE_LOW_01|SUG_NOSE_NARROW_01,SUG_FACE_ASPECT_HIGH_01|SUG_JAW_ANGLE_LOW_01|SUG_NOSE_NARROW_01,rules_v1,rules_v1,research_lfw,lfw,v1,-3.2467998303472996,-11.411271946142708
lfw_02865,data/raw/images/lfw_02865.jpg,train,0.012630,0.787303,0.252370,0.449882,0.783879,117.174545,0.449882,0.350074,0.982626,0.875208,0.235574,0.211009,1.314513,-2.490674,0.102442,-2.172965,0.264577,0.199636,0.012279,0.406925,-4.045560,0.048615,0.035449,0.090977,ok,low,ok,ok,ok,high,ok,high,ok,low,ok,high,high,low,low,ok,high,ok,low,ok,low,high,high,high,SUG_FACE_ASPECT_LOW_01|SUG_JAW_ANGLE_HIGH_01|SUG_CHIN_WIDE_01|SUG_LOWER_CHEEK_LOW_01,SUG_FACE_ASPECT_LOW_01|SUG_JAW_ANGLE_HIGH_01|SUG_CHIN_WIDE_01|SUG_LOWER_CHEEK_LOW_01,rules_v1,rules_v1,research_lfw,lfw,v1,1.853037977591157,-10.912898566536182
lfw_02915,data/raw/images/lfw_02915.jpg,train,0.021232,0.853067,0.246974,0.430501,0.801031,109.672724,0.430501,0.317051,0.986067,0.891810,0.293347,0.196366,1.270502,-1.986031,0.122031,-1.839104,0.219287,0.199891,0.018487,0.360729,-3.654119,0.004798,0.025593,0.087212,ok,ok,ok,ok,ok,ok,ok,ok,ok,ok,ok,ok,ok,ok,ok,ok,ok,ok,low,ok,low,low,ok,ok,SUG_MOUTH_TILT_LOW_01|SUG_LIP_THIN_01,SUG_MOUTH_TILT_LOW_01|SUG_LIP_THIN_01,rules_v1,rules_v1,research_lfw,lfw,v1,-2.6019817292690277,-9.980778364377583
lfw_02923,data/raw/images/lfw_02923.jpg,train,0.038215,0.843878,0.282621,0.397502,0.794957,112.156934,0.397502,0.310684,0.983461,0.886487,0.328519,0.197601,1.234184,-1.401390,0.114305,-2.219270,0.227551,0.215022,0.079029,0.398151,-2.865625,0.008767,0.022747,0.070490,high,ok,high,low,ok,ok,low,ok,ok,ok,high,ok,ok,ok,ok,ok,ok,high,high,ok,low,ok,ok,ok,SUG_SYM_HIGH_01|SUG_NOSE_DEV_HIGH_01|SUG_MIDFACE_HIGH_01|SUG_LOWERFACE_LOW_01,SUG_SYM_HIGH_01|SUG_NOSE_DEV_HIGH_01|SUG_MIDFACE_HIGH_01|SUG_LOWERFACE_LOW_01,rules_v1,rules_v1,research_lfw,lfw,v1,-11.127318240702152,-0.8020165830819979
lfw_02926,data/raw/images/lfw_02926.jpg,train,0.021762,0.888468,0.289993,0.386767,0.794957,109.899707,0.386767,0.302171,0.985018,0.888237,0.316201,0.191935,1.252392,-1.066148,0.106911,-1.684978,0.213417,0.215457,0.037510,0.335532,-3.086958,0.009612,0.020205,0.071211,ok,high,high,low,ok,ok,low,low,ok,ok,ok,low,ok,ok,ok,ok,low,high,ok,low,low,ok,low,ok,SUG_FACE_ASPECT_HIGH_01|SUG_MIDFACE_HIGH_01|SUG_LOWERFACE_LOW_01|SUG_CHIN_SHORT_01,SUG_FACE_ASPECT_HIGH_01|SUG_MIDFACE_HIGH_01|SUG_LOWERFACE_LOW_01|SUG_CHIN_SHORT_01,rules_v1,rules_v1,research_lfw,lfw,v1,-5.0613815523684025,1.5303007427068007
lfw_02928,data/raw/images/lfw_02928.jpg,train,0.018639,0.860828,0.252057,0.435590,0.804408,110.222883,0.435590,0.315932,0.986539,0.897781,0.260217,0.205298,1.194120,-2.089991,0.115226,-1.491202,0.235863,0.201475,0.058305,0.478781,-1.295720,0.053103,0.015877,0.062169,ok,ok,ok,ok,ok,ok,ok,ok,ok,ok,ok,ok,low,ok,ok,ok,ok,ok,ok,high,ok,high,low,low,SUG_EYE_CLOSE_01|SUG_MOUTH_WIDE_01|SUG_LIP_FULL_01|SUG_UPPER_LIP_LOW_01,SUG_EYE_CLOSE_01|SUG_MOUTH_WIDE_01|SUG_LIP_FULL_01|SUG_UPPER_LIP_LOW_01,rules_v1,rules_v1,research_lfw,lfw,v1,8.34829817712307,-9.621050238210614
lfw_02933,data/raw/images/lfw_02933.jpg,train,0.046219,0.813114,0.238203,0.442803,0.812497,110.610392,0.442803,0.317228,0.992231,0.905005,0.336308,0.190151,1.272224,-0.202539,0.118389,-0.417803,0.218716,0.195042,0.101340,0.382534,-1.964792,0.000135,0.031146,0.095975,high,low,low,ok,ok,ok,ok,ok,high,high,high,low,ok,ok,ok,ok,ok,low,high,ok,ok,low,ok,high,SUG_SYM_HIGH_01|SUG_NOSE_DEV_HIGH_01|SUG_FACE_ASPECT_LOW_01|SUG_MIDFACE_LOW_01,SUG_SYM_HIGH_01|SUG_NOSE_DEV_HIGH_01|SUG_FACE_ASPECT_LOW_01|SUG_MIDFACE_LOW_01,rules_v1,rules_v1,research_lfw,lfw,v1,-14.045289807021618,-12.639396089032909
lfw_02935,data/raw/images/lfw_02935.jpg,train,0.040719,0.858978,0.295068,0.409008,0.784970,115.175399,0.409008,0.317700,0.981987,0.881076,0.214400,0.207629,1.136964,-3.239911,0.097252,-3.226244,0.229636,0.218371,0.096468,0.439293,-1.379273,0.078595,0.012771,0.050877,high,ok,high,low,ok,high,low,ok,ok,ok,low,ok,low,low,low,low,ok,high,high,high,ok,high,low,low,SUG_SYM_HIGH_01|SUG_NOSE_DEV_HIGH_01|SUG_MIDFACE_HIGH_01|SUG_LOWERFACE_LOW_01,SUG_SYM_HIGH_01|SUG_NOSE_DEV_HIGH_01|SUG_MIDFACE_HIGH_01|SUG_LOWERFACE_LOW_01,rules_v1,rules_v1,research_lfw,lfw,v1,13.717921569943428,-0.16463783306999752
lfw_02959,data/raw/images/lfw_02959.jpg,train,0.003359,0.803845,0.292323,0.391838,0.786052,115.249821,0.391838,0.304844,0.983757,0.881098,0.308798,0.218958,1.258167,-3.421472,0.120367,-3.229870,0.239251,0.215042,0.016381,0.424461,-1.419338,0.038603,0.025518,0.057194,low,low,high,low,ok,high,low,low,ok,ok,ok,high,ok,low,ok,low,high,high,low,ok,ok,ok,ok,low,SUG_FACE_ASPECT_LOW_01|SUG_MIDFACE_HIGH_01|SUG_LOWERFACE_LOW_01|SUG_JAW_ANGLE_HIGH_01,SUG_FACE_ASPECT_LOW_01|SUG_MIDFACE_HIGH_01|SUG_LOWERFACE_LOW_01|SUG_JAW_ANGLE_HIGH_01,rules_v1,rules_v1,research_lfw,lfw,v1,2.529304627329111,1.3089729447125553
lfw_02966,data/raw/images/lfw_02966.jpg,train,0.025150,0.846797,0.257285,0.433223,0.796354,111.172105,0.433223,0.319133,0.984758,0.887851,0.302238,0.205626,1.206500,-2.395389,0.104943,-1.753421,0.218401,0.199405,0.067904,0.346905,-2.628807,0.010033,0.028963,0.086648,ok,ok,ok,ok,ok,ok,ok,ok,ok,ok,ok,ok,ok,low,low,ok,ok,ok,ok,ok,low,ok,ok,ok,SUG_EYE_TILT_LOW_01|SUG_BROW_LOW_01|SUG_MOUTH_TILT_LOW_01,SUG_EYE_TILT_LOW_01|SUG_BROW_LOW_01|SUG_MOUTH_TILT_LOW_01,rules_v1,rules_v1,research_lfw,lfw,v1,9.416563354432583,-8.531450091801819
lfw_02977,data/raw/images/lfw_02977.jpg,train,0.002393,0.865058,0.290136,0.392704,0.775704,111.635695,0.392704,0.306192,0.977056,0.868622,0.316908,0.200796,1.232072,1.937284,0.107568,2.238148,0.216429,0.219857,0.010710,0.354034,1.010007,0.013057,0.022138,0.066452,low,ok,high,low,low,ok,low,low,low,low,ok,ok,ok,high,ok,high,low,high,low,ok,high,ok,ok,low,SUG_MIDFACE_HIGH_01|SUG_LOWERFACE_LOW_01|SUG_JAW_NARROW_01|SUG_CHIN_SHORT_01,SUG_MIDFACE_HIGH_01|SUG_LOWERFACE_LOW_01|SUG_JAW_NARROW_01|SUG_CHIN_SHORT_01,rules_v1,rules_v1,research_lfw,lfw,v1,-1.7677284255623817,0.881333324364208
lfw_02986,data/raw/images/lfw_02986.jpg,train,0.041425,0.835865,0.263717,0.433392,0.803484,113.749177,0.433392,0.334448,0.986745,0.894528,0.142874,0.192250,1.373506,-0.913581,0.093304,-2.376520,0.256660,0.210631,0.102624,0.494956,0.556548,0.075770,0.018762,0.044883,high,ok,ok,ok,ok,high,ok,high,ok,ok,low,low,high,ok,low,ok,high,ok,high,high,high,high,low,low,SUG_SYM_HIGH_01|SUG_NOSE_DEV_HIGH_01|SUG_JAW_ANGLE_HIGH_01|SUG_CHIN_WIDE_01,SUG_SYM_HIGH_01|SUG_NOSE_DEV_HIGH_01|SUG_JAW_ANGLE_HIGH_01|SUG_CHIN_WIDE_01,rules_v1,rules_v1,research_lfw,lfw,v1,-14.303568564355373,-7.505798077909014
lfw_03002,data/raw/images/lfw_03002.jpg,train,0.014645,0.880679,0.261108,0.423044,0.802584,108.481124,0.423044,0.317853,0.985807,0.893438,0.198548,0.185858,1.254934,-1.652869,0.110023,-2.296686,0.214017,0.213899,0.024775,0.369468,-0.891103,0.008525,0.021070,0.073297,ok,high,ok,ok,ok,low,ok,ok,ok,ok,low,low,ok,ok,ok,ok,low,high,ok,ok,ok,ok,low,ok,SUG_FACE_ASPECT_HIGH_01|SUG_JAW_ANGLE_LOW_01|SUG_EYE_OPEN_LOW_01|SUG_EYE_SIZE_LOW_01,SUG_FACE_ASPECT_HIGH_01|SUG_JAW_ANGLE_LOW_01|SUG_EYE_OPEN_LOW_01|SUG_EYE_SIZE_LOW_01,rules_v1,rules_v1,research_lfw,lfw,v1,-3.377655789256096,-6.902565156408251
lfw_03005,data/raw/images/lfw_03005.jpg,train,0.012250,0.796288,0.238282,0.465777,0.826090,114.601197,0.465777,0.337422,0.994836,0.916581,0.255649,0.200983,1.271900,-0.306861,0.109891,-0.634760,0.235479,0.191028,0.020083,0.455150,-0.633178,0.049706,0.027193,0.077030,ok,low,ok,high,high,high,high,high,high,high,ok,ok,ok,ok,ok,ok,ok,low,ok,high,ok,high,ok,ok,SUG_FACE_ASPECT_LOW_01|SUG_LOWERFACE_HIGH_01|SUG_JAW_WIDE_01|SUG_JAW_ANGLE_HIGH_01,SUG_FACE_ASPECT_LOW_01|SUG_LOWERFACE_HIGH_01|SUG_JAW_WIDE_01|SUG_JAW_ANGLE_HIGH_01,rules_v1,rules_v1,research_lfw,lfw,v1,-2.838452149182558,-14.68072541654689
lfw_03023,data/raw/images/lfw_03023.jpg,train,0.048827,0.821895,0.245927,0.446042,0.817976,112.884567,0.446042,0.328136,0.990961,0.908806,0.223900,0.186034,1.304389,-1.073733,0.110884,-1.640782,0.223431,0.201242,0.105966,0.434501,-2.840391,0.045079,0.019294,0.069153,high,ok,ok,ok,high,ok,ok,ok,high,high,low,low,high,ok,ok,ok,ok,ok,high,ok,low,ok,low,ok,SUG_SYM_HIGH_01|SUG_NOSE_DEV_HIGH_01|SUG_JAW_WIDE_01|SUG_CHEEK_WIDE_01,SUG_SYM_HIGH_01|SUG_NOSE_DEV_HIGH_01|SUG_JAW_WIDE_01|SUG_CHEEK_WIDE_01,rules_v1,rules_v1,research_lfw,lfw,v1,-14.680305741727352,-11.627661357566941
lfw_03046,data/raw/images/lfw_03046.jpg,train,0.005144,0.868713,0.233652,0.458922,0.796145,108.697123,0.458922,0.320217,0.982598,0.888004,0.246255,0.189270,1.217894,-1.176010,0.108384,-1.121286,0.207805,0.194136,0.015669,0.376929,-2.207439,0.026359,0.026618,0.077033,low,ok,low,high,ok,low,high,ok,ok,ok,ok,low,ok,ok,ok,ok,low,low,low,ok,ok,ok,ok,ok,SUG_MIDFACE_LOW_01|SUG_LOWERFACE_HIGH_01|SUG_JAW_ANGLE_LOW_01|SUG_CHIN_LONG_01,SUG_MIDFACE_LOW_01|SUG_LOWERFACE_HIGH_01|SUG_JAW_ANGLE_LOW_01|SUG_CHIN_LONG_01,rules_v1,rules_v1,research_lfw,lfw,v1,2.1578047815710306,-14.87379352111338
lfw_03047,data/raw/images/lfw_03047.jpg,train,0.014322,0.868699,0.239191,0.446935,0.797008,108.660452,0.446935,0.317703,0.984752,0.888604,0.261528,0.186580,1.294663,-0.354813,0.107874,-0.458415,0.213104,0.195560,0.022213,0.347639,-1.485939,0.013891,0.027829,0.076248,ok,ok,ok,ok,ok,low,ok,ok,ok,ok,ok,low,high,ok,ok,ok,low,ok,ok,ok,ok,ok,ok,ok,SUG_JAW_ANGLE_LOW_01|SUG_EYE_SIZE_LOW_01|SUG_EYE_WIDE_01|SUG_NOSE_NARROW_01,SUG_JAW_ANGLE_LOW_01|SUG_EYE_SIZE_LOW_01|SUG_EYE_WIDE_01|SUG_NOSE_NARROW_01,rules_v1,rules_v1,research_lfw,lfw,v1,-3.124893581494689,-12.85002910425222
lfw_03052,data/raw/images/lfw_03052.jpg,train,0.019923,0.873336,0.241038,0.443806,0.810204,109.077729,0.443806,0.312320,0.988323,0.903682,0.262751,0.197238,1.136803,-1.182244,0.113194,-1.214650,0.216678,0.197538,0.069517,0.447981,-0.743325,0.047157,0.013127,0.071518,ok,high,ok,ok,ok,ok,ok,ok,ok,ok,ok,ok,low,ok,ok,ok,ok,ok,ok,high,ok,high,low,ok,SUG_FACE_ASPECT_HIGH_01|SUG_EYE_CLOSE_01|SUG_MOUTH_WIDE_01|SUG_LIP_FULL_01,SUG_FACE_ASPECT_HIGH_01|SUG_EYE_CLOSE_01|SUG_MOUTH_WIDE_01|SUG_LIP_FULL_01,rules_v1,rules_v1,research_lfw,lfw,v1,9.939882449805737,-12.247013405272424
lfw_03065,data/raw/images/lfw_03065.jpg,train,0.004497,0.834065,0.283325,0.407130,0.781764,114.403265,0.407130,0.313569,0.981200,0.876133,0.263396,0.199573,1.234133,-1.184503,0.097118,-0.787309,0.224678,0.214433,0.017081,0.366258,-1.527782,0.024694,0.021892,0.069763,low,ok,high,low,low,high,low,ok,ok,ok,ok,ok,ok,ok,low,ok,ok,high,low,ok,ok,ok,ok,ok,SUG_MIDFACE_HIGH_01|SUG_LOWERFACE_LOW_01|SUG_JAW_NARROW_01|SUG_JAW_ANGLE_HIGH_01,SUG_MIDFACE_HIGH_01|SUG_LOWERFACE_LOW_01|SUG_JAW_NARROW_01|SUG_JAW_ANGLE_HIGH_01,rules_v1,rules_v1,research_lfw,lfw,v1,2.597875887528062,-1.737738574587525
lfw_03083,data/raw/images/lfw_03083.jpg,train,0.032114,0.850010,0.236732,0.452496,0.799855,110.819183,0.452496,0.328140,0.982275,0.888505,0.185361,0.196737,1.216703,-0.267366,0.103155,-0.202498,0.226726,0.199292,0.084792,0.387263,-1.746412,0.011416,0.023154,0.082495,high,ok,low,high,ok,ok,high,ok,ok,ok,low,ok,ok,ok,low,high,ok,ok,high,ok,ok,ok,ok,ok,SUG_SYM_HIGH_01|SUG_NOSE_DEV_HIGH_01|SUG_MIDFACE_LOW_01|SUG_LOWERFACE_HIGH_01,SUG_SYM_HIGH_01|SUG_NOSE_DEV_HIGH_01|SUG_MIDFACE_LOW_01|SUG_LOWERFACE_HIGH_01,rules_v1,rules_v1,research_lfw,lfw,v1,11.996357582509518,-13.77454614989967
lfw_03088,data/raw/images/lfw_03088.jpg,train,0.038422,0.815771,0.232258,0.456481,0.800614,111.378059,0.456481,0.324357,0.982713,0.890060,0.290448,0.200834,1.162152,-0.090972,0.121381,-0.107839,0.217647,0.196048,0.095173,0.383815,-0.737793,0.011714,0.028386,0.089851,high,low,low,high,ok,ok,high,ok,ok,ok,ok,ok,low,high,ok,high,ok,ok,high,ok,ok,ok,ok,ok,SUG_SYM_HIGH_01|SUG_NOSE_DEV_HIGH_01|SUG_FACE_ASPECT_LOW_01|SUG_MIDFACE_LOW_01,SUG_SYM_HIGH_01|SUG_NOSE_DEV_HIGH_01|SUG_FACE_ASPECT_LOW_01|SUG_MIDFACE_LOW_01,rules_v1,rules_v1,research_lfw,lfw,v1,13.328361690044403,-14.8999547812276
lfw_03215,data/raw/images/lfw_03215.jpg,train,0.010968,0.832619,0.242284,0.430240,0.807472,111.085230,0.430240,0.330740,0.986151,0.895335,0.174374,0.197324,1.372949,0.900347,0.144615,1.129108,0.256728,0.209814,0.036039,0.415891,0.814416,0.006070,0.027412,0.077303,ok,ok,ok,ok,ok,ok,ok,ok,ok,ok,low,ok,high,high,high,high,high,ok,ok,ok,high,low,ok,ok,SUG_EYE_OPEN_LOW_01|SUG_EYE_WIDE_01|SUG_EYE_TILT_HIGH_01|SUG_BROW_HIGH_01,SUG_EYE_OPEN_LOW_01|SUG_EYE_WIDE_01|SUG_EYE_TILT_HIGH_01|SUG_BROW_HIGH_01,rules_v1,rules_v1,research_lfw,lfw,v1,-5.085748851299286,-10.752897659309406
lfw_03234,data/raw/images/lfw_03234.jpg,train,0.005943,0.856993,0.300517,0.394935,0.807414,113.940214,0.394935,0.326094,0.988460,0.898862,0.222684,0.205134,1.245456,-0.860271,0.109035,-0.645516,0.250323,0.225979,0.000156,0.457941,-0.993287,0.034969,0.015066,0.062108,low,ok,high,low,ok,high,low,ok,ok,ok,low,ok,ok,ok,ok,ok,high,high,low,high,ok,ok,low,low,SUG_MIDFACE_HIGH_01|SUG_LOWERFACE_LOW_01|SUG_JAW_ANGLE_HIGH_01|SUG_CHIN_SHORT_01,SUG_MIDFACE_HIGH_01|SUG_LOWERFACE_LOW_01|SUG_JAW_ANGLE_HIGH_01|SUG_CHIN_SHORT_01,rules_v1,rules_v1,research_lfw,lfw,v1,0.2001931063423399,2.181152316358571
lfw_03248,data/raw/images/lfw_03248.jpg,train,0.005432,0.878625,0.263718,0.417033,0.804945,108.377181,0.417033,0.317961,0.983876,0.894071,0.255091,0.190578,1.228824,-1.886242,0.118660,-1.795067,0.217275,0.214456,0.014226,0.357303,-1.703739,0.001168,0.021699,0.080074,low,high,ok,ok,ok,low,ok,ok,ok,ok,ok,low,ok,ok,ok,ok,ok,high,low,ok,ok,low,low,ok,SUG_FACE_ASPECT_HIGH_01|SUG_JAW_ANGLE_LOW_01|SUG_EYE_SIZE_LOW_01|SUG_NOSE_LONG_01,SUG_FACE_ASPECT_HIGH_01|SUG_JAW_ANGLE_LOW_01|SUG_EYE_SIZE_LOW_01|SUG_NOSE_LONG_01,rules_v1,rules_v1,research_lfw,lfw,v1,2.0254000229761004,-5.869263310269575
lfw_03249,data/raw/images/lfw_03249.jpg,train,0.026389,0.854918,0.258794,0.419608,0.798271,110.517838,0.419608,0.322054,0.983553,0.888066,0.168576,0.189951,1.310093,-0.702357,0.120278,-1.186811,0.231458,0.215801,0.056039,0.399383,-0.376765,0.020172,0.019928,0.061080,ok,ok,ok,ok,ok,ok,ok,ok,ok,ok,low,low,high,ok,ok,ok,ok,high,ok,ok,ok,ok,low,low,SUG_EYE_OPEN_LOW_01|SUG_EYE_SIZE_LOW_01|SUG_EYE_WIDE_01|SUG_NOSE_LONG_01,SUG_EYE_OPEN_LOW_01|SUG_EYE_SIZE_LOW_01|SUG_EYE_WIDE_01|SUG_NOSE_LONG_01,rules_v1,rules_v1,research_lfw,lfw,v1,-7.708858910948038,-6.93427494941187
lfw_03254,data/raw/images/lfw_03254.jpg,train,0.025554,0.859727,0.272411,0.413981,0.777496,113.165595,0.413981,0.320468,0.976233,0.869591,0.195790,0.214676,1.197184,-3.747209,0.105277,-3.434713,0.248712,0.212585,0.088412,0.451407,-4.007403,0.059894,0.018708,0.055688,ok,ok,high,ok,low,ok,ok,ok,low,low,low,high,low,low,low,low,high,high,high,high,low,high,low,low,SUG_NOSE_DEV_HIGH_01|SUG_MIDFACE_HIGH_01|SUG_JAW_NARROW_01|SUG_CHEEK_NARROW_01,SUG_NOSE_DEV_HIGH_01|SUG_MIDFACE_HIGH_01|SUG_JAW_NARROW_01|SUG_CHEEK_NARROW_01,rules_v1,rules_v1,research_lfw,lfw,v1,12.647455371916294,-4.162715628011289
lfw_03255,data/raw/images/lfw_03255.jpg,train,0.021380,0.869975,0.238916,0.442694,0.793273,108.862285,0.442694,0.316297,0.981648,0.883267,0.334223,0.205288,1.176970,-1.625438,0.121903,-1.435885,0.213814,0.189797,0.063872,0.339233,-2.163830,0.012748,0.029171,0.089304,ok,ok,ok,ok,ok,ok,ok,ok,ok,ok,high,ok,low,ok,ok,ok,low,low,ok,low,ok,ok,ok,ok,SUG_EYE_OPEN_HIGH_01|SUG_EYE_CLOSE_01|SUG_NOSE_NARROW_01|SUG_NOSE_SHORT_01,SUG_EYE_OPEN_HIGH_01|SUG_EYE_CLOSE_01|SUG_NOSE_NARROW_01|SUG_NOSE_SHORT_01,rules_v1,rules_v1,research_lfw,lfw,v1,9.125045321881771,-12.506901240222733
lfw_03298,data/raw/images/lfw_03298.jpg,train,0.039226,0.813201,0.235561,0.448407,0.804239,112.057008,0.448407,0.324905,0.988188,0.895594,0.204177,0.190883,1.345911,-0.182725,0.121160,-0.741577,0.232194,0.198953,0.093551,0.433647,-1.354192,0.044534,0.024650,0.066315,high,low,low,ok,ok,ok,ok,ok,ok,ok,low,low,high,ok,ok,ok,ok,ok,high,ok,ok,ok,ok,low,SUG_SYM_HIGH_01|SUG_NOSE_DEV_HIGH_01|SUG_FACE_ASPECT_LOW_01|SUG_MIDFACE_LOW_01,SUG_SYM_HIGH_01|SUG_NOSE_DEV_HIGH_01|SUG_FACE_ASPECT_LOW_01|SUG_MIDFACE_LOW_01,rules_v1,rules_v1,research_lfw,lfw,v1,-12.903165712952614,-13.607319643933206
lfw_03299,data/raw/images/lfw_03299.jpg,train,0.021769,0.829250,0.274904,0.421120,0.812946,113.581616,0.421120,0.333268,0.991293,0.902541,0.271655,0.193864,1.270290,-3.330351,0.105471,-4.088409,0.235860,0.215544,0.028355,0.376821,-0.610800,0.008896,0.027557,0.082661,ok,ok,high,ok,ok,high,ok,ok,high,ok,ok,ok,ok,low,low,low,ok,high,ok,ok,ok,ok,ok,ok,SUG_MIDFACE_HIGH_01|SUG_JAW_ANGLE_HIGH_01|SUG_CHEEK_WIDE_01|SUG_EYE_TILT_LOW_01,SUG_MIDFACE_HIGH_01|SUG_JAW_ANGLE_HIGH_01|SUG_CHEEK_WIDE_01|SUG_EYE_TILT_LOW_01,rules_v1,rules_v1,research_lfw,lfw,v1,-3.7793386671692133,-4.506522006815038
lfw_03300,data/raw/images/lfw_03300.jpg,train,0.031804,0.809476,0.240211,0.463434,0.821224,113.230306,0.463434,0.338004,0.994030,0.912619,0.279550,0.189992,1.233398,-0.714889,0.105676,-1.912283,0.231550,0.200541,0.093447,0.477249,0.503868,0.064956,0.019579,0.067821,high,low,ok,high,high,high,high,high,high,high,ok,low,ok,ok,low,ok,ok,ok,high,high,high,high,low,ok,SUG_SYM_HIGH_01|SUG_NOSE_DEV_HIGH_01|SUG_FACE_ASPECT_LOW_01|SUG_LOWERFACE_HIGH_01,SUG_SYM_HIGH_01|SUG_NOSE_DEV_HIGH_01|SUG_FACE_ASPECT_LOW_01|SUG_LOWERFACE_HIGH_01,rules_v1,rules_v1,research_lfw,lfw,v1,-13.234710417687893,-14.151335806704603
lfw_03306,data/raw/images/lfw_03306.jpg,train,0.023455,0.823190,0.234380,0.436087,0.793533,108.658174,0.436087,0.304745,0.984179,0.885825,0.358985,0.199698,1.245195,-1.411268,0.145197,-2.323168,0.207410,0.197519,0.049082,0.383927,0.481822,0.003748,0.028197,0.076007,ok,ok,low,ok,ok,low,ok,low,ok,ok,high,ok,ok,ok,high,ok,low,ok,ok,ok,high,low,ok,ok,SUG_MIDFACE_LOW_01|SUG_JAW_ANGLE_LOW_01|SUG_CHIN_NARROW_01|SUG_EYE_OPEN_HIGH_01,SUG_MIDFACE_LOW_01|SUG_JAW_ANGLE_LOW_01|SUG_CHIN_NARROW_01|SUG_EYE_OPEN_HIGH_01,rules_v1,rules_v1,research_lfw,lfw,v1,-6.618913002312183,-12.676119425234413
lfw_03335,data/raw/images/lfw_03335.jpg,train,0.011619,0.884622,0.229731,0.447243,0.791807,106.275159,0.447243,0.302504,0.985120,0.888551,0.227707,0.196186,1.213780,-1.311528,0.127344,-1.452633,0.221294,0.189458,0.009856,0.474252,-1.643737,0.057568,0.022402,0.071793,ok,high,low,ok,ok,low,ok,low,ok,ok,low,ok,ok,ok,ok,ok,ok,low,low,high,ok,high,ok,ok,SUG_FACE_ASPECT_HIGH_01|SUG_MIDFACE_LOW_01|SUG_JAW_ANGLE_LOW_01|SUG_CHIN_NARROW_01,SUG_FACE_ASPECT_HIGH_01|SUG_MIDFACE_LOW_01|SUG_JAW_ANGLE_LOW_01|SUG_CHIN_NARROW_01,rules_v1,rules_v1,research_lfw,lfw,v1,-1.3889152184128761,-14.516865405158125
lfw_03348,data/raw/images/lfw_03348.jpg,train,0.010845,0.801147,0.255946,0.435708,0.795122,113.958704,0.435708,0.318517,0.982994,0.887346,0.379243,0.212019,1.207680,-1.047814,0.128906,-1.469847,0.231824,0.201202,0.006977,0.471774,-1.873728,0.049717,0.022282,0.073797,ok,low,ok,ok,ok,high,ok,ok,ok,ok,high,high,ok,ok,ok,ok,ok,ok,low,high,ok,high,ok,ok,SUG_FACE_ASPECT_LOW_01|SUG_JAW_ANGLE_HIGH_01|SUG_EYE_OPEN_HIGH_01|SUG_EYE_SIZE_HIGH_01,SUG_FACE_ASPECT_LOW_01|SUG_JAW_ANGLE_HIGH_01|SUG_EYE_OPEN_HIGH_01|SUG_EYE_SIZE_HIGH_01,rules_v1,rules_v1,research_lfw,lfw,v1,1.173478220589459,-8.99103812833227
lfw_03361,data/raw/images/lfw_03361.jpg,train,0.020500,0.871013,0.258375,0.416241,0.775686,109.668164,0.416241,0.300155,0.979023,0.868413,0.310590,0.211071,1.228467,2.998712,0.129070,3.709841,0.203089,0.197945,0.027482,0.343021,2.901813,0.008913,0.031022,0.088754,ok,ok,ok,ok,low,ok,ok,low,low,low,ok,high,ok,high,ok,high,low,ok,ok,ok,high,ok,ok,ok,SUG_JAW_NARROW_01|SUG_CHIN_NARROW_01|SUG_CHEEK_NARROW_01|SUG_LOWER_CHEEK_LOW_01,SUG_JAW_NARROW_01|SUG_CHIN_NARROW_01|SUG_CHEEK_NARROW_01|SUG_LOWER_CHEEK_LOW_01,rules_v1,rules_v1,research_lfw,lfw,v1,3.4652648996561766,-6.660715497153619
lfw_03365,data/raw/images/lfw_03365.jpg,train,0.007337,0.849230,0.283042,0.393555,0.769510,111.374007,0.393555,0.303946,0.975644,0.861563,0.377261,0.215932,1.224278,-0.742660,0.146777,-0.531964,0.221766,0.214782,0.026447,0.337847,-1.506605,0.004673,0.028413,0.073149,low,ok,high,low,low,ok,low,low,low,low,high,high,ok,ok,high,ok,ok,high,ok,low,ok,low,ok,ok,SUG_MIDFACE_HIGH_01|SUG_LOWERFACE_LOW_01|SUG_JAW_NARROW_01|SUG_CHIN_SHORT_01,SUG_MIDFACE_HIGH_01|SUG_LOWERFACE_LOW_01|SUG_JAW_NARROW_01|SUG_CHIN_SHORT_01,rules_v1,rules_v1,research_lfw,lfw,v1,3.814707264304161,-0.30040943789429964
lfw_03366,data/raw/images/lfw_03366.jpg,train,0.014380,0.854408,0.228107,0.448859,0.809474,107.546130,0.448859,0.314140,0.990032,0.902660,0.281218,0.217120,1.249496,-2.009146,0.134200,-1.899543,0.243692,0.189107,0.055757,0.498196,-1.194699,0.064380,0.024568,0.050211,ok,ok,low,ok,ok,low,ok,ok,ok,ok,ok,high,ok,ok,high,ok,high,low,ok,high,ok,high,ok,low,SUG_MIDFACE_LOW_01|SUG_JAW_ANGLE_LOW_01|SUG_EYE_SIZE_HIGH_01|SUG_BROW_HIGH_01,SUG_MIDFACE_LOW_01|SUG_JAW_ANGLE_LOW_01|SUG_EYE_SIZE_HIGH_01|SUG_BROW_HIGH_01,rules_v1,rules_v1,research_lfw,lfw,v1,7.998406492173672,-14.948130668052269
lfw_03371,data/raw/images/lfw_03371.jpg,train,0.016634,0.892483,0.259968,0.409344,0.783048,106.862063,0.409344,0.300161,0.980689,0.877023,0.303592,0.212398,1.199737,-1.574324,0.123306,-1.250328,0.222245,0.204483,0.050396,0.386541,-1.868973,0.005440,0.025930,0.079770,ok,high,ok,low,ok,low,low,low,low,ok,ok,high,ok,ok,ok,ok,ok,ok,ok,ok,ok,low,ok,ok,SUG_FACE_ASPECT_HIGH_01|SUG_LOWERFACE_LOW_01|SUG_JAW_ANGLE_LOW_01|SUG_CHIN_SHORT_01,SUG_FACE_ASPECT_HIGH_01|SUG_LOWERFACE_LOW_01|SUG_JAW_ANGLE_LOW_01|SUG_CHIN_SHORT_01,rules_v1,rules_v1,research_lfw,lfw,v1,7.090900115668774,-5.685984979425152
lfw_03373,data/raw/images/lfw_03373.jpg,train,0.010983,0.933586,0.245496,0.441702,0.787156,104.688911,0.441702,0.316211,0.980714,0.880714,0.227039,0.198499,1.239210,-2.003709,0.108000,-2.733457,0.228258,0.200858,0.009334,0.454505,-0.711207,0.064535,0.021272,0.056580,ok,high,ok,ok,ok,low,ok,ok,ok,ok,low,ok,ok,ok,ok,low,ok,ok,low,high,ok,high,low,low,SUG_FACE_ASPECT_HIGH_01|SUG_JAW_ANGLE_LOW_01|SUG_EYE_OPEN_LOW_01|SUG_BROW_TILT_LOW_01,SUG_FACE_ASPECT_HIGH_01|SUG_JAW_ANGLE_LOW_01|SUG_EYE_OPEN_LOW_01|SUG_BROW_TILT_LOW_01,rules_v1,rules_v1,research_lfw,lfw,v1,-1.2542565157637,-11.296475036932994
lfw_03402,data/raw/images/lfw_03402.jpg,train,0.008668,0.822624,0.265397,0.405401,0.760688,111.124563,0.405401,0.282317,0.976092,0.860144,0.387962,0.210960,1.186921,-1.442652,0.145887,-1.932125,0.212930,0.206199,0.037899,0.393958,-1.682584,0.037522,0.027907,0.064869,low,ok,ok,low,low,ok,low,low,low,low,high,high,low,ok,high,ok,low,ok,ok,ok,ok,ok,ok,low,SUG_LOWERFACE_LOW_01|SUG_JAW_NARROW_01|SUG_CHIN_SHORT_01|SUG_CHIN_NARROW_01,SUG_LOWERFACE_LOW_01|SUG_JAW_NARROW_01|SUG_CHIN_SHORT_01|SUG_CHIN_NARROW_01,rules_v1,rules_v1,research_lfw,lfw,v1,5.480933390557766,-4.384194815546249
lfw_03404,data/raw/images/lfw_03404.jpg,train,0.026514,0.823820,0.238793,0.438177,0.782534,110.930806,0.438177,0.318036,0.980441,0.872962,0.323231,0.200545,1.325585,-1.932324,0.115561,-3.239396,0.226406,0.192518,0.055060,0.341957,0.410380,0.005633,0.033134,0.084737,ok,ok,ok,ok,ok,ok,ok,ok,low,low,ok,ok,high,ok,ok,low,ok,low,ok,low,high,low,high,ok,SUG_CHEEK_NARROW_01|SUG_LOWER_CHEEK_LOW_01|SUG_EYE_WIDE_01|SUG_BROW_TILT_LOW_01,SUG_CHEEK_NARROW_01|SUG_LOWER_CHEEK_LOW_01|SUG_EYE_WIDE_01|SUG_BROW_TILT_LOW_01,rules_v1,rules_v1,research_lfw,lfw,v1,-7.583818752318621,-12.106968502618713
lfw_03406,data/raw/images/lfw_03406.jpg,train,0.013322,0.824072,0.281877,0.420727,0.826230,113.824749,0.420727,0.323065,0.995579,0.918141,0.294735,0.204823,1.203640,-4.295857,0.106537,-4.936391,0.240470,0.214212,0.062177,0.481935,-2.875736,0.048105,0.017931,0.060802,ok,ok,high,ok,high,high,ok,ok,high,high,ok,ok,ok,low,ok,low,high,high,ok,high,low,high,low,low,SUG_MIDFACE_HIGH_01|SUG_JAW_WIDE_01|SUG_JAW_ANGLE_HIGH_01|SUG_CHEEK_WIDE_01,SUG_MIDFACE_HIGH_01|SUG_JAW_WIDE_01|SUG_JAW_ANGLE_HIGH_01|SUG_CHEEK_WIDE_01,rules_v1,rules_v1,research_lfw,lfw,v1,9.261466227471828,-3.385983873686832
lfw_03409,data/raw/images/lfw_03409.jpg,train,0.001004,0.805754,0.294474,0.379870,0.767302,116.100460,0.379870,0.304379,0.975759,0.861434,0.262598,0.205860,1.223455,-0.722550,0.132502,-0.429580,0.235710,0.223185,0.002069,0.362571,-0.385943,0.009279,0.025202,0.069481,low,low,high,low,low,high,low,low,low,low,ok,ok,ok,ok,high,ok,ok,high,low,ok,ok,ok,ok,ok,SUG_FACE_ASPECT_LOW_01|SUG_MIDFACE_HIGH_01|SUG_LOWERFACE_LOW_01|SUG_JAW_NARROW_01,SUG_FACE_ASPECT_LOW_01|SUG_MIDFACE_HIGH_01|SUG_LOWERFACE_LOW_01|SUG_JAW_NARROW_01,rules_v1,rules_v1,research_lfw,lfw,v1,0.26548911770805717,3.0027748110961046
lfw_03419,data/raw/images/lfw_03419.jpg,train,0.004675,0.825866,0.245554,0.440033,0.794198,111.429533,0.440033,0.315473,0.983866,0.886776,0.317108,0.204296,1.215960,0.235001,0.119300,0.502283,0.223047,0.197914,0.013617,0.404707,-1.010877,0.012691,0.027280,0.086600,low,ok,ok,ok,ok,ok,ok,ok,ok,ok,ok,ok,ok,high,ok,high,ok,ok,low,ok,ok,ok,ok,ok,SUG_EYE_TILT_HIGH_01|SUG_BROW_TILT_HIGH_01,SUG_EYE_TILT_HIGH_01|SUG_BROW_TILT_HIGH_01,rules_v1,rules_v1,research_lfw,lfw,v1,1.8524849731475115,-11.130108254667483
lfw_03443,data/raw/images/lfw_03443.jpg,train,0.017657,0.810547,0.247081,0.457727,0.825357,113.473910,0.457727,0.351067,0.992509,0.911124,0.260048,0.199007,1.280729,-0.180326,0.126402,-0.548064,0.230060,0.207903,0.045779,0.391092,0.438869,0.003548,0.028592,0.094591,ok,low,ok,high,high,high,high,high,high,high,ok,ok,ok,ok,ok,ok,ok,ok,ok,ok,high,low,ok,high,SUG_FACE_ASPECT_LOW_01|SUG_LOWERFACE_HIGH_01|SUG_JAW_WIDE_01|SUG_JAW_ANGLE_HIGH_01,SUG_FACE_ASPECT_LOW_01|SUG_LOWERFACE_HIGH_01|SUG_JAW_WIDE_01|SUG_JAW_ANGLE_HIGH_01,rules_v1,rules_v1,research_lfw,lfw,v1,-6.440608330070972,-12.498206356456398
lfw_03444,data/raw/images/lfw_03444.jpg,train,0.011217,0.892298,0.246786,0.412606,0.796502,105.214080,0.412606,0.297200,0.988269,0.889866,0.325292,0.203951,1.268440,-0.723544,0.142733,-0.889248,0.234248,0.199604,0.013822,0.408306,-0.799416,0.003315,0.029475,0.082140,ok,high,ok,low,ok,low,low,low,ok,ok,high,ok,ok,ok,high,ok,ok,ok,low,ok,ok,low,ok,ok,SUG_FACE_ASPECT_HIGH_01|SUG_LOWERFACE_LOW_01|SUG_JAW_ANGLE_LOW_01|SUG_CHIN_SHORT_01,SUG_FACE_ASPECT_HIGH_01|SUG_LOWERFACE_LOW_01|SUG_JAW_ANGLE_LOW_01|SUG_CHIN_SHORT_01,rules_v1,rules_v1,research_lfw,lfw,v1,-2.0142074497416615,-8.232578949357396
lfw_03446,data/raw/images/lfw_03446.jpg,train,0.004077,0.896821,0.236157,0.462043,0.847082,108.179552,0.462043,0.344049,0.997845,0.931889,0.106877,0.190323,1.314124,-1.064356,0.100997,-1.364145,0.243166,0.197336,0.006516,0.469516,-0.900179,0.019176,0.020645,0.071768,low,high,low,high,high,low,high,high,high,high,low,low,high,ok,low,ok,high,ok,low,high,ok,ok,low,ok,SUG_FACE_ASPECT_HIGH_01|SUG_MIDFACE_LOW_01|SUG_LOWERFACE_HIGH_01|SUG_JAW_WIDE_01,SUG_FACE_ASPECT_HIGH_01|SUG_MIDFACE_LOW_01|SUG_LOWERFACE_HIGH_01|SUG_JAW_WIDE_01,rules_v1,rules_v1,research_lfw,lfw,v1,-0.9961627637967467,-14.717321734688399
lfw_03458,data/raw/images/lfw_03458.jpg,train,0.023100,0.872991,0.247868,0.454891,0.815333,110.244470,0.454891,0.342984,0.991315,0.905545,0.227293,0.195518,1.206140,-0.809128,0.122565,-0.969281,0.230531,0.205114,0.048416,0.341710,0.593170,0.009769,0.031072,0.098607,ok,high,ok,high,ok,ok,high,high,high,high,low,ok,ok,ok,ok,ok,ok,ok,ok,low,high,ok,ok,high,SUG_FACE_ASPECT_HIGH_01|SUG_LOWERFACE_HIGH_01|SUG_CHIN_LONG_01|SUG_CHIN_WIDE_01,SUG_FACE_ASPECT_HIGH_01|SUG_LOWERFACE_HIGH_01|SUG_CHIN_LONG_01|SUG_CHIN_WIDE_01,rules_v1,rules_v1,research_lfw,lfw,v1,6.566554371267557,-12.112675765132249
lfw_03478,data/raw/images/lfw_03478.jpg,train,0.020379,0.852363,0.242652,0.448370,0.784367,111.603768,0.448370,0.328460,0.984085,0.877588,0.266430,0.205088,1.232096,-2.308491,0.116307,-2.061731,0.227956,0.190536,0.056682,0.301389,-2.667342,0.029341,0.039585,0.092916,ok,ok,ok,ok,ok,ok,ok,ok,ok,ok,ok,ok,ok,low,ok,ok,ok,low,ok,low,low,ok,high,high,SUG_EYE_TILT_LOW_01|SUG_NOSE_SHORT_01|SUG_MOUTH_NARROW_01|SUG_MOUTH_TILT_LOW_01,SUG_EYE_TILT_LOW_01|SUG_NOSE_SHORT_01|SUG_MOUTH_NARROW_01|SUG_MOUTH_TILT_LOW_01,rules_v1,rules_v1,research_lfw,lfw,v1,7.942162077873945,-12.393018753952498
lfw_03479,data/raw/images/lfw_03479.jpg,train,0.016099,0.855625,0.274753,0.412961,0.791579,110.992997,0.412961,0.316105,0.984474,0.883814,0.310777,0.203975,1.210680,-1.740024,0.104763,-1.320574,0.219241,0.210655,0.042389,0.334783,-1.464763,0.004151,0.029361,0.084317,ok,ok,high,low,ok,ok,low,ok,ok,ok,ok,ok,ok,ok,low,ok,ok,ok,ok,low,ok,low,ok,ok,SUG_MIDFACE_HIGH_01|SUG_LOWERFACE_LOW_01|SUG_CHIN_SHORT_01|SUG_BROW_LOW_01,SUG_MIDFACE_HIGH_01|SUG_LOWERFACE_LOW_01|SUG_CHIN_SHORT_01|SUG_BROW_LOW_01,rules_v1,rules_v1,research_lfw,lfw,v1,5.900126080960035,-3.6869981172051003
lfw_03482,data/raw/images/lfw_03482.jpg,train,0.018385,0.812101,0.283224,0.408676,0.780872,115.642062,0.408676,0.318896,0.980537,0.875420,0.282199,0.203872,1.284073,0.833218,0.107607,0.606152,0.242406,0.215293,0.041023,0.436092,0.317702,0.059851,0.021094,0.057881,ok,low,high,low,low,high,low,ok,low,low,ok,ok,ok,high,ok,high,high,high,ok,high,high,high,low,low,SUG_FACE_ASPECT_LOW_01|SUG_MIDFACE_HIGH_01|SUG_LOWERFACE_LOW_01|SUG_JAW_NARROW_01,SUG_FACE_ASPECT_LOW_01|SUG_MIDFACE_HIGH_01|SUG_LOWERFACE_LOW_01|SUG_JAW_NARROW_01,rules_v1,rules_v1,research_lfw,lfw,v1,-5.606186885386705,-1.9182577758146466
lfw_03501,data/raw/images/lfw_03501.jpg,train,0.039652,0.859626,0.233195,0.450823,0.823963,107.409925,0.450823,0.331531,0.996266,0.914959,0.284860,0.185137,1.313957,-2.714831,0.106456,-3.262501,0.228712,0.199240,0.089172,0.362706,-0.512168,0.008770,0.033011,0.096670,high,ok,low,ok,high,low,ok,ok,high,high,ok,low,high,low,low,low,ok,ok,high,ok,ok,ok,high,high,SUG_SYM_HIGH_01|SUG_NOSE_DEV_HIGH_01|SUG_MIDFACE_LOW_01|SUG_JAW_WIDE_01,SUG_SYM_HIGH_01|SUG_NOSE_DEV_HIGH_01|SUG_MIDFACE_LOW_01|SUG_JAW_WIDE_01,rules_v1,rules_v1,research_lfw,lfw,v1,-12.446719720959663,-14.234363865197992
lfw_03504,data/raw/images/lfw_03504.jpg,train,0.030474,0.913025,0.268005,0.438386,0.826442,108.166590,0.438386,0.341300,0.991367,0.913928,0.213240,0.194688,1.237745,-4.925146,0.143541,-4.680840,0.228229,0.219414,0.038559,0.438299,-6.490994,0.045862,0.016423,0.046440,ok,high,ok,ok,high,low,ok,high,high,high,low,ok,ok,low,high,low,ok,high,ok,high,low,ok,low,low,SUG_FACE_ASPECT_HIGH_01|SUG_JAW_WIDE_01|SUG_JAW_ANGLE_LOW_01|SUG_CHIN_WIDE_01,SUG_FACE_ASPECT_HIGH_01|SUG_JAW_WIDE_01|SUG_JAW_ANGLE_LOW_01|SUG_CHIN_WIDE_01,rules_v1,rules_v1,research_lfw,lfw,v1,-5.298488594591618,-7.307775821572134
lfw_03563,data/raw/images/lfw_03563.jpg,train,0.056015,0.860101,0.233174,0.454647,0.815980,108.634661,0.454647,0.322452,0.992470,0.906514,0.321332,0.197004,1.336648,-2.560443,0.140514,-3.314556,0.223878,0.189041,0.095268,0.432910,-0.908346,0.059089,0.029351,0.057339,high,ok,low,high,high,low,high,ok,high,high,ok,ok,high,low,high,low,ok,low,high,ok,ok,high,ok,low,SUG_SYM_HIGH_01|SUG_NOSE_DEV_HIGH_01|SUG_MIDFACE_LOW_01|SUG_LOWERFACE_HIGH_01,SUG_SYM_HIGH_01|SUG_NOSE_DEV_HIGH_01|SUG_MIDFACE_LOW_01|SUG_LOWERFACE_HIGH_01,rules_v1,rules_v1,research_lfw,lfw,v1,-13.088608212769032,-14.579257059763233
lfw_03565,data/raw/images/lfw_03565.jpg,train,0.008168,0.861282,0.258283,0.414236,0.775896,110.020552,0.414236,0.307643,0.977128,0.868814,0.236429,0.195548,1.259022,0.288992,0.123176,-0.100593,0.221285,0.207740,0.019718,0.341485,0.964935,0.014700,0.027181,0.071158,low,ok,ok,ok,low,ok,ok,low,low,low,ok,ok,ok,high,ok,high,ok,ok,ok,low,high,ok,ok,ok,SUG_JAW_NARROW_01|SUG_CHIN_NARROW_01|SUG_CHEEK_NARROW_01|SUG_LOWER_CHEEK_LOW_01,SUG_JAW_NARROW_01|SUG_CHIN_NARROW_01|SUG_CHEEK_NARROW_01|SUG_LOWER_CHEEK_LOW_01,rules_v1,rules_v1,research_lfw,lfw,v1,2.8154121581465006,-6.470366229523734
lfw_03575,data/raw/images/lfw_03575.jpg,train,0.023554,0.848002,0.229773,0.437905,0.774785,107.550412,0.437905,0.290192,0.982190,0.875148,0.314917,0.217795,1.174739,-1.096513,0.157630,-0.130691,0.225448,0.191186,0.076875,0.467841,-1.149443,0.080943,0.026632,0.060458,ok,ok,low,ok,low,low,ok,low,ok,low,ok,high,low,ok,high,high,ok,low,ok,high,ok,high,ok,low,SUG_MIDFACE_LOW_01|SUG_JAW_NARROW_01|SUG_JAW_ANGLE_LOW_01|SUG_CHIN_NARROW_01,SUG_MIDFACE_LOW_01|SUG_JAW_NARROW_01|SUG_JAW_ANGLE_LOW_01|SUG_CHIN_NARROW_01,rules_v1,rules_v1,research_lfw,lfw,v1,10.777924910187721,-13.655277381892223
lfw_03600,data/raw/images/lfw_03600.jpg,train,0.011292,0.815900,0.241753,0.444121,0.785627,112.678103,0.444121,0.309569,0.982583,0.881444,0.275402,0.196115,1.234137,1.527736,0.121677,0.274163,0.218330,0.194991,0.033330,0.439684,2.540179,0.067262,0.022461,0.066592,ok,low,ok,ok,ok,ok,ok,ok,ok,ok,ok,ok,ok,high,ok,high,ok,low,ok,high,high,high,ok,low,SUG_FACE_ASPECT_LOW_01|SUG_EYE_TILT_HIGH_01|SUG_BROW_TILT_HIGH_01|SUG_NOSE_SHORT_01,SUG_FACE_ASPECT_LOW_01|SUG_EYE_TILT_HIGH_01|SUG_BROW_TILT_HIGH_01|SUG_NOSE_SHORT_01,rules_v1,rules_v1,research_lfw,lfw,v1,-4.5003139190375805,-12.15444957101323
lfw_03611,data/raw/images/lfw_03611.jpg,train,0.023048,0.855487,0.308474,0.368309,0.789921,113.741965,0.368309,0.311158,0.982222,0.881776,0.267176,0.205419,1.254394,0.362317,0.116032,0.335064,0.245332,0.231419,0.041398,0.406420,-0.881975,0.011467,0.018505,0.070920,ok,ok,high,low,ok,high,low,ok,ok,ok,ok,ok,ok,high,ok,high,high,high,ok,ok,ok,ok,low,ok,SUG_MIDFACE_HIGH_01|SUG_LOWERFACE_LOW_01|SUG_JAW_ANGLE_HIGH_01|SUG_CHIN_SHORT_01,SUG_MIDFACE_HIGH_01|SUG_LOWERFACE_LOW_01|SUG_JAW_ANGLE_HIGH_01|SUG_CHIN_SHORT_01,rules_v1,rules_v1,research_lfw,lfw,v1,-5.59600381180644,6.4429552563255115
lfw_03631,data/raw/images/lfw_03631.jpg,train,0.008684,0.819406,0.273756,0.407224,0.781851,113.157668,0.407224,0.313110,0.980685,0.875432,0.371887,0.198750,1.189037,-0.897456,0.135638,-1.168007,0.212056,0.215035,0.019906,0.320015,0.301593,0.005869,0.029705,0.093077,low,low,high,low,low,ok,low,ok,low,low,high,ok,low,ok,high,ok,low,high,ok,low,high,low,ok,high,SUG_FACE_ASPECT_LOW_01|SUG_MIDFACE_HIGH_01|SUG_LOWERFACE_LOW_01|SUG_JAW_NARROW_01,SUG_FACE_ASPECT_LOW_01|SUG_MIDFACE_HIGH_01|SUG_LOWERFACE_LOW_01|SUG_JAW_NARROW_01,rules_v1,rules_v1,research_lfw,lfw,v1,-2.872857950627804,-3.239435372330866
lfw_03637,data/raw/images/lfw_03637.jpg,train,0.029107,0.822960,0.243927,0.451542,0.821419,113.002515,0.451542,0.337375,0.994304,0.910851,0.285511,0.186453,1.315796,1.452280,0.094288,0.714968,0.219220,0.195315,0.084836,0.332387,0.845415,0.004819,0.030643,0.093442,ok,ok,ok,high,high,ok,high,high,high,high,ok,low,high,high,low,high,ok,low,high,low,high,low,ok,high,SUG_NOSE_DEV_HIGH_01|SUG_LOWERFACE_HIGH_01|SUG_JAW_WIDE_01|SUG_CHIN_LONG_01,SUG_NOSE_DEV_HIGH_01|SUG_LOWERFACE_HIGH_01|SUG_JAW_WIDE_01|SUG_CHIN_LONG_01,rules_v1,rules_v1,research_lfw,lfw,v1,-12.419092901051044,-12.46712619596369
lfw_03672,data/raw/images/lfw_03672.jpg,train,0.003452,0.852851,0.266060,0.416711,0.805606,110.900433,0.416711,0.310893,0.988145,0.897557,0.275347,0.199270,1.235095,-0.819971,0.112025,-0.867177,0.231663,0.207046,0.000298,0.409944,-0.951602,0.013978,0.022806,0.070299,low,ok,ok,ok,ok,ok,ok,ok,ok,ok,ok,ok,ok,ok,ok,ok,ok,ok,low,ok,ok,ok,ok,ok,SUG_OK_KEEP_01|SUG_OK_SKIN_PREP_01,SUG_OK_KEEP_01|SUG_OK_SKIN_PREP_01,rules_v1,rules_v1,research_lfw,lfw,v1,0.0130972069746349,-5.458238642969224
lfw_03686,data/raw/images/lfw_03686.jpg,train,0.033604,0.880767,0.240438,0.446677,0.829992,107.530819,0.446677,0.337980,0.993688,0.916900,0.197809,0.206748,1.230690,-2.164204,0.128786,-1.913084,0.240448,0.210855,0.098873,0.429425,-2.994809,0.000093,0.022480,0.079743,high,high,ok,ok,high,low,ok,high,high,high,low,ok,ok,ok,ok,ok,high,ok,high,ok,low,low,ok,ok,SUG_SYM_HIGH_01|SUG_NOSE_DEV_HIGH_01|SUG_FACE_ASPECT_HIGH_01|SUG_JAW_WIDE_01,SUG_SYM_HIGH_01|SUG_NOSE_DEV_HIGH_01|SUG_FACE_ASPECT_HIGH_01|SUG_JAW_WIDE_01,rules_v1,rules_v1,research_lfw,lfw,v1,13.964829839766026,-12.61357235645347
lfw_03690,data/raw/images/lfw_03690.jpg,train,0.014438,0.853621,0.267262,0.423771,0.793082,111.155130,0.423771,0.315959,0.984220,0.885269,0.355762,0.198137,1.235910,0.659086,0.107161,-0.401867,0.213648,0.202791,0.032149,0.341430,0.603577,0.020094,0.029936,0.075502,ok,ok,ok,ok,ok,ok,ok,ok,ok,ok,high,ok,ok,high,ok,ok,low,ok,ok,low,high,ok,ok,ok,SUG_EYE_OPEN_HIGH_01|SUG_EYE_TILT_HIGH_01|SUG_NOSE_NARROW_01|SUG_MOUTH_NARROW_01,SUG_EYE_OPEN_HIGH_01|SUG_EYE_TILT_HIGH_01|SUG_NOSE_NARROW_01|SUG_MOUTH_NARROW_01,rules_v1,rules_v1,research_lfw,lfw,v1,-4.518242608755827,-5.9837352976922205
lfw_03692,data/raw/images/lfw_03692.jpg,train,0.003685,0.871692,0.234261,0.458381,0.818008,108.097460,0.458381,0.330537,0.992029,0.907193,0.264140,0.200912,1.264634,-0.324222,0.108437,0.053198,0.232942,0.192331,0.013613,0.418693,-1.495210,0.008875,0.025767,0.079279,low,ok,low,high,high,low,high,ok,high,high,ok,ok,ok,ok,ok,high,ok,low,low,ok,ok,ok,ok,ok,SUG_MIDFACE_LOW_01|SUG_LOWERFACE_HIGH_01|SUG_JAW_WIDE_01|SUG_JAW_ANGLE_LOW_01,SUG_MIDFACE_LOW_01|SUG_LOWERFACE_HIGH_01|SUG_JAW_WIDE_01|SUG_JAW_ANGLE_LOW_01,rules_v1,rules_v1,research_lfw,lfw,v1,1.749844822101295,-14.721446346262455
lfw_03735,data/raw/images/lfw_03735.jpg,train,0.006237,0.852657,0.269431,0.427499,0.800858,112.231867,0.427499,0.319485,0.987064,0.892554,0.297017,0.195132,1.210995,-1.675235,0.100613,-1.335042,0.212329,0.204170,0.020294,0.335762,-1.619216,0.016724,0.025053,0.076834,low,ok,ok,ok,ok,ok,ok,ok,ok,ok,ok,ok,ok,ok,low,ok,low,ok,ok,low,ok,ok,ok,ok,SUG_BROW_LOW_01|SUG_NOSE_NARROW_01|SUG_MOUTH_NARROW_01,SUG_BROW_LOW_01|SUG_NOSE_NARROW_01|SUG_MOUTH_NARROW_01,rules_v1,rules_v1,research_lfw,lfw,v1,2.753381498157978,-6.012561342096128
lfw_03736,data/raw/images/lfw_03736.jpg,train,0.032295,0.848900,0.252054,0.445140,0.821410,111.325368,0.445140,0.326576,0.994449,0.911188,0.287030,0.200919,1.178165,-0.769090,0.100965,-0.922862,0.208526,0.196259,0.080889,0.333058,-0.515919,0.012946,0.026776,0.083876,high,ok,ok,ok,high,ok,ok,ok,high,high,ok,ok,low,ok,low,ok,low,ok,high,low,ok,ok,ok,ok,SUG_SYM_HIGH_01|SUG_NOSE_DEV_HIGH_01|SUG_JAW_WIDE_01|SUG_CHEEK_WIDE_01,SUG_SYM_HIGH_01|SUG_NOSE_DEV_HIGH_01|SUG_JAW_WIDE_01|SUG_CHEEK_WIDE_01,rules_v1,rules_v1,research_lfw,lfw,v1,11.393323637545109,-10.525251247304615
lfw_03751,data/raw/images/lfw_03751.jpg,train,0.011714,0.903936,0.314902,0.372425,0.801769,111.389071,0.372425,0.312949,0.986455,0.893050,0.286273,0.195412,1.198150,-1.905897,0.097065,-2.570647,0.218579,0.226134,0.002739,0.346610,-1.420543,0.003826,0.018394,0.076415,ok,high,high,low,ok,ok,low,ok,ok,ok,ok,ok,low,ok,low,low,ok,high,low,ok,ok,low,low,ok,SUG_FACE_ASPECT_HIGH_01|SUG_MIDFACE_HIGH_01|SUG_LOWERFACE_LOW_01|SUG_CHIN_SHORT_01,SUG_FACE_ASPECT_HIGH_01|SUG_MIDFACE_HIGH_01|SUG_LOWERFACE_LOW_01|SUG_CHIN_SHORT_01,rules_v1,rules_v1,research_lfw,lfw,v1,0.6918440752197057,6.867831682450867
lfw_03755,data/raw/images/lfw_03755.jpg,train,0.038058,0.873831,0.261879,0.400458,0.767622,109.257088,0.400458,0.310002,0.973393,0.858839,0.283467,0.203836,1.323639,-3.139628,0.156686,-3.807787,0.231319,0.203526,0.073390,0.333561,-3.082686,0.009643,0.035901,0.080665,high,high,ok,low,low,ok,low,ok,low,low,ok,ok,high,low,high,low,ok,ok,ok,low,low,ok,high,ok,SUG_SYM_HIGH_01|SUG_FACE_ASPECT_HIGH_01|SUG_LOWERFACE_LOW_01|SUG_JAW_NARROW_01,SUG_SYM_HIGH_01|SUG_FACE_ASPECT_HIGH_01|SUG_LOWERFACE_LOW_01|SUG_JAW_NARROW_01,rules_v1,rules_v1,research_lfw,lfw,v1,-10.019703447818756,-4.43042449944535
lfw_03795,data/raw/images/lfw_03795.jpg,train,0.033955,0.807671,0.258547,0.420565,0.815137,112.712683,0.420565,0.318471,0.992346,0.907669,0.223384,0.204874,1.198547,-0.920510,0.118191,-0.826335,0.246668,0.213134,0.096157,0.452922,-1.384632,0.008715,0.021773,0.073189,high,low,ok,ok,ok,ok,ok,ok,high,high,low,ok,low,ok,ok,ok,high,high,high,high,ok,ok,ok,ok,SUG_SYM_HIGH_01|SUG_NOSE_DEV_HIGH_01|SUG_FACE_ASPECT_LOW_01|SUG_CHEEK_WIDE_01,SUG_SYM_HIGH_01|SUG_NOSE_DEV_HIGH_01|SUG_FACE_ASPECT_LOW_01|SUG_CHEEK_WIDE_01,rules_v1,rules_v1,research_lfw,lfw,v1,13.744448684155941,-7.071552618018003
lfw_03834,data/raw/images/lfw_03834.jpg,train,0.037757,0.853925,0.247781,0.463064,0.832264,110.625760,0.463064,0.349260,0.995131,0.919882,0.266194,0.194027,1.282649,-0.779458,0.116804,-1.147766,0.238364,0.205320,0.090114,0.446882,1.145471,0.045905,0.024576,0.060742,high,ok,ok,high,high,ok,high,high,high,high,ok,ok,ok,ok,ok,ok,high,ok,high,high,high,high,ok,low,SUG_SYM_HIGH_01|SUG_NOSE_DEV_HIGH_01|SUG_LOWERFACE_HIGH_01|SUG_JAW_WIDE_01,SUG_SYM_HIGH_01|SUG_NOSE_DEV_HIGH_01|SUG_LOWERFACE_HIGH_01|SUG_JAW_WIDE_01,rules_v1,rules_v1,research_lfw,lfw,v1,-12.531931690871716,-12.856852762520095
lfw_03835,data/raw/images/lfw_03835.jpg,train,0.035200,0.845868,0.232411,0.455853,0.820118,109.245686,0.455853,0.328810,0.991684,0.909271,0.223983,0.200917,1.232461,-3.064962,0.111013,-2.496563,0.228233,0.200446,0.105470,0.409652,-3.537305,0.017705,0.025555,0.066475,high,ok,low,high,high,ok,high,ok,high,high,low,ok,ok,low,ok,ok,ok,ok,high,ok,low,ok,ok,low,SUG_SYM_HIGH_01|SUG_NOSE_DEV_HIGH_01|SUG_MIDFACE_LOW_01|SUG_LOWERFACE_HIGH_01,SUG_SYM_HIGH_01|SUG_NOSE_DEV_HIGH_01|SUG_MIDFACE_LOW_01|SUG_LOWERFACE_HIGH_01,rules_v1,rules_v1,research_lfw,lfw,v1,14.793181546032429,-14.818039033755312
lfw_03875,data/raw/images/lfw_03875.jpg,train,0.019701,0.868255,0.234368,0.447510,0.795766,108.488191,0.447510,0.323885,0.984591,0.885803,0.222418,0.193371,1.311938,-1.039359,0.109978,-1.989314,0.219025,0.191382,0.040579,0.319470,0.911685,0.014930,0.032307,0.076475,ok,ok,low,ok,ok,low,ok,ok,ok,ok,low,ok,high,ok,ok,ok,ok,low,ok,low,high,ok,high,ok,SUG_MIDFACE_LOW_01|SUG_JAW_ANGLE_LOW_01|SUG_EYE_OPEN_LOW_01|SUG_EYE_WIDE_01,SUG_MIDFACE_LOW_01|SUG_JAW_ANGLE_LOW_01|SUG_EYE_OPEN_LOW_01|SUG_EYE_WIDE_01,rules_v1,rules_v1,research_lfw,lfw,v1,-5.563762653619051,-13.732116634720498
lfw_03891,data/raw/images/lfw_03891.jpg,train,0.040791,0.863152,0.267807,0.421308,0.810594,111.515981,0.421308,0.316120,0.988619,0.901733,0.184201,0.196226,1.199994,0.639060,0.099694,1.217758,0.221545,0.211548,0.091171,0.413060,0.011197,0.015117,0.017614,0.067578,high,ok,ok,ok,ok,ok,ok,ok,ok,ok,low,ok,ok,high,low,high,ok,high,high,ok,ok,ok,low,ok,SUG_SYM_HIGH_01|SUG_NOSE_DEV_HIGH_01|SUG_EYE_OPEN_LOW_01|SUG_EYE_TILT_HIGH_01,SUG_SYM_HIGH_01|SUG_NOSE_DEV_HIGH_01|SUG_EYE_OPEN_LOW_01|SUG_EYE_TILT_HIGH_01,rules_v1,rules_v1,research_lfw,lfw,v1,12.757857978343964,-5.647527637857409
lfw_03908,data/raw/images/lfw_03908.jpg,train,0.006694,0.848202,0.252796,0.434774,0.834912,109.042637,0.434774,0.321689,0.996082,0.924174,0.299102,0.200599,1.193157,-3.099693,0.106880,-3.412217,0.232355,0.203412,0.025576,0.452758,-2.484886,0.005756,0.019332,0.067442,low,ok,ok,ok,high,ok,ok,ok,high,high,ok,ok,low,low,ok,low,ok,ok,ok,high,ok,low,low,ok,SUG_JAW_WIDE_01|SUG_CHEEK_WIDE_01|SUG_LOWER_CHEEK_HIGH_01|SUG_EYE_CLOSE_01,SUG_JAW_WIDE_01|SUG_CHEEK_WIDE_01|SUG_LOWER_CHEEK_HIGH_01|SUG_EYE_CLOSE_01,rules_v1,rules_v1,research_lfw,lfw,v1,3.5964668970555067,-9.420068475821115
lfw_03913,data/raw/images/lfw_03913.jpg,train,0.021802,0.906522,0.239721,0.435314,0.808994,104.533796,0.435314,0.310147,0.990370,0.901405,0.237298,0.195196,1.172346,1.448499,0.117746,1.581459,0.207181,0.200307,0.053131,0.342521,1.700690,0.003649,0.026695,0.082046,ok,high,ok,ok,ok,low,ok,ok,ok,ok,ok,ok,low,high,ok,high,low,ok,ok,low,high,low,ok,ok,SUG_FACE_ASPECT_HIGH_01|SUG_JAW_ANGLE_LOW_01|SUG_EYE_CLOSE_01|SUG_EYE_TILT_HIGH_01,SUG_FACE_ASPECT_HIGH_01|SUG_JAW_ANGLE_LOW_01|SUG_EYE_CLOSE_01|SUG_EYE_TILT_HIGH_01,rules_v1,rules_v1,research_lfw,lfw,v1,7.311843529343605,-11.67753203430335
lfw_04006,data/raw/images/lfw_04006.jpg,train,0.011450,0.868791,0.296699,0.382393,0.781835,112.974887,0.382393,0.314569,0.981710,0.876474,0.281912,0.212128,1.193238,-0.422812,0.127227,0.760571,0.236919,0.222527,0.023203,0.378537,-2.119521,0.023534,0.026127,0.090839,ok,ok,high,low,low,ok,low,ok,ok,ok,ok,high,low,ok,ok,high,ok,high,ok,ok,ok,ok,ok,high,SUG_MIDFACE_HIGH_01|SUG_LOWERFACE_LOW_01|SUG_JAW_NARROW_01|SUG_CHIN_SHORT_01,SUG_MIDFACE_HIGH_01|SUG_LOWERFACE_LOW_01|SUG_JAW_NARROW_01|SUG_CHIN_SHORT_01,rules_v1,rules_v1,research_lfw,lfw,v1,3.1360171381384134,3.043008457432289
lfw_04085,data/raw/images/lfw_04085.jpg,train,0.027394,0.832981,0.274018,0.435032,0.791908,115.625147,0.435032,0.338484,0.984810,0.885099,0.261528,0.186749,1.258408,-0.974809,0.093504,-1.470780,0.214076,0.205551,0.057302,0.283607,-0.843815,0.030834,0.035891,0.097707,ok,ok,high,ok,ok,high,ok,high,ok,ok,ok,low,ok,ok,low,ok,low,ok,ok,low,ok,ok,high,high,SUG_MIDFACE_HIGH_01|SUG_JAW_ANGLE_HIGH_01|SUG_CHIN_WIDE_01|SUG_EYE_SIZE_LOW_01,SUG_MIDFACE_HIGH_01|SUG_JAW_ANGLE_HIGH_01|SUG_CHIN_WIDE_01|SUG_EYE_SIZE_LOW_01,rules_v1,rules_v1,research_lfw,lfw,v1,-8.077601931989193,-6.037614700915455
lfw_04118,data/raw/images/lfw_04118.jpg,train,0.006857,0.871161,0.252576,0.439370,0.826954,108.638674,0.439370,0.323622,0.994215,0.917798,0.234629,0.192834,1.209589,-0.362762,0.108928,-1.444492,0.231688,0.205659,0.014711,0.458113,2.071837,0.026369,0.019743,0.066834,low,ok,ok,ok,high,low,ok,ok,high,high,ok,low,ok,ok,ok,ok,ok,ok,low,high,high,ok,low,ok,SUG_JAW_WIDE_01|SUG_JAW_ANGLE_LOW_01|SUG_CHEEK_WIDE_01|SUG_LOWER_CHEEK_HIGH_01,SUG_JAW_WIDE_01|SUG_JAW_ANGLE_LOW_01|SUG_CHEEK_WIDE_01|SUG_LOWER_CHEEK_HIGH_01,rules_v1,rules_v1,research_lfw,lfw,v1,-2.014311511069536,-9.89585348873293
lfw_04130,data/raw/images/lfw_04130.jpg,train,0.022738,0.871658,0.267005,0.437548,0.811516,110.429350,0.437548,0.338004,0.987013,0.900137,0.338795,0.193364,1.196263,-1.076108,0.134284,-1.716134,0.210478,0.213070,0.050826,0.323907,0.000686,0.009693,0.027589,0.094567,ok,ok,ok,ok,ok,ok,ok,high,ok,ok,high,ok,low,ok,high,ok,low,high,ok,low,ok,ok,ok,high,SUG_CHIN_WIDE_01|SUG_EYE_OPEN_HIGH_01|SUG_EYE_CLOSE_01|SUG_BROW_HIGH_01,SUG_CHIN_WIDE_01|SUG_EYE_OPEN_HIGH_01|SUG_EYE_CLOSE_01|SUG_BROW_HIGH_01,rules_v1,rules_v1,research_lfw,lfw,v1,-7.145330585539341,-7.385122456311049
lfw_04166,data/raw/images/lfw_04166.jpg,train,0.020324,0.806597,0.241226,0.470388,0.808393,114.496699,0.470388,0.348034,0.990339,0.900079,0.291407,0.188699,1.234011,1.273955,0.106370,0.392192,0.220663,0.195044,0.054977,0.315999,1.274367,0.029410,0.036987,0.104759,ok,low,ok,high,ok,high,high,high,ok,ok,ok,low,ok,high,low,high,ok,low,ok,low,high,ok,high,high,SUG_FACE_ASPECT_LOW_01|SUG_LOWERFACE_HIGH_01|SUG_JAW_ANGLE_HIGH_01|SUG_CHIN_LONG_01,SUG_FACE_ASPECT_LOW_01|SUG_LOWERFACE_HIGH_01|SUG_JAW_ANGLE_HIGH_01|SUG_CHIN_LONG_01,rules_v1,rules_v1,research_lfw,lfw,v1,-7.81157236173749,-14.582650940433721
lfw_04194,data/raw/images/lfw_04194.jpg,train,0.029261,0.873088,0.262228,0.428473,0.793225,110.569837,0.428473,0.324982,0.982882,0.883154,0.262412,0.192689,1.253628,-1.910068,0.136508,-2.167161,0.218425,0.205942,0.058225,0.344485,0.414456,0.004398,0.029595,0.092725,ok,high,ok,ok,ok,ok,ok,ok,ok,ok,ok,low,ok,ok,high,ok,ok,ok,ok,ok,high,low,ok,high,SUG_FACE_ASPECT_HIGH_01|SUG_EYE_SIZE_LOW_01|SUG_BROW_HIGH_01|SUG_MOUTH_TILT_HIGH_01,SUG_FACE_ASPECT_HIGH_01|SUG_EYE_SIZE_LOW_01|SUG_BROW_HIGH_01|SUG_MOUTH_TILT_HIGH_01,rules_v1,rules_v1,research_lfw,lfw,v1,-8.063015341758728,-7.262148892810144
lfw_04195,data/raw/images/lfw_04195.jpg,train,0.035079,0.847396,0.239245,0.458766,0.800324,111.305110,0.458766,0.335430,0.986594,0.891001,0.268301,0.192598,1.292015,0.767446,0.134741,0.530195,0.220433,0.193450,0.082505,0.324468,0.607516,0.016267,0.037439,0.095072,high,ok,ok,high,ok,ok,high,high,ok,ok,ok,low,high,high,high,high,ok,low,high,low,high,ok,high,high,SUG_SYM_HIGH_01|SUG_NOSE_DEV_HIGH_01|SUG_LOWERFACE_HIGH_01|SUG_CHIN_LONG_01,SUG_SYM_HIGH_01|SUG_NOSE_DEV_HIGH_01|SUG_LOWERFACE_HIGH_01|SUG_CHIN_LONG_01,rules_v1,rules_v1,research_lfw,lfw,v1,-11.605287954211235,-13.904466370589223
lfw_04206,data/raw/images/lfw_04206.jpg,train,0.038284,0.824191,0.250345,0.458911,0.797634,113.243910,0.458911,0.349269,0.984680,0.888679,0.338400,0.208605,1.113217,-2.625052,0.133824,-2.163367,0.218113,0.207731,0.101953,0.302237,-5.104251,0.024519,0.036007,0.108074,high,ok,ok,high,ok,high,high,high,ok,ok,high,high,low,low,high,ok,ok,ok,high,low,low,ok,high,high,SUG_SYM_HIGH_01|SUG_NOSE_DEV_HIGH_01|SUG_LOWERFACE_HIGH_01|SUG_JAW_ANGLE_HIGH_01,SUG_SYM_HIGH_01|SUG_NOSE_DEV_HIGH_01|SUG_LOWERFACE_HIGH_01|SUG_JAW_ANGLE_HIGH_01,rules_v1,rules_v1,research_lfw,lfw,v1,14.269114315509796,-12.06562405450547
lfw_04249,data/raw/images/lfw_04249.jpg,train,0.029945,0.817208,0.237892,0.464226,0.798160,112.890409,0.464226,0.335716,0.987188,0.890527,0.296026,0.189625,1.274888,0.684468,0.111299,0.222638,0.222067,0.192702,0.069021,0.336195,0.908217,0.033119,0.036402,0.091085,ok,low,low,high,ok,ok,high,high,ok,ok,ok,low,ok,high,ok,high,ok,low,ok,low,high,ok,high,high,SUG_FACE_ASPECT_LOW_01|SUG_MIDFACE_LOW_01|SUG_LOWERFACE_HIGH_01|SUG_CHIN_LONG_01,SUG_FACE_ASPECT_LOW_01|SUG_MIDFACE_LOW_01|SUG_LOWERFACE_HIGH_01|SUG_CHIN_LONG_01,rules_v1,rules_v1,research_lfw,lfw,v1,-9.671028412878513,-14.61217385186043
lfw_04282,data/raw/images/lfw_04282.jpg,train,0.050156,0.824009,0.239645,0.455923,0.825669,112.248442,0.455923,0.340868,0.994759,0.913614,0.209537,0.184015,1.366953,-3.650308,0.103358,-3.750935,0.233566,0.197013,0.070192,0.361038,-2.586425,0.000231,0.031660,0.095799,high,ok,ok,high,high,ok,high,high,high,high,low,low,high,low,low,low,ok,ok,ok,ok,low,low,ok,high,SUG_SYM_HIGH_01|SUG_LOWERFACE_HIGH_01|SUG_JAW_WIDE_01|SUG_CHIN_LONG_01,SUG_SYM_HIGH_01|SUG_LOWERFACE_HIGH_01|SUG_JAW_WIDE_01|SUG_CHIN_LONG_01,rules_v1,rules_v1,research_lfw,lfw,v1,-9.263445496559143,-13.584275480958192
lfw_04340,data/raw/images/lfw_04340.jpg,train,0.017155,0.806358,0.241702,0.466003,0.825504,113.965812,0.466003,0.340629,0.995880,0.915100,0.284252,0.187344,1.276164,-1.736977,0.104911,-2.176565,0.213137,0.193575,0.041269,0.333023,-0.994284,0.020941,0.032671,0.089280,ok,low,ok,high,high,high,high,high,high,high,ok,low,ok,ok,low,ok,low,low,ok,low,ok,ok,high,ok,SUG_FACE_ASPECT_LOW_01|SUG_LOWERFACE_HIGH_01|SUG_JAW_WIDE_01|SUG_JAW_ANGLE_HIGH_01,SUG_FACE_ASPECT_LOW_01|SUG_LOWERFACE_HIGH_01|SUG_JAW_WIDE_01|SUG_JAW_ANGLE_HIGH_01,rules_v1,rules_v1,research_lfw,lfw,v1,-5.922879830002785,-14.124571149291475
lfw_04345,data/raw/images/lfw_04345.jpg,train,0.019399,0.834690,0.247009,0.453456,0.799922,112.091043,0.453456,0.329773,0.986419,0.891733,0.295400,0.192831,1.252758,-1.731001,0.103547,-2.214054,0.216007,0.193909,0.033376,0.340887,-1.424530,0.016455,0.033173,0.091399,ok,ok,ok,high,ok,ok,high,ok,ok,ok,ok,low,ok,ok,low,ok,low,low,ok,low,ok,ok,high,high,SUG_LOWERFACE_HIGH_01|SUG_CHIN_LONG_01|SUG_EYE_SIZE_LOW_01|SUG_BROW_LOW_01,SUG_LOWERFACE_HIGH_01|SUG_CHIN_LONG_01|SUG_EYE_SIZE_LOW_01|SUG_BROW_LOW_01,rules_v1,rules_v1,research_lfw,lfw,v1,-4.560456555336714,-12.125588398539026
lfw_04348,data/raw/images/lfw_04348.jpg,train,0.009906,0.817667,0.239573,0.455765,0.810135,112.097154,0.455765,0.332841,0.990256,0.899830,0.315309,0.196043,1.232610,-2.479702,0.111436,-2.789223,0.214248,0.194783,0.004665,0.333063,-3.991704,0.009894,0.032710,0.099953,ok,low,ok,high,ok,ok,high,ok,ok,ok,ok,ok,ok,low,ok,low,low,low,low,low,low,ok,high,high,SUG_FACE_ASPECT_LOW_01|SUG_LOWERFACE_HIGH_01|SUG_CHIN_LONG_01|SUG_EYE_TILT_LOW_01,SUG_FACE_ASPECT_LOW_01|SUG_LOWERFACE_HIGH_01|SUG_CHIN_LONG_01|SUG_EYE_TILT_LOW_01,rules_v1,rules_v1,research_lfw,lfw,v1,-0.7963597420603037,-13.582322008375815
lfw_04386,data/raw/images/lfw_04386.jpg,train,0.028855,0.845716,0.247311,0.452322,0.807752,112.109496,0.452322,0.332493,0.988217,0.898372,0.201054,0.190905,1.288923,-0.883194,0.091813,-2.028274,0.231025,0.197424,0.071002,0.431212,0.709596,0.038623,0.024234,0.071605,ok,ok,ok,high,ok,ok,high,ok,ok,ok,low,low,high,ok,low,ok,ok,ok,ok,ok,high,ok,ok,ok,SUG_LOWERFACE_HIGH_01|SUG_CHIN_LONG_01|SUG_EYE_OPEN_LOW_01|SUG_EYE_SIZE_LOW_01,SUG_LOWERFACE_HIGH_01|SUG_CHIN_LONG_01|SUG_EYE_OPEN_LOW_01|SUG_EYE_SIZE_LOW_01,rules_v1,rules_v1,research_lfw,lfw,v1,-9.969666369259357,-11.972279793367072
lfw_04389,data/raw/images/lfw_04389.jpg,train,0.019961,0.900079,0.246322,0.453709,0.828301,106.613407,0.453709,0.346827,0.995551,0.917110,0.314313,0.202218,1.145541,-3.046167,0.126066,-2.540926,0.233578,0.209715,0.064523,0.360150,-2.819013,0.010381,0.027955,0.108754,ok,high,ok,high,high,low,high,high,high,high,ok,ok,low,low,ok,low,ok,ok,ok,ok,low,ok,ok,high,SUG_FACE_ASPECT_HIGH_01|SUG_LOWERFACE_HIGH_01|SUG_JAW_WIDE_01|SUG_JAW_ANGLE_LOW_01,SUG_FACE_ASPECT_HIGH_01|SUG_LOWERFACE_HIGH_01|SUG_JAW_WIDE_01|SUG_JAW_ANGLE_LOW_01,rules_v1,rules_v1,research_lfw,lfw,v1,9.013681344687939,-12.262775188606007
lfw_04407,data/raw/images/lfw_04407.jpg,train,0.018498,0.854118,0.286495,0.422610,0.813274,114.235847,0.422610,0.329580,0.989486,0.904236,0.215729,0.196802,1.282063,-0.301039,0.085362,-1.029805,0.237584,0.212450,0.035678,0.466310,-0.338274,0.065714,0.014494,0.051268,ok,ok,high,ok,ok,high,ok,ok,ok,ok,low,ok,ok,ok,low,ok,ok,high,ok,high,ok,high,low,low,SUG_MIDFACE_HIGH_01|SUG_JAW_ANGLE_HIGH_01|SUG_EYE_OPEN_LOW_01|SUG_BROW_LOW_01,SUG_MIDFACE_HIGH_01|SUG_JAW_ANGLE_HIGH_01|SUG_EYE_OPEN_LOW_01|SUG_BROW_LOW_01,rules_v1,rules_v1,research_lfw,lfw,v1,-4.848457708954811,-2.8756952966861484
lfw_04466,data/raw/images/lfw_04466.jpg,train,0.045057,0.815505,0.251412,0.438512,0.801923,114.190910,0.438512,0.325971,0.987439,0.893190,0.225587,0.185064,1.336725,-1.997483,0.116660,-2.939789,0.220045,0.198036,0.097470,0.342751,-0.834069,0.012628,0.032989,0.093695,high,low,ok,ok,ok,high,ok,ok,ok,ok,low,low,high,ok,ok,low,ok,ok,high,low,ok,ok,high,high,SUG_SYM_HIGH_01|SUG_NOSE_DEV_HIGH_01|SUG_FACE_ASPECT_LOW_01|SUG_JAW_ANGLE_HIGH_01,SUG_SYM_HIGH_01|SUG_NOSE_DEV_HIGH_01|SUG_FACE_ASPECT_LOW_01|SUG_JAW_ANGLE_HIGH_01,rules_v1,rules_v1,research_lfw,lfw,v1,-13.648271039128304,-10.006911917965574
lfw_04486,data/raw/images/lfw_04486.jpg,train,0.029939,0.883546,0.245620,0.437023,0.817790,107.665728,0.437023,0.321585,0.990222,0.906836,0.204891,0.193087,1.207300,-1.427799,0.112807,-0.974537,0.219981,0.209360,0.079972,0.402468,-1.343434,0.002538,0.018273,0.074586,ok,high,ok,ok,high,low,ok,ok,ok,high,low,ok,ok,ok,ok,ok,ok,ok,high,ok,ok,low,low,ok,SUG_NOSE_DEV_HIGH_01|SUG_FACE_ASPECT_HIGH_01|SUG_JAW_WIDE_01|SUG_JAW_ANGLE_LOW_01,SUG_NOSE_DEV_HIGH_01|SUG_FACE_ASPECT_HIGH_01|SUG_JAW_WIDE_01|SUG_JAW_ANGLE_LOW_01,rules_v1,rules_v1,research_lfw,lfw,v1,11.213631995022297,-10.834690821260095
lfw_04492,data/raw/images/lfw_04492.jpg,train,0.026992,0.781329,0.239114,0.459855,0.761759,115.435032,0.459855,0.320459,0.976817,0.861750,0.367348,0.216300,1.136658,-1.277375,0.137288,-1.410610,0.236234,0.191933,0.062748,0.494188,-0.244257,0.162726,0.019356,0.058366,ok,low,ok,high,low,high,high,ok,low,low,high,high,low,ok,high,ok,ok,low,ok,high,ok,high,low,low,SUG_FACE_ASPECT_LOW_01|SUG_LOWERFACE_HIGH_01|SUG_JAW_NARROW_01|SUG_JAW_ANGLE_HIGH_01,SUG_FACE_ASPECT_LOW_01|SUG_LOWERFACE_HIGH_01|SUG_JAW_NARROW_01|SUG_JAW_ANGLE_HIGH_01,rules_v1,rules_v1,research_lfw,lfw,v1,8.862084902822971,-14.022756980309662
lfw_04501,data/raw/images/lfw_04501.jpg,train,0.037192,0.800518,0.250919,0.428671,0.764664,113.048916,0.428671,0.316094,0.974932,0.859391,0.312971,0.214230,1.224790,-1.250621,0.125801,-1.041861,0.228866,0.204323,0.092308,0.332938,-2.284036,0.016445,0.036175,0.093105,high,low,ok,ok,low,ok,ok,ok,low,low,ok,high,ok,ok,ok,ok,ok,ok,high,low,ok,ok,high,high,SUG_SYM_HIGH_01|SUG_NOSE_DEV_HIGH_01|SUG_FACE_ASPECT_LOW_01|SUG_JAW_NARROW_01,SUG_SYM_HIGH_01|SUG_NOSE_DEV_HIGH_01|SUG_FACE_ASPECT_LOW_01|SUG_JAW_NARROW_01,rules_v1,rules_v1,research_lfw,lfw,v1,13.038524262607098,-9.140140519556136
lfw_04539,data/raw/images/lfw_04539.jpg,train,0.026477,0.817115,0.241074,0.451551,0.803958,112.661201,0.451551,0.326249,0.986903,0.894507,0.288219,0.206485,1.216811,-3.210291,0.109147,-2.969495,0.219378,0.193819,0.089162,0.360132,-3.222621,0.014469,0.030042,0.084167,ok,low,ok,high,ok,ok,high,ok,ok,ok,ok,ok,ok,low,ok,low,ok,low,high,ok,low,ok,ok,ok,SUG_NOSE_DEV_HIGH_01|SUG_FACE_ASPECT_LOW_01|SUG_LOWERFACE_HIGH_01|SUG_CHIN_LONG_01,SUG_NOSE_DEV_HIGH_01|SUG_FACE_ASPECT_LOW_01|SUG_LOWERFACE_HIGH_01|SUG_CHIN_LONG_01,rules_v1,rules_v1,research_lfw,lfw,v1,12.822191968560219,-12.94945948216855
lfw_04540,data/raw/images/lfw_04540.jpg,train,0.018038,0.869382,0.260334,0.425398,0.808698,110.072716,0.425398,0.318696,0.988109,0.898733,0.246191,0.202494,1.204341,-2.023907,0.110310,-2.447639,0.219021,0.202233,0.052180,0.367963,0.231915,0.003203,0.025187,0.091111,ok,ok,ok,ok,ok,ok,ok,ok,ok,ok,ok,ok,ok,ok,ok,ok,ok,ok,ok,ok,high,low,ok,high,SUG_MOUTH_TILT_HIGH_01|SUG_LIP_THIN_01|SUG_PHILTRUM_HIGH_01,SUG_MOUTH_TILT_HIGH_01|SUG_LIP_THIN_01|SUG_PHILTRUM_HIGH_01,rules_v1,rules_v1,research_lfw,lfw,v1,7.3425705805420876,-7.264016445857089
lfw_04557,data/raw/images/lfw_04557.jpg,train,0.014285,0.882543,0.291338,0.401482,0.800652,112.536949,0.401482,0.323959,0.984858,0.888984,0.217797,0.203142,1.238170,-1.770999,0.098183,-1.682566,0.229925,0.215784,0.034724,0.366366,-1.736345,0.008102,0.019431,0.073723,ok,high,high,low,ok,ok,low,ok,ok,ok,low,ok,ok,ok,low,ok,ok,high,ok,ok,ok,ok,low,ok,SUG_FACE_ASPECT_HIGH_01|SUG_MIDFACE_HIGH_01|SUG_LOWERFACE_LOW_01|SUG_CHIN_SHORT_01,SUG_FACE_ASPECT_HIGH_01|SUG_MIDFACE_HIGH_01|SUG_LOWERFACE_LOW_01|SUG_CHIN_SHORT_01,rules_v1,rules_v1,research_lfw,lfw,v1,4.7781659960746765,0.09174409393928352
lfw_04628,data/raw/images/lfw_04628.jpg,train,0.023173,0.847428,0.241192,0.444573,0.796177,109.957487,0.444573,0.322609,0.984396,0.886886,0.297447,0.196345,1.330419,-0.318965,0.107781,-1.529898,0.231692,0.194522,0.058595,0.382249,0.087794,0.032284,0.030320,0.071386,ok,ok,ok,ok,ok,ok,ok,ok,ok,ok,ok,ok,high,ok,ok,ok,ok,low,ok,ok,ok,ok,ok,ok,SUG_EYE_WIDE_01|SUG_NOSE_SHORT_01,SUG_EYE_WIDE_01|SUG_NOSE_SHORT_01,rules_v1,rules_v1,research_lfw,lfw,v1,-8.238150380551815,-12.29170955188981
lfw_04632,data/raw/images/lfw_04632.jpg,train,0.005166,0.879000,0.265231,0.412151,0.783743,109.528363,0.412151,0.309972,0.979031,0.874564,0.308546,0.205317,1.244680,-0.937422,0.121564,-0.937033,0.218437,0.201506,0.005913,0.342583,-0.901970,0.004687,0.028475,0.078950,low,high,ok,low,ok,ok,low,ok,low,low,ok,ok,ok,ok,ok,ok,ok,ok,low,low,ok,low,ok,ok,SUG_FACE_ASPECT_HIGH_01|SUG_LOWERFACE_LOW_01|SUG_CHIN_SHORT_01|SUG_CHEEK_NARROW_01,SUG_FACE_ASPECT_HIGH_01|SUG_LOWERFACE_LOW_01|SUG_CHIN_SHORT_01|SUG_CHEEK_NARROW_01,rules_v1,rules_v1,research_lfw,lfw,v1,-0.994414587970823,-5.120430556519399
lfw_04647,data/raw/images/lfw_04647.jpg,train,0.041472,0.885454,0.258035,0.418526,0.785111,109.298951,0.418526,0.311364,0.981554,0.877991,0.207369,0.202954,1.190540,-2.689135,0.112787,-2.293776,0.215865,0.206932,0.104834,0.346340,-3.642896,0.007084,0.026365,0.095049,high,high,ok,ok,ok,ok,ok,ok,ok,ok,low,ok,low,low,ok,ok,low,ok,high,ok,low,ok,ok,high,SUG_SYM_HIGH_01|SUG_NOSE_DEV_HIGH_01|SUG_FACE_ASPECT_HIGH_01|SUG_EYE_OPEN_LOW_01,SUG_SYM_HIGH_01|SUG_NOSE_DEV_HIGH_01|SUG_FACE_ASPECT_HIGH_01|SUG_EYE_OPEN_LOW_01,rules_v1,rules_v1,research_lfw,lfw,v1,14.666051678359509,-6.9494074309069145
lfw_04654,data/raw/images/lfw_04654.jpg,train,0.016046,0.831185,0.240316,0.429812,0.783433,108.552905,0.429812,0.300803,0.980870,0.877211,0.354123,0.206082,1.230280,-3.558430,0.141042,-3.341494,0.218751,0.198755,0.007712,0.410354,-4.507908,0.008171,0.031583,0.080591,ok,ok,ok,ok,ok,low,ok,low,ok,ok,high,ok,ok,low,high,low,ok,ok,low,ok,low,ok,ok,ok,SUG_JAW_ANGLE_LOW_01|SUG_CHIN_NARROW_01|SUG_EYE_OPEN_HIGH_01|SUG_EYE_TILT_LOW_01,SUG_JAW_ANGLE_LOW_01|SUG_CHIN_NARROW_01|SUG_EYE_OPEN_HIGH_01|SUG_EYE_TILT_LOW_01,rules_v1,rules_v1,research_lfw,lfw,v1,1.2851307992823422,-11.049860136914104
lfw_04659,data/raw/images/lfw_04659.jpg,train,0.018921,0.815509,0.251618,0.434570,0.804780,111.417548,0.434570,0.318339,0.988929,0.895390,0.348435,0.202488,1.305913,-0.796010,0.119159,-1.066586,0.221515,0.197467,0.040092,0.364535,-0.076239,0.007273,0.034777,0.080562,ok,low,ok,ok,ok,ok,ok,ok,ok,ok,high,ok,high,ok,ok,ok,ok,ok,ok,ok,ok,ok,high,ok,SUG_FACE_ASPECT_LOW_01|SUG_EYE_OPEN_HIGH_01|SUG_EYE_WIDE_01|SUG_UPPER_LIP_HIGH_01,SUG_FACE_ASPECT_LOW_01|SUG_EYE_OPEN_HIGH_01|SUG_EYE_WIDE_01|SUG_UPPER_LIP_HIGH_01,rules_v1,rules_v1,research_lfw,lfw,v1,-5.660996854305267,-9.595829771148484
lfw_04670,data/raw/images/lfw_04670.jpg,train,0.015729,0.858846,0.252060,0.427573,0.801006,108.234201,0.427573,0.308207,0.986047,0.893204,0.355423,0.209559,1.181093,-0.745697,0.119444,-0.347820,0.216011,0.199685,0.044303,0.372734,-0.882289,0.008165,0.028422,0.082920,ok,ok,ok,ok,ok,low,ok,low,ok,ok,high,high,low,ok,ok,high,low,ok,ok,ok,ok,ok,ok,ok,SUG_JAW_ANGLE_LOW_01|SUG_CHIN_NARROW_01|SUG_EYE_OPEN_HIGH_01|SUG_EYE_SIZE_HIGH_01,SUG_JAW_ANGLE_LOW_01|SUG_CHIN_NARROW_01|SUG_EYE_OPEN_HIGH_01|SUG_EYE_SIZE_HIGH_01,rules_v1,rules_v1,research_lfw,lfw,v1,6.23659361153841,-8.842141816389454
lfw_04671,data/raw/images/lfw_04671.jpg,train,0.009395,0.817900,0.259611,0.422908,0.788500,112.321412,0.422908,0.312250,0.983233,0.880802,0.335774,0.200523,1.270226,-1.091861,0.115319,-1.667840,0.214792,0.201726,0.014901,0.341131,-1.478153,0.010786,0.031314,0.081474,ok,low,ok,ok,ok,ok,ok,ok,ok,ok,high,ok,ok,ok,ok,ok,low,ok,low,low,ok,ok,ok,ok,SUG_FACE_ASPECT_LOW_01|SUG_EYE_OPEN_HIGH_01|SUG_NOSE_NARROW_01|SUG_MOUTH_NARROW_01,SUG_FACE_ASPECT_LOW_01|SUG_EYE_OPEN_HIGH_01|SUG_NOSE_NARROW_01|SUG_MOUTH_NARROW_01,rules_v1,rules_v1,research_lfw,lfw,v1,-2.0895359739661217,-7.133008871602773
lfw_04674,data/raw/images/lfw_04674.jpg,train,0.026345,0.868323,0.250481,0.426651,0.788179,108.857968,0.426651,0.316166,0.980699,0.880014,0.228535,0.194152,1.270443,-1.895887,0.127299,-2.568212,0.223220,0.205914,0.057161,0.387516,-1.713949,0.007111,0.026274,0.085494,ok,ok,ok,ok,ok,ok,ok,ok,low,ok,low,ok,ok,ok,ok,low,ok,ok,ok,ok,ok,ok,ok,ok,SUG_CHEEK_NARROW_01|SUG_EYE_OPEN_LOW_01|SUG_BROW_TILT_LOW_01,SUG_CHEEK_NARROW_01|SUG_EYE_OPEN_LOW_01|SUG_BROW_TILT_LOW_01,rules_v1,rules_v1,research_lfw,lfw,v1,-8.008277390152216,-9.015316842844161
lfw_04685,data/raw/images/lfw_04685.jpg,train,0.008049,0.869439,0.255057,0.410522,0.762058,107.815698,0.410522,0.292562,0.974492,0.859041,0.343237,0.214149,1.215485,-1.063367,0.153993,-0.617500,0.225127,0.203215,0.036605,0.403141,-1.980620,0.043414,0.028978,0.071364,low,ok,ok,low,low,low,low,low,low,low,high,high,ok,ok,high,ok,ok,ok,ok,ok,ok,ok,ok,ok,SUG_LOWERFACE_LOW_01|SUG_JAW_NARROW_01|SUG_JAW_ANGLE_LOW_01|SUG_CHIN_SHORT_01,SUG_LOWERFACE_LOW_01|SUG_JAW_NARROW_01|SUG_JAW_ANGLE_LOW_01|SUG_CHIN_SHORT_01,rules_v1,rules_v1,research_lfw,lfw,v1,5.184998631477356,-6.622084260767579
lfw_04701,data/raw/images/lfw_04701.jpg,train,0.018309,0.898544,0.245989,0.395981,0.757827,103.658482,0.395981,0.275326,0.974680,0.857810,0.333653,0.221941,1.192746,-0.098606,0.173423,0.027214,0.238376,0.200770,0.050867,0.468154,-0.238933,0.055226,0.026000,0.055982,ok,high,ok,low,low,low,low,low,low,low,high,high,low,high,high,high,high,ok,ok,high,ok,high,ok,low,SUG_FACE_ASPECT_HIGH_01|SUG_LOWERFACE_LOW_01|SUG_JAW_NARROW_01|SUG_JAW_ANGLE_LOW_01,SUG_FACE_ASPECT_HIGH_01|SUG_LOWERFACE_LOW_01|SUG_JAW_NARROW_01|SUG_JAW_ANGLE_LOW_01,rules_v1,rules_v1,research_lfw,lfw,v1,7.1769664362072945,-6.627863101871985
lfw_04743,data/raw/images/lfw_04743.jpg,train,0.041101,0.863392,0.247286,0.433002,0.816552,110.252195,0.433002,0.333774,0.990930,0.903908,0.217496,0.186979,1.340911,0.196324,0.121564,-0.692743,0.239558,0.203028,0.098213,0.362836,1.333976,0.005157,0.027580,0.089525,high,ok,ok,ok,high,ok,ok,high,high,ok,low,low,high,high,ok,ok,high,ok,high,ok,high,low,ok,ok,SUG_SYM_HIGH_01|SUG_NOSE_DEV_HIGH_01|SUG_JAW_WIDE_01|SUG_CHIN_WIDE_01,SUG_SYM_HIGH_01|SUG_NOSE_DEV_HIGH_01|SUG_JAW_WIDE_01|SUG_CHIN_WIDE_01,rules_v1,rules_v1,research_lfw,lfw,v1,-13.719859130680561,-10.169613380897577
lfw_04766,data/raw/images/lfw_04766.jpg,train,0.039579,0.841280,0.235819,0.449273,0.800935,109.583104,0.449273,0.320701,0.988262,0.892983,0.292768,0.184958,1.328445,-1.295807,0.112637,-2.021912,0.212845,0.191940,0.091428,0.339685,-0.296532,0.009602,0.034863,0.090721,high,ok,low,ok,ok,ok,ok,ok,ok,ok,ok,low,high,ok,ok,ok,low,low,high,low,ok,ok,high,high,SUG_SYM_HIGH_01|SUG_NOSE_DEV_HIGH_01|SUG_MIDFACE_LOW_01|SUG_EYE_SIZE_LOW_01,SUG_SYM_HIGH_01|SUG_NOSE_DEV_HIGH_01|SUG_MIDFACE_LOW_01|SUG_EYE_SIZE_LOW_01,rules_v1,rules_v1,research_lfw,lfw,v1,-12.807825654745102,-13.64110700606307
lfw_04807,data/raw/images/lfw_04807.jpg,train,0.024756,0.822394,0.252994,0.443999,0.774687,114.552673,0.443999,0.328779,0.980173,0.868951,0.269847,0.200362,1.240491,-4.066959,0.100684,-3.483220,0.224060,0.195613,0.073819,0.296565,-5.308164,0.035481,0.039383,0.092164,ok,ok,ok,ok,low,high,ok,ok,low,low,ok,ok,ok,low,low,low,ok,ok,ok,low,low,ok,high,high,SUG_JAW_NARROW_01|SUG_JAW_ANGLE_HIGH_01|SUG_CHEEK_NARROW_01|SUG_LOWER_CHEEK_LOW_01,SUG_JAW_NARROW_01|SUG_JAW_ANGLE_HIGH_01|SUG_CHEEK_NARROW_01|SUG_LOWER_CHEEK_LOW_01,rules_v1,rules_v1,research_lfw,lfw,v1,10.494674250483513,-10.263590357540805
lfw_04808,data/raw/images/lfw_04808.jpg,train,0.020055,0.796224,0.248950,0.453420,0.798616,115.790887,0.453420,0.334803,0.986184,0.890586,0.227003,0.194996,1.291407,0.730713,0.094726,0.179580,0.228256,0.196200,0.053195,0.400303,1.297573,0.056027,0.027082,0.079656,ok,low,ok,high,ok,high,high,high,ok,ok,low,ok,high,high,low,high,ok,ok,ok,ok,high,high,ok,ok,SUG_FACE_ASPECT_LOW_01|SUG_LOWERFACE_HIGH_01|SUG_JAW_ANGLE_HIGH_01|SUG_CHIN_LONG_01,SUG_FACE_ASPECT_LOW_01|SUG_LOWERFACE_HIGH_01|SUG_JAW_ANGLE_HIGH_01|SUG_CHIN_LONG_01,rules_v1,rules_v1,research_lfw,lfw,v1,-7.511540964245796,-11.800152572351264
lfw_04850,data/raw/images/lfw_04850.jpg,train,0.034997,0.806492,0.236624,0.444785,0.792741,111.475462,0.444785,0.319056,0.982764,0.884670,0.324900,0.214044,1.167023,0.246476,0.126798,0.543810,0.227236,0.199372,0.091076,0.404012,-0.900280,0.012130,0.027596,0.085908,high,low,low,ok,ok,ok,ok,ok,ok,ok,high,high,low,high,ok,high,ok,ok,high,ok,ok,ok,ok,ok,SUG_SYM_HIGH_01|SUG_NOSE_DEV_HIGH_01|SUG_FACE_ASPECT_LOW_01|SUG_MIDFACE_LOW_01,SUG_SYM_HIGH_01|SUG_NOSE_DEV_HIGH_01|SUG_FACE_ASPECT_LOW_01|SUG_MIDFACE_LOW_01,rules_v1,rules_v1,research_lfw,lfw,v1,12.941411532461643,-13.093648368350426
lfw_04857,data/raw/images/lfw_04857.jpg,train,0.028625,0.890365,0.261277,0.408107,0.779649,108.960896,0.408107,0.314322,0.978163,0.870841,0.222918,0.210252,1.251240,-2.532638,0.124164,-2.005280,0.236214,0.205572,0.073374,0.348896,-1.741511,0.005438,0.031413,0.091320,ok,high,ok,low,low,ok,low,ok,low,low,low,high,ok,low,ok,ok,ok,ok,ok,ok,ok,low,ok,high,SUG_FACE_ASPECT_HIGH_01|SUG_LOWERFACE_LOW_01|SUG_JAW_NARROW_01|SUG_CHIN_SHORT_01,SUG_FACE_ASPECT_HIGH_01|SUG_LOWERFACE_LOW_01|SUG_JAW_NARROW_01|SUG_CHIN_SHORT_01,rules_v1,rules_v1,research_lfw,lfw,v1,10.42631459981203,-5.341540062222648
lfw_04900,data/raw/images/lfw_04900.jpg,train,0.032757,0.840667,0.227559,0.440684,0.769343,109.267964,0.440684,0.305158,0.974546,0.864321,0.271407,0.198917,1.290730,-1.917503,0.132256,-2.916263,0.227401,0.193829,0.077030,0.448674,-0.622105,0.053138,0.022880,0.072248,high,ok,low,ok,low,ok,ok,low,low,low,ok,ok,high,ok,ok,low,ok,low,ok,high,ok,high,ok,ok,SUG_SYM_HIGH_01|SUG_MIDFACE_LOW_01|SUG_JAW_NARROW_01|SUG_CHIN_NARROW_01,SUG_SYM_HIGH_01|SUG_MIDFACE_LOW_01|SUG_JAW_NARROW_01|SUG_CHIN_NARROW_01,rules_v1,rules_v1,research_lfw,lfw,v1,-10.670410640537739,-14.303971364291467
lfw_04912,data/raw/images/lfw_04912.jpg,train,0.029250,0.852323,0.253588,0.443170,0.834358,109.981000,0.443170,0.330577,0.997398,0.923261,0.324875,0.192299,1.261140,-2.684195,0.108514,-3.858786,0.233462,0.201841,0.059346,0.423226,-1.396378,0.001113,0.025346,0.090522,ok,ok,ok,ok,high,ok,ok,ok,high,high,high,low,ok,low,ok,low,ok,ok,ok,ok,ok,low,ok,ok,SUG_JAW_WIDE_01|SUG_CHEEK_WIDE_01|SUG_LOWER_CHEEK_HIGH_01|SUG_EYE_OPEN_HIGH_01,SUG_JAW_WIDE_01|SUG_CHEEK_WIDE_01|SUG_LOWER_CHEEK_HIGH_01|SUG_EYE_OPEN_HIGH_01,rules_v1,rules_v1,research_lfw,lfw,v1,-8.395975783467293,-10.088149777858353
lfw_04921,data/raw/images/lfw_04921.jpg,train,0.007419,0.864020,0.275900,0.417710,0.813717,110.968233,0.417710,0.319886,0.988823,0.903559,0.329942,0.200364,1.173747,-2.063504,0.108280,-1.979189,0.216522,0.209211,0.024472,0.372113,-2.673711,0.011324,0.021307,0.075975,low,ok,high,ok,ok,ok,ok,ok,ok,ok,high,ok,low,ok,ok,ok,low,ok,ok,ok,low,ok,low,ok,SUG_MIDFACE_HIGH_01|SUG_EYE_OPEN_HIGH_01|SUG_EYE_CLOSE_01|SUG_NOSE_NARROW_01,SUG_MIDFACE_HIGH_01|SUG_EYE_OPEN_HIGH_01|SUG_EYE_CLOSE_01|SUG_NOSE_NARROW_01,rules_v1,rules_v1,research_lfw,lfw,v1,3.504621136933565,-4.000684156437706
lfw_04922,data/raw/images/lfw_04922.jpg,train,0.013076,0.859948,0.244743,0.418791,0.786560,107.839939,0.418791,0.303770,0.984244,0.881520,0.311565,0.196018,1.240650,-1.411926,0.131556,-1.762876,0.219939,0.199602,0.022872,0.346168,-0.389367,0.003297,0.028816,0.103246,ok,ok,ok,ok,ok,low,ok,low,ok,ok,ok,ok,ok,ok,ok,ok,ok,ok,ok,ok,ok,low,ok,high,SUG_JAW_ANGLE_LOW_01|SUG_CHIN_NARROW_01|SUG_LIP_THIN_01|SUG_PHILTRUM_HIGH_01,SUG_JAW_ANGLE_LOW_01|SUG_CHIN_NARROW_01|SUG_LIP_THIN_01|SUG_PHILTRUM_HIGH_01,rules_v1,rules_v1,research_lfw,lfw,v1,-3.1884120795875788,-9.207405134626374
lfw_04934,data/raw/images/lfw_04934.jpg,train,0.015961,0.812084,0.238876,0.438536,0.770729,111.055243,0.438536,0.308864,0.978185,0.866284,0.361026,0.210803,1.255389,-1.611950,0.130531,-1.881227,0.225432,0.195311,0.028418,0.403614,-1.205418,0.035735,0.032830,0.076864,ok,low,ok,ok,low,ok,ok,low,low,low,high,high,ok,ok,ok,ok,ok,low,ok,ok,ok,ok,high,ok,SUG_FACE_ASPECT_LOW_01|SUG_JAW_NARROW_01|SUG_CHIN_NARROW_01|SUG_CHEEK_NARROW_01,SUG_FACE_ASPECT_LOW_01|SUG_JAW_NARROW_01|SUG_CHIN_NARROW_01|SUG_CHEEK_NARROW_01,rules_v1,rules_v1,research_lfw,lfw,v1,-3.981704279780388,-12.126496144925872
lfw_04947,data/raw/images/lfw_04947.jpg,train,0.028474,0.833587,0.236039,0.442981,0.759487,111.138689,0.442981,0.306809,0.974239,0.855507,0.359783,0.199443,1.230243,0.951325,0.121545,0.534726,0.206525,0.186090,0.076174,0.325010,2.422312,0.044862,0.036096,0.079770,ok,ok,low,ok,low,ok,ok,low,low,low,high,ok,ok,high,ok,high,low,low,ok,low,high,ok,high,ok,SUG_MIDFACE_LOW_01|SUG_JAW_NARROW_01|SUG_CHIN_NARROW_01|SUG_CHEEK_NARROW_01,SUG_MIDFACE_LOW_01|SUG_JAW_NARROW_01|SUG_CHIN_NARROW_01|SUG_CHEEK_NARROW_01,rules_v1,rules_v1,research_lfw,lfw,v1,-10.729290693998337,-13.028858291300471
lfw_04976,data/raw/images/lfw_04976.jpg,train,0.008365,0.814762,0.264306,0.431184,0.806892,114.881026,0.431184,0.338902,0.986488,0.894583,0.300451,0.209891,1.252540,-0.994687,0.120678,-1.061865,0.249148,0.204630,0.004614,0.396987,-1.511693,0.009035,0.027650,0.086493,low,low,ok,ok,ok,high,ok,high,ok,ok,ok,high,ok,ok,ok,ok,high,ok,low,ok,ok,ok,ok,ok,SUG_FACE_ASPECT_LOW_01|SUG_JAW_ANGLE_HIGH_01|SUG_CHIN_WIDE_01|SUG_EYE_SIZE_HIGH_01,SUG_FACE_ASPECT_LOW_01|SUG_JAW_ANGLE_HIGH_01|SUG_CHIN_WIDE_01|SUG_EYE_SIZE_HIGH_01,rules_v1,rules_v1,research_lfw,lfw,v1,-0.5752764092758298,-7.194879615918383
lfw_04979,data/raw/images/lfw_04979.jpg,train,0.022505,0.846066,0.257668,0.440910,0.853863,111.912343,0.440910,0.357316,1.000153,0.934900,0.214263,0.214058,1.254885,-0.849930,0.132213,-0.603462,0.262065,0.212429,0.068479,0.450359,-2.405743,0.000116,0.022016,0.073026,ok,ok,ok,ok,high,ok,ok,high,high,high,low,high,ok,ok,ok,ok,high,high,ok,high,ok,low,ok,ok,SUG_JAW_WIDE_01|SUG_CHIN_WIDE_01|SUG_CHEEK_WIDE_01|SUG_LOWER_CHEEK_HIGH_01,SUG_JAW_WIDE_01|SUG_CHIN_WIDE_01|SUG_CHEEK_WIDE_01|SUG_LOWER_CHEEK_HIGH_01,rules_v1,rules_v1,research_lfw,lfw,v1,9.753198154270649,-9.207614658359505
lfw_04986,data/raw/images/lfw_04986.jpg,train,0.030522,0.836342,0.282755,0.401368,0.801905,113.684617,0.401368,0.320043,0.985572,0.891888,0.286410,0.205041,1.265886,-1.353571,0.111845,-2.258538,0.248593,0.216394,0.057568,0.453323,-1.135981,0.034592,0.016743,0.052692,ok,ok,high,low,ok,high,low,ok,ok,ok,ok,ok,ok,ok,ok,ok,high,high,ok,high,ok,ok,low,low,SUG_MIDFACE_HIGH_01|SUG_LOWERFACE_LOW_01|SUG_JAW_ANGLE_HIGH_01|SUG_CHIN_SHORT_01,SUG_MIDFACE_HIGH_01|SUG_LOWERFACE_LOW_01|SUG_JAW_ANGLE_HIGH_01|SUG_CHIN_SHORT_01,rules_v1,rules_v1,research_lfw,lfw,v1,-7.752135884016752,-1.2041547062249944
lfw_00068,data/raw/images/lfw_00068.jpg,val,0.023818,0.859670,0.254408,0.432154,0.793128,110.503300,0.432154,0.320294,0.983242,0.883069,0.325371,0.196119,1.286839,0.513168,0.097350,-0.286105,0.215966,0.196176,0.067179,0.337332,1.218476,0.006867,0.028822,0.087275,ok,ok,ok,ok,ok,ok,ok,ok,ok,ok,high,ok,high,high,low,high,low,ok,ok,low,high,ok,ok,ok,SUG_EYE_OPEN_HIGH_01|SUG_EYE_WIDE_01|SUG_EYE_TILT_HIGH_01|SUG_BROW_LOW_01,SUG_EYE_OPEN_HIGH_01|SUG_EYE_WIDE_01|SUG_EYE_TILT_HIGH_01|SUG_BROW_LOW_01,rules_v1,rules_v1,research_lfw,lfw,v1,-9.52059269696474,-8.900307413344681
lfw_00117,data/raw/images/lfw_00117.jpg,val,0.029951,0.788774,0.249141,0.443426,0.815162,114.893437,0.443426,0.339169,0.989686,0.902472,0.309994,0.217880,1.178879,-1.094034,0.124527,-0.669383,0.242098,0.203859,0.102558,0.400512,-2.988551,0.005773,0.028805,0.088248,ok,low,ok,ok,ok,high,ok,high,ok,ok,ok,high,low,ok,ok,ok,high,ok,high,ok,low,low,ok,ok,SUG_NOSE_DEV_HIGH_01|SUG_FACE_ASPECT_LOW_01|SUG_JAW_ANGLE_HIGH_01|SUG_CHIN_WIDE_01,SUG_NOSE_DEV_HIGH_01|SUG_FACE_ASPECT_LOW_01|SUG_JAW_ANGLE_HIGH_01|SUG_CHIN_WIDE_01,rules_v1,rules_v1,research_lfw,lfw,v1,14.711669147014618,-10.84749937154969
lfw_00129,data/raw/images/lfw_00129.jpg,val,0.029346,0.804763,0.247361,0.422588,0.816591,111.224176,0.422588,0.317990,0.990064,0.905103,0.287516,0.196426,1.326647,-0.868206,0.146070,-1.177508,0.239384,0.211364,0.073642,0.420688,-1.176793,0.002394,0.022577,0.067861,ok,low,ok,ok,high,ok,ok,ok,ok,high,ok,ok,high,ok,high,ok,high,high,ok,ok,ok,low,ok,ok,SUG_FACE_ASPECT_LOW_01|SUG_JAW_WIDE_01|SUG_LOWER_CHEEK_HIGH_01|SUG_EYE_WIDE_01,SUG_FACE_ASPECT_LOW_01|SUG_JAW_WIDE_01|SUG_LOWER_CHEEK_HIGH_01|SUG_EYE_WIDE_01,rules_v1,rules_v1,research_lfw,lfw,v1,-10.33750518411398,-9.139644219164449
lfw_00142,data/raw/images/lfw_00142.jpg,val,0.021393,0.779005,0.277839,0.407873,0.778041,117.367773,0.407873,0.312605,0.979437,0.872880,0.292141,0.224719,1.187479,-0.577540,0.130026,0.177502,0.248481,0.212097,0.066407,0.464864,-0.972917,0.059310,0.024262,0.057068,ok,low,high,low,low,high,low,ok,low,low,ok,high,low,ok,ok,high,high,high,ok,high,ok,high,ok,low,SUG_FACE_ASPECT_LOW_01|SUG_MIDFACE_HIGH_01|SUG_LOWERFACE_LOW_01|SUG_JAW_NARROW_01,SUG_FACE_ASPECT_LOW_01|SUG_MIDFACE_HIGH_01|SUG_LOWERFACE_LOW_01|SUG_JAW_NARROW_01,rules_v1,rules_v1,research_lfw,lfw,v1,9.53797086328268,-2.6669815278964357
lfw_00183,data/raw/images/lfw_00183.jpg,val,0.039007,0.842443,0.233462,0.455558,0.794857,109.555515,0.455558,0.321921,0.983057,0.888207,0.322935,0.201803,1.281486,0.370761,0.136578,-0.109039,0.234166,0.194387,0.098110,0.497552,0.255470,0.084204,0.021615,0.054334,high,ok,low,high,ok,ok,high,ok,ok,ok,ok,ok,ok,high,high,high,ok,low,high,high,high,high,low,low,SUG_SYM_HIGH_01|SUG_NOSE_DEV_HIGH_01|SUG_MIDFACE_LOW_01|SUG_LOWERFACE_HIGH_01,SUG_SYM_HIGH_01|SUG_NOSE_DEV_HIGH_01|SUG_MIDFACE_LOW_01|SUG_LOWERFACE_HIGH_01,rules_v1,rules_v1,research_lfw,lfw,v1,-13.70199903845787,-14.610194747420074
lfw_00215,data/raw/images/lfw_00215.jpg,val,0.014442,0.798719,0.285245,0.396813,0.786619,115.016225,0.396813,0.312867,0.983284,0.881923,0.339202,0.209256,1.156141,-1.728015,0.139958,-1.462053,0.233006,0.221349,0.043823,0.358760,-3.780445,0.015582,0.028296,0.089462,ok,low,high,low,ok,high,low,ok,ok,ok,high,high,low,ok,high,ok,ok,high,ok,ok,low,ok,ok,ok,SUG_FACE_ASPECT_LOW_01|SUG_MIDFACE_HIGH_01|SUG_LOWERFACE_LOW_01|SUG_JAW_ANGLE_HIGH_01,SUG_FACE_ASPECT_LOW_01|SUG_MIDFACE_HIGH_01|SUG_LOWERFACE_LOW_01|SUG_JAW_ANGLE_HIGH_01,rules_v1,rules_v1,research_lfw,lfw,v1,6.147825099527836,-0.3217723266215305
lfw_00291,data/raw/images/lfw_00291.jpg,val,0.034844,0.826481,0.250890,0.432001,0.806029,111.927157,0.432001,0.316468,0.989902,0.898543,0.260296,0.211879,1.203187,-2.130519,0.123977,-1.377579,0.233133,0.200997,0.093108,0.414320,-1.467640,0.008150,0.025300,0.076072,high,ok,ok,ok,ok,ok,ok,ok,ok,ok,ok,high,ok,ok,ok,ok,ok,ok,high,ok,ok,ok,ok,ok,SUG_SYM_HIGH_01|SUG_NOSE_DEV_HIGH_01|SUG_EYE_SIZE_HIGH_01,SUG_SYM_HIGH_01|SUG_NOSE_DEV_HIGH_01|SUG_EYE_SIZE_HIGH_01,rules_v1,rules_v1,research_lfw,lfw,v1,13.086008816957474,-9.469135786990112
lfw_00526,data/raw/images/lfw_00526.jpg,val,0.022786,0.871052,0.303363,0.387328,0.770200,113.860936,0.387328,0.316717,0.979232,0.866347,0.249987,0.206680,1.192389,-3.640259,0.113132,-2.976514,0.223743,0.223399,0.078691,0.303747,-4.366113,0.019479,0.032290,0.092633,ok,ok,high,low,low,high,low,ok,low,low,ok,ok,low,low,ok,low,ok,high,high,low,low,ok,high,high,SUG_NOSE_DEV_HIGH_01|SUG_MIDFACE_HIGH_01|SUG_LOWERFACE_LOW_01|SUG_JAW_NARROW_01,SUG_NOSE_DEV_HIGH_01|SUG_MIDFACE_HIGH_01|SUG_LOWERFACE_LOW_01|SUG_JAW_NARROW_01,rules_v1,rules_v1,research_lfw,lfw,v1,11.29269003868103,3.45907610284353
lfw_00536,data/raw/images/lfw_00536.jpg,val,0.023249,0.860755,0.235862,0.445524,0.807048,106.683100,0.445524,0.317337,0.988690,0.898961,0.306008,0.199912,1.187562,-0.650735,0.118149,-0.659271,0.212497,0.202041,0.066479,0.364849,-0.683861,0.007336,0.026289,0.076766,ok,ok,low,ok,ok,low,ok,ok,ok,ok,ok,ok,low,ok,ok,ok,low,ok,ok,ok,ok,ok,ok,ok,SUG_MIDFACE_LOW_01|SUG_JAW_ANGLE_LOW_01|SUG_EYE_CLOSE_01|SUG_NOSE_NARROW_01,SUG_MIDFACE_LOW_01|SUG_JAW_ANGLE_LOW_01|SUG_EYE_CLOSE_01|SUG_NOSE_NARROW_01,rules_v1,rules_v1,research_lfw,lfw,v1,9.334246024489403,-13.292819483761145
lfw_00763,data/raw/images/lfw_00763.jpg,val,0.013100,0.811551,0.236442,0.441735,0.779626,110.411993,0.441735,0.304174,0.979901,0.875602,0.361424,0.216119,1.186415,-1.568101,0.138057,-1.960910,0.220048,0.195451,0.046927,0.438426,-1.267006,0.059729,0.024989,0.060669,ok,low,low,ok,low,ok,ok,low,low,low,high,high,low,ok,high,ok,ok,low,ok,high,ok,high,ok,low,SUG_FACE_ASPECT_LOW_01|SUG_MIDFACE_LOW_01|SUG_JAW_NARROW_01|SUG_CHIN_NARROW_01,SUG_FACE_ASPECT_LOW_01|SUG_MIDFACE_LOW_01|SUG_JAW_NARROW_01|SUG_CHIN_NARROW_01,rules_v1,rules_v1,research_lfw,lfw,v1,6.784356247633696,-12.844068029906444
lfw_00822,data/raw/images/lfw_00822.jpg,val,0.016416,0.813758,0.263052,0.415078,0.783146,112.822660,0.415078,0.300823,0.981733,0.878556,0.335153,0.202996,1.156104,0.830404,0.131418,0.824965,0.203979,0.205902,0.043998,0.332561,0.454257,0.017310,0.029041,0.090663,ok,low,ok,ok,ok,ok,ok,low,ok,ok,high,ok,low,high,ok,high,low,ok,ok,low,high,ok,ok,high,SUG_FACE_ASPECT_LOW_01|SUG_CHIN_NARROW_01|SUG_EYE_OPEN_HIGH_01|SUG_EYE_CLOSE_01,SUG_FACE_ASPECT_LOW_01|SUG_CHIN_NARROW_01|SUG_EYE_OPEN_HIGH_01|SUG_EYE_CLOSE_01,rules_v1,rules_v1,research_lfw,lfw,v1,6.278244964778423,-5.776523714057117
lfw_00835,data/raw/images/lfw_00835.jpg,val,0.005127,0.889667,0.301597,0.381198,0.774602,111.179166,0.381198,0.301867,0.975800,0.867972,0.350785,0.207050,1.160545,0.490363,0.123727,0.093446,0.221989,0.218124,0.013121,0.368174,-0.405708,0.009491,0.022698,0.078122,low,high,high,low,low,ok,low,low,low,low,high,ok,low,high,ok,high,ok,high,low,ok,ok,ok,ok,ok,SUG_FACE_ASPECT_HIGH_01|SUG_MIDFACE_HIGH_01|SUG_LOWERFACE_LOW_01|SUG_JAW_NARROW_01,SUG_FACE_ASPECT_HIGH_01|SUG_MIDFACE_HIGH_01|SUG_LOWERFACE_LOW_01|SUG_JAW_NARROW_01,rules_v1,rules_v1,research_lfw,lfw,v1,-1.9093566974624991,3.907673232618389
lfw_00843,data/raw/images/lfw_00843.jpg,val,0.029050,0.829653,0.239477,0.449956,0.800789,110.752048,0.449956,0.331265,0.986561,0.892248,0.352353,0.198119,1.231966,-1.730905,0.139125,-2.292748,0.223960,0.198112,0.067066,0.353307,-2.828046,0.013662,0.033295,0.100855,ok,ok,ok,ok,ok,ok,ok,ok,ok,ok,high,ok,ok,ok,high,ok,ok,ok,ok,ok,low,ok,high,high,SUG_EYE_OPEN_HIGH_01|SUG_BROW_HIGH_01|SUG_MOUTH_TILT_LOW_01|SUG_UPPER_LIP_HIGH_01,SUG_EYE_OPEN_HIGH_01|SUG_BROW_HIGH_01|SUG_MOUTH_TILT_LOW_01|SUG_UPPER_LIP_HIGH_01,rules_v1,rules_v1,research_lfw,lfw,v1,-9.491746880114079,-13.076332811883606
lfw_00857,data/raw/images/lfw_00857.jpg,val,0.018663,0.859756,0.230594,0.449631,0.787707,107.585197,0.449631,0.308454,0.981956,0.883485,0.305647,0.196623,1.203726,-2.814020,0.152291,-2.855630,0.219713,0.196587,0.027683,0.440063,-1.978551,0.064013,0.022138,0.062615,ok,ok,low,ok,ok,low,ok,low,ok,ok,ok,ok,ok,low,high,low,ok,ok,ok,high,ok,high,ok,low,SUG_MIDFACE_LOW_01|SUG_JAW_ANGLE_LOW_01|SUG_CHIN_NARROW_01|SUG_EYE_TILT_LOW_01,SUG_MIDFACE_LOW_01|SUG_JAW_ANGLE_LOW_01|SUG_CHIN_NARROW_01|SUG_EYE_TILT_LOW_01,rules_v1,rules_v1,research_lfw,lfw,v1,-3.803846413269639,-14.580480464597258
lfw_00876,data/raw/images/lfw_00876.jpg,val,0.010863,0.791022,0.257336,0.438327,0.786664,115.608701,0.438327,0.317788,0.983276,0.882970,0.300436,0.204823,1.179073,-0.770750,0.117991,-0.387221,0.223160,0.201134,0.039406,0.412811,-1.826633,0.058025,0.025965,0.074957,ok,low,ok,ok,ok,high,ok,ok,ok,ok,ok,ok,low,ok,ok,high,ok,ok,ok,ok,ok,high,ok,ok,SUG_FACE_ASPECT_LOW_01|SUG_JAW_ANGLE_HIGH_01|SUG_EYE_CLOSE_01|SUG_BROW_TILT_HIGH_01,SUG_FACE_ASPECT_LOW_01|SUG_JAW_ANGLE_HIGH_01|SUG_EYE_CLOSE_01|SUG_BROW_TILT_HIGH_01,rules_v1,rules_v1,research_lfw,lfw,v1,5.786159053444862,-9.01532020186654
lfw_01101,data/raw/images/lfw_01101.jpg,val,0.035251,0.880246,0.282427,0.393375,0.752482,111.859256,0.393375,0.306616,0.968372,0.845882,0.239018,0.216209,1.173898,-4.301523,0.145514,-4.173938,0.230730,0.214272,0.104625,0.352378,-4.782963,0.025156,0.031312,0.073680,high,high,high,low,low,ok,low,low,low,low,ok,high,low,low,high,low,ok,high,high,ok,low,ok,ok,ok,SUG_SYM_HIGH_01|SUG_NOSE_DEV_HIGH_01|SUG_FACE_ASPECT_HIGH_01|SUG_MIDFACE_HIGH_01,SUG_SYM_HIGH_01|SUG_NOSE_DEV_HIGH_01|SUG_FACE_ASPECT_HIGH_01|SUG_MIDFACE_HIGH_01,rules_v1,rules_v1,research_lfw,lfw,v1,14.978047035634518,-0.37549483726229593
lfw_01150,data/raw/images/lfw_01150.jpg,val,0.023343,0.833683,0.281353,0.410210,0.800816,112.886884,0.410210,0.315130,0.987266,0.893046,0.321635,0.203670,1.185064,-2.937484,0.100869,-2.927618,0.219042,0.212238,0.067596,0.348808,-1.118821,0.007728,0.025936,0.086383,ok,ok,high,low,ok,ok,low,ok,ok,ok,ok,ok,low,low,low,low,ok,high,ok,ok,ok,ok,ok,ok,SUG_MIDFACE_HIGH_01|SUG_LOWERFACE_LOW_01|SUG_CHIN_SHORT_01|SUG_EYE_CLOSE_01,SUG_MIDFACE_HIGH_01|SUG_LOWERFACE_LOW_01|SUG_CHIN_SHORT_01|SUG_EYE_CLOSE_01,rules_v1,rules_v1,research_lfw,lfw,v1,9.65596653521061,-2.369454962090315
lfw_01171,data/raw/images/lfw_01171.jpg,val,0.036552,0.859811,0.231818,0.439786,0.793424,106.895355,0.439786,0.302974,0.987436,0.888023,0.341512,0.195294,1.279204,-0.520148,0.138570,-1.461937,0.209059,0.186803,0.087775,0.342360,-0.167032,0.012500,0.035920,0.082910,high,ok,low,ok,ok,low,ok,low,ok,ok,high,ok,ok,ok,high,ok,low,low,high,low,ok,ok,high,ok,SUG_SYM_HIGH_01|SUG_NOSE_DEV_HIGH_01|SUG_MIDFACE_LOW_01|SUG_JAW_ANGLE_LOW_01,SUG_SYM_HIGH_01|SUG_NOSE_DEV_HIGH_01|SUG_MIDFACE_LOW_01|SUG_JAW_ANGLE_LOW_01,rules_v1,rules_v1,research_lfw,lfw,v1,-12.304331101477146,-13.469236941829593
lfw_01196,data/raw/images/lfw_01196.jpg,val,0.041578,0.841152,0.252047,0.446626,0.801381,112.415086,0.446626,0.326534,0.986187,0.893285,0.246345,0.190571,1.255014,1.607249,0.093063,0.645478,0.221840,0.199097,0.106474,0.410262,1.938365,0.045649,0.022625,0.064675,high,ok,ok,ok,ok,ok,ok,ok,ok,ok,ok,low,ok,high,low,high,ok,ok,high,ok,high,ok,ok,low,SUG_SYM_HIGH_01|SUG_NOSE_DEV_HIGH_01|SUG_EYE_SIZE_LOW_01|SUG_EYE_TILT_HIGH_01,SUG_SYM_HIGH_01|SUG_NOSE_DEV_HIGH_01|SUG_EYE_SIZE_LOW_01|SUG_EYE_TILT_HIGH_01,rules_v1,rules_v1,research_lfw,lfw,v1,-14.924026943743229,-10.664742158209718
lfw_01347,data/raw/images/lfw_01347.jpg,val,0.020504,0.886291,0.263038,0.406903,0.767437,108.167183,0.406903,0.299008,0.975592,0.862522,0.304919,0.201764,1.279903,0.325722,0.117762,-0.177396,0.222864,0.205822,0.048082,0.394509,-0.107242,0.043201,0.024417,0.068913,ok,high,ok,low,low,low,low,low,low,low,ok,ok,ok,high,ok,high,ok,ok,ok,ok,ok,ok,ok,ok,SUG_FACE_ASPECT_HIGH_01|SUG_LOWERFACE_LOW_01|SUG_JAW_NARROW_01|SUG_JAW_ANGLE_LOW_01,SUG_FACE_ASPECT_HIGH_01|SUG_LOWERFACE_LOW_01|SUG_JAW_NARROW_01|SUG_JAW_ANGLE_LOW_01,rules_v1,rules_v1,research_lfw,lfw,v1,-6.641227338463068,-4.926772128937194
lfw_01484,data/raw/images/lfw_01484.jpg,val,0.006996,0.875273,0.239958,0.464177,0.818898,109.226940,0.464177,0.338153,0.993097,0.911606,0.165831,0.193143,1.240322,-1.338760,0.112402,-1.449829,0.241001,0.203552,0.025374,0.465958,-1.530126,0.080223,0.020848,0.059748,low,high,ok,high,high,ok,high,high,high,high,low,ok,ok,ok,ok,ok,high,ok,ok,high,ok,high,low,low,SUG_FACE_ASPECT_HIGH_01|SUG_LOWERFACE_HIGH_01|SUG_JAW_WIDE_01|SUG_CHIN_LONG_01,SUG_FACE_ASPECT_HIGH_01|SUG_LOWERFACE_HIGH_01|SUG_JAW_WIDE_01|SUG_CHIN_LONG_01,rules_v1,rules_v1,research_lfw,lfw,v1,3.5141048077493906,-14.258716697627726
lfw_01528,data/raw/images/lfw_01528.jpg,val,0.027241,0.868899,0.248322,0.429799,0.781840,108.882230,0.429799,0.311169,0.981401,0.875827,0.315027,0.206343,1.204824,-2.712405,0.126282,-2.332681,0.222740,0.195456,0.076747,0.333371,-3.006533,0.010682,0.034643,0.092680,ok,ok,ok,ok,low,ok,ok,ok,ok,low,ok,ok,ok,low,ok,ok,ok,low,ok,low,low,ok,high,high,SUG_JAW_NARROW_01|SUG_LOWER_CHEEK_LOW_01|SUG_EYE_TILT_LOW_01|SUG_NOSE_SHORT_01,SUG_JAW_NARROW_01|SUG_LOWER_CHEEK_LOW_01|SUG_EYE_TILT_LOW_01|SUG_NOSE_SHORT_01,rules_v1,rules_v1,research_lfw,lfw,v1,10.84989669173956,-9.685517327322625
lfw_01816,data/raw/images/lfw_01816.jpg,val,0.050468,0.952862,0.286991,0.406133,0.779018,108.213930,0.406133,0.317001,0.978136,0.873077,0.180927,0.217547,1.190549,-1.363346,0.116777,-1.047449,0.239230,0.215017,0.104661,0.449176,0.497912,0.062342,0.020446,0.054453,high,high,high,low,low,low,low,ok,low,low,low,high,low,ok,ok,ok,high,high,high,high,high,high,low,low,SUG_SYM_HIGH_01|SUG_NOSE_DEV_HIGH_01|SUG_FACE_ASPECT_HIGH_01|SUG_MIDFACE_HIGH_01,SUG_SYM_HIGH_01|SUG_NOSE_DEV_HIGH_01|SUG_FACE_ASPECT_HIGH_01|SUG_MIDFACE_HIGH_01,rules_v1,rules_v1,research_lfw,lfw,v1,14.533729456365108,-1.0702851686987989
lfw_01971,data/raw/images/lfw_01971.jpg,val,0.020574,0.823920,0.244951,0.433646,0.809198,111.206099,0.433646,0.329229,0.985188,0.896583,0.268896,0.209616,1.295943,-0.970496,0.143516,-0.947524,0.255605,0.203730,0.040504,0.457372,-0.913459,0.005299,0.027023,0.073906,ok,ok,ok,ok,ok,ok,ok,ok,ok,ok,ok,high,high,ok,high,ok,high,ok,ok,high,ok,low,ok,ok,SUG_EYE_SIZE_HIGH_01|SUG_EYE_WIDE_01|SUG_BROW_HIGH_01|SUG_NOSE_WIDE_01,SUG_EYE_SIZE_HIGH_01|SUG_EYE_WIDE_01|SUG_BROW_HIGH_01|SUG_NOSE_WIDE_01,rules_v1,rules_v1,research_lfw,lfw,v1,-5.539617743343115,-10.625959036145906
lfw_02032,data/raw/images/lfw_02032.jpg,val,0.030166,0.953313,0.286566,0.391285,0.799651,105.958793,0.391285,0.312053,0.984980,0.891627,0.245400,0.199522,1.226867,-2.217223,0.116212,-2.517465,0.230872,0.217028,0.033563,0.404056,-3.309539,0.009287,0.022511,0.074227,ok,high,high,low,ok,low,low,ok,ok,ok,ok,ok,ok,low,ok,low,ok,high,ok,ok,low,ok,ok,ok,SUG_FACE_ASPECT_HIGH_01|SUG_MIDFACE_HIGH_01|SUG_LOWERFACE_LOW_01|SUG_JAW_ANGLE_LOW_01,SUG_FACE_ASPECT_HIGH_01|SUG_MIDFACE_HIGH_01|SUG_LOWERFACE_LOW_01|SUG_JAW_ANGLE_LOW_01,rules_v1,rules_v1,research_lfw,lfw,v1,-4.42081642895937,0.49620358038485324
lfw_02121,data/raw/images/lfw_02121.jpg,val,0.011098,0.839365,0.237879,0.446824,0.795953,108.510265,0.446824,0.305812,0.985299,0.893061,0.316900,0.192831,1.173662,-2.776182,0.127038,-3.014423,0.209756,0.199990,0.002203,0.440311,-2.627868,0.054316,0.019038,0.067887,ok,ok,low,ok,ok,low,ok,low,ok,ok,ok,low,low,low,ok,low,low,ok,low,high,low,high,low,ok,SUG_MIDFACE_LOW_01|SUG_JAW_ANGLE_LOW_01|SUG_CHIN_NARROW_01|SUG_EYE_SIZE_LOW_01,SUG_MIDFACE_LOW_01|SUG_JAW_ANGLE_LOW_01|SUG_CHIN_NARROW_01|SUG_EYE_SIZE_LOW_01,rules_v1,rules_v1,research_lfw,lfw,v1,0.3651351104490459,-13.06432758487837
lfw_02187,data/raw/images/lfw_02187.jpg,val,0.006961,0.794643,0.232784,0.452214,0.816135,112.368527,0.452214,0.329357,0.989304,0.906206,0.276526,0.204662,1.185167,-2.535640,0.133370,-2.530551,0.242084,0.201073,0.036267,0.452419,-3.436208,0.019609,0.022942,0.076299,low,low,low,high,high,ok,high,ok,ok,high,ok,ok,low,low,high,low,high,ok,ok,high,low,ok,ok,ok,SUG_FACE_ASPECT_LOW_01|SUG_MIDFACE_LOW_01|SUG_LOWERFACE_HIGH_01|SUG_JAW_WIDE_01,SUG_FACE_ASPECT_LOW_01|SUG_MIDFACE_LOW_01|SUG_LOWERFACE_HIGH_01|SUG_JAW_WIDE_01,rules_v1,rules_v1,research_lfw,lfw,v1,5.209315203130245,-14.430215488103538
lfw_02354,data/raw/images/lfw_02354.jpg,val,0.015212,0.871412,0.245039,0.448627,0.801914,109.194839,0.448627,0.322748,0.986356,0.895113,0.204131,0.196295,1.270652,-1.638276,0.110799,-2.439258,0.242018,0.198814,0.026613,0.497396,0.362844,0.070767,0.020551,0.065587,ok,ok,ok,ok,ok,ok,ok,ok,ok,ok,low,ok,ok,ok,ok,ok,high,ok,ok,high,high,high,low,low,SUG_EYE_OPEN_LOW_01|SUG_NOSE_WIDE_01|SUG_MOUTH_WIDE_01|SUG_MOUTH_TILT_HIGH_01,SUG_EYE_OPEN_LOW_01|SUG_NOSE_WIDE_01|SUG_MOUTH_WIDE_01|SUG_MOUTH_TILT_HIGH_01,rules_v1,rules_v1,research_lfw,lfw,v1,-3.5314729996025562,-12.014570724850433
lfw_02389,data/raw/images/lfw_02389.jpg,val,0.031145,0.835380,0.239072,0.440624,0.784106,110.901170,0.440624,0.320864,0.979293,0.876142,0.294678,0.200802,1.227284,-0.040653,0.157208,-0.705004,0.231747,0.194439,0.078612,0.384438,-0.713944,0.009388,0.036403,0.107347,high,ok,ok,ok,ok,ok,ok,ok,low,ok,ok,ok,ok,high,high,ok,ok,low,high,ok,ok,ok,high,high,SUG_SYM_HIGH_01|SUG_NOSE_DEV_HIGH_01|SUG_CHEEK_NARROW_01|SUG_EYE_TILT_HIGH_01,SUG_SYM_HIGH_01|SUG_NOSE_DEV_HIGH_01|SUG_CHEEK_NARROW_01|SUG_EYE_TILT_HIGH_01,rules_v1,rules_v1,research_lfw,lfw,v1,-11.090281695127487,-12.287802126203674
lfw_02654,data/raw/images/lfw_02654.jpg,val,0.032053,0.841298,0.247525,0.447698,0.806300,111.106596,0.447698,0.330646,0.986562,0.896545,0.195613,0.190360,1.317336,0.230980,0.101201,-0.958230,0.236078,0.202218,0.078014,0.451968,-0.022706,0.046265,0.022699,0.054836,high,ok,ok,ok,ok,ok,ok,ok,ok,ok,low,low,high,high,low,ok,ok,ok,ok,high,ok,high,ok,low,SUG_SYM_HIGH_01|SUG_EYE_OPEN_LOW_01|SUG_EYE_SIZE_LOW_01|SUG_EYE_WIDE_01,SUG_SYM_HIGH_01|SUG_EYE_OPEN_LOW_01|SUG_EYE_SIZE_LOW_01|SUG_EYE_WIDE_01,rules_v1,rules_v1,research_lfw,lfw,v1,-10.757243536412716,-11.513336946375496
lfw_02717,data/raw/images/lfw_02717.jpg,val,0.004542,0.846900,0.255406,0.431928,0.812633,110.531862,0.431928,0.329746,0.989590,0.902070,0.231748,0.197376,1.283115,0.316628,0.103839,0.008515,0.237659,0.211167,0.001999,0.409707,0.259427,0.007755,0.022363,0.071921,low,ok,ok,ok,ok,ok,ok,ok,ok,ok,ok,ok,ok,high,low,high,high,ok,low,ok,high,ok,ok,ok,SUG_EYE_TILT_HIGH_01|SUG_BROW_LOW_01|SUG_BROW_TILT_HIGH_01|SUG_NOSE_WIDE_01,SUG_EYE_TILT_HIGH_01|SUG_BROW_LOW_01|SUG_BROW_TILT_HIGH_01|SUG_NOSE_WIDE_01,rules_v1,rules_v1,research_lfw,lfw,v1,-0.31878127064555883,-8.713945682406093
lfw_02811,data/raw/images/lfw_02811.jpg,val,0.032373,0.803874,0.270119,0.426576,0.782931,115.121513,0.426576,0.325651,0.978974,0.876299,0.291482,0.207711,1.307229,-0.595403,0.110651,-1.894391,0.244204,0.210079,0.080745,0.491269,0.004375,0.085169,0.023528,0.049522,high,low,high,ok,ok,high,ok,ok,low,ok,ok,ok,high,ok,ok,ok,high,ok,high,high,ok,high,ok,low,SUG_SYM_HIGH_01|SUG_NOSE_DEV_HIGH_01|SUG_FACE_ASPECT_LOW_01|SUG_MIDFACE_HIGH_01,SUG_SYM_HIGH_01|SUG_NOSE_DEV_HIGH_01|SUG_FACE_ASPECT_LOW_01|SUG_MIDFACE_HIGH_01,rules_v1,rules_v1,research_lfw,lfw,v1,-11.289313472807407,-5.811325488562216
lfw_02848,data/raw/images/lfw_02848.jpg,val,0.046108,0.819391,0.243407,0.433308,0.802610,111.441692,0.433308,0.312007,0.986856,0.893633,0.263526,0.186684,1.306843,-3.968085,0.108279,-4.855392,0.208481,0.196497,0.091878,0.347913,-1.297864,0.005035,0.028055,0.076790,high,low,ok,ok,ok,ok,ok,ok,ok,ok,ok,low,high,low,ok,low,low,ok,high,ok,ok,low,ok,ok,SUG_SYM_HIGH_01|SUG_NOSE_DEV_HIGH_01|SUG_FACE_ASPECT_LOW_01|SUG_EYE_SIZE_LOW_01,SUG_SYM_HIGH_01|SUG_NOSE_DEV_HIGH_01|SUG_FACE_ASPECT_LOW_01|SUG_EYE_SIZE_LOW_01,rules_v1,rules_v1,research_lfw,lfw,v1,-12.812006749212742,-10.855814598790268
lfw_02916,data/raw/images/lfw_02916.jpg,val,0.015014,0.877023,0.255924,0.430723,0.809553,108.608539,0.430723,0.316393,0.988817,0.900309,0.274213,0.193417,1.262399,0.574832,0.107972,0.092605,0.219147,0.201614,0.028642,0.391182,-0.851067,0.012052,0.022969,0.071878,ok,high,ok,ok,ok,low,ok,ok,ok,ok,ok,ok,ok,high,ok,high,ok,ok,ok,ok,ok,ok,ok,ok,SUG_FACE_ASPECT_HIGH_01|SUG_JAW_ANGLE_LOW_01|SUG_EYE_TILT_HIGH_01|SUG_BROW_TILT_HIGH_01,SUG_FACE_ASPECT_HIGH_01|SUG_JAW_ANGLE_LOW_01|SUG_EYE_TILT_HIGH_01|SUG_BROW_TILT_HIGH_01,rules_v1,rules_v1,research_lfw,lfw,v1,-4.0052204467356205,-8.511082585376387
lfw_02991,data/raw/images/lfw_02991.jpg,val,0.028659,0.787595,0.230875,0.450202,0.789716,112.980095,0.450202,0.318570,0.982682,0.881966,0.374846,0.199050,1.229349,3.086581,0.140518,2.697939,0.222392,0.196165,0.091754,0.400368,0.660625,0.020392,0.028484,0.089606,ok,low,low,ok,ok,ok,ok,ok,ok,ok,high,ok,ok,high,high,high,ok,ok,high,ok,high,ok,ok,ok,SUG_NOSE_DEV_HIGH_01|SUG_FACE_ASPECT_LOW_01|SUG_MIDFACE_LOW_01|SUG_EYE_OPEN_HIGH_01,SUG_NOSE_DEV_HIGH_01|SUG_FACE_ASPECT_LOW_01|SUG_MIDFACE_LOW_01|SUG_EYE_OPEN_HIGH_01,rules_v1,rules_v1,research_lfw,lfw,v1,-12.95202101022005,-14.582525915198957
lfw_03102,data/raw/images/lfw_03102.jpg,val,0.010885,0.820080,0.271855,0.420060,0.808465,115.300641,0.420060,0.320074,0.991531,0.901308,0.268573,0.193150,1.249943,-0.696494,0.110459,-0.937637,0.218220,0.203861,0.025076,0.347692,-0.720447,0.036156,0.025774,0.080100,ok,ok,high,ok,ok,high,ok,ok,high,ok,ok,ok,ok,ok,ok,ok,ok,ok,ok,ok,ok,ok,ok,ok,SUG_MIDFACE_HIGH_01|SUG_JAW_ANGLE_HIGH_01|SUG_CHEEK_WIDE_01,SUG_MIDFACE_HIGH_01|SUG_JAW_ANGLE_HIGH_01|SUG_CHEEK_WIDE_01,rules_v1,rules_v1,research_lfw,lfw,v1,-3.5710261277854443,-4.877525844759118
lfw_03179,data/raw/images/lfw_03179.jpg,val,0.008157,0.820653,0.272399,0.420769,0.798982,114.602258,0.420769,0.318055,0.983582,0.891620,0.248577,0.196796,1.221229,-3.926016,0.120489,-4.379904,0.225976,0.212836,0.041595,0.437334,-1.666201,0.063086,0.016975,0.055242,low,ok,high,ok,ok,high,ok,ok,ok,ok,ok,ok,ok,low,ok,low,ok,high,ok,high,ok,high,low,low,SUG_MIDFACE_HIGH_01|SUG_JAW_ANGLE_HIGH_01|SUG_EYE_TILT_LOW_01|SUG_BROW_TILT_LOW_01,SUG_MIDFACE_HIGH_01|SUG_JAW_ANGLE_HIGH_01|SUG_EYE_TILT_LOW_01|SUG_BROW_TILT_LOW_01,rules_v1,rules_v1,research_lfw,lfw,v1,6.562359262257814,-4.864116693825105
lfw_03199,data/raw/images/lfw_03199.jpg,val,0.005694,0.810865,0.245310,0.444745,0.806996,111.829660,0.444745,0.318495,0.988622,0.899472,0.330849,0.202782,1.210541,-2.213901,0.113505,-1.690931,0.224114,0.199569,0.026015,0.418033,-3.259744,0.019233,0.025780,0.078001,low,low,ok,ok,ok,ok,ok,ok,ok,ok,high,ok,ok,low,ok,ok,ok,ok,ok,ok,low,ok,ok,ok,SUG_FACE_ASPECT_LOW_01|SUG_EYE_OPEN_HIGH_01|SUG_EYE_TILT_LOW_01|SUG_MOUTH_TILT_LOW_01,SUG_FACE_ASPECT_LOW_01|SUG_EYE_OPEN_HIGH_01|SUG_EYE_TILT_LOW_01|SUG_MOUTH_TILT_LOW_01,rules_v1,rules_v1,research_lfw,lfw,v1,3.676094038411975,-11.61121106082324
lfw_03536,data/raw/images/lfw_03536.jpg,val,0.006247,0.972927,0.236581,0.433913,0.812814,100.153363,0.433913,0.319335,0.991568,0.903892,0.275783,0.198322,1.219000,-0.823694,0.142599,-0.929075,0.226097,0.201792,0.002356,0.360934,-0.574911,0.013987,0.027173,0.092273,low,high,low,ok,ok,low,ok,ok,high,ok,ok,ok,ok,ok,high,ok,ok,ok,low,ok,ok,ok,ok,high,SUG_FACE_ASPECT_HIGH_01|SUG_MIDFACE_LOW_01|SUG_JAW_ANGLE_LOW_01|SUG_CHEEK_WIDE_01,SUG_FACE_ASPECT_HIGH_01|SUG_MIDFACE_LOW_01|SUG_JAW_ANGLE_LOW_01|SUG_CHEEK_WIDE_01,rules_v1,rules_v1,research_lfw,lfw,v1,0.37528728204779327,-12.087619367660986
lfw_03582,data/raw/images/lfw_03582.jpg,val,0.026096,0.920988,0.297292,0.384306,0.791471,110.028859,0.384306,0.307153,0.982832,0.883181,0.225920,0.195431,1.247486,-1.820903,0.090938,-2.977973,0.224622,0.213769,0.047908,0.366516,0.369069,0.011726,0.018479,0.058339,ok,high,high,low,ok,ok,low,low,ok,ok,low,ok,ok,ok,low,low,ok,high,ok,ok,high,ok,low,low,SUG_FACE_ASPECT_HIGH_01|SUG_MIDFACE_HIGH_01|SUG_LOWERFACE_LOW_01|SUG_CHIN_SHORT_01,SUG_FACE_ASPECT_HIGH_01|SUG_MIDFACE_HIGH_01|SUG_LOWERFACE_LOW_01|SUG_CHIN_SHORT_01,rules_v1,rules_v1,research_lfw,lfw,v1,-6.466912217438221,2.910458334419125
lfw_03596,data/raw/images/lfw_03596.jpg,val,0.019177,0.799507,0.252151,0.436309,0.791375,114.010868,0.436309,0.320040,0.986395,0.886715,0.423475,0.204057,1.090910,-2.089415,0.128872,-2.244122,0.205944,0.199704,0.047785,0.287103,-2.163183,0.030770,0.030193,0.097989,ok,low,ok,ok,ok,high,ok,ok,ok,ok,high,ok,low,ok,ok,ok,low,ok,ok,low,ok,ok,ok,high,SUG_FACE_ASPECT_LOW_01|SUG_JAW_ANGLE_HIGH_01|SUG_EYE_OPEN_HIGH_01|SUG_EYE_CLOSE_01,SUG_FACE_ASPECT_LOW_01|SUG_JAW_ANGLE_HIGH_01|SUG_EYE_OPEN_HIGH_01|SUG_EYE_CLOSE_01,rules_v1,rules_v1,research_lfw,lfw,v1,6.653483122587204,-9.674245042773535
lfw_03753,data/raw/images/lfw_03753.jpg,val,0.025804,0.862426,0.242076,0.447886,0.822591,109.011081,0.447886,0.324895,0.991169,0.911770,0.264062,0.198061,1.179222,-0.897323,0.119562,-0.835607,0.221530,0.199292,0.069282,0.391267,-1.855628,0.008664,0.025322,0.077570,ok,ok,ok,ok,high,ok,ok,ok,high,high,ok,ok,low,ok,ok,ok,ok,ok,ok,ok,ok,ok,ok,ok,SUG_JAW_WIDE_01|SUG_CHEEK_WIDE_01|SUG_LOWER_CHEEK_HIGH_01|SUG_EYE_CLOSE_01,SUG_JAW_WIDE_01|SUG_CHEEK_WIDE_01|SUG_LOWER_CHEEK_HIGH_01|SUG_EYE_CLOSE_01,rules_v1,rules_v1,research_lfw,lfw,v1,9.784472711384296,-12.4462557118578
lfw_03786,data/raw/images/lfw_03786.jpg,val,0.009715,0.816188,0.233932,0.454642,0.764689,112.358445,0.454642,0.315537,0.977245,0.863192,0.325859,0.202072,1.198293,-1.951309,0.122346,-2.432188,0.225155,0.190903,0.001409,0.385873,-2.312940,0.069959,0.029694,0.086349,ok,low,low,high,low,ok,high,ok,low,low,high,ok,low,ok,ok,ok,ok,low,low,ok,ok,high,ok,ok,SUG_FACE_ASPECT_LOW_01|SUG_MIDFACE_LOW_01|SUG_LOWERFACE_HIGH_01|SUG_JAW_NARROW_01,SUG_FACE_ASPECT_LOW_01|SUG_MIDFACE_LOW_01|SUG_LOWERFACE_HIGH_01|SUG_JAW_NARROW_01,rules_v1,rules_v1,research_lfw,lfw,v1,0.33481210889294744,-14.44780004087821
lfw_04229,data/raw/images/lfw_04229.jpg,val,0.001314,0.831618,0.254043,0.447031,0.798659,112.361126,0.447031,0.330322,0.984505,0.889574,0.361795,0.198344,1.183202,-0.647086,0.122685,-0.977495,0.208969,0.200978,0.006015,0.322753,-2.073639,0.015445,0.032646,0.096703,low,ok,ok,ok,ok,ok,ok,ok,ok,ok,high,ok,low,ok,ok,ok,low,ok,low,low,ok,ok,high,high,SUG_EYE_OPEN_HIGH_01|SUG_EYE_CLOSE_01|SUG_NOSE_NARROW_01|SUG_MOUTH_NARROW_01,SUG_EYE_OPEN_HIGH_01|SUG_EYE_CLOSE_01|SUG_NOSE_NARROW_01|SUG_MOUTH_NARROW_01,rules_v1,rules_v1,research_lfw,lfw,v1,-1.0118642351590097,-10.374741134676533
lfw_04396,data/raw/images/lfw_04396.jpg,val,0.006143,0.895257,0.256772,0.435701,0.805399,108.497001,0.435701,0.333688,0.986371,0.894198,0.243189,0.194407,1.226773,-0.083437,0.136542,-0.889527,0.215904,0.210658,0.016297,0.322446,0.297267,0.006134,0.028774,0.098034,low,high,ok,ok,ok,low,ok,high,ok,ok,ok,ok,ok,high,high,ok,low,ok,low,low,high,low,ok,high,SUG_FACE_ASPECT_HIGH_01|SUG_JAW_ANGLE_LOW_01|SUG_CHIN_WIDE_01|SUG_EYE_TILT_HIGH_01,SUG_FACE_ASPECT_HIGH_01|SUG_JAW_ANGLE_LOW_01|SUG_CHIN_WIDE_01|SUG_EYE_TILT_HIGH_01,rules_v1,rules_v1,research_lfw,lfw,v1,-2.292416252195835,-8.855148279982687
lfw_04495,data/raw/images/lfw_04495.jpg,val,0.013567,0.855444,0.261948,0.434931,0.821083,112.067517,0.434931,0.331551,0.993019,0.911765,0.175226,0.197082,1.315287,-1.101183,0.102965,-1.479389,0.248266,0.207072,0.025837,0.492210,-0.569871,0.071105,0.015940,0.046227,ok,ok,ok,ok,high,ok,ok,ok,high,high,low,ok,high,ok,low,ok,high,ok,ok,high,ok,high,low,low,SUG_JAW_WIDE_01|SUG_CHEEK_WIDE_01|SUG_LOWER_CHEEK_HIGH_01|SUG_EYE_OPEN_LOW_01,SUG_JAW_WIDE_01|SUG_CHEEK_WIDE_01|SUG_LOWER_CHEEK_HIGH_01|SUG_EYE_OPEN_LOW_01,rules_v1,rules_v1,research_lfw,lfw,v1,-3.5434256941080093,-7.940113356870748
lfw_04568,data/raw/images/lfw_04568.jpg,val,0.022921,0.851712,0.253105,0.442950,0.784329,111.948639,0.442950,0.323267,0.979957,0.877149,0.266588,0.196547,1.246128,0.672640,0.118690,-0.167753,0.226782,0.195791,0.054578,0.392941,1.467680,0.050118,0.028893,0.074668,ok,ok,ok,ok,ok,ok,ok,ok,low,ok,ok,ok,ok,high,ok,high,ok,ok,ok,ok,high,high,ok,ok,SUG_CHEEK_NARROW_01|SUG_EYE_TILT_HIGH_01|SUG_BROW_TILT_HIGH_01|SUG_MOUTH_TILT_HIGH_01,SUG_CHEEK_NARROW_01|SUG_EYE_TILT_HIGH_01|SUG_BROW_TILT_HIGH_01|SUG_MOUTH_TILT_HIGH_01,rules_v1,rules_v1,research_lfw,lfw,v1,-7.652483135461807,-10.146903749652417
lfw_04865,data/raw/images/lfw_04865.jpg,val,0.032549,0.838821,0.260467,0.423146,0.812902,111.838893,0.423146,0.320561,0.991155,0.903962,0.270334,0.207732,1.178977,-0.482372,0.133815,-0.019151,0.230725,0.208828,0.097935,0.371988,-1.542252,0.016077,0.026457,0.074537,high,ok,ok,ok,ok,ok,ok,ok,high,ok,ok,ok,low,ok,high,high,ok,ok,high,ok,ok,ok,ok,ok,SUG_SYM_HIGH_01|SUG_NOSE_DEV_HIGH_01|SUG_CHEEK_WIDE_01|SUG_EYE_CLOSE_01,SUG_SYM_HIGH_01|SUG_NOSE_DEV_HIGH_01|SUG_CHEEK_WIDE_01|SUG_EYE_CLOSE_01,rules_v1,rules_v1,research_lfw,lfw,v1,13.964138433337212,-7.017211338402968
