path,human_score,ethnicity,sex,source,raw,raw_double_cropped,z
/home/tr3x/Projects/glow-mark/datasets/MEBeauty-database/original_images/female/black/pexels-kaone-makoko-3785991.jpg,4.777777777777778,Black,female,original,76.368408203125,89.4053726196289,2.3445911003925644
/home/tr3x/Projects/glow-mark/datasets/MEBeauty-database/original_images/female/black/force-majeure-a5-_X8IktJg-unsplash.jpg,5.947368421052632,Black,female,original,66.66083526611328,55.930320739746094,1.6777721408474935
/home/tr3x/Projects/glow-mark/datasets/MEBeauty-database/original_images/male/black/brian-lundquist-bf6ZtR545rU-unsplash.jpg,5.990931832395248,Black,male,original,25.77050018310547,22.892393112182617,-1.131009299417842
/home/tr3x/Projects/glow-mark/datasets/MEBeauty-database/original_images/male/black/filipp-romanovskij-H4q-AEA02rY-unsplash.jpg,3.0,Black,male,original,14.789246559143066,15.237869262695312,-1.8853181429922103
/home/tr3x/Projects/glow-mark/datasets/MEBeauty-database/original_images/female/black/woman-5932291_1920.jpg,4.901234567901235,Black,female,original,41.14604568481445,31.359228134155273,-0.07485393283827697
/home/tr3x/Projects/glow-mark/datasets/MEBeauty-database/original_images/female/black/jd-mason-4eRATsC7zTY-unsplash.jpg,6.118181818181818,Black,female,original,48.102447509765625,49.174407958984375,0.40298544649882945
/home/tr3x/Projects/glow-mark/datasets/MEBeauty-database/original_images/male/black/pexels-areous-ahmad-2122949.jpg,7.098765432098765,Black,male,original,31.043338775634766,24.893680572509766,-0.7688148799750538
/home/tr3x/Projects/glow-mark/datasets/MEBeauty-database/original_images/female/black/wadi-lissa-PnCTTH_mmYg-unsplash.jpg,5.211538461538461,Black,female,original,57.12919616699219,53.74433517456055,1.0230381812805032
/home/tr3x/Projects/glow-mark/datasets/MEBeauty-database/original_images/male/black/annie-spratt-QdK6aujOLYs-unsplash.jpg,3.975206611570248,Black,male,original,27.54823112487793,27.362998962402344,-1.0088959035530358
/home/tr3x/Projects/glow-mark/datasets/MEBeauty-database/original_images/male/black/morgan-vander-hart-GVB-E8mr4Xk-unsplash.jpg,5.159801136363636,Black,male,original,53.33108901977539,45.97527313232422,0.762143942052935
/home/tr3x/Projects/glow-mark/datasets/MEBeauty-database/original_images/female/black/woman-659348_1920.jpg,6.589285714285714,Black,female,original,68.81287384033203,72.11627197265625,1.8255969506400787
/home/tr3x/Projects/glow-mark/datasets/MEBeauty-database/original_images/female/black/woman-868521_1920.jpg,5.464285714285714,Black,female,original,44.8944206237793,41.510475158691406,0.1826241714215064
/home/tr3x/Projects/glow-mark/datasets/MEBeauty-database/original_images/female/black/ebony-1643426_1920.jpg,3.4267939814814814,Black,female,original,36.989158630371094,38.568206787109375,-0.36039297731169045
/home/tr3x/Projects/glow-mark/datasets/MEBeauty-database/original_images/male/black/angry-boy-3740043_1920.jpg,3.9491869918699183,Black,male,original,27.646657943725586,21.137041091918945,-1.002134906817684
/home/tr3x/Projects/glow-mark/datasets/MEBeauty-database/original_images/male/black/clem-onojeghuo-1qyw0De2XC8-unsplash.jpg,4.2903476907109495,Black,male,original,24.056594848632812,20.26182746887207,-1.2487384763508778
/home/tr3x/Projects/glow-mark/datasets/MEBeauty-database/original_images/male/black/guy-615808_1920.jpg,5.086970474967908,Black,male,original,51.981170654296875,45.60383987426758,0.6694172465359545
/home/tr3x/Projects/glow-mark/datasets/MEBeauty-database/original_images/male/black/african-american-2751286_1920.jpg,4.753289473684211,Black,male,original,32.5643424987793,35.380859375,-0.6643362294707161
/home/tr3x/Projects/glow-mark/datasets/MEBeauty-database/original_images/male/black/leilani-angel-K84vnnzxmTQ-unsplash.jpg,5.357007575757575,Black,male,original,62.3221549987793,36.50416946411133,1.3797456124418297
/home/tr3x/Projects/glow-mark/datasets/MEBeauty-database/original_images/male/black/rui-silvestre-hAMJpesMeDE-unsplash.jpg,5.455208333333334,Black,male,original,32.9044303894043,30.90125274658203,-0.6409753899640857
/home/tr3x/Projects/glow-mark/datasets/MEBeauty-database/original_images/female/black/raphael-lovaski-3cbvEhhQspg-unsplash.jpg,7.035714285714286,Black,female,original,39.56787872314453,38.80927658081055,-0.18325916020019345
/home/tr3x/Projects/glow-mark/datasets/MEBeauty-database/original_images/female/black/kelly-fournier-rPykmpWcL5s-unsplash.jpg,5.0476190476190474,Black,female,original,41.57532501220703,34.488651275634766,-0.04536648048499664
/home/tr3x/Projects/glow-mark/datasets/MEBeauty-database/original_images/male/black/streegar-bORAYzcoJ8A-unsplash.jpg,4.447089947089947,Black,male,original,30.217023849487305,29.34558868408203,-0.8255749437814688
/home/tr3x/Projects/glow-mark/datasets/MEBeauty-database/original_images/male/black/keitravis-squire-0YgjYyptKlU-unsplash.jpg,5.6775,Black,male,original,35.06224060058594,37.27030563354492,-0.49275412299528987
/home/tr3x/Projects/glow-mark/datasets/MEBeauty-database/original_images/male/black/pexels-dellon-thomas-1405963.jpg,7.25,Black,male,original,38.61476135253906,35.72328186035156,-0.24872935934423568
/home/tr3x/Projects/glow-mark/datasets/MEBeauty-database/original_images/female/black/pexels-ezekixl-akinnewu-950243.jpg,5.777777777777778,Black,female,original,22.833715438842773,25.91059684753418,-1.3327387904331225
/home/tr3x/Projects/glow-mark/datasets/MEBeauty-database/original_images/male/black/humphrey-muleba-72QxUqXuXz8-unsplash.jpg,4.0821759259259265,Black,male,original,30.859066009521484,32.639949798583984,-0.7814726858931185
/home/tr3x/Projects/glow-mark/datasets/MEBeauty-database/original_images/female/black/smile-2072908_1920.jpg,6.6871921182266005,Black,female,original,78.9780044555664,81.85871887207031,2.523845819278185
/home/tr3x/Projects/glow-mark/datasets/MEBeauty-database/original_images/male/black/pexels-tom-leishman-5255326.jpg,3.666666666666667,Black,male,original,27.089506149291992,23.09393310546875,-1.040405994996316
/home/tr3x/Projects/glow-mark/datasets/MEBeauty-database/original_images/female/black/african-american-1180847_1920.jpg,4.736732570239334,Black,female,original,45.8821907043457,39.31073760986328,0.2504746858257585
/home/tr3x/Projects/glow-mark/datasets/MEBeauty-database/original_images/male/black/mbusowethu-radebe-CS2uCrpNzJY-unsplash.jpg,5.131578947368421,Black,male,original,33.86421585083008,27.306917190551758,-0.5750471556951153
/home/tr3x/Projects/glow-mark/datasets/MEBeauty-database/original_images/female/black/david-todd-mccarty-e17ti0-AYoA-unsplash.jpg,6.350877192982456,Black,female,original,32.92131423950195,35.350608825683594,-0.639815628257603
/home/tr3x/Projects/glow-mark/datasets/MEBeauty-database/original_images/female/black/jackson-david-Iex31-cnO-o-unsplash.jpg,5.6298076923076925,Black,female,original,33.95878982543945,30.206899642944336,-0.5685508131223365
/home/tr3x/Projects/glow-mark/datasets/MEBeauty-database/original_images/male/black/esteban-castle-FULkoZ989E4-unsplash.jpg,3.7315789473684213,Black,male,original,24.104164123535156,22.964344024658203,-1.245470914561488
/home/tr3x/Projects/glow-mark/datasets/MEBeauty-database/original_images/male/black/wilfried-vowoto-QlRYZr7CNxg-unsplash.jpg,4.476190476190476,Black,male,original,33.6586799621582,26.266321182250977,-0.589165538149993
/home/tr3x/Projects/glow-mark/datasets/MEBeauty-database/original_images/male/black/gift-habeshaw-KBv5dEN3QtY-unsplash(1).jpg,5.910505430242273,Black,male,original,51.36037063598633,47.14990234375,0.6267741239983834
/home/tr3x/Projects/glow-mark/datasets/MEBeauty-database/original_images/male/black/mohammad-faruque-SpIKPT8zeAs-unsplash.jpg,4.725,Black,male,original,31.204469680786133,25.830612182617188,-0.7577467022522847
/home/tr3x/Projects/glow-mark/datasets/MEBeauty-database/original_images/male/black/pexels-zack-jarosz-2024901.jpg,4.041666666666666,Black,male,original,27.30630874633789,22.60451889038086,-1.0255136956412811
/home/tr3x/Projects/glow-mark/datasets/MEBeauty-database/original_images/male/black/pexels-nesto-1676213.jpg,5.5,Black,male,original,34.304412841796875,23.801233291625977,-0.5448097625366037
/home/tr3x/Projects/glow-mark/datasets/MEBeauty-database/original_images/male/black/demorris-byrd-ORLHeCxK3xA-unsplash.jpg,5.575973409306743,Black,male,original,30.055328369140625,27.605100631713867,-0.8366819025102388
/home/tr3x/Projects/glow-mark/datasets/MEBeauty-database/original_images/male/black/karsten-winegeart-JfN0kpooAyw-unsplash.jpg,5.060416666666667,Black,male,original,28.45885467529297,35.125694274902344,-0.9463446301951128
/home/tr3x/Projects/glow-mark/datasets/MEBeauty-database/original_images/male/black/gift-habeshaw-KBv5dEN3QtY-unsplash(2).jpg,6.102167182662539,Black,male,original,51.36037063598633,47.14990234375,0.6267741239983834
/home/tr3x/Projects/glow-mark/datasets/MEBeauty-database/original_images/male/black/ebuka-nwaju-erV_cqnFrOM-unsplash.jpg,4.804988662131519,Black,male,original,58.5991325378418,53.74823760986328,1.1240089849785408
/home/tr3x/Projects/glow-mark/datasets/MEBeauty-database/original_images/male/black/awab-husameldin-4CxTSNe_8Qk-unsplash.jpg,5.175925925925926,Black,male,original,44.811798095703125,41.39112854003906,0.17694878082035206
/home/tr3x/Projects/glow-mark/datasets/MEBeauty-database/original_images/male/black/melodie-descoubes-o6siGr9lrwM-unsplash.jpg,4.2617391304347825,Black,male,original,19.821380615234375,20.910371780395508,-1.5396578613392504
/home/tr3x/Projects/glow-mark/datasets/MEBeauty-database/original_images/female/black/attractive-1869761_1920.jpg,6.0,Black,female,original,40.13803482055664,37.3181037902832,-0.14409479871442182
/home/tr3x/Projects/glow-mark/datasets/MEBeauty-database/original_images/male/black/close-up-1868524_1920.jpg,4.431443638760712,Black,male,original,24.78941535949707,24.081451416015625,-1.1984005995449565
/home/tr3x/Projects/glow-mark/datasets/MEBeauty-database/original_images/male/black/man-4345079_1920.jpg,4.5205546265328875,Black,male,original,41.464599609375,31.283607482910156,-0.05297227426998695
/home/tr3x/Projects/glow-mark/datasets/MEBeauty-database/original_images/male/black/black-professional-4334648_1920.jpg,4.677513558614935,Black,male,original,40.65688705444336,32.78525161743164,-0.10845453013205868
/home/tr3x/Projects/glow-mark/datasets/MEBeauty-database/original_images/male/black/alieza-rizvie-RhYNbSQlxSY-unsplash.jpg,6.2675,Black,male,original,50.92530059814453,48.21455001831055,0.5968889042997707
/home/tr3x/Projects/glow-mark/datasets/MEBeauty-database/original_images/female/black/lucas-lenzi-2RwB3AHphb4-unsplash.jpg,5.805555555555556,Black,female,original,40.670047760009766,45.62318420410156,-0.10755051343812164
/home/tr3x/Projects/glow-mark/datasets/MEBeauty-database/original_images/female/black/jefferson-nnadiekwe-etYRmDQMcQQ-unsplash.jpg,4.857142857142858,Black,female,original,56.220733642578125,50.28851318359375,0.9606353500840629
/home/tr3x/Projects/glow-mark/datasets/MEBeauty-database/original_images/male/black/pexels-nappy-936117.jpg,4.888888888888888,Black,male,original,52.33988952636719,50.70650863647461,0.6940578592406106
/home/tr3x/Projects/glow-mark/datasets/MEBeauty-database/original_images/male/black/dominique-jordan-cYgNxkwCEoI-unsplash.jpg,5.204081632653061,Black,male,original,61.1943359375,50.600196838378906,1.3022750502449658
/home/tr3x/Projects/glow-mark/datasets/MEBeauty-database/original_images/male/black/man-4539035_1920.jpg,4.692083333333334,Black,male,original,53.861236572265625,46.58325958251953,0.798560092789138
/home/tr3x/Projects/glow-mark/datasets/MEBeauty-database/original_images/male/black/124.jpg,6.369298986486486,Black,male,original,44.67378234863281,35.73420333862305,0.16746839705610797
/home/tr3x/Projects/glow-mark/datasets/MEBeauty-database/original_images/male/black/114.jpg,5.966547619047619,Black,male,original,40.20743942260742,33.166595458984375,-0.1393273553145695
/home/tr3x/Projects/glow-mark/datasets/MEBeauty-database/original_images/female/black/pexels-dalila-dalprat-1995129.jpg,5.111111111111112,Black,female,original,34.43642807006836,31.204387664794922,-0.53574155797803
/home/tr3x/Projects/glow-mark/datasets/MEBeauty-database/original_images/female/black/pexels-muhammadtaha-ibrahim-ma'aji-3280901.jpg,4.5625,Black,female,original,45.98968505859375,40.705841064453125,0.25785853696154165
/home/tr3x/Projects/glow-mark/datasets/MEBeauty-database/original_images/male/black/pexels-luiz-fernando-3021593.jpg,4.876543209876543,Black,male,original,34.98907470703125,30.9617862701416,-0.49777993174593116
/home/tr3x/Projects/glow-mark/datasets/MEBeauty-database/original_images/male/black/marie-michele-bouchard-bEZQWH49daU-unsplash.jpg,4.735531914893618,Black,male,original,44.27936935424805,36.17732620239258,0.14037593385719996
/home/tr3x/Projects/glow-mark/datasets/MEBeauty-database/original_images/male/black/zach-vessels-5ia9JBnlLp0-unsplash(1).jpg,5.662209302325581,Black,male,original,37.138275146484375,30.865339279174805,-0.35015007511864726
/home/tr3x/Projects/glow-mark/datasets/MEBeauty-database/original_images/male/black/pexels-alex-green-5699771.jpg,4.222222222222222,Black,male,original,48.07476806640625,36.67873764038086,0.40108412906949403
/home/tr3x/Projects/glow-mark/datasets/MEBeauty-database/original_images/female/black/head-shoot-1542339_1920.jpg,4.797859690844233,Black,female,original,61.27492141723633,60.69205856323242,1.3078105147839283
/home/tr3x/Projects/glow-mark/datasets/MEBeauty-database/original_images/male/black/pexels-katerina-holmes-5905497.jpg,5.135802469135802,Black,male,original,46.20271301269531,44.15571594238281,0.2724915538474026
/home/tr3x/Projects/glow-mark/datasets/MEBeauty-database/original_images/male/black/pexels-marcelo-chagas-2121531.jpg,5.395061728395062,Black,male,original,52.44908905029297,49.01133728027344,0.7015588394958691
/home/tr3x/Projects/glow-mark/datasets/MEBeauty-database/original_images/male/black/pexels-rodney-gainous-jr-2719416.jpg,4.666666666666667,Black,male,original,34.56174850463867,34.857383728027344,-0.5271332227811547
/home/tr3x/Projects/glow-mark/datasets/MEBeauty-database/original_images/female/black/prince-akachi-LWkFHEGpleE-unsplash.jpg,6.245999085505258,Black,female,original,48.14288330078125,42.43460464477539,0.40576300503672297
/home/tr3x/Projects/glow-mark/datasets/MEBeauty-database/original_images/male/black/man-984217_1920.jpg,2.8023026315789474,Black,male,original,24.442092895507812,25.633682250976562,-1.222258386199428
/home/tr3x/Projects/glow-mark/datasets/MEBeauty-database/original_images/female/black/pieter-benjamin-nijs-lb8gB8jnKDA-unsplash.jpg,6.758333333333333,Black,female,original,48.41740417480469,42.85922622680664,0.4246200071707767
/home/tr3x/Projects/glow-mark/datasets/MEBeauty-database/original_images/female/black/1.jpg,7.06044921875,Black,female,original,24.51942253112793,21.807010650634766,-1.216946567529531
/home/tr3x/Projects/glow-mark/datasets/MEBeauty-database/original_images/male/black/portrait-3275985_1920.jpg,5.621360665478313,Black,male,original,33.642208099365234,28.94175148010254,-0.590297000203448
/home/tr3x/Projects/glow-mark/datasets/MEBeauty-database/original_images/male/black/karsten-winegeart-p5dIUQFbme4-unsplash.jpg,5.603485838779957,Black,male,original,38.90049743652344,33.879730224609375,-0.229101977766653
/home/tr3x/Projects/glow-mark/datasets/MEBeauty-database/original_images/male/black/alekon-pictures-iaoYtl50cVk-unsplash.jpg,4.711720867208673,Black,male,original,37.70896911621094,43.55168914794922,-0.31094876686364514
/home/tr3x/Projects/glow-mark/datasets/MEBeauty-database/original_images/male/black/elizeu-dias-2EGNqazbAMk-unsplash.jpg,5.740766073871409,Black,male,original,33.22698211669922,24.84461212158203,-0.6188191199478982
/home/tr3x/Projects/glow-mark/datasets/MEBeauty-database/original_images/male/black/sudanese-2895751_1920.jpg,2.9473684210526314,Black,male,original,44.66082763671875,36.825382232666016,0.1665785301886847
/home/tr3x/Projects/glow-mark/datasets/MEBeauty-database/original_images/male/black/pexels-nappy-935969.jpg,5.765432098765432,Black,male,original,28.059995651245117,25.9383487701416,-0.973742493816277
/home/tr3x/Projects/glow-mark/datasets/MEBeauty-database/original_images/male/black/pexels-george-ikwegbu-2379429.jpg,5.847222222222222,Black,male,original,39.73689651489258,26.792322158813477,-0.17164922754562287
/home/tr3x/Projects/glow-mark/datasets/MEBeauty-database/original_images/male/black/charles-etoroma-95UF6LXe-Lo-unsplash.jpg,5.767045454545455,Black,male,original,26.23234748840332,23.289657592773438,-1.0992847332893478
/home/tr3x/Projects/glow-mark/datasets/MEBeauty-database/original_images/male/black/danny-protas-FK_07CcGRwY-unsplash.jpg,6.416666666666667,Black,male,original,39.981773376464844,38.78154754638672,-0.1548284902604343
/home/tr3x/Projects/glow-mark/datasets/MEBeauty-database/original_images/male/black/pexels-rafael-freire-5714735.jpg,3.7777777777777777,Black,male,original,44.923831939697266,40.31364440917969,0.18464445220708742
/home/tr3x/Projects/glow-mark/datasets/MEBeauty-database/original_images/female/black/cassandra-hamer-OyTCN8T9aGo-unsplash.jpg,6.530864197530864,Black,female,original,43.327945709228516,40.79841613769531,0.07502207773116007
/home/tr3x/Projects/glow-mark/datasets/MEBeauty-database/original_images/female/black/girl-444688_1920.jpg,4.541838134430727,Black,female,original,47.15414047241211,47.91986083984375,0.3378456720072668
/home/tr3x/Projects/glow-mark/datasets/MEBeauty-database/original_images/female/black/woman-5939698_1920.jpg,3.375,Black,female,original,21.599084854125977,16.347442626953125,-1.4175462997112145
/home/tr3x/Projects/glow-mark/datasets/MEBeauty-database/original_images/female/black/matheus-ferrero-4cEVIKj7xtY-unsplash.jpg,5.371173469387755,Black,female,original,41.04790115356445,44.123470306396484,-0.08159553907062833
/home/tr3x/Projects/glow-mark/datasets/MEBeauty-database/original_images/female/black/etty-fidele-AzVexpHvuKY-unsplash.jpg,5.359467455621301,Black,female,original,34.19435119628906,31.784191131591797,-0.5523699624361607
/home/tr3x/Projects/glow-mark/datasets/MEBeauty-database/original_images/male/black/pexels-cottonbro-6616672.jpg,4.555555555555555,Black,male,original,30.481311798095703,27.431713104248047,-0.8074208473811791
/home/tr3x/Projects/glow-mark/datasets/MEBeauty-database/original_images/male/black/alex-robinson-AGr13YPOPqw-unsplash.jpg,5.425,Black,male,original,34.754486083984375,28.256874084472656,-0.5138939638069029
/home/tr3x/Projects/glow-mark/datasets/MEBeauty-database/original_images/male/black/man-2590836_1920.jpg,4.353801169590643,Black,male,original,16.546024322509766,17.515932083129883,-1.7646440334159905
/home/tr3x/Projects/glow-mark/datasets/MEBeauty-database/original_images/male/black/manny-moreno-ajhtGO4Cs7g-unsplash.jpg,4.416666666666667,Black,male,original,38.36838150024414,31.602746963500977,-0.2656533379562101
/home/tr3x/Projects/glow-mark/datasets/MEBeauty-database/original_images/male/black/dominique-jordan-JSRmthCownc-unsplash.jpg,6.181818181818182,Black,male,original,34.03692626953125,40.830535888671875,-0.5631835742985937
/home/tr3x/Projects/glow-mark/datasets/MEBeauty-database/original_images/male/black/pexels-cottonbro-6626903.jpg,4.833333333333334,Black,male,original,31.54292869567871,30.626914978027344,-0.7344977511886429
/home/tr3x/Projects/glow-mark/datasets/MEBeauty-database/original_images/female/black/pexels-samson-katt-5256700.jpg,6.111111111111111,Black,female,original,43.90814208984375,46.9471321105957,0.11487611224256715
/home/tr3x/Projects/glow-mark/datasets/MEBeauty-database/original_images/male/black/lari-avn-oZPHLlcyGb8-unsplash.jpg,5.979166666666667,Black,male,original,50.318416595458984,49.942691802978516,0.5552016811533539
/home/tr3x/Projects/glow-mark/datasets/MEBeauty-database/original_images/female/black/oladimeji-odunsi-aU_eOcelLhQ-unsplash.jpg,5.0,Black,female,original,21.491621017456055,19.255680084228516,-1.4249280545764031
/home/tr3x/Projects/glow-mark/datasets/MEBeauty-database/original_images/female/black/pexels-ogo-2434049.jpg,7.5,Black,female,original,59.67304229736328,57.464900970458984,1.197776485169979
/home/tr3x/Projects/glow-mark/datasets/MEBeauty-database/original_images/male/black/raphael-nast-x1od0bnYmIw-unsplash.jpg,6.242013888888889,Black,male,original,51.28816604614258,45.284481048583984,0.6218143477714732
/home/tr3x/Projects/glow-mark/datasets/MEBeauty-database/original_images/female/black/pexels-jermaine-ulinwa-3321515.jpg,7.125,Black,female,original,46.661338806152344,46.58027267456055,0.30399483241125036
/home/tr3x/Projects/glow-mark/datasets/MEBeauty-database/original_images/female/black/pexels-rebrand-cities-1367270.jpg,7.569444444444445,Black,female,original,50.1253662109375,41.63222885131836,0.541940935405507
/home/tr3x/Projects/glow-mark/datasets/MEBeauty-database/original_images/male/black/clem-onojeghuo-f1_w7Wrnabg-unsplash.jpg,4.446115288220551,Black,male,original,39.53324508666992,24.674226760864258,-0.1856381652912817
/home/tr3x/Projects/glow-mark/datasets/MEBeauty-database/original_images/female/black/pexels-zen-chung-5537979.jpg,6.0246913580246915,Black,female,original,59.44215774536133,52.52253723144531,1.1819168879524313
/home/tr3x/Projects/glow-mark/datasets/MEBeauty-database/original_images/male/black/male-1905388_1920.jpg,5.707412042831316,Black,male,original,46.2673454284668,35.65898895263672,0.2769311929330186
/home/tr3x/Projects/glow-mark/datasets/MEBeauty-database/original_images/female/black/march-for-peace-1727917_1920.jpg,2.8846153846153846,Black,female,original,53.30864334106445,46.01826095581055,0.7606021350305797
/home/tr3x/Projects/glow-mark/datasets/MEBeauty-database/original_images/male/black/people-3247352_1920.jpg,3.562210338680927,Black,male,original,51.007728576660156,38.67201232910156,0.6025509311758842
/home/tr3x/Projects/glow-mark/datasets/MEBeauty-database/original_images/male/black/brian-lundquist-3_WZlLre0rY-unsplash.jpg,4.821476964769648,Black,male,original,28.905534744262695,23.937599182128906,-0.9156619105521532
/home/tr3x/Projects/glow-mark/datasets/MEBeauty-database/original_images/male/black/hunter-newton-7eTWaJ4Ex8I-unsplash.jpg,5.448314108251997,Black,male,original,35.840579986572266,25.586254119873047,-0.4392895275805559
/home/tr3x/Projects/glow-mark/datasets/MEBeauty-database/original_images/female/black/amin-rk-stz6pJV6UKw-unsplash.jpg,6.044973544973545,Black,female,original,43.17400360107422,40.863807678222656,0.06444770275033998
/home/tr3x/Projects/glow-mark/datasets/MEBeauty-database/original_images/male/black/pexels-c-technical-6612112.jpg,4.0,Black,male,original,16.629404067993164,15.394620895385742,-1.7589166291007068
/home/tr3x/Projects/glow-mark/datasets/MEBeauty-database/original_images/female/black/pexels-bernard-ng-3318310.jpg,5.444444444444445,Black,female,original,32.889747619628906,30.219402313232422,-0.6419839581539302
/home/tr3x/Projects/glow-mark/datasets/MEBeauty-database/original_images/male/black/mubarak-show-Ve7xjKImd28-unsplash.jpg,4.1350694444444445,Black,male,original,44.44615936279297,41.2706413269043,0.15183283875836207
/home/tr3x/Projects/glow-mark/datasets/MEBeauty-database/original_images/male/black/man-4568762_1920.jpg,4.5210084033613445,Black,male,original,43.811527252197266,35.58527374267578,0.10823958157377193
/home/tr3x/Projects/glow-mark/datasets/MEBeauty-database/original_images/male/black/alex-ware-Paf7eZ_DD9A-unsplash.jpg,5.069134630596425,Black,male,original,50.111629486083984,53.3421630859375,0.5409973516040962
/home/tr3x/Projects/glow-mark/datasets/MEBeauty-database/original_images/female/black/pexels-marcelo-chagas-2535859.jpg,8.271604938271604,Black,female,original,40.435211181640625,31.02305030822754,-0.12368157769767475
/home/tr3x/Projects/glow-mark/datasets/MEBeauty-database/original_images/male/black/kareem-hayes-R1t3IQhYTqE-unsplash.jpg,4.6445556946182736,Black,male,original,49.376991271972656,56.2923469543457,0.49053461568088186
/home/tr3x/Projects/glow-mark/datasets/MEBeauty-database/original_images/male/black/jay-mullings-DXlXiFDNPRs-unsplash.jpg,4.166666666666667,Black,male,original,16.273761749267578,16.635662078857422,-1.783345911526041
/home/tr3x/Projects/glow-mark/datasets/MEBeauty-database/original_images/female/black/prince-akachi-l3IHXOdMyHQ-unsplash.jpg,5.140789473684211,Black,female,original,50.52772521972656,45.689517974853516,0.5695792150604935
/home/tr3x/Projects/glow-mark/datasets/MEBeauty-database/original_images/female/black/oladimeji-odunsi-pV2Kw7Tts14-unsplash.jpg,4.688157894736842,Black,female,original,17.218748092651367,13.490503311157227,-1.7184342374785573
/home/tr3x/Projects/glow-mark/datasets/MEBeauty-database/original_images/male/black/dorrell-tibbs-gisFZKWpKQ4-unsplash.jpg,5.346569139672588,Black,male,original,23.05495834350586,25.215822219848633,-1.3175414837065678
/home/tr3x/Projects/glow-mark/datasets/MEBeauty-database/original_images/male/black/jassir-jonis-QWa0TIUW638-unsplash.jpg,4.5844907407407405,Black,male,original,18.743310928344727,21.964252471923828,-1.61371110941612
/home/tr3x/Projects/glow-mark/datasets/MEBeauty-database/original_images/male/black/tanaka-pendeke-iHfBBeiAVCE-unsplash.jpg,4.917820867959372,Black,male,original,33.85838317871094,27.231117248535156,-0.5754478054125152
/home/tr3x/Projects/glow-mark/datasets/MEBeauty-database/original_images/male/black/pexels-kenex-media-sa-6573686.jpg,5.444444444444445,Black,male,original,31.74803352355957,25.450782775878906,-0.7204089785559146
/home/tr3x/Projects/glow-mark/datasets/MEBeauty-database/original_images/male/black/pexels-blac-bear-3805873.jpg,2.888888888888889,Black,male,original,66.69791412353516,56.437137603759766,1.680319109619977
/home/tr3x/Projects/glow-mark/datasets/MEBeauty-database/original_images/male/black/luke-2373974_1920.jpg,4.803061224489796,Black,male,original,37.41599655151367,37.27760696411133,-0.33107322660598104
/home/tr3x/Projects/glow-mark/datasets/MEBeauty-database/original_images/male/black/pexels-dellon-thomas-2474307.jpg,4.888888888888888,Black,male,original,45.26353454589844,38.5812873840332,0.20797882629746062
/home/tr3x/Projects/glow-mark/datasets/MEBeauty-database/original_images/male/black/charisse-kenion-Na2b9JIVsIU-unsplash.jpg,6.24793388429752,Black,male,original,52.56034469604492,43.93790817260742,0.7092010559824412
/home/tr3x/Projects/glow-mark/datasets/MEBeauty-database/original_images/male/black/pexels-ryutaro-tsukata-6249088.jpg,5.135802469135802,Black,male,original,37.729103088378906,27.48231315612793,-0.30956575233883366
/home/tr3x/Projects/glow-mark/datasets/MEBeauty-database/original_images/female/black/smile-2072907_1920.jpg,5.612433862433862,Black,female,original,34.801246643066406,33.67200469970703,-0.5106819531882709
/home/tr3x/Projects/glow-mark/datasets/MEBeauty-database/original_images/male/black/brian-lundquist-8KRgRFWUwws-unsplash.jpg,5.8550804093567255,Black,male,original,59.335079193115234,53.693931579589844,1.1745615985035
/home/tr3x/Projects/glow-mark/datasets/MEBeauty-database/original_images/male/black/smiling-businessman-4455090_1920.jpg,4.5022993311036785,Black,male,original,24.39392852783203,19.892189025878906,-1.2255668252654133
/home/tr3x/Projects/glow-mark/datasets/MEBeauty-database/original_images/male/black/person-801789_1920.jpg,4.646072013093289,Black,male,original,38.234893798828125,30.051427841186523,-0.274822687570975
/home/tr3x/Projects/glow-mark/datasets/MEBeauty-database/original_images/male/black/young-man-3366016_1920.jpg,6.232407407407407,Black,male,original,39.30175018310547,27.452070236206055,-0.20153968792072208
/home/tr3x/Projects/glow-mark/datasets/MEBeauty-database/original_images/male/black/pexels-ono-kosuki-5648108.jpg,2.875,Black,male,original,43.20322799682617,38.939117431640625,0.06645514387852887
/home/tr3x/Projects/glow-mark/datasets/MEBeauty-database/original_images/male/black/pexels-oladimeji-ajegbile-2650090.jpg,4.037037037037036,Black,male,original,33.51383590698242,29.2796573638916,-0.599114962459787
/home/tr3x/Projects/glow-mark/datasets/MEBeauty-database/original_images/female/black/vladimir-yelizarov-1Fx-iiR8R_4-unsplash.jpg,6.795,Black,female,original,41.309688568115234,28.681055068969727,-0.06361320584218676
/home/tr3x/Projects/glow-mark/datasets/MEBeauty-database/original_images/female/black/pexels-jorge-fakhouri-filho-1852015.jpg,7.125,Black,female,original,61.89915084838867,60.39331817626953,1.3506892057295716
/home/tr3x/Projects/glow-mark/datasets/MEBeauty-database/original_images/male/black/curtis-powell-3mMvCsW6ZYs-unsplash.jpg,5.916851441241685,Black,male,original,35.68306350708008,30.010555267333984,-0.4501094282547728
/home/tr3x/Projects/glow-mark/datasets/MEBeauty-database/original_images/male/black/clem-onojeghuo-9y8HtS6Voi0-unsplash.jpg,4.632352941176471,Black,male,original,38.237770080566406,35.89829635620117,-0.2746251140674305
/home/tr3x/Projects/glow-mark/datasets/MEBeauty-database/original_images/female/black/pexels-moh-mckenzie-3597035.jpg,4.888888888888888,Black,female,original,50.04151916503906,43.87820816040039,0.536181431946743
/home/tr3x/Projects/glow-mark/datasets/MEBeauty-database/original_images/female/black/prince-akachi-J1OScm_uHUQ-unsplash.jpg,5.537721893491124,Black,female,original,51.76292419433594,60.750152587890625,0.6544257673784106
/home/tr3x/Projects/glow-mark/datasets/MEBeauty-database/original_images/female/black/pexels-adrienne-andersen-2661256.jpg,9.28125,Black,female,original,63.24433135986328,73.2896957397461,1.4430904552367347
/home/tr3x/Projects/glow-mark/datasets/MEBeauty-database/original_images/female/black/juno-jo-nwdPxI1h4NQ-unsplash.jpg,5.823846153846153,Black,female,original,64.93688201904297,59.1895866394043,1.5593527668211735
/home/tr3x/Projects/glow-mark/datasets/MEBeauty-database/original_images/male/black/tobias-nii-kwatei-quartey-RVa0FzYg9WE-unsplash.jpg,5.547446514837819,Black,male,original,44.40379333496094,35.595916748046875,0.1489226911053578
/home/tr3x/Projects/glow-mark/datasets/MEBeauty-database/original_images/female/black/mehmet-turgut-kirkgoz-2rVzuyCowLI-unsplash.jpg,4.221938775510204,Black,female,original,45.66705322265625,33.67374801635742,0.23569676423504332
/home/tr3x/Projects/glow-mark/datasets/MEBeauty-database/original_images/male/black/samuel-aboh-NGVBWmvmSHI-unsplash.jpg,4.059456264775414,Black,male,original,34.00381851196289,30.611539840698242,-0.5654577658599501
/home/tr3x/Projects/glow-mark/datasets/MEBeauty-database/original_images/female/black/models-2158971_1920.jpg,4.033251231527093,Black,female,original,54.053714752197266,44.03977584838867,0.8117815334633355
/home/tr3x/Projects/glow-mark/datasets/MEBeauty-database/original_images/male/black/dorrell-tibbs-GntSiIMHyVM-unsplash.jpg,4.836607142857143,Black,male,original,29.20547866821289,25.04086685180664,-0.895058583995855
/home/tr3x/Projects/glow-mark/datasets/MEBeauty-database/original_images/male/black/divine-effiong-_e8yPP3C9n0-unsplash.jpg,5.905217045001991,Black,male,original,45.38489532470703,43.846580505371094,0.21631517038468182
/home/tr3x/Projects/glow-mark/datasets/MEBeauty-database/original_images/female/black/pexels-athena-1831792.jpg,4.987654320987654,Black,female,original,41.886985778808594,37.02419662475586,-0.023958317037270166
/home/tr3x/Projects/glow-mark/datasets/MEBeauty-database/original_images/male/black/prince-akachi-4Yv84VgQkRM-unsplash.jpg,5.417429193899782,Black,male,original,23.12095832824707,20.760957717895508,-1.3130079054949297
/home/tr3x/Projects/glow-mark/datasets/MEBeauty-database/original_images/male/black/pexels-macharia-edson-2914149.jpg,3.666666666666667,Black,male,original,21.940040588378906,21.495023727416992,-1.394125847509549
/home/tr3x/Projects/glow-mark/datasets/MEBeauty-database/original_images/male/black/timothy-barlin-2BJwlRZaR5M-unsplash.jpg,3.273556644880174,Black,male,original,26.13234519958496,25.807950973510742,-1.1061539499941477
/home/tr3x/Projects/glow-mark/datasets/MEBeauty-database/original_images/female/black/marcelo-rangel-E4P7SYt-hPs-unsplash.jpg,6.284722222222222,Black,female,original,50.36574172973633,59.923465728759766,0.5584524727779867
/home/tr3x/Projects/glow-mark/datasets/MEBeauty-database/original_images/male/black/khloe-arledge-nGkC7RhVzGU-unsplash.jpg,5.609574468085106,Black,male,original,24.753206253051758,21.807479858398438,-1.2008878246054928
/home/tr3x/Projects/glow-mark/datasets/MEBeauty-database/original_images/male/black/man-2607437_1920.jpg,3.752244897959184,Black,male,original,21.13627052307129,22.81887435913086,-1.4493372914141762
/home/tr3x/Projects/glow-mark/datasets/MEBeauty-database/original_images/male/black/pexels-cottonbro-6616674.jpg,6.222222222222222,Black,male,original,32.75337219238281,23.977027893066406,-0.6513516673737125
/home/tr3x/Projects/glow-mark/datasets/MEBeauty-database/original_images/female/black/gustavo-lanes-ZaL84ooeZpk-unsplash.jpg,6.888888888888888,Black,female,original,67.3937759399414,65.47105407714844,1.7281182717188812
/home/tr3x/Projects/glow-mark/datasets/MEBeauty-database/original_images/male/black/pexels-spencer-selover-428333.jpg,5.888888888888888,Black,male,original,61.03175354003906,54.280799865722656,1.2911071686520392
/home/tr3x/Projects/glow-mark/datasets/MEBeauty-database/original_images/female/black/dario-didon-Zqx1BVQBGII-unsplash.jpg,7.340277777777778,Black,female,original,61.34636688232422,57.59646224975586,1.3127181462797968
/home/tr3x/Projects/glow-mark/datasets/MEBeauty-database/original_images/female/black/31.jpg,6.489795918367347,Black,female,original,44.8944206237793,41.510475158691406,0.1826241714215064
/home/tr3x/Projects/glow-mark/datasets/MEBeauty-database/original_images/female/black/gabrielle-henderson-hZpmaacR8gE-unsplash.jpg,5.083333333333333,Black,female,original,51.42835998535156,47.79377746582031,0.6314443528494095
/home/tr3x/Projects/glow-mark/datasets/MEBeauty-database/original_images/female/black/cheerleader-863890_1920.jpg,7.473684210526315,Black,female,original,31.716154098510742,36.921504974365234,-0.7225987952258368
/home/tr3x/Projects/glow-mark/datasets/MEBeauty-database/original_images/male/black/look-4780865_1920.jpg,5.872577519379845,Black,male,original,34.48430252075195,26.28780746459961,-0.5324530334826938
/home/tr3x/Projects/glow-mark/datasets/MEBeauty-database/original_images/female/black/christina-wocintechchat-com-_5_CBVCLBsY-unsplash.jpg,5.822608695652175,Black,female,original,52.87065505981445,40.094390869140625,0.730516459456355
/home/tr3x/Projects/glow-mark/datasets/MEBeauty-database/original_images/female/black/people-3238357_1920.jpg,4.218787158145065,Black,female,original,69.97718811035156,64.3271713256836,1.9055743904343037
/home/tr3x/Projects/glow-mark/datasets/MEBeauty-database/original_images/male/black/zach-vessels-s6JfKHyLKDw-unsplash.jpg,4.419047619047619,Black,male,original,55.639156341552734,46.85657501220703,0.9206864593282484
/home/tr3x/Projects/glow-mark/datasets/MEBeauty-database/original_images/male/black/temitope-olukayode-bNl3lzD0LpU-unsplash.jpg,4.25,Black,male,original,50.825042724609375,50.866554260253906,0.5900021313287408
/home/tr3x/Projects/glow-mark/datasets/MEBeauty-database/original_images/male/black/pexels-kampus-production-5940858.jpg,2.875,Black,male,original,28.99595069885254,24.137924194335938,-0.9094511848478936
/home/tr3x/Projects/glow-mark/datasets/MEBeauty-database/original_images/male/black/david-todd-mccarty-NXlQ2PnzMGg-unsplash.jpg,4.217432406882208,Black,male,original,31.414016723632812,30.874128341674805,-0.7433527912311245
/home/tr3x/Projects/glow-mark/datasets/MEBeauty-database/original_images/male/black/steward-masweneng-IvaGYGAX3jI-unsplash.jpg,3.3499999999999996,Black,male,original,31.69387435913086,21.804218292236328,-0.7241292037768338
/home/tr3x/Projects/glow-mark/datasets/MEBeauty-database/original_images/male/black/pexels-cottonbro-6626360.jpg,3.7777777777777777,Black,male,original,30.11491584777832,31.773418426513672,-0.8325888031572986
/home/tr3x/Projects/glow-mark/datasets/MEBeauty-database/original_images/female/black/amevi-wisdom-wiUl_NyafcY-unsplash.jpg,4.923611111111111,Black,female,original,38.0028190612793,37.32718276977539,-0.29076403934171346
/home/tr3x/Projects/glow-mark/datasets/MEBeauty-database/original_images/female/black/nick-grant-ygrOmmn1Oss-unsplash.jpg,6.136363636363636,Black,female,original,48.220123291015625,44.21137237548828,0.41106866591174823
/home/tr3x/Projects/glow-mark/datasets/MEBeauty-database/original_images/female/black/27.jpg,6.721052631578948,Black,female,original,59.67304229736328,57.464900970458984,1.197776485169979
/home/tr3x/Projects/glow-mark/datasets/MEBeauty-database/original_images/female/black/pexels-marcelo-chagas-2539732.jpg,7.888888888888888,Black,female,original,49.30589294433594,39.099483489990234,0.4856508292630272
/home/tr3x/Projects/glow-mark/datasets/MEBeauty-database/original_images/male/black/seni-oremodu-A7UFsx5NZMY-unsplash.jpg,4.341165413533835,Black,male,original,23.70159912109375,19.341096878051758,-1.273123344042988
/home/tr3x/Projects/glow-mark/datasets/MEBeauty-database/original_images/female/black/etty-fidele-TWR--mm6s5o-unsplash.jpg,5.897435897435898,Black,female,original,36.924625396728516,32.785770416259766,-0.3648258035178739
/home/tr3x/Projects/glow-mark/datasets/MEBeauty-database/original_images/male/black/maatla-seetelo-RdjeaWx3n70-unsplash.jpg,4.914205682272909,Black,male,original,20.680946350097656,19.263689041137695,-1.4806137797030667
/home/tr3x/Projects/glow-mark/datasets/MEBeauty-database/original_images/male/black/male-4948673_1920.jpg,5.209381044487428,Black,male,original,57.172096252441406,43.69795227050781,1.0259850136689135
/home/tr3x/Projects/glow-mark/datasets/MEBeauty-database/original_images/female/black/39.jpg,5.165413533834586,Black,female,original,41.309688568115234,28.681055068969727,-0.06361320584218676
/home/tr3x/Projects/glow-mark/datasets/MEBeauty-database/original_images/male/black/julian-myles-Izg_qfON0ao-unsplash.jpg,4.45124716553288,Black,male,original,64.99348449707031,55.013240814208984,1.5632408247065759
/home/tr3x/Projects/glow-mark/datasets/MEBeauty-database/original_images/female/black/15.jpg,6.272331154684096,Black,female,original,63.57678985595703,52.7102165222168,1.4659272270947061
/home/tr3x/Projects/glow-mark/datasets/MEBeauty-database/original_images/female/black/pexels-noa-photography-4364604.jpg,3.259259259259259,Black,female,original,26.820829391479492,21.31757354736328,-1.058861561311497
/home/tr3x/Projects/glow-mark/datasets/MEBeauty-database/original_images/male/black/taylor-wright-XLqe-qr2OK8-unsplash.jpg,4.6381578947368425,Black,male,original,37.82603073120117,30.161815643310547,-0.3029077348964434
/home/tr3x/Projects/glow-mark/datasets/MEBeauty-database/original_images/female/black/34.jpg,7.244897959183673,Black,female,original,46.661338806152344,46.58027267456055,0.30399483241125036
/home/tr3x/Projects/glow-mark/datasets/MEBeauty-database/original_images/male/black/alekzan-powell-5t5krHi1LQ8-unsplash.jpg,5.090653652765454,Black,male,original,21.623552322387695,21.401676177978516,-1.4158656147619646
/home/tr3x/Projects/glow-mark/datasets/MEBeauty-database/original_images/male/asian/fikran-jabbart-dZ6SQ0d-IVc-unsplash.jpg,3.7777777777777777,East Asian,male,original,51.88290023803711,48.771942138671875,0.6700325902391709
/home/tr3x/Projects/glow-mark/datasets/MEBeauty-database/original_images/male/asian/sane-sodbayar-KhrbDMmnF8I-unsplash.jpg,5.350761217948718,East Asian,male,original,36.647361755371094,26.749242782592773,-0.4155555675440632
/home/tr3x/Projects/glow-mark/datasets/MEBeauty-database/original_images/female/asian/girl-526707_1920.jpg,4.718576195773081,East Asian,female,original,57.741188049316406,48.76481246948242,1.087457145337522
/home/tr3x/Projects/glow-mark/datasets/MEBeauty-database/original_images/male/asian/pexels-min-an-1153351.jpg,5.197530864197531,East Asian,male,original,43.89827346801758,41.646095275878906,0.10109856301630044
/home/tr3x/Projects/glow-mark/datasets/MEBeauty-database/original_images/male/asian/kahar-erbol-ifl-af6d_0c-unsplash.jpg,2.7229916897506925,East Asian,male,original,19.639665603637695,20.97402572631836,-1.6274164777773075
/home/tr3x/Projects/glow-mark/datasets/MEBeauty-database/original_images/female/asian/pexels-cottonbro-3419693.jpg,7.0,East Asian,female,original,55.59140396118164,49.358299255371094,0.934277121505404
/home/tr3x/Projects/glow-mark/datasets/MEBeauty-database/original_images/female/asian/girl-5933162_1920.jpg,7.75,East Asian,female,original,63.93701934814453,55.3569221496582,1.5289329155102047
/home/tr3x/Projects/glow-mark/datasets/MEBeauty-database/original_images/female/asian/thanh-duc-phan-i5R8hbZFDdc-unsplash.jpg,7.201183431952662,East Asian,female,original,46.86349868774414,41.957672119140625,0.31238176691209474
/home/tr3x/Projects/glow-mark/datasets/MEBeauty-database/original_images/female/asian/portrait-3622823_1920.jpg,6.886039886039886,East Asian,female,original,44.46835708618164,41.29172134399414,0.1417191177495146
/home/tr3x/Projects/glow-mark/datasets/MEBeauty-database/original_images/female/asian/asian-girl-4819726_1920.jpg,6.729766803840878,East Asian,female,original,65.62982940673828,54.61851119995117,1.64955185884959
/home/tr3x/Projects/glow-mark/datasets/MEBeauty-database/original_images/female/asian/bui-thanh-tam-D6meliiyaWs-unsplash.jpg,6.54320987654321,East Asian,female,original,59.3367805480957,50.54871368408203,1.2011489799447002
/home/tr3x/Projects/glow-mark/datasets/MEBeauty-database/original_images/male/asian/lars-zhang-Emvn9asFvPw-unsplash.jpg,5.583333333333334,East Asian,male,original,52.9887809753418,42.387489318847656,0.7488306605341227
/home/tr3x/Projects/glow-mark/datasets/MEBeauty-database/original_images/male/asian/pexels-joen-nguyen-2599510.jpg,7.271604938271604,East Asian,male,original,69.39478302001953,61.09784698486328,1.91781865242774
/home/tr3x/Projects/glow-mark/datasets/MEBeauty-database/original_images/male/asian/boy-4754320_1920.jpg,4.9401017576318225,East Asian,male,original,44.669612884521484,41.379425048828125,0.15605933366059105
/home/tr3x/Projects/glow-mark/datasets/MEBeauty-database/original_images/female/asian/pexels-meijii-2014864.jpg,7.111111111111111,East Asian,female,original,52.05617904663086,50.872032165527344,0.6823793427230547
/home/tr3x/Projects/glow-mark/datasets/MEBeauty-database/original_images/male/asian/pexels-min-an-752802.jpg,6.375,East Asian,male,original,48.68749237060547,34.94403076171875,0.44234802601337425
/home/tr3x/Projects/glow-mark/datasets/MEBeauty-database/original_images/male/asian/pexels-min-an-898768.jpg,6.271604938271604,East Asian,male,original,36.86530303955078,30.34089469909668,-0.4000264493926621
/home/tr3x/Projects/glow-mark/datasets/MEBeauty-database/original_images/male/asian/xu-duo-gobC9sSIXc4-unsplash.jpg,4.413503086419753,East Asian,male,original,33.13742446899414,27.885095596313477,-0.6656515098035245
/home/tr3x/Projects/glow-mark/datasets/MEBeauty-database/original_images/female/asian/joel-mott-Z8MesVFSYac-unsplash.jpg,6.539200000000001,East Asian,female,original,32.200748443603516,33.268985748291016,-0.7323931219887734
/home/tr3x/Projects/glow-mark/datasets/MEBeauty-database/original_images/male/asian/guy4.jpg,6.86095146871009,East Asian,male,original,56.21652603149414,45.53110122680664,0.9788193684021764
/home/tr3x/Projects/glow-mark/datasets/MEBeauty-database/original_images/female/asian/h-f-e-co-2ayXMZmiRWk-unsplash.jpg,8.986111111111112,East Asian,female,original,45.03486633300781,43.69591522216797,0.1820849853772911
/home/tr3x/Projects/glow-mark/datasets/MEBeauty-database/original_images/female/asian/documentary-2695341_1920.jpg,3.9047619047619047,East Asian,female,original,45.89234161376953,37.595855712890625,0.24318325318356865
/home/tr3x/Projects/glow-mark/datasets/MEBeauty-database/original_images/male/asian/tanjir-ahmed-chowdhury-rXyJjeDdWVk-unsplash.jpg,4.962962962962964,East Asian,male,original,66.85488891601562,60.452518463134766,1.7368418550229652
/home/tr3x/Projects/glow-mark/datasets/MEBeauty-database/original_images/female/asian/51.jpg,7.897619047619048,East Asian,female,original,44.46835708618164,41.29172134399414,0.1417191177495146
/home/tr3x/Projects/glow-mark/datasets/MEBeauty-database/original_images/male/asian/wells-chan-SDZvNIBjkx0-unsplash.jpg,5.1646444219750585,East Asian,male,original,52.85728454589844,40.97342300415039,0.7394610562528627
/home/tr3x/Projects/glow-mark/datasets/MEBeauty-database/original_images/male/asian/pexels-ba-phi-1752126.jpg,6.694444444444445,East Asian,male,original,50.63542175292969,44.00924301147461,0.5811451595741662
/home/tr3x/Projects/glow-mark/datasets/MEBeauty-database/original_images/female/asian/13.jpg,6.031972789115646,East Asian,female,original,55.288394927978516,47.79972839355469,0.9126866133313143
/home/tr3x/Projects/glow-mark/datasets/MEBeauty-database/original_images/male/asian/pexels-griffin-wooldridge-3970083.jpg,7.222222222222222,East Asian,male,original,41.50999069213867,33.64814758300781,-0.06907536958749974
/home/tr3x/Projects/glow-mark/datasets/MEBeauty-database/original_images/female/asian/jaizer-capangpangan-04SoDoueyF8-unsplash.jpg,5.9082840236686405,East Asian,female,original,61.10343933105469,60.102230072021484,1.3270299165329298
/home/tr3x/Projects/glow-mark/datasets/MEBeauty-database/original_images/female/asian/jim-flores-ebidnEfTCtk-unsplash.jpg,7.222222222222223,East Asian,female,original,30.044740676879883,32.203346252441406,-0.88601660581291
/home/tr3x/Projects/glow-mark/datasets/MEBeauty-database/original_images/male/asian/model-2911363_1920.jpg,6.891690009337068,East Asian,male,original,59.542755126953125,62.875404357910156,1.215825426324748
/home/tr3x/Projects/glow-mark/datasets/MEBeauty-database/original_images/male/asian/ibuki-tsubo-xQOy5w4waCk-unsplash.jpg,6.787878787878788,East Asian,male,original,34.96388626098633,39.62251663208008,-0.5355093888482235
/home/tr3x/Projects/glow-mark/datasets/MEBeauty-database/original_images/female/asian/pexels-amir-hamzah-photo-2705292.jpg,8.11111111111111,East Asian,female,original,58.568580627441406,51.990257263183594,1.1464119099277044
/home/tr3x/Projects/glow-mark/datasets/MEBeauty-database/original_images/female/asian/girl-5934674_1920.jpg,6.716049382716049,East Asian,female,original,30.386491775512695,21.301227569580078,-0.861665582971985
/home/tr3x/Projects/glow-mark/datasets/MEBeauty-database/original_images/female/asian/chinh-le-duc-TV1QYUtTxJ8-unsplash.jpg,5.5,East Asian,female,original,49.376800537109375,41.123600006103516,0.49146376835955297
/home/tr3x/Projects/glow-mark/datasets/MEBeauty-database/original_images/female/asian/face-977177_1920.jpg,4.637573964497042,East Asian,female,original,39.9765510559082,34.17655944824219,-0.1783385841211504
/home/tr3x/Projects/glow-mark/datasets/MEBeauty-database/original_images/male/asian/lars-zhang-jVmrOAO4hZ0-unsplash.jpg,5.0469080338266386,East Asian,male,original,71.41242218017578,62.72544479370117,2.0615828640725953
/home/tr3x/Projects/glow-mark/datasets/MEBeauty-database/original_images/male/asian/face-1391628_1920.jpg,6.385487528344672,East Asian,male,original,52.18427658081055,40.22077560424805,0.6915067632146189
/home/tr3x/Projects/glow-mark/datasets/MEBeauty-database/original_images/male/asian/face-1223346_1920.jpg,5.711436170212766,East Asian,male,original,81.96954345703125,74.2516860961914,2.8138165873161105
/home/tr3x/Projects/glow-mark/datasets/MEBeauty-database/original_images/male/asian/human-2538246_1920.jpg,3.7517460317460314,East Asian,male,original,60.0213623046875,57.724971771240234,1.2499279481994838
/home/tr3x/Projects/glow-mark/datasets/MEBeauty-database/original_images/female/asian/pexels-happy-pixels-3170437.jpg,7.625,East Asian,female,original,36.191158294677734,28.58400535583496,-0.4480617421720162
/home/tr3x/Projects/glow-mark/datasets/MEBeauty-database/original_images/female/asian/sankhadeep-barman-aHTbdSquNCY-unsplash.jpg,6.902500000000001,East Asian,female,original,31.80364227294922,29.341299057006836,-0.7606883973238344
/home/tr3x/Projects/glow-mark/datasets/MEBeauty-database/original_images/male/asian/raphiell-alfaridzy-ME-7JcPzt80-unsplash.jpg,3.25,East Asian,male,original,51.595245361328125,48.9909553527832,0.6495361221924947
/home/tr3x/Projects/glow-mark/datasets/MEBeauty-database/original_images/male/asian/pexels-jameson-mallari-atenta-3008355.jpg,4.75,East Asian,male,original,40.06922149658203,41.44359588623047,-0.17173547435338474
/home/tr3x/Projects/glow-mark/datasets/MEBeauty-database/original_images/female/asian/muslim-417317_1920.jpg,4.733333333333333,East Asian,female,original,41.99930191040039,35.42921447753906,-0.034210145452510186
/home/tr3x/Projects/glow-mark/datasets/MEBeauty-database/original_images/male/asian/chelms-varthoumlien-yok4LRlBEEI-unsplash.jpg,5.927518427518428,East Asian,male,original,60.438987731933594,56.11506652832031,1.279685296042708
/home/tr3x/Projects/glow-mark/datasets/MEBeauty-database/original_images/female/asian/anthony-tran-3Xkms-gMvZg-unsplash.jpg,7.916666666666667,East Asian,female,original,52.1642951965332,53.4582405090332,0.6900830160873166
/home/tr3x/Projects/glow-mark/datasets/MEBeauty-database/original_images/female/asian/7.jpg,6.684047619047619,East Asian,female,original,56.605106353759766,54.18503189086914,1.0065071456789096
/home/tr3x/Projects/glow-mark/datasets/MEBeauty-database/original_images/female/asian/kseniia-ilinykh-BHmKkfpwuuc-unsplash.jpg,4.802469135802469,East Asian,female,original,39.137359619140625,39.199405670166016,-0.23813406078936755
/home/tr3x/Projects/glow-mark/datasets/MEBeauty-database/original_images/female/asian/agung-pratamah-Xdm08vqsFrs-unsplash.jpg,6.8520408163265305,East Asian,female,original,34.83970260620117,34.04798889160156,-0.5443579310365018
/home/tr3x/Projects/glow-mark/datasets/MEBeauty-database/original_images/female/asian/portrait-3058726_1920.jpg,4.1033333333333335,East Asian,female,original,28.609529495239258,26.227975845336914,-0.9882806816432319
/home/tr3x/Projects/glow-mark/datasets/MEBeauty-database/original_images/male/asian/guy13.jpg,6.267041901188242,East Asian,male,original,52.18427658081055,40.22077560424805,0.6915067632146189
/home/tr3x/Projects/glow-mark/datasets/MEBeauty-database/original_images/male/asian/imansyah-muhamad-putera-KchIV_GDy6U-unsplash.jpg,5.175724637681159,East Asian,male,original,39.34779739379883,34.90677261352539,-0.2231395952915372
/home/tr3x/Projects/glow-mark/datasets/MEBeauty-database/original_images/female/asian/anthony-tran-6s3L8El33QE-unsplash.jpg,7.760233918128654,East Asian,female,original,45.587642669677734,44.453514099121094,0.22147233264266047
/home/tr3x/Projects/glow-mark/datasets/MEBeauty-database/original_images/female/asian/austin-wade-ex6qfO4TPMY-unsplash.jpg,6.6826923076923075,East Asian,female,original,40.07545471191406,43.77843475341797,-0.1712913348333366
/home/tr3x/Projects/glow-mark/datasets/MEBeauty-database/original_images/female/asian/outdoors-3341719_1920.jpg,5.962962962962963,East Asian,female,original,41.98532485961914,34.09412384033203,-0.03520606173247122
/home/tr3x/Projects/glow-mark/datasets/MEBeauty-database/original_images/female/asian/christian-senan-N0vZpzFrU0w-unsplash.jpg,6.859375,East Asian,female,original,31.88121223449707,28.45047950744629,-0.7551612522378989
/home/tr3x/Projects/glow-mark/datasets/MEBeauty-database/original_images/female/asian/woman-4804268_1920.jpg,4.923076923076923,East Asian,female,original,67.0153579711914,61.063541412353516,1.7482758654576924
/home/tr3x/Projects/glow-mark/datasets/MEBeauty-database/original_images/female/asian/isco-wcJOYUVOwDc-unsplash.jpg,8.345679012345679,East Asian,female,original,51.32828140258789,43.57071304321289,0.630513958158512
/home/tr3x/Projects/glow-mark/datasets/MEBeauty-database/original_images/female/asian/mahendra-febrianto-KtCBIpLGu1E-unsplash.jpg,5.256944444444444,East Asian,female,original,33.713294982910156,32.708152770996094,-0.6246186174620405
/home/tr3x/Projects/glow-mark/datasets/MEBeauty-database/original_images/male/asian/pexels-luthfi-ramaditya-1747178.jpg,5.430555555555555,East Asian,male,original,26.939369201660156,22.910213470458984,-1.107285745912675
/home/tr3x/Projects/glow-mark/datasets/MEBeauty-database/original_images/female/asian/pexels-nguyễn-lâm-886477.jpg,6.666666666666667,East Asian,female,original,67.55619049072266,56.666778564453125,1.7868121718189793
/home/tr3x/Projects/glow-mark/datasets/MEBeauty-database/original_images/male/asian/monk-186094_1920.jpg,3.7063717148799395,East Asian,male,original,24.952451705932617,26.0671329498291,-1.248860925963462
/home/tr3x/Projects/glow-mark/datasets/MEBeauty-database/original_images/female/asian/pexels-min-an-1589369.jpg,7.555555555555555,East Asian,female,original,38.28981399536133,35.054115295410156,-0.2985248040113824
/home/tr3x/Projects/glow-mark/datasets/MEBeauty-database/original_images/female/asian/pexels-tima-miroshnichenko-6614828.jpg,7.111111111111112,East Asian,female,original,42.67232894897461,36.11155319213867,0.013745506641792509
/home/tr3x/Projects/glow-mark/datasets/MEBeauty-database/original_images/female/asian/yeo-khee-uZCY6vjHGmE-unsplash.jpg,6.45679012345679,East Asian,female,original,36.66448211669922,34.17550277709961,-0.41433567882559563
/home/tr3x/Projects/glow-mark/datasets/MEBeauty-database/original_images/female/asian/d4_1.jpg,8.5,East Asian,female,original,53.750396728515625,50.18905258178711,0.8030985843995868
/home/tr3x/Projects/glow-mark/datasets/MEBeauty-database/original_images/male/asian/niklas-veenhuis-wMlBf99Uyss-unsplash.jpg,3.340958605664488,East Asian,male,original,72.83519744873047,70.06968688964844,2.162960835352515
/home/tr3x/Projects/glow-mark/datasets/MEBeauty-database/original_images/female/asian/asian-2209044_1920.jpg,6.93103448275862,East Asian,female,original,66.6246337890625,63.584293365478516,1.720435330279939
/home/tr3x/Projects/glow-mark/datasets/MEBeauty-database/original_images/male/asian/ivan-c-fajardo-qDfKLhq3q5I-unsplash.jpg,5.3991815476190474,East Asian,male,original,48.64421463012695,,0.4392643278157329
/home/tr3x/Projects/glow-mark/datasets/MEBeauty-database/original_images/female/asian/nathan-anderson-2nqji_XO20w-unsplash.jpg,3.539094650205761,East Asian,female,original,55.3824577331543,51.00434494018555,0.9193889341913795
/home/tr3x/Projects/glow-mark/datasets/MEBeauty-database/original_images/male/asian/pexels-min-an-1157461.jpg,6.666666666666667,East Asian,male,original,40.36039733886719,33.59910202026367,-0.15098812455823582
/home/tr3x/Projects/glow-mark/datasets/MEBeauty-database/original_images/male/asian/pexels-ketut-subiyanto-4473405.jpg,4.888888888888888,East Asian,male,original,39.928768157958984,31.54527473449707,-0.18174329135990364
/home/tr3x/Projects/glow-mark/datasets/MEBeauty-database/original_images/female/asian/mongolia-4538999_1920.jpg,3.5999999999999996,East Asian,female,original,44.96067810058594,45.01251220703125,0.17679880093059835
/home/tr3x/Projects/glow-mark/datasets/MEBeauty-database/original_images/male/asian/ali-yahya-155huuQwGvA-unsplash.jpg,6.636363636363637,East Asian,male,original,45.974056243896484,45.10934829711914,0.24900572115110284
/home/tr3x/Projects/glow-mark/datasets/MEBeauty-database/original_images/male/asian/darshan-patel-QJEVpydulGs-unsplash.jpg,5.416666666666667,East Asian,male,original,36.764591217041016,30.818159103393555,-0.40720253719485944
/home/tr3x/Projects/glow-mark/datasets/MEBeauty-database/original_images/female/asian/girl-4618070_1920.jpg,7.433076923076924,East Asian,female,original,66.67684936523438,62.227317810058594,1.7241558821467804
/home/tr3x/Projects/glow-mark/datasets/MEBeauty-database/original_images/male/asian/imansyah-muhamad-putera-n4KewLKFOZw-unsplash.jpg,5.868421052631579,East Asian,male,original,47.831661224365234,39.315589904785156,0.38136690883937374
/home/tr3x/Projects/glow-mark/datasets/MEBeauty-database/original_images/male/asian/pexels-zorro-zombie-1261998.jpg,3.444444444444444,East Asian,male,original,63.32631301879883,59.370994567871094,1.485417843182748
/home/tr3x/Projects/glow-mark/datasets/MEBeauty-database/original_images/female/asian/gema-saputera-MWuZfECSg0U-unsplash.jpg,5.888888888888888,East Asian,female,original,47.69148254394531,39.00676727294922,0.371378662240103
/home/tr3x/Projects/glow-mark/datasets/MEBeauty-database/original_images/male/asian/leo-sagala-ImCWS7xydLY-unsplash.jpg,5.666666666666667,East Asian,male,original,19.1090145111084,18.38130760192871,-1.6652273200143544
/home/tr3x/Projects/glow-mark/datasets/MEBeauty-database/original_images/female/asian/dev-asangbam-R4CHODMJTzA-unsplash.jpg,6.5595567867036015,East Asian,female,original,42.47610855102539,35.41476821899414,-0.00023591846973468046
/home/tr3x/Projects/glow-mark/datasets/MEBeauty-database/original_images/female/asian/woman-5573135_1920.jpg,7.246537396121883,East Asian,female,original,65.29396057128906,61.265716552734375,1.6256199688972295
/home/tr3x/Projects/glow-mark/datasets/MEBeauty-database/original_images/female/asian/pexels-thunyarat-klaiklang-1814538.jpg,6.222222222222222,East Asian,female,original,41.86656188964844,44.43004608154297,-0.04366836018881042
/home/tr3x/Projects/glow-mark/datasets/MEBeauty-database/original_images/female/asian/tong-nguyen-van-ERIZwv4V5pA-unsplash.jpg,8.388429752066116,East Asian,female,original,50.870235443115234,42.499446868896484,0.5978764987152693
/home/tr3x/Projects/glow-mark/datasets/MEBeauty-database/original_images/female/asian/pexels-ketut-subiyanto-4350057.jpg,7.765432098765432,East Asian,female,original,41.23660659790039,45.36936950683594,-0.08855499189090787
/home/tr3x/Projects/glow-mark/datasets/MEBeauty-database/original_images/male/asian/thabang-madnsela-nwYas4Usbac-unsplash.jpg,5.716049382716049,East Asian,male,original,44.36627197265625,40.37454605102539,0.1344451779110765
/home/tr3x/Projects/glow-mark/datasets/MEBeauty-database/original_images/female/asian/asian-girl-4819726_1920.jpg,6.768175582990398,East Asian,female,original,65.62982940673828,54.61851119995117,1.64955185884959
/home/tr3x/Projects/glow-mark/datasets/MEBeauty-database/original_images/female/asian/girl-1741925_1920.jpg,6.126153846153846,East Asian,female,original,47.34398651123047,47.57126235961914,0.34661829171423775
/home/tr3x/Projects/glow-mark/datasets/MEBeauty-database/original_images/male/asian/dev-asangbam-Ox_mKPMBpTw-unsplash.jpg,5.146464646464646,East Asian,male,original,29.269594192504883,22.489891052246094,-0.9412486440465568
/home/tr3x/Projects/glow-mark/datasets/MEBeauty-database/original_images/male/asian/fahmi-anwar-dBtBDtiM780-unsplash.jpg,3.6049382716049383,East Asian,male,original,21.90192413330078,22.94045066833496,-1.4662222362714694
/home/tr3x/Projects/glow-mark/datasets/MEBeauty-database/original_images/male/asian/national-cancer-institute-kooSjlL8LnQ-unsplash.jpg,4.139922635720955,East Asian,male,original,37.248653411865234,36.92595291137695,-0.37271132528727885
/home/tr3x/Projects/glow-mark/datasets/MEBeauty-database/original_images/male/asian/the-landscape-3245475_1920.jpg,3.718397997496871,East Asian,male,original,39.76700210571289,34.44779586791992,-0.19326971760663605
/home/tr3x/Projects/glow-mark/datasets/MEBeauty-database/original_images/female/asian/vin-stratton-LkDICOYBYAg-unsplash.jpg,8.777777777777777,East Asian,female,original,55.17306900024414,53.06938934326172,0.9044692167767886
/home/tr3x/Projects/glow-mark/datasets/MEBeauty-database/original_images/female/asian/annie-lin-876188_1920.jpg,3.896551724137931,East Asian,female,original,32.195411682128906,29.423107147216797,-0.7327733858740533
/home/tr3x/Projects/glow-mark/datasets/MEBeauty-database/original_images/male/asian/boy-4393262_1920.jpg,6.7267872523686485,East Asian,male,original,43.64397430419922,37.544063568115234,0.08297881220542644
/home/tr3x/Projects/glow-mark/datasets/MEBeauty-database/original_images/male/asian/125.jpg,6.789807302231237,East Asian,male,original,65.51410675048828,57.96865463256836,1.6413061939290394
/home/tr3x/Projects/glow-mark/datasets/MEBeauty-database/original_images/female/asian/pexels-cottonbro-3419647.jpg,6.0,East Asian,female,original,84.4966812133789,86.2980728149414,2.9938844480286937
/home/tr3x/Projects/glow-mark/datasets/MEBeauty-database/original_images/female/asian/asian-girl-4819726_1920.jpg,6.768175582990398,East Asian,female,original,65.62982940673828,54.61851119995117,1.64955185884959
/home/tr3x/Projects/glow-mark/datasets/MEBeauty-database/original_images/male/asian/pexels-streetwindy-4055355.jpg,4.666666666666667,East Asian,male,original,70.25899505615234,59.965145111083984,1.9793969388340207
/home/tr3x/Projects/glow-mark/datasets/MEBeauty-database/original_images/male/asian/pexels-min-an-751204.jpg,6.246913580246914,East Asian,male,original,51.856781005859375,40.40559768676758,0.6681714988721149
/home/tr3x/Projects/glow-mark/datasets/MEBeauty-database/original_images/female/asian/jim-flores-dE6c9RZoyL8-unsplash.jpg,7.63265306122449,East Asian,female,original,74.97174835205078,67.56793975830078,2.315197946090969
/home/tr3x/Projects/glow-mark/datasets/MEBeauty-database/original_images/male/asian/businessman-1247947_1920.jpg,7.068556361239287,East Asian,male,original,49.31852722167969,41.172760009765625,0.4873115802884054
/home/tr3x/Projects/glow-mark/datasets/MEBeauty-database/original_images/female/asian/selfie-4127339_1920.jpg,4.8804945054945055,East Asian,female,original,52.23619842529297,44.925880432128906,0.6952063856181532
/home/tr3x/Projects/glow-mark/datasets/MEBeauty-database/original_images/female/asian/pexels-min-an-1070751.jpg,8.84375,East Asian,female,original,64.83353424072266,58.37059783935547,1.5928128992578363
/home/tr3x/Projects/glow-mark/datasets/MEBeauty-database/original_images/female/asian/pexels-zen-chung-5538615.jpg,7.0,East Asian,female,original,63.784820556640625,64.95899963378906,1.518088191782616
/home/tr3x/Projects/glow-mark/datasets/MEBeauty-database/original_images/female/asian/pexels-maria-orlova-4946391.jpg,8.0,East Asian,female,original,39.90248489379883,35.40906524658203,-0.18361607060906618
/home/tr3x/Projects/glow-mark/datasets/MEBeauty-database/original_images/male/asian/capturing-the-human-heart-i9uIhSlOWYc-unsplash.jpg,3.0355525362318843,East Asian,male,original,25.568660736083984,24.290935516357422,-1.204953765963013
/home/tr3x/Projects/glow-mark/datasets/MEBeauty-database/original_images/female/asian/d9.jpg,7.554545454545455,East Asian,female,original,64.82167053222656,66.69145202636719,1.5919675663892012
/home/tr3x/Projects/glow-mark/datasets/MEBeauty-database/original_images/female/asian/anthony-tran-_G0OrcPOpJw-unsplash.jpg,8.11111111111111,East Asian,female,original,46.505184173583984,43.186500549316406,0.2868505397896221
/home/tr3x/Projects/glow-mark/datasets/MEBeauty-database/original_images/female/asian/asian-3885641_1920.jpg,7.624615384615384,East Asian,female,original,46.9036865234375,37.392642974853516,0.3152452980281945
/home/tr3x/Projects/glow-mark/datasets/MEBeauty-database/original_images/female/asian/girl-184596_1920.jpg,5.5080721747388415,East Asian,female,original,26.87645721435547,28.892988204956055,-1.1117684564173467
/home/tr3x/Projects/glow-mark/datasets/MEBeauty-database/original_images/female/asian/pexels-rodnae-productions-4920897.jpg,7.493827160493827,East Asian,female,original,35.72679901123047,39.79655075073242,-0.4811490491707544
/home/tr3x/Projects/glow-mark/datasets/MEBeauty-database/original_images/male/asian/credit-card-1599787_1920.jpg,4.067303517151542,East Asian,male,original,36.606285095214844,28.341516494750977,-0.4184824306725076
/home/tr3x/Projects/glow-mark/datasets/MEBeauty-database/original_images/female/asian/pexels-min-an-1586654.jpg,8.333333333333334,East Asian,female,original,50.31973648071289,51.36042785644531,0.5586514227433325
/home/tr3x/Projects/glow-mark/datasets/MEBeauty-database/original_images/female/asian/women-1507748_1920.jpg,6.444581280788177,East Asian,female,original,54.87470626831055,48.75335693359375,0.8832097746586466
/home/tr3x/Projects/glow-mark/datasets/MEBeauty-database/original_images/female/asian/20.jpg,7.395424836601308,East Asian,female,original,52.0407829284668,43.29944610595703,0.6812823126723115
/home/tr3x/Projects/glow-mark/datasets/MEBeauty-database/original_images/male/asian/pexels-chevanon-photography-2421934.jpg,1.75,East Asian,male,original,25.46497344970703,21.968017578125,-1.2123418665103984
/home/tr3x/Projects/glow-mark/datasets/MEBeauty-database/original_images/male/asian/pexels-jameson-mallari-atenta-2872703.jpg,5.305555555555555,East Asian,male,original,38.566287994384766,33.31257629394531,-0.27882501462643267
/home/tr3x/Projects/glow-mark/datasets/MEBeauty-database/original_images/female/asian/visualsofdana-KD1xdIkw3Z8-unsplash.jpg,7.0606060606060606,East Asian,female,original,67.05481719970703,69.59093475341797,1.7510874806323422
/home/tr3x/Projects/glow-mark/datasets/MEBeauty-database/original_images/male/asian/pexels-juan-n-gomez-2589650.jpg,3.888888888888889,East Asian,male,original,36.17259979248047,34.563846588134766,-0.44938410371732473
/home/tr3x/Projects/glow-mark/datasets/MEBeauty-database/original_images/female/asian/blake-cheek-3dT98ifg9J4-unsplash.jpg,6.408779149519891,East Asian,female,original,31.470623016357422,24.738285064697266,-0.7844172443009955
/home/tr3x/Projects/glow-mark/datasets/MEBeauty-database/original_images/female/asian/23.jpg,7.423529411764706,East Asian,female,original,33.04264831542969,28.80898666381836,-0.6724046593601926
/home/tr3x/Projects/glow-mark/datasets/MEBeauty-database/original_images/male/asian/simon-marsault-ZNaL-IDTbZc-unsplash.jpg,5.453003875968992,East Asian,male,original,31.566781997680664,25.84105682373047,-0.7775655631800572
/home/tr3x/Projects/glow-mark/datasets/MEBeauty-database/original_images/female/asian/jernej-graj-muXeYVQaPyA-unsplash.jpg,7.462962962962963,East Asian,female,original,54.85173416137695,48.15142059326172,0.8815729275413089
/home/tr3x/Projects/glow-mark/datasets/MEBeauty-database/original_images/male/asian/man-2702805_1920.jpg,3.6839215686274507,East Asian,male,original,40.0225830078125,35.81547546386719,-0.17505863822860404
/home/tr3x/Projects/glow-mark/datasets/MEBeauty-database/original_images/male/asian/mathieu-neuilly-BTBAoU_taRU-unsplash.jpg,5.074074074074074,East Asian,male,original,57.68292236328125,53.162357330322266,1.083305500888798
/home/tr3x/Projects/glow-mark/datasets/MEBeauty-database/original_images/female/asian/daniel-rigdon-dXmXKPP2L4E-unsplash.jpg,7.055263157894737,East Asian,female,original,45.08552932739258,35.915931701660156,0.18569491008093805
/home/tr3x/Projects/glow-mark/datasets/MEBeauty-database/original_images/male/asian/chander-mohan-9zaQ3PjrvxA-unsplash.jpg,2.717656415694592,East Asian,male,original,44.617244720458984,42.22919464111328,0.15232790934527854
/home/tr3x/Projects/glow-mark/datasets/MEBeauty-database/original_images/male/asian/pexels-ba-phi-1182128.jpg,6.098765432098765,East Asian,male,original,47.563697814941406,38.27165222167969,0.36227353026790465
/home/tr3x/Projects/glow-mark/datasets/MEBeauty-database/original_images/female/asian/girl-4622990_1920.jpg,5.889030612244897,East Asian,female,original,48.59849548339844,38.89611053466797,0.4360066704425525
/home/tr3x/Projects/glow-mark/datasets/MEBeauty-database/original_images/female/asian/fashion-4257904_1920.jpg,6.93103448275862,East Asian,female,original,59.89268112182617,51.059810638427734,1.2407589405925172
/home/tr3x/Projects/glow-mark/datasets/MEBeauty-database/original_images/female/asian/diao-darius-K3k7X7OA394-unsplash.jpg,7.24074074074074,East Asian,female,original,48.12077713012695,44.20042037963867,0.40196748058016163
/home/tr3x/Projects/glow-mark/datasets/MEBeauty-database/original_images/female/asian/asian-girl-3113208_1920.jpg,5.477810650887573,East Asian,female,original,63.85104751586914,53.50507736206055,1.5228071062303243
/home/tr3x/Projects/glow-mark/datasets/MEBeauty-database/original_images/female/asian/frederick-ferdianto-Dunxame8wxg-unsplash.jpg,7.083333333333333,East Asian,female,original,37.33853530883789,35.04612350463867,-0.3663069095153242
/home/tr3x/Projects/glow-mark/datasets/MEBeauty-database/original_images/female/asian/jimmy-chang-VplzfrQvCm4-unsplash.jpg,5.571502057613169,East Asian,female,original,41.15462875366211,39.27810287475586,-0.09439621483205486
/home/tr3x/Projects/glow-mark/datasets/MEBeauty-database/original_images/male/asian/sport-1815798_1920.jpg,4.697352854185152,East Asian,male,original,70.30286407470703,66.0422134399414,1.9825227677694879
/home/tr3x/Projects/glow-mark/datasets/MEBeauty-database/original_images/male/asian/dale-alejandro-QbCiAUrFjag-unsplash.jpg,4.283950617283951,East Asian,male,original,56.31785583496094,47.34285354614258,0.9860394896206822
/home/tr3x/Projects/glow-mark/datasets/MEBeauty-database/original_images/female/asian/aodai-4603493_1920.jpg,6.93103448275862,East Asian,female,original,65.37199401855469,59.41163635253906,1.6311801390453964
/home/tr3x/Projects/glow-mark/datasets/MEBeauty-database/original_images/female/asian/girl-5846478_1920.jpg,6.444444444444445,East Asian,female,original,31.335433959960938,23.598514556884766,-0.7940499618352583
/home/tr3x/Projects/glow-mark/datasets/MEBeauty-database/original_images/female/asian/hannah-xu-A3B7VHK71Ks-unsplash.jpg,6.888888888888888,East Asian,female,original,42.499359130859375,39.05416488647461,0.0014207708660629443
/home/tr3x/Projects/glow-mark/datasets/MEBeauty-database/original_images/female/asian/andres-hernandez-KVjiBiBvT-c-unsplash.jpg,7.192307692307692,East Asian,female,original,77.40750885009766,82.84552764892578,2.48875484103658
/home/tr3x/Projects/glow-mark/datasets/MEBeauty-database/original_images/female/asian/people-3332333_1920.jpg,3.9607609988109393,East Asian,female,original,61.10675048828125,71.09989929199219,1.3272658486647546
/home/tr3x/Projects/glow-mark/datasets/MEBeauty-database/original_images/male/asian/angelo-abear-XDevBdyfMD8-unsplash.jpg,5.752546296296296,East Asian,male,original,40.48938751220703,41.11307907104492,-0.14179710024311507
/home/tr3x/Projects/glow-mark/datasets/MEBeauty-database/original_images/male/asian/pexels-gustav-lundborg-2007119.jpg,5.716049382716049,East Asian,male,original,36.63446807861328,27.801050186157227,-0.4164742894398788
/home/tr3x/Projects/glow-mark/datasets/MEBeauty-database/original_images/female/asian/6.jpg,7.026761517615176,East Asian,female,original,62.97004318237305,59.88072204589844,1.4600323068697894
/home/tr3x/Projects/glow-mark/datasets/MEBeauty-database/original_images/female/asian/raychan-sw30Y2Ek5t0-unsplash.jpg,6.5,East Asian,female,original,45.85346221923828,35.78931427001953,0.24041295331310936
/home/tr3x/Projects/glow-mark/datasets/MEBeauty-database/original_images/female/asian/tong-nguyen-van-wXnaknPMpK0-unsplash.jpg,5.534722222222222,East Asian,female,original,50.09566879272461,48.886695861816406,0.542685775785813
/home/tr3x/Projects/glow-mark/datasets/MEBeauty-database/original_images/female/asian/hhh13-gMC5TecfnD4-unsplash.jpg,7.801652892561983,East Asian,female,original,50.65628433227539,43.54526901245117,0.5826316950913898
/home/tr3x/Projects/glow-mark/datasets/MEBeauty-database/original_images/female/asian/model-1822567_1920.jpg,7.383597883597884,East Asian,female,original,61.79922866821289,59.82680892944336,1.3766074661279224
/home/tr3x/Projects/glow-mark/datasets/MEBeauty-database/original_images/male/asian/jassir-jonis-dS6a-NAqbII-unsplash.jpg,3.833333333333333,East Asian,male,original,37.804542541503906,32.9261474609375,-0.33310218007309716
/home/tr3x/Projects/glow-mark/datasets/MEBeauty-database/original_images/male/asian/farhan-shaikh-iylgKUdIljc-unsplash.jpg,4.924612403100776,East Asian,male,original,24.72751808166504,23.180011749267578,-1.2648882740660554
/home/tr3x/Projects/glow-mark/datasets/MEBeauty-database/original_images/female/asian/yannes-kiefer-VZfSq4TQTHY-unsplash.jpg,2.894132653061224,East Asian,female,original,23.791223526000977,24.759204864501953,-1.3316027051301262
/home/tr3x/Projects/glow-mark/datasets/MEBeauty-database/original_images/male/asian/mark-decile-6K_081J_d5A-unsplash.jpg,6.475,East Asian,male,original,74.76554107666016,66.64701080322266,2.3005049192270026
/home/tr3x/Projects/glow-mark/datasets/MEBeauty-database/original_images/male/asian/commercial-3264998_1920.jpg,6.342826086956522,East Asian,male,original,50.50990676879883,45.241546630859375,0.5722017552729769
/home/tr3x/Projects/glow-mark/datasets/MEBeauty-database/original_images/male/asian/portrait-3756873_1920.jpg,5.1781756180733165,East Asian,male,original,39.77744674682617,29.21978759765625,-0.1925254985087831
/home/tr3x/Projects/glow-mark/datasets/MEBeauty-database/original_images/male/asian/aserusainhuu-veaARmpXY88-unsplash.jpg,5.143695652173913,East Asian,male,original,43.10824203491211,39.683311462402344,0.04480591743428901
/home/tr3x/Projects/glow-mark/datasets/MEBeauty-database/original_images/female/asian/girl-1741941_1920.jpg,6.7288359788359795,East Asian,female,original,57.869239807128906,52.57728576660156,1.096581304094545
/home/tr3x/Projects/glow-mark/datasets/MEBeauty-database/original_images/female/asian/xu-duo-w2p_6UBRSTY-unsplash.jpg,5.666666666666667,East Asian,female,original,58.71862030029297,54.872886657714844,1.1571027885094258
/home/tr3x/Projects/glow-mark/datasets/MEBeauty-database/original_images/male/asian/bridgette-chen-unyQ2AkhKgM-unsplash.jpg,6.757638888888889,East Asian,male,original,41.706756591796875,32.35193634033203,-0.05505507547268804
/home/tr3x/Projects/glow-mark/datasets/MEBeauty-database/original_images/female/asian/fashion-4257899_1920.jpg,7.8275862068965525,East Asian,female,original,71.51309967041016,67.94624328613281,2.068756505573887
/home/tr3x/Projects/glow-mark/datasets/MEBeauty-database/original_images/male/asian/md-duran-CY6HTDht5FI-unsplash.jpg,5.848484848484849,East Asian,male,original,45.26776123046875,43.05083084106445,0.19867960347886887
/home/tr3x/Projects/glow-mark/datasets/MEBeauty-database/original_images/female/asian/manny-moreno-g9mefExQHfM-unsplash.jpg,7.25,East Asian,female,original,45.505149841308594,45.720672607421875,0.21559441518792322
/home/tr3x/Projects/glow-mark/datasets/MEBeauty-database/original_images/male/asian/pexels-ba-phi-1339536.jpg,7.964285714285714,East Asian,male,original,37.40913772583008,37.641841888427734,-0.36127622760770445
/home/tr3x/Projects/glow-mark/datasets/MEBeauty-database/original_images/female/asian/woman-2294787_1920.jpg,4.892984542211653,East Asian,female,original,37.36634826660156,34.96323013305664,-0.36432513397023797
/home/tr3x/Projects/glow-mark/datasets/MEBeauty-database/original_images/male/asian/pexels-sigit-hidayat-1767557.jpg,5.111111111111112,East Asian,male,original,34.80657958984375,24.47554588317871,-0.5467180677883854
/home/tr3x/Projects/glow-mark/datasets/MEBeauty-database/original_images/male/asian/gabriel-tovar-RDf0qh6VvQ0-unsplash.jpg,5.29120473022912,East Asian,male,original,34.263912200927734,31.288597106933594,-0.5853851153425385
/home/tr3x/Projects/glow-mark/datasets/MEBeauty-database/original_images/female/asian/women-4445664_1920.jpg,7.356321839080461,East Asian,female,original,71.85643768310547,68.02621459960938,2.093220601878912
/home/tr3x/Projects/glow-mark/datasets/MEBeauty-database/original_images/female/asian/john-mark-ramos-SGINHNM-vhk-unsplash.jpg,4.633126934984521,East Asian,female,original,58.03178787231445,56.62654113769531,1.108163451639692
/home/tr3x/Projects/glow-mark/datasets/MEBeauty-database/original_images/female/asian/girl-1733337_1920.jpg,7.366319444444445,East Asian,female,original,43.88559341430664,37.756683349609375,0.10019506254834452
/home/tr3x/Projects/glow-mark/datasets/MEBeauty-database/original_images/female/asian/57.jpg,6.949999999999999,East Asian,female,original,57.11125946044922,53.779640197753906,1.042572416313907
/home/tr3x/Projects/glow-mark/datasets/MEBeauty-database/original_images/male/asian/igor-figueredo-WZhygX_blqg-unsplash.jpg,3.168746061751733,East Asian,male,original,33.093997955322266,29.694976806640625,-0.6687458086384253
/home/tr3x/Projects/glow-mark/datasets/MEBeauty-database/original_images/female/asian/altanbagana-jargal-o79BpJ-tgew-unsplash.jpg,5.708333333333333,East Asian,female,original,45.77468490600586,40.37812805175781,0.23479977997864557
/home/tr3x/Projects/glow-mark/datasets/MEBeauty-database/original_images/female/asian/face-1146038_1920.jpg,7.596816976127321,East Asian,female,original,51.980743408203125,49.98933792114258,0.6770042760101099
/home/tr3x/Projects/glow-mark/datasets/MEBeauty-database/original_images/female/asian/girl-1718116_1920.jpg,6.540466392318245,East Asian,female,original,45.133785247802734,33.186607360839844,0.189133321909952
/home/tr3x/Projects/glow-mark/datasets/MEBeauty-database/original_images/male/asian/juan-encalada-WC7KIHo13Fc-unsplash.jpg,5.383333333333334,East Asian,male,original,51.12445831298828,41.23658752441406,0.6159908133019076
/home/tr3x/Projects/glow-mark/datasets/MEBeauty-database/original_images/female/asian/36.jpg,5.140866873065015,East Asian,female,original,55.3824577331543,51.00434494018555,0.9193889341913795
/home/tr3x/Projects/glow-mark/datasets/MEBeauty-database/original_images/male/asian/pexels-jermaine-ulinwa-3289153.jpg,4.740740740740741,East Asian,male,original,59.70181655883789,50.96977615356445,1.2271591384223288
/home/tr3x/Projects/glow-mark/datasets/MEBeauty-database/original_images/female/asian/huseyin-topcu-szDEzZPyfcQ-unsplash.jpg,7.4876033057851235,East Asian,female,original,58.00745391845703,53.41160583496094,1.1064295679197491
/home/tr3x/Projects/glow-mark/datasets/MEBeauty-database/original_images/female/asian/joeyy-lee-pCcPFfJ-LzM-unsplash.jpg,6.722222222222222,East Asian,female,original,48.94209289550781,39.21396255493164,0.46048924990997886
/home/tr3x/Projects/glow-mark/datasets/MEBeauty-database/original_images/female/asian/aiony-haust-orYdcTza06E-unsplash.jpg,7.847883597883598,East Asian,female,original,35.11613845825195,32.67633056640625,-0.5246608597636698
/home/tr3x/Projects/glow-mark/datasets/MEBeauty-database/original_images/female/asian/pexels-min-an-732425.jpg,7.4375,East Asian,female,original,50.559322357177734,45.5389518737793,0.5757227977103719
/home/tr3x/Projects/glow-mark/datasets/MEBeauty-database/original_images/female/asian/suhendro-purnomo-4E3noTlLm1c-unsplash.jpg,7.5041322314049586,East Asian,female,original,38.4175910949707,32.210079193115234,-0.28942021566160764
/home/tr3x/Projects/glow-mark/datasets/MEBeauty-database/original_images/female/asian/30.jpg,8.558823529411764,East Asian,female,original,65.62982940673828,54.61851119995117,1.64955185884959
/home/tr3x/Projects/glow-mark/datasets/MEBeauty-database/original_images/male/asian/pexels-gabby-k-5384445.jpg,8.25,East Asian,male,original,50.53964614868164,39.34992980957031,0.5743207954800119
/home/tr3x/Projects/glow-mark/datasets/MEBeauty-database/original_images/female/asian/mathias-huysmans-U4JDjYmjn1g-unsplash.jpg,6.5,East Asian,female,original,58.143558502197266,53.33202362060547,1.116127520144839
/home/tr3x/Projects/glow-mark/datasets/MEBeauty-database/original_images/female/asian/alex-sorto-suymY_8bk4Y-unsplash.jpg,6.023809523809525,East Asian,female,original,55.893489837646484,50.678932189941406,0.955801851366243
/home/tr3x/Projects/glow-mark/datasets/MEBeauty-database/original_images/male/asian/pexels-kaniseeyapose-2751061.jpg,1.8888888888888888,East Asian,male,original,57.00090026855469,62.82511901855469,1.0347089179571185
/home/tr3x/Projects/glow-mark/datasets/MEBeauty-database/original_images/female/asian/pexels-ketut-subiyanto-4350178.jpg,6.333333333333333,East Asian,female,original,44.427696228027344,36.58360290527344,0.13882188204315415
/home/tr3x/Projects/glow-mark/datasets/MEBeauty-database/original_images/male/asian/bibek-thakuri-J_9xThkkGEM-unsplash.jpg,5.63578216374269,East Asian,male,original,51.736549377441406,43.946563720703125,0.6596045530992405
/home/tr3x/Projects/glow-mark/datasets/MEBeauty-database/original_images/male/asian/nathan-dumlao-woZEuvPV3to-unsplash.jpg,4.037037037037036,East Asian,male,original,30.347454071044922,20.25707244873047,-0.8644471630077332
/home/tr3x/Projects/glow-mark/datasets/MEBeauty-database/original_images/female/asian/pexels-duy-dinh-3614523.jpg,6.333333333333333,East Asian,female,original,35.081363677978516,27.051727294921875,-0.5271386907702541
/home/tr3x/Projects/glow-mark/datasets/MEBeauty-database/original_images/female/asian/woman-2690362_1920.jpg,4.508965517241379,East Asian,female,original,34.013145446777344,36.11607360839844,-0.6032531689713043
/home/tr3x/Projects/glow-mark/datasets/MEBeauty-database/original_images/female/asian/hijab-5090230_1920.jpg,5.786666666666666,East Asian,female,original,50.66755676269531,46.18349075317383,0.583434897222199
/home/tr3x/Projects/glow-mark/datasets/MEBeauty-database/original_images/male/asian/pexels-cottonbro-5532846.jpg,6.0246913580246915,East Asian,male,original,41.45812225341797,35.05366897583008,-0.0727711866340691
/home/tr3x/Projects/glow-mark/datasets/MEBeauty-database/original_images/female/asian/japan-1432871_1920.jpg,6.079365079365079,East Asian,female,original,63.39310073852539,47.21916580200195,1.490176713878588
/home/tr3x/Projects/glow-mark/datasets/MEBeauty-database/original_images/male/asian/stephanie-nakagawa-ADSKIn0ScDg-unsplash.jpg,6.166264454499748,East Asian,male,original,33.23249816894531,30.23422622680664,-0.6588771589723376
/home/tr3x/Projects/glow-mark/datasets/MEBeauty-database/original_images/female/asian/xu-duo-kSyOJGwlGm0-unsplash.jpg,6.818181818181818,East Asian,female,original,71.00373840332031,63.69111251831055,2.032462641709783
/home/tr3x/Projects/glow-mark/datasets/MEBeauty-database/original_images/male/asian/sane-sodbayar-Pew-AwCKoZU-unsplash.jpg,7.083333333333334,East Asian,male,original,53.08039474487305,63.15159606933594,0.7553584785962254
/home/tr3x/Projects/glow-mark/datasets/MEBeauty-database/original_images/female/asian/jeswin-thomas-rnjwbDDQUHk-unsplash.jpg,6.326869806094183,East Asian,female,original,31.29494285583496,28.343610763549805,-0.7969351019426946
/home/tr3x/Projects/glow-mark/datasets/MEBeauty-database/original_images/male/asian/pexels-david-yu-3136182.jpg,5.444444444444445,East Asian,male,original,46.993534088134766,41.267738342285156,0.32164726749924316
/home/tr3x/Projects/glow-mark/datasets/MEBeauty-database/original_images/male/asian/christian-senan-BN2VEGCf140-unsplash.jpg,4.222222222222222,East Asian,male,original,49.084205627441406,50.281211853027344,0.47061530479362196
/home/tr3x/Projects/glow-mark/datasets/MEBeauty-database/original_images/female/asian/asian-2111681_1920.jpg,8.168,East Asian,female,original,49.326332092285156,47.668540954589844,0.48786770602770674
/home/tr3x/Projects/glow-mark/datasets/MEBeauty-database/original_images/female/asian/suhendro-purnomo--ApMYrUyi0o-unsplash.jpg,7.666666666666667,East Asian,female,original,42.054168701171875,36.49079132080078,-0.030300684793481927
/home/tr3x/Projects/glow-mark/datasets/MEBeauty-database/original_images/female/asian/pregnancy-2594275_1920.jpg,4.633428300094967,East Asian,female,original,39.89858627319336,33.51601791381836,-0.1838938616675051
/home/tr3x/Projects/glow-mark/datasets/MEBeauty-database/original_images/male/asian/ha-nguy-n-OFSQ6bHjFjs-unsplash.jpg,6.297520661157026,East Asian,male,original,62.50217819213867,36.21147537231445,1.4266952053674256
/home/tr3x/Projects/glow-mark/datasets/MEBeauty-database/original_images/female/asian/hello-5919349_1920.jpg,7.0,East Asian,female,original,43.93040084838867,35.624488830566406,0.10338775704190956
/home/tr3x/Projects/glow-mark/datasets/MEBeauty-database/original_images/male/asian/137.jpg,5.325359911406423,East Asian,male,original,36.178550720214844,27.18859100341797,-0.44896007822694833
/home/tr3x/Projects/glow-mark/datasets/MEBeauty-database/original_images/male/asian/boy-4746524_1920.jpg,5.635111111111111,East Asian,male,original,62.10298538208008,50.884605407714844,1.398251249299521
/home/tr3x/Projects/glow-mark/datasets/MEBeauty-database/original_images/male/asian/pexels-gatot-adri-2693621.jpg,6.34567901234568,East Asian,male,original,40.57456588745117,38.116851806640625,-0.13572782769528485
/home/tr3x/Projects/glow-mark/datasets/MEBeauty-database/original_images/female/asian/girl-4036509_1920.jpg,6.355229591836734,East Asian,female,original,63.94694137573242,64.62958526611328,1.529639896472044
/home/tr3x/Projects/glow-mark/datasets/MEBeauty-database/original_images/male/asian/billow-926-7j50lTjDc9o-unsplash.jpg,6.28570768662232,East Asian,male,original,37.705875396728516,29.382150650024414,-0.34013257706578065
/home/tr3x/Projects/glow-mark/datasets/MEBeauty-database/original_images/male/asian/george-rinon-rJSfWc6qSI8-unsplash.jpg,4.916666666666667,East Asian,male,original,53.69822692871094,51.74291229248047,0.7993812942672868
/home/tr3x/Projects/glow-mark/datasets/MEBeauty-database/original_images/male/asian/joseph-gonzalez-iFgRcqHznqg-unsplash.jpg,6.6263038548752835,East Asian,male,original,56.21652603149414,45.53110122680664,0.9788193684021764
/home/tr3x/Projects/glow-mark/datasets/MEBeauty-database/original_images/male/asian/huy-le-XibZiVSku68-unsplash.jpg,5.104423076923077,East Asian,male,original,52.91068649291992,50.601619720458984,0.7432661414065675
/home/tr3x/Projects/glow-mark/datasets/MEBeauty-database/original_images/male/asian/herbal-medicine-1182254_1920.jpg,3.9391605698883327,East Asian,male,original,70.68392181396484,64.95844268798828,2.0096745333365913
/home/tr3x/Projects/glow-mark/datasets/MEBeauty-database/original_images/male/asian/pexels-min-an-991217.jpg,6.625,East Asian,male,original,44.540687561035156,35.446983337402344,0.14687293013607058
/home/tr3x/Projects/glow-mark/datasets/MEBeauty-database/original_images/female/asian/woman-5775938_1920.jpg,6.222222222222222,East Asian,female,original,35.957454681396484,31.122610092163086,-0.4647139842504913
/home/tr3x/Projects/glow-mark/datasets/MEBeauty-database/original_images/male/asian/bride-5867605_1920.jpg,5.333333333333333,East Asian,male,original,44.164981842041016,41.83163070678711,0.120102515699094
/home/tr3x/Projects/glow-mark/datasets/MEBeauty-database/original_images/female/asian/pexels-mikhail-nilov-6612835.jpg,8.222222222222223,East Asian,female,original,52.26899719238281,47.23432922363281,0.6975434184170356
/home/tr3x/Projects/glow-mark/datasets/MEBeauty-database/original_images/female/asian/le-minh-phuong-jGZITdFhmts-unsplash.jpg,7.166666666666667,East Asian,female,original,57.831336975097656,56.533592224121094,1.0938805878943012
/home/tr3x/Projects/glow-mark/datasets/MEBeauty-database/original_images/male/asian/kaylyn-mok-VoO6z6Ffx0I-unsplash.jpg,6.284722222222222,East Asian,male,original,38.47998809814453,33.8853874206543,-0.2849741996705261
/home/tr3x/Projects/glow-mark/datasets/MEBeauty-database/original_images/male/asian/141.jpg,5.49780701754386,East Asian,male,original,42.26332092285156,32.8487548828125,-0.015397819674021358
/home/tr3x/Projects/glow-mark/datasets/MEBeauty-database/original_images/female/asian/jernej-graj-GY5gWDimEyg-unsplash.jpg,7.975308641975308,East Asian,female,original,46.49822998046875,37.09123229980469,0.2863550279505476
/home/tr3x/Projects/glow-mark/datasets/MEBeauty-database/original_images/male/asian/guy1.jpg,7.093555093555094,East Asian,male,original,59.05209732055664,60.33742141723633,1.1808642528320004
/home/tr3x/Projects/glow-mark/datasets/MEBeauty-database/original_images/female/asian/girl-3738843_1920.jpg,6.464367816091954,East Asian,female,original,34.147491455078125,30.389148712158203,-0.5936805217148449
/home/tr3x/Projects/glow-mark/datasets/MEBeauty-database/original_images/male/asian/pexels-gaurav-ranjitkar-4095473.jpg,5.0,East Asian,male,original,52.17951583862305,49.95527648925781,0.6911675428223178
/home/tr3x/Projects/glow-mark/datasets/MEBeauty-database/original_images/male/asian/boy-4445663_1920.jpg,6.521008403361344,East Asian,male,original,82.81066131591797,87.89411163330078,2.8737493286462765
/home/tr3x/Projects/glow-mark/datasets/MEBeauty-database/original_images/male/asian/pexels-saul-joseph-2846602.jpg,3.666666666666667,East Asian,male,original,39.32518768310547,30.312335968017578,-0.22475062034375584
/home/tr3x/Projects/glow-mark/datasets/MEBeauty-database/original_images/male/asian/raphiell-alfaridzy-jagYILIMvxw-unsplash.jpg,2.6049382716049383,East Asian,male,original,46.480018615722656,38.23763656616211,0.28505740122551104
/home/tr3x/Projects/glow-mark/datasets/MEBeauty-database/original_images/female/asian/leo-rivas-2iqKxsN659U-unsplash.jpg,5.857142857142858,East Asian,female,original,64.62217712402344,51.84683609008789,1.5777529272579671
/home/tr3x/Projects/glow-mark/datasets/MEBeauty-database/original_images/male/asian/dhimas-arya-ROuU8ayA8_w-unsplash.jpg,5.138888888888889,East Asian,male,original,43.213069915771484,44.6140022277832,0.05227528953399676
/home/tr3x/Projects/glow-mark/datasets/MEBeauty-database/original_images/female/asian/toa-heftiba-aQ0YRudYjm0-unsplash.jpg,5.84375,East Asian,female,original,57.95137405395508,47.54598617553711,1.1024336712953748
/home/tr3x/Projects/glow-mark/datasets/MEBeauty-database/original_images/female/asian/asian-girl-4819726_1920.jpg,6.729766803840878,East Asian,female,original,65.62982940673828,54.61851119995117,1.64955185884959
/home/tr3x/Projects/glow-mark/datasets/MEBeauty-database/original_images/female/asian/muhammad-ruqiyaddin-0BFQaFG9iR0-unsplash.jpg,8.098765432098766,East Asian,female,original,82.02285766601562,72.39393615722656,2.8176154208119444
/home/tr3x/Projects/glow-mark/datasets/MEBeauty-database/original_images/female/indian/woman-761642_1920.jpg,3.790123456790124,Indian,female,original,61.74288558959961,56.20284652709961,1.0016276474124148
/home/tr3x/Projects/glow-mark/datasets/MEBeauty-database/original_images/female/indian/soham-banerjee-22DWv_qBMZo-unsplash.jpg,5.559523809523809,Indian,female,original,64.07350158691406,56.07056427001953,1.1685719144828184
/home/tr3x/Projects/glow-mark/datasets/MEBeauty-database/original_images/male/indian/happiness-4067230_1920.jpg,5.6175048355899415,Indian,male,original,45.457611083984375,,-0.16490223975605772
/home/tr3x/Projects/glow-mark/datasets/MEBeauty-database/original_images/female/indian/pexels-ketut-subiyanto-4307688.jpg,6.666666666666667,Indian,female,original,36.09663009643555,30.652557373046875,-0.8354383176972882
/home/tr3x/Projects/glow-mark/datasets/MEBeauty-database/original_images/female/indian/eyes-5938203_1920.jpg,4.071428571428571,Indian,female,original,35.90576171875,,-0.8491104032988406
/home/tr3x/Projects/glow-mark/datasets/MEBeauty-database/original_images/male/indian/pedram-normohamadian-daguyNdZFCY-unsplash.jpg,6.24500203998368,Indian,male,original,49.78550720214844,,0.14510912472281598
/home/tr3x/Projects/glow-mark/datasets/MEBeauty-database/original_images/female/indian/pexels-darshan-peeal-2784078.jpg,8.5625,Indian,female,original,69.93683624267578,65.86003112792969,1.588568219246262
/home/tr3x/Projects/glow-mark/datasets/MEBeauty-database/original_images/female/indian/woman-5922149_1920.jpg,5.555555555555555,Indian,female,original,65.65709686279297,66.98944854736328,1.2820063682806089
/home/tr3x/Projects/glow-mark/datasets/MEBeauty-database/original_images/male/indian/pexels-askar-abayev-5638731.jpg,5.555555555555555,Indian,male,original,43.215606689453125,,-0.32549917243176846
/home/tr3x/Projects/glow-mark/datasets/MEBeauty-database/original_images/female/indian/anusha-reddy--zP_lFB6vCk-unsplash.jpg,6.666666666666667,Indian,female,original,63.988128662109375,61.01662063598633,1.1624565697089053
/home/tr3x/Projects/glow-mark/datasets/MEBeauty-database/original_images/female/indian/beauty-4175607_1920.jpg,5.964334705075446,Indian,female,original,50.87471389770508,46.15240478515625,0.22313004867056563
/home/tr3x/Projects/glow-mark/datasets/MEBeauty-database/original_images/female/indian/pexels-kaushal-moradiya-2781201.jpg,8.53125,Indian,female,original,44.05120086669922,34.56547546386719,-0.2656447572688296
/home/tr3x/Projects/glow-mark/datasets/MEBeauty-database/original_images/male/indian/pexels-nishant-aneja-2561432.jpg,1.0,Indian,male,original,54.92142105102539,,0.5129995769575411
/home/tr3x/Projects/glow-mark/datasets/MEBeauty-database/original_images/male/indian/swapnil-dwivedi-N2IJ31xZ_ks-unsplash.jpg,2.533909574468085,Indian,male,original,28.62752342224121,,-1.370457617672425
/home/tr3x/Projects/glow-mark/datasets/MEBeauty-database/original_images/female/indian/60.jpg,6.831578947368421,Indian,female,original,56.10922622680664,54.23356246948242,0.5980832049433306
/home/tr3x/Projects/glow-mark/datasets/MEBeauty-database/original_images/female/indian/woman-3146093_1920.jpg,5.523399014778326,Indian,female,original,60.226951599121094,57.298099517822266,0.8930398366108216
/home/tr3x/Projects/glow-mark/datasets/MEBeauty-database/original_images/male/indian/portrait-2612525_1920.jpg,4.85,Indian,male,original,27.855377197265625,,-1.4257671949465296
/home/tr3x/Projects/glow-mark/datasets/MEBeauty-database/original_images/male/indian/jeffrey-grospe-epomvImeev4-unsplash.jpg,4.35374149659864,Indian,male,original,65.38768005371094,,1.262707782936445
/home/tr3x/Projects/glow-mark/datasets/MEBeauty-database/original_images/female/indian/woman-5910803_1920.jpg,7.125,Indian,female,original,52.198673248291016,44.1759147644043,0.317966531243956
/home/tr3x/Projects/glow-mark/datasets/MEBeauty-database/original_images/female/indian/india-4869731_1920.jpg,4.10820451843044,Indian,female,original,59.36066436767578,59.285892486572266,0.8309868484339907
/home/tr3x/Projects/glow-mark/datasets/MEBeauty-database/original_images/male/indian/pexels-suleman-mukhtar-452557.jpg,6.0,Indian,male,original,72.2518081665039,62.375247955322266,1.754391886275655
/home/tr3x/Projects/glow-mark/datasets/MEBeauty-database/original_images/female/indian/dollar-gill-Ciujwy5epq4-unsplash.jpg,8.105,Indian,female,original,81.44485473632812,87.08802795410156,2.4128986602409257
/home/tr3x/Projects/glow-mark/datasets/MEBeauty-database/original_images/female/indian/yogendra-singh-Sx00bDu24_k-unsplash.jpg,6.120713305898492,Indian,female,original,68.85440063476562,61.66510772705078,1.5110323148236997
/home/tr3x/Projects/glow-mark/datasets/MEBeauty-database/original_images/male/indian/safal-karki-_p93Zag8tgE-unsplash.jpg,6.4059027777777775,Indian,male,original,78.95745086669922,,2.234723526970674
/home/tr3x/Projects/glow-mark/datasets/MEBeauty-database/original_images/male/indian/model-633771_1920.jpg,4.524101307189542,Indian,male,original,90.34608459472656,,3.050502322297582
/home/tr3x/Projects/glow-mark/datasets/MEBeauty-database/original_images/female/indian/pexels-bran-sodre-1856538.jpg,7.111111111111112,Indian,female,original,45.29812240600586,45.93090057373047,-0.17632656726510745
/home/tr3x/Projects/glow-mark/datasets/MEBeauty-database/original_images/female/indian/shotlist-7sPYFUKOK_8-unsplash.jpg,6.4799999999999995,Indian,female,original,65.22540283203125,64.41334533691406,1.251083709358149
/home/tr3x/Projects/glow-mark/datasets/MEBeauty-database/original_images/male/indian/handsome-1886567_1920.jpg,6.530980392156863,Indian,male,original,47.030372619628906,,-0.052243817198567195
/home/tr3x/Projects/glow-mark/datasets/MEBeauty-database/original_images/female/indian/pexels-mentatdgt-2558680.jpg,8.444444444444445,Indian,female,original,52.501583099365234,46.757633209228516,0.3396642554225684
/home/tr3x/Projects/glow-mark/datasets/MEBeauty-database/original_images/male/indian/pexels-yogendra-singh-3748221.jpg,6.555555555555555,Indian,male,original,52.9812126159668,,0.3740205793329189
/home/tr3x/Projects/glow-mark/datasets/MEBeauty-database/original_images/male/indian/kazi-mizan-bfReptWpKEg-unsplash.jpg,6.07962962962963,Indian,male,original,38.63246154785156,,-0.6537942701328081
/home/tr3x/Projects/glow-mark/datasets/MEBeauty-database/original_images/male/indian/muhammad-ali-2LTkVBl6ViM-unsplash.jpg,4.366151866151866,Indian,male,original,41.661991119384766,,-0.4367861510473345
/home/tr3x/Projects/glow-mark/datasets/MEBeauty-database/original_images/female/indian/indian-5033680_1920.jpg,7.711538461538461,Indian,female,original,78.40694427490234,78.33265686035156,2.195290209945967
/home/tr3x/Projects/glow-mark/datasets/MEBeauty-database/original_images/female/indian/huu-chung-dang-lP02hkcp7H0-unsplash.jpg,8.578125,Indian,female,original,69.63516998291016,62.663177490234375,1.566959574710022
/home/tr3x/Projects/glow-mark/datasets/MEBeauty-database/original_images/male/indian/pexels-ali-madad-sakhirani-997512.jpg,6.333333333333333,Indian,male,original,44.21592712402344,,-0.25384525691015597
/home/tr3x/Projects/glow-mark/datasets/MEBeauty-database/original_images/male/indian/portrait-2552312_1920.jpg,4.623674655047204,Indian,male,original,47.886375427246094,,0.009072487800852248
/home/tr3x/Projects/glow-mark/datasets/MEBeauty-database/original_images/female/indian/julian-florez-LWaFYrn4SfY-unsplash.jpg,6.333333333333333,Indian,female,original,53.84918975830078,52.58362579345703,0.43619461745321914
/home/tr3x/Projects/glow-mark/datasets/MEBeauty-database/original_images/female/indian/loren-joseph-11eY-tkB9VU-unsplash.jpg,5.001371742112483,Indian,female,original,76.27566528320312,69.48285675048828,2.042624644446646
/home/tr3x/Projects/glow-mark/datasets/MEBeauty-database/original_images/male/indian/imansyah-muhamad-putera-Ob19pmoYWkI-unsplash.jpg,3.6859504132231407,Indian,male,original,60.44012451171875,,0.9083096175159071
/home/tr3x/Projects/glow-mark/datasets/MEBeauty-database/original_images/male/indian/md-duran-3pe-sQM8-28-unsplash.jpg,4.131976744186046,Indian,male,original,32.359107971191406,,-1.103160624837238
/home/tr3x/Projects/glow-mark/datasets/MEBeauty-database/original_images/male/indian/boy-5838699_1920.jpg,5.888888888888888,Indian,male,original,54.85956573486328,,0.5085688211260396
/home/tr3x/Projects/glow-mark/datasets/MEBeauty-database/original_images/male/indian/pexels-john-stephenson-5308640.jpg,5.246913580246914,Indian,male,original,70.77738952636719,,1.6487778599769438
/home/tr3x/Projects/glow-mark/datasets/MEBeauty-database/original_images/male/indian/handsome-1805532_1920.jpg,6.377630121816169,Indian,male,original,54.55653762817383,43.277244567871094,0.4868626261838888
/home/tr3x/Projects/glow-mark/datasets/MEBeauty-database/original_images/female/indian/couple-4686423_1920.jpg,6.655172413793104,Indian,female,original,70.84841918945312,57.30904769897461,1.6538657831087695
/home/tr3x/Projects/glow-mark/datasets/MEBeauty-database/original_images/male/indian/ilaya-raja-uX0yUOEYFFU-unsplash.jpg,3.557633973710819,Indian,male,original,27.248781204223633,,-1.4692182497676278
/home/tr3x/Projects/glow-mark/datasets/MEBeauty-database/original_images/male/indian/shudipto-sarker-9qpe5gZDc7E-unsplash.jpg,6.192355889724311,Indian,male,original,57.48488235473633,,0.6966227774352228
/home/tr3x/Projects/glow-mark/datasets/MEBeauty-database/original_images/female/indian/kunal-goswami-YHSohAq-PuI-unsplash.jpg,7.777093596059113,Indian,female,original,57.56727981567383,51.1173095703125,0.7025249868684901
/home/tr3x/Projects/glow-mark/datasets/MEBeauty-database/original_images/female/indian/beautiful-2271357_1920.jpg,5.924554183813443,Indian,female,original,54.16441345214844,47.559356689453125,0.45877439404158094
/home/tr3x/Projects/glow-mark/datasets/MEBeauty-database/original_images/male/indian/white-1513923_1920.jpg,6.152399802078178,Indian,male,original,69.94023132324219,,1.5888114121349475
/home/tr3x/Projects/glow-mark/datasets/MEBeauty-database/original_images/male/indian/pexels-rahul-shah-888956.jpg,5.888888888888888,Indian,male,original,62.3833122253418,,1.0475020237316117
/home/tr3x/Projects/glow-mark/datasets/MEBeauty-database/original_images/male/indian/abhimanyu-patel-o2g-PaaeD_U-unsplash.jpg,5.444444444444445,Indian,male,original,65.3722152709961,,1.2616000256659605
/home/tr3x/Projects/glow-mark/datasets/MEBeauty-database/original_images/male/indian/vishal-shiro-5935497_1920.jpg,7.888888888888888,Indian,male,original,72.37802124023438,,1.7634326502251496
/home/tr3x/Projects/glow-mark/datasets/MEBeauty-database/original_images/male/indian/jaikishan-patel-G1r9ySGtdWQ-unsplash.jpg,5.524719841793012,Indian,male,original,64.01302337646484,,1.1642398020589748
/home/tr3x/Projects/glow-mark/datasets/MEBeauty-database/original_images/female/indian/33.jpg,7.354938271604938,Indian,female,original,58.8942756652832,51.581058502197266,0.7975789767895138
/home/tr3x/Projects/glow-mark/datasets/MEBeauty-database/original_images/male/indian/portrait-2181213_1280.jpg,4.927869116698904,Indian,male,original,47.57207107543945,,-0.013441435432258708
/home/tr3x/Projects/glow-mark/datasets/MEBeauty-database/original_images/female/indian/ethan-johnson-n815BbX98ds-unsplash.jpg,8.307692307692308,Indian,female,original,55.05267333984375,49.963279724121094,0.5224013047339499
/home/tr3x/Projects/glow-mark/datasets/MEBeauty-database/original_images/female/indian/teenager-475189_1920.jpg,4.608045977011494,Indian,female,original,49.421958923339844,46.91510772705078,0.1190678116020176
/home/tr3x/Projects/glow-mark/datasets/MEBeauty-database/original_images/male/indian/boy-1119239_1920.jpg,4.888888888888889,Indian,male,original,42.66849136352539,,-0.3646895698182269
/home/tr3x/Projects/glow-mark/datasets/MEBeauty-database/original_images/female/indian/nature-3110567_1920.jpg,5.353174603174603,Indian,female,original,58.555511474609375,56.89179992675781,0.77331297175612
/home/tr3x/Projects/glow-mark/datasets/MEBeauty-database/original_images/female/indian/arvin-keynes-IPETsB4dcCs-unsplash.jpg,7.126500461680516,Indian,female,original,62.88176727294922,57.42414474487305,1.0832068385472018
/home/tr3x/Projects/glow-mark/datasets/MEBeauty-database/original_images/male/indian/ashkan-forouzani-Y8QiDJMEUGc-unsplash.jpg,6.598842592592593,Indian,male,original,44.732200622558594,,-0.21686408930462187
/home/tr3x/Projects/glow-mark/datasets/MEBeauty-database/original_images/male/indian/noorulabdeen-ahmad-nDrV5Wq2lxU-unsplash.jpg,5.333333333333333,Indian,male,original,46.76157760620117,,-0.07149786272154485
/home/tr3x/Projects/glow-mark/datasets/MEBeauty-database/original_images/female/indian/charles-postiaux-J9vlgGgytC0-unsplash.jpg,6.888888888888888,Indian,female,original,20.848220825195312,18.122013092041016,-1.9276965501603194
/home/tr3x/Projects/glow-mark/datasets/MEBeauty-database/original_images/male/indian/aryan-ghauri-dRatGbY1k8Y-unsplash.jpg,5.548611111111111,Indian,male,original,49.49585723876953,,0.12436121906226089
/home/tr3x/Projects/glow-mark/datasets/MEBeauty-database/original_images/male/indian/ashkan-forouzani-rHuReQyQ72c-unsplash.jpg,6.785123966942149,Indian,male,original,58.40407943725586,52.46923828125,0.7624657491694342
/home/tr3x/Projects/glow-mark/datasets/MEBeauty-database/original_images/male/indian/naga-sajjanapu-zXds99Aem5E-unsplash.jpg,5.598484848484848,Indian,male,original,54.748939514160156,,0.5006445584610048
/home/tr3x/Projects/glow-mark/datasets/MEBeauty-database/original_images/male/indian/shudipto-sarker-IoFK2MP2aJ0-unsplash.jpg,6.4259070294784575,Indian,male,original,53.48463439941406,,0.41008116621712526
/home/tr3x/Projects/glow-mark/datasets/MEBeauty-database/original_images/male/indian/sazzad-aryan-rjm8go9rL8Y-unsplash.jpg,6.282548476454293,Indian,male,original,39.48344802856445,,-0.5928372894576825
/home/tr3x/Projects/glow-mark/datasets/MEBeauty-database/original_images/male/indian/md-rakib-SW_pFXUOjTQ-unsplash.jpg,5.054398148148148,Indian,male,original,50.57330322265625,,0.20153971191358633
/home/tr3x/Projects/glow-mark/datasets/MEBeauty-database/original_images/female/indian/sarah-cervantes-79GLX12EY98-unsplash.jpg,7.3728,Indian,female,original,70.86808776855469,69.81926727294922,1.6552746623605255
/home/tr3x/Projects/glow-mark/datasets/MEBeauty-database/original_images/male/indian/kamran-ch-7pES3XC7l7Q-unsplash.jpg,6.728395061728396,Indian,male,original,77.61089324951172,,2.138268308810123
/home/tr3x/Projects/glow-mark/datasets/MEBeauty-database/original_images/male/indian/pexels-dhemer-gonçalves-3036415.jpg,6.578125,Indian,male,original,45.66392135620117,,-0.15012403638664115
/home/tr3x/Projects/glow-mark/datasets/MEBeauty-database/original_images/male/indian/india-4870636_1920.jpg,4.772142503711034,Indian,male,original,51.81570053100586,,0.2905338268993522
/home/tr3x/Projects/glow-mark/datasets/MEBeauty-database/original_images/female/indian/gift-habeshaw-XvqeCMXHwzQ-unsplash.jpg,7.32253086419753,Indian,female,original,47.78780746459961,48.62139129638672,0.002011969766306182
/home/tr3x/Projects/glow-mark/datasets/MEBeauty-database/original_images/male/indian/kids-2408614_1920.jpg,5.111111111111112,Indian,male,original,62.694374084472656,,1.0697836840935062
/home/tr3x/Projects/glow-mark/datasets/MEBeauty-database/original_images/male/indian/man-3346780_1920.jpg,6.097204839382561,Indian,male,original,57.78324508666992,,0.7179947870932585
/home/tr3x/Projects/glow-mark/datasets/MEBeauty-database/original_images/female/indian/portrait-4773342_1920.jpg,7.10820451843044,Indian,female,original,53.58162307739258,48.11826705932617,0.41702855857086707
/home/tr3x/Projects/glow-mark/datasets/MEBeauty-database/original_images/male/indian/man-2367954_1920.jpg,6.302461410095954,Indian,male,original,46.309478759765625,,-0.10388213823004853
/home/tr3x/Projects/glow-mark/datasets/MEBeauty-database/original_images/male/indian/muhammad-abdullah-hAnMkbSsDMs-unsplash.jpg,6.9818181818181815,Indian,male,original,35.1141471862793,,-0.9058145141767731
/home/tr3x/Projects/glow-mark/datasets/MEBeauty-database/original_images/female/indian/pexels-mentatdgt-1306557.jpg,7.209876543209877,Indian,female,original,44.35862350463867,35.547523498535156,-0.24362377782357114
/home/tr3x/Projects/glow-mark/datasets/MEBeauty-database/original_images/female/indian/natasha-kasim-BqD0Id4qemc-unsplash.jpg,6.966666666666667,Indian,female,original,42.46836471557617,37.47929000854492,-0.3790248342297117
/home/tr3x/Projects/glow-mark/datasets/MEBeauty-database/original_images/male/indian/couple-engagement-pictures-2136097_1920.jpg,3.7661223816592444,Indian,male,original,55.183013916015625,,0.5317377256559812
/home/tr3x/Projects/glow-mark/datasets/MEBeauty-database/original_images/male/indian/dollar-gill-X0iNZ0UZIrI-unsplash.jpg,4.812804878048781,Indian,male,original,34.996482849121094,,-0.9142429238975661
/home/tr3x/Projects/glow-mark/datasets/MEBeauty-database/original_images/male/indian/amir-soltani-9RcccOHau2M-unsplash.jpg,6.1660561660561655,Indian,male,original,61.5603141784668,,0.98854988151074
/home/tr3x/Projects/glow-mark/datasets/MEBeauty-database/original_images/female/indian/pexels-azraq-al-rezoan-5641188.jpg,7.382716049382716,Indian,female,original,59.03789520263672,50.07752227783203,0.8078665824817862
/home/tr3x/Projects/glow-mark/datasets/MEBeauty-database/original_images/female/indian/girl-517524_1920.jpg,5.555555555555555,Indian,female,original,50.274688720703125,49.663597106933594,0.1801496677267267
/home/tr3x/Projects/glow-mark/datasets/MEBeauty-database/original_images/female/indian/pexels-tima-miroshnichenko-5988665.jpg,7.75,Indian,female,original,57.70182418823242,51.9941291809082,0.7121625297717928
/home/tr3x/Projects/glow-mark/datasets/MEBeauty-database/original_images/female/indian/pexels-rafi-ahmed-haven-1253364.jpg,8.11111111111111,Indian,female,original,43.459049224853516,36.80783462524414,-0.30806114931126743
/home/tr3x/Projects/glow-mark/datasets/MEBeauty-database/original_images/male/indian/muhammad-murtaza-ghani-nUjfEYmJYl0-unsplash.jpg,4.430952380952381,Indian,male,original,56.02348327636719,,0.5919413548770551
/home/tr3x/Projects/glow-mark/datasets/MEBeauty-database/original_images/male/indian/pexels-sora-shimazaki-5935750.jpg,6.827160493827161,Indian,male,original,36.56798553466797,,-0.801674673984195
/home/tr3x/Projects/glow-mark/datasets/MEBeauty-database/original_images/male/indian/nith-in-w1N1WmLDyHU-unsplash.jpg,7.5041322314049586,Indian,male,original,44.42447280883789,,-0.23890692878481834
/home/tr3x/Projects/glow-mark/datasets/MEBeauty-database/original_images/male/indian/hadi-yazdi-aznaveh-TmRQRgugEsQ-unsplash.jpg,6.4298245614035086,Indian,male,original,47.42755889892578,,-0.023792981726724772
/home/tr3x/Projects/glow-mark/datasets/MEBeauty-database/original_images/male/indian/md-duran-msnDjv5cC_U-unsplash.jpg,3.5505482456140354,Indian,male,original,31.97530174255371,,-1.1306530344022663
/home/tr3x/Projects/glow-mark/datasets/MEBeauty-database/original_images/female/indian/59.jpg,7.738157894736842,Indian,female,original,52.105648040771484,47.88978576660156,0.31130304609397186
/home/tr3x/Projects/glow-mark/datasets/MEBeauty-database/original_images/male/indian/pexels-the-baljinder-4089881.jpg,4.0,Indian,male,original,45.45960235595703,,-0.1647596030280871
/home/tr3x/Projects/glow-mark/datasets/MEBeauty-database/original_images/female/indian/37.jpg,7.355882352941176,Indian,female,original,36.09663009643555,30.652557373046875,-0.8354383176972882
/home/tr3x/Projects/glow-mark/datasets/MEBeauty-database/original_images/female/indian/caroline-hernandez-vGacDiUiD7I-unsplash.jpg,5.1330589849108375,Indian,female,original,58.197731018066406,55.21040344238281,0.7476848132956504
/home/tr3x/Projects/glow-mark/datasets/MEBeauty-database/original_images/male/indian/amir-mohammad-jafari-tKEti7E86Kc-unsplash.jpg,4.73240022172949,Indian,male,original,37.62422561645508,35.125362396240234,-0.7260151803106257
/home/tr3x/Projects/glow-mark/datasets/MEBeauty-database/original_images/female/indian/portrait-5604743_1920.jpg,7.638888888888889,Indian,female,original,66.07177734375,50.735599517822266,1.3117103302552737
/home/tr3x/Projects/glow-mark/datasets/MEBeauty-database/original_images/male/indian/pexels-prince-photos-1537517.jpg,5.123456790123457,Indian,male,original,54.17048645019531,,0.4592094087368476
/home/tr3x/Projects/glow-mark/datasets/MEBeauty-database/original_images/female/indian/model-4255841_1920.jpg,6.758620689655173,Indian,female,original,88.23884582519531,89.97635650634766,2.8995587810505037
/home/tr3x/Projects/glow-mark/datasets/MEBeauty-database/original_images/male/indian/puvvukonvict-photography-0M_Aej4dRWU-unsplash.jpg,5.12962962962963,Indian,male,original,46.09210968017578,,-0.11945249461553188
/home/tr3x/Projects/glow-mark/datasets/MEBeauty-database/original_images/male/indian/amir-ahmadpour-UtaI5TkADPw-unsplash.jpg,5.062580231065469,Indian,male,original,31.74375343322754,,-1.1472390626610578
/home/tr3x/Projects/glow-mark/datasets/MEBeauty-database/original_images/male/indian/portrait-2529905_1920.jpg,4.12280701754386,Indian,male,original,25.74500274658203,,-1.5769353480525958
/home/tr3x/Projects/glow-mark/datasets/MEBeauty-database/original_images/female/indian/swarnavo-chakrabarti-1s-7JQTdXY4-unsplash.jpg,6.222222222222222,Indian,female,original,72.59038543701172,65.82594299316406,1.7786445020376493
/home/tr3x/Projects/glow-mark/datasets/MEBeauty-database/original_images/female/indian/pexels-arvind-shakya-796557.jpg,4.222222222222222,Indian,female,original,61.30809020996094,56.43156433105469,0.9704828358848973
/home/tr3x/Projects/glow-mark/datasets/MEBeauty-database/original_images/female/indian/face-5677905_1920.jpg,5.888888888888888,Indian,female,original,40.28721618652344,30.693675994873047,-0.5352626026883431
/home/tr3x/Projects/glow-mark/datasets/MEBeauty-database/original_images/female/indian/anshika-panchal-CX7WFaWeFhw-unsplash.jpg,7.875,Indian,female,original,59.46035385131836,49.68641662597656,0.838127702096934
/home/tr3x/Projects/glow-mark/datasets/MEBeauty-database/original_images/male/indian/rahadiansyah-3RQEJUpu-Dc-unsplash.jpg,4.243421052631579,Indian,male,original,60.584407806396484,,0.9186447687841697
/home/tr3x/Projects/glow-mark/datasets/MEBeauty-database/original_images/male/indian/pexels-ketut-subiyanto-4307733.jpg,6.222222222222222,Indian,male,original,47.859100341796875,,0.007118747178266065
/home/tr3x/Projects/glow-mark/datasets/MEBeauty-database/original_images/female/indian/shy-girl-5942197_1920.jpg,8.125,Indian,female,original,43.6812629699707,44.600765228271484,-0.2921437648711429
/home/tr3x/Projects/glow-mark/datasets/MEBeauty-database/original_images/female/indian/prom-1476761_1920.jpg,6.482222222222222,Indian,female,original,45.772151947021484,40.69266128540039,-0.1423713749958698
/home/tr3x/Projects/glow-mark/datasets/MEBeauty-database/original_images/female/indian/dollar-gill-wcd5bS3x9mE-unsplash.jpg,6.842499999999999,Indian,female,original,59.935306549072266,53.25235366821289,0.8721490209718592
/home/tr3x/Projects/glow-mark/datasets/MEBeauty-database/original_images/male/indian/diego-sanchez-ABNwyVyvCbo-unsplash.jpg,7.47107438016529,Indian,male,original,47.924537658691406,,0.011806085169852551
/home/tr3x/Projects/glow-mark/datasets/MEBeauty-database/original_images/male/indian/muhammad-murtaza-ghani-iDN_Q0zSvY8-unsplash.jpg,4.595041322314049,Indian,male,original,44.28126907348633,,-0.2491647501794876
/home/tr3x/Projects/glow-mark/datasets/MEBeauty-database/original_images/female/indian/woman-5922147_1920.jpg,3.6666666666666665,Indian,female,original,45.945552825927734,32.76072311401367,-0.1299505031440827
/home/tr3x/Projects/glow-mark/datasets/MEBeauty-database/original_images/male/indian/head-shots-1544781_1920.jpg,4.250532945736435,Indian,male,original,30.60662841796875,,-1.2286924219697328
/home/tr3x/Projects/glow-mark/datasets/MEBeauty-database/original_images/male/indian/jaikishan-patel-DSyyWrVjBNA-unsplash.jpg,4.095238095238096,Indian,male,original,29.388099670410156,,-1.3159768089729083
/home/tr3x/Projects/glow-mark/datasets/MEBeauty-database/original_images/female/indian/vaibhav-nagare-oM20muBHP_4-unsplash.jpg,7.273182957393485,Indian,female,original,51.99785614013672,37.553340911865234,0.3035818085034239
/home/tr3x/Projects/glow-mark/datasets/MEBeauty-database/original_images/male/indian/jennifer-marquez-kg9cClY_fuc-unsplash.jpg,6.565243902439025,Indian,male,original,73.59309387207031,,1.8504694723326518
/home/tr3x/Projects/glow-mark/datasets/MEBeauty-database/original_images/male/indian/10.jpg,7.276520864756159,Indian,male,original,53.01850891113281,,0.3766921488527825
/home/tr3x/Projects/glow-mark/datasets/MEBeauty-database/original_images/female/indian/pexels-jc-romero-3236737.jpg,7.666666666666667,Indian,female,original,51.52102279663086,35.68715286254883,0.26942577716319316
/home/tr3x/Projects/glow-mark/datasets/MEBeauty-database/original_images/male/indian/jyotirmoy-gupta-nBe68MZSIYY-unsplash.jpg,3.8362499999999997,Indian,male,original,71.21013641357422,,1.6797759360199398
/home/tr3x/Projects/glow-mark/datasets/MEBeauty-database/original_images/female/indian/sayan-ghosh-sVDp3cxrDR4-unsplash.jpg,7.111111111111111,Indian,female,original,37.45138168334961,33.40657424926758,-0.7383961575986508
/home/tr3x/Projects/glow-mark/datasets/MEBeauty-database/original_images/male/indian/keenan-constance-292Pth2Y5QM-unsplash.jpg,6.299319727891156,Indian,male,original,49.86924362182617,43.048309326171875,0.15110724505937392
/home/tr3x/Projects/glow-mark/datasets/MEBeauty-database/original_images/male/indian/man-3733308_1920.jpg,7.099795918367347,Indian,male,original,58.237632751464844,,0.7505430128637974
/home/tr3x/Projects/glow-mark/datasets/MEBeauty-database/original_images/female/indian/erick-marroquin-xlNSZ9aImbw-unsplash.jpg,6.372307692307693,Indian,female,original,45.662166595458984,46.38622283935547,-0.1502497315875348
/home/tr3x/Projects/glow-mark/datasets/MEBeauty-database/original_images/male/indian/115.jpg,7.033653846153847,Indian,male,original,44.863563537597656,,-0.20745443726554805
/home/tr3x/Projects/glow-mark/datasets/MEBeauty-database/original_images/female/indian/indian-4190972_1920.jpg,7.246913580246915,Indian,female,original,51.688472747802734,50.74747085571289,0.28142037833368866
/home/tr3x/Projects/glow-mark/datasets/MEBeauty-database/original_images/female/indian/portrait-4428523_1920.jpg,7.018518518518518,Indian,female,original,63.97856903076172,56.46025848388672,1.1617718041144716
/home/tr3x/Projects/glow-mark/datasets/MEBeauty-database/original_images/male/indian/muhammad-murtaza-ghani-Qt6x9oQ3H08-unsplash.jpg,5.158333333333333,Indian,male,original,54.13178634643555,,0.45643728305626907
/home/tr3x/Projects/glow-mark/datasets/MEBeauty-database/original_images/male/indian/guy7.jpg,5.95186403508772,Indian,male,original,80.44232940673828,,2.341086805966886
/home/tr3x/Projects/glow-mark/datasets/MEBeauty-database/original_images/female/indian/make-up-artist-3987573_1920.jpg,6.391200951248513,Indian,female,original,72.12416076660156,67.904052734375,1.7452483801619516
/home/tr3x/Projects/glow-mark/datasets/MEBeauty-database/original_images/female/indian/weeding-4207311_1920.jpg,6.258333333333334,Indian,female,original,75.6384506225586,73.28936767578125,1.9969803449951713
/home/tr3x/Projects/glow-mark/datasets/MEBeauty-database/original_images/male/indian/harps-joseph-tAvpDE7fXgY-unsplash.jpg,4.379561546840958,Indian,male,original,40.047637939453125,,-0.5524238231164414
/home/tr3x/Projects/glow-mark/datasets/MEBeauty-database/original_images/male/indian/nehal-patel-aho7nVdauuc-unsplash.jpg,5.5,Indian,male,original,37.2756233215332,,-0.7509858982203342
/home/tr3x/Projects/glow-mark/datasets/MEBeauty-database/original_images/male/indian/jordyn-montague-nV7GRL8ooJg-unsplash.jpg,6.218836565096953,Indian,male,original,56.11659622192383,,0.5986111247870839
/home/tr3x/Projects/glow-mark/datasets/MEBeauty-database/original_images/male/indian/salman-ahmad-JBxAQ_Blorw-unsplash.jpg,4.187012987012987,Indian,male,original,47.50872039794922,,-0.017979305434956433
/home/tr3x/Projects/glow-mark/datasets/MEBeauty-database/original_images/male/indian/juanma-velasquez-JrNsKhB5aRQ-unsplash.jpg,5.354743447766704,Indian,male,original,35.287750244140625,,-0.8933791600518395
/home/tr3x/Projects/glow-mark/datasets/MEBeauty-database/original_images/male/indian/pexels-daniel-xavier-1212984.jpg,6.888888888888888,Indian,male,original,44.796791076660156,,-0.2122374129099884
/home/tr3x/Projects/glow-mark/datasets/MEBeauty-database/original_images/male/indian/people-3358068_1920.jpg,4.277435502502888,Indian,male,original,57.69292449951172,,0.7115250365029127
/home/tr3x/Projects/glow-mark/datasets/MEBeauty-database/original_images/male/indian/pexels-fauxels-3184408.jpg,7.0,Indian,male,original,36.49979782104492,,-0.8065590255406605
/home/tr3x/Projects/glow-mark/datasets/MEBeauty-database/original_images/male/indian/india-1129954_1920.jpg,2.9482323232323235,Indian,male,original,49.85279083251953,,0.14992871592577753
/home/tr3x/Projects/glow-mark/datasets/MEBeauty-database/original_images/female/indian/model-4668350_1920.jpg,5.159642401021712,Indian,female,original,62.79838180541992,57.393798828125,1.0772338572508227
/home/tr3x/Projects/glow-mark/datasets/MEBeauty-database/original_images/male/indian/himanshu-dewangan-brk2ZfYTOp8-unsplash.jpg,5.914347826086956,Indian,male,original,61.157615661621094,,0.9597041991578295
/home/tr3x/Projects/glow-mark/datasets/MEBeauty-database/original_images/female/indian/indian-girl-4985302_1920.jpg,6.137931034482759,Indian,female,original,62.417232513427734,65.73274230957031,1.0499317666149734
/home/tr3x/Projects/glow-mark/datasets/MEBeauty-database/original_images/female/indian/girl-4656172_1920.jpg,4.2865636147443515,Indian,female,original,40.515953063964844,37.393516540527344,-0.5188779600014183
/home/tr3x/Projects/glow-mark/datasets/MEBeauty-database/original_images/female/indian/pexels-devil-imran-6414067.jpg,5.925925925925926,Indian,female,original,68.79749298095703,61.97525405883789,1.506955964808631
/home/tr3x/Projects/glow-mark/datasets/MEBeauty-database/original_images/male/indian/children-82272_1920.jpg,4.111111111111112,Indian,male,original,60.70444107055664,,0.9272428670261692
/home/tr3x/Projects/glow-mark/datasets/MEBeauty-database/original_images/female/indian/pexels-azraq-al-rezoan-5151189.jpg,7.888888888888888,Indian,female,original,82.46367645263672,80.3765869140625,2.485877840380656
/home/tr3x/Projects/glow-mark/datasets/MEBeauty-database/original_images/female/indian/yogendra-singh-2W1bkp_Mie4-unsplash.jpg,5.965561224489796,Indian,female,original,35.17689514160156,35.2750129699707,-0.9013198177430779
/home/tr3x/Projects/glow-mark/datasets/MEBeauty-database/original_images/male/indian/mitchell-luo-mVSlJeuqtL0-unsplash.jpg,5.665705931495404,Indian,male,original,50.1641960144043,,0.17223496882697722
/home/tr3x/Projects/glow-mark/datasets/MEBeauty-database/original_images/female/indian/woman-smiling-1057659_1920.jpg,7.111111111111112,Indian,female,original,84.55921173095703,78.96172332763672,2.635983049287861
/home/tr3x/Projects/glow-mark/datasets/MEBeauty-database/original_images/female/indian/pexels-miguel-arcanjo-saddi-1213768.jpg,7.333333333333333,Indian,female,original,55.19706344604492,45.74500274658203,0.5327441070144406
/home/tr3x/Projects/glow-mark/datasets/MEBeauty-database/original_images/female/indian/woman-4686064_1920.jpg,5.926020408163266,Indian,female,original,66.80399322509766,59.428768157958984,1.3641596585829558
/home/tr3x/Projects/glow-mark/datasets/MEBeauty-database/original_images/male/indian/man-2933801_1920.jpg,4.340780141843971,Indian,male,original,37.060970306396484,,-0.766361700294869
/home/tr3x/Projects/glow-mark/datasets/MEBeauty-database/original_images/female/indian/model-5576796_1920.jpg,7.950617283950617,Indian,female,original,46.83326721191406,37.41852569580078,-0.06636266726416552
/home/tr3x/Projects/glow-mark/datasets/MEBeauty-database/original_images/male/indian/hossein-rezaei--paUf05gaUs-unsplash.jpg,6.256944444444444,Indian,male,original,49.9060173034668,,0.1537413792694062
/home/tr3x/Projects/glow-mark/datasets/MEBeauty-database/original_images/male/indian/rahabi-khan-eNafqf_0ZWQ-unsplash.jpg,6.083333333333333,Indian,male,original,32.26400375366211,,-1.1099730314752376
/home/tr3x/Projects/glow-mark/datasets/MEBeauty-database/original_images/female/indian/54.jpg,8.126934984520124,Indian,female,original,62.2064094543457,58.234352111816406,1.034830307978911
/home/tr3x/Projects/glow-mark/datasets/MEBeauty-database/original_images/female/indian/pexels-himesh-mehta-3059930.jpg,1.5,Indian,female,original,34.669532775878906,29.349361419677734,-0.9376626723284216
/home/tr3x/Projects/glow-mark/datasets/MEBeauty-database/original_images/female/indian/woman-3105856_1920.jpg,3.9310344827586206,Indian,female,original,87.33771514892578,74.55613708496094,2.8350099233846233
/home/tr3x/Projects/glow-mark/datasets/MEBeauty-database/original_images/male/indian/pexels-ibadat-singh-2955247.jpg,4.111111111111112,Indian,male,original,33.62002944946289,,-1.0128396057307338
/home/tr3x/Projects/glow-mark/datasets/MEBeauty-database/original_images/male/indian/yogendra-singh-DFyFd76t1NY-unsplash.jpg,4.490304709141275,Indian,male,original,51.75693893432617,,0.2863246771720351
/home/tr3x/Projects/glow-mark/datasets/MEBeauty-database/original_images/male/indian/mitchell-luo-Mp8ZXtgR_Lg-unsplash.jpg,5.376364499288088,Indian,male,original,41.2591667175293,,-0.465640850664657
/home/tr3x/Projects/glow-mark/datasets/MEBeauty-database/original_images/female/indian/zahra-amiri-QuL60_NbW_0-unsplash.jpg,5.833333333333333,Indian,female,original,53.996482849121094,45.01930236816406,0.44674536331605796
/home/tr3x/Projects/glow-mark/datasets/MEBeauty-database/original_images/female/indian/female-1544783_1920.jpg,6.200549450549451,Indian,female,original,48.6301383972168,39.33001708984375,0.06234894520050201
/home/tr3x/Projects/glow-mark/datasets/MEBeauty-database/original_images/female/indian/awab-husameldin-YOytR4BXEqM-unsplash.jpg,5.87603305785124,Indian,female,original,53.66217041015625,50.21404266357422,0.4227982415423226
/home/tr3x/Projects/glow-mark/datasets/MEBeauty-database/original_images/male/indian/indian-3459541_1920.jpg,5.325,Indian,male,original,53.36343002319336,,0.401399180091051
/home/tr3x/Projects/glow-mark/datasets/MEBeauty-database/original_images/female/indian/indian-4755323_1920.jpg,6.273809523809524,Indian,female,original,57.33728790283203,46.03219985961914,0.6860504447878827
/home/tr3x/Projects/glow-mark/datasets/MEBeauty-database/original_images/male/indian/young-1761404_1920.jpg,5.249433106575964,Indian,male,original,35.04918670654297,,-0.9104676958637689
/home/tr3x/Projects/glow-mark/datasets/MEBeauty-database/original_images/female/indian/youth-3983781_1920.jpg,5.8965517241379315,Indian,female,original,75.47057342529297,65.7643814086914,1.9849551397757625
/home/tr3x/Projects/glow-mark/datasets/MEBeauty-database/original_images/female/indian/jennifer-marquez-9oLwI18NFfY-unsplash.jpg,8.75,Indian,female,original,33.66384506225586,34.001216888427734,-1.0097010512145066
/home/tr3x/Projects/glow-mark/datasets/MEBeauty-database/original_images/female/indian/anelale-najera--p_HZ1et98U-unsplash.jpg,2.9642857142857144,Indian,female,original,30.965919494628906,31.393037796020508,-1.20295605633632
/home/tr3x/Projects/glow-mark/datasets/MEBeauty-database/original_images/female/indian/pexels-trung-nguyen-2435583.jpg,5.444444444444445,Indian,female,original,45.67962646484375,41.83340072631836,-0.1489990643386429
/home/tr3x/Projects/glow-mark/datasets/MEBeauty-database/original_images/female/indian/juniar-baresi-1g-BQ3wkgWI-unsplash.jpg,6.388888888888888,Indian,female,original,71.01618194580078,71.4098892211914,1.6658827908150766
/home/tr3x/Projects/glow-mark/datasets/MEBeauty-database/original_images/female/indian/32.jpg,7.026315789473684,Indian,female,original,87.33771514892578,74.55613708496094,2.8350099233846233
/home/tr3x/Projects/glow-mark/datasets/MEBeauty-database/original_images/male/indian/evan-dvorkin-FLhnC9S_UE8-unsplash.jpg,7.1215217391304355,Indian,male,original,31.995738983154297,,-1.1291890951875103
/home/tr3x/Projects/glow-mark/datasets/MEBeauty-database/original_images/female/indian/teenager-1612462_1920.jpg,6.997732426303855,Indian,female,original,57.946937561035156,40.27919387817383,0.7297202365835797
/home/tr3x/Projects/glow-mark/datasets/MEBeauty-database/original_images/male/indian/kazi-mizan-S3FoV56-Wbk-unsplash.jpg,5.284332688588008,Indian,male,original,62.73439407348633,,1.0726503544251917
/home/tr3x/Projects/glow-mark/datasets/MEBeauty-database/original_images/male/indian/pratik-gupta-PeG9dqAbyjE-unsplash.jpg,4.294117647058823,Indian,male,original,49.163246154785156,43.08853530883789,0.10053596698330503
/home/tr3x/Projects/glow-mark/datasets/MEBeauty-database/original_images/female/indian/indian-4755313_1920.jpg,5.92318244170096,Indian,female,original,77.61801147460938,73.46918487548828,2.1387781941250523
/home/tr3x/Projects/glow-mark/datasets/MEBeauty-database/original_images/female/indian/young-1822685_1920.jpg,5.730769230769231,Indian,female,original,86.03461456298828,78.01632690429688,2.7416675741992473
/home/tr3x/Projects/glow-mark/datasets/MEBeauty-database/original_images/male/indian/muhammad-murtaza-ghani-Z5zPPTDQtHU-unsplash.jpg,6.835714285714286,Indian,male,original,40.140968322753906,,-0.5457384779315192
/home/tr3x/Projects/glow-mark/datasets/MEBeauty-database/original_images/male/indian/md-duran-RhIXw1Ua-NI-unsplash.jpg,4.9701064701064706,Indian,male,original,49.73976135253906,,0.1418323054856057
/home/tr3x/Projects/glow-mark/datasets/MEBeauty-database/original_images/male/indian/lijo-easo-1JEg1c--_dM-unsplash.jpg,5.956944444444444,Indian,male,original,53.06183624267578,,0.3797957273131089
/home/tr3x/Projects/glow-mark/datasets/MEBeauty-database/original_images/female/indian/pexels-mentatdgt-1167134.jpg,6.825396825396825,Indian,female,original,31.74158477783203,32.093692779541016,-1.1473944055343361
/home/tr3x/Projects/glow-mark/datasets/MEBeauty-database/original_images/male/indian/ashkan-forouzani-YlAp3Y7VUmA-unsplash.jpg,3.456702898550725,Indian,male,original,37.75947952270508,,-0.716326812826092
/home/tr3x/Projects/glow-mark/datasets/MEBeauty-database/original_images/male/indian/farhan-shaikh-9TYryqt3wLk-unsplash.jpg,4.370900417412045,Indian,male,original,26.414779663085938,,-1.528958582873234
/home/tr3x/Projects/glow-mark/datasets/MEBeauty-database/original_images/female/indian/pexels-arif-khan-4595532.jpg,9.375,Indian,female,original,68.95573425292969,67.5312271118164,1.5182909394248716
/home/tr3x/Projects/glow-mark/datasets/MEBeauty-database/original_images/female/indian/girl-5898963_1920.jpg,7.37037037037037,Indian,female,original,36.52653503417969,32.906654357910156,-0.8046438132296525
/home/tr3x/Projects/glow-mark/datasets/MEBeauty-database/original_images/female/indian/woman-5267153_1920.jpg,4.0,Indian,female,original,44.76985168457031,38.10692596435547,-0.21416710749414275
/home/tr3x/Projects/glow-mark/datasets/MEBeauty-database/original_images/female/indian/indian-5033682_1920.jpg,7.040868454661558,Indian,female,original,83.64178466796875,72.25186920166016,2.57026686575629
/home/tr3x/Projects/glow-mark/datasets/MEBeauty-database/original_images/female/indian/child-3199624_1920.jpg,6.666666666666667,Indian,female,original,77.16867065429688,71.0462875366211,2.106591478682301
/home/tr3x/Projects/glow-mark/datasets/MEBeauty-database/original_images/female/indian/pradeep-ranjan-qMrXRcDP5Vw-unsplash.jpg,7.26,Indian,female,original,47.21267318725586,36.02246856689453,-0.03918545207789991
/home/tr3x/Projects/glow-mark/datasets/MEBeauty-database/original_images/male/indian/ashkan-forouzani-b8dhPVAxWfE-unsplash.jpg,5.595041322314049,Indian,male,original,42.885032653808594,,-0.349178508777513
/home/tr3x/Projects/glow-mark/datasets/MEBeauty-database/original_images/female/indian/jyotirmoy-gupta-AXBsyZVjPLQ-unsplash.jpg,4.037037037037037,Indian,female,original,51.5702018737793,51.17161560058594,0.27294852179345624
/home/tr3x/Projects/glow-mark/datasets/MEBeauty-database/original_images/male/indian/man-5465729_1920.jpg,6.026315789473684,Indian,male,original,48.4508171081543,,0.049503988670917216
/home/tr3x/Projects/glow-mark/datasets/MEBeauty-database/original_images/female/indian/indian-5033667_1920.jpg,5.503642039542144,Indian,female,original,71.86368560791016,75.18121337890625,1.726590293841472
/home/tr3x/Projects/glow-mark/datasets/MEBeauty-database/original_images/male/indian/pexels-atul-choudhary-2753381.jpg,6.0,Indian,male,original,56.82067108154297,54.172393798828125,0.6490446846430432
/home/tr3x/Projects/glow-mark/datasets/MEBeauty-database/original_images/male/indian/guy3.jpg,7.198901098901099,Indian,male,original,34.60822677612305,,-0.9420540800970345
/home/tr3x/Projects/glow-mark/datasets/MEBeauty-database/original_images/female/indian/agnieszka-kowalczyk-W0d-rh52NgE-unsplash.jpg,5.507936507936508,Indian,female,original,66.45173645019531,64.00191497802734,1.3389271667548646
/home/tr3x/Projects/glow-mark/datasets/MEBeauty-database/original_images/male/indian/portrait-1469500_1920.jpg,5.410235015992213,Indian,male,original,59.07264709472656,,0.810355893960354
/home/tr3x/Projects/glow-mark/datasets/MEBeauty-database/original_images/male/indian/ashkan-forouzani-L9YcNysgL94-unsplash.jpg,6.648441427853193,Indian,male,original,68.20437622070312,,1.4644704404057018
/home/tr3x/Projects/glow-mark/datasets/MEBeauty-database/original_images/male/indian/chirag-dulyan-qOd6UZdvMC4-unsplash.jpg,4.7215879605604565,Indian,male,original,59.151119232177734,,0.815976928694231
/home/tr3x/Projects/glow-mark/datasets/MEBeauty-database/original_images/male/indian/pexels-zain-ali-905470.jpg,4.041666666666666,Indian,male,original,36.85219192504883,,-0.781316696696847
/home/tr3x/Projects/glow-mark/datasets/MEBeauty-database/original_images/female/indian/35.jpg,7.152354570637119,Indian,female,original,43.459049224853516,36.80783462524414,-0.30806114931126743
/home/tr3x/Projects/glow-mark/datasets/MEBeauty-database/original_images/female/indian/asit-khanda-Oq_cWa7a67Y-unsplash.jpg,5.252080856123663,Indian,female,original,50.40778350830078,54.20660400390625,0.18968337546407382
/home/tr3x/Projects/glow-mark/datasets/MEBeauty-database/original_images/male/indian/people-3231960_1920.jpg,3.0302795031055902,Indian,male,original,47.2989387512207,,-0.03300616670179307
/home/tr3x/Projects/glow-mark/datasets/MEBeauty-database/original_images/male/indian/athul-krishna-kmrgLHTOo8s-unsplash.jpg,4.986111111111111,Indian,male,original,50.01282501220703,,0.161392118247279
/home/tr3x/Projects/glow-mark/datasets/MEBeauty-database/original_images/male/indian/eric-joseph-GMCsqQHOW0A-unsplash.jpg,4.476136363636363,Indian,male,original,77.06244659423828,,2.098982547021247
/home/tr3x/Projects/glow-mark/datasets/MEBeauty-database/original_images/female/indian/sylvester-dsouza-LAprsXXH-Nc-unsplash.jpg,3.684210526315789,Indian,female,original,51.066524505615234,44.89092254638672,0.23686962712998919
/home/tr3x/Projects/glow-mark/datasets/MEBeauty-database/original_images/female/indian/model-5576784_1920.jpg,7.92063492063492,Indian,female,original,57.04453659057617,47.378631591796875,0.6650803865222699
/home/tr3x/Projects/glow-mark/datasets/MEBeauty-database/original_images/female/indian/indian-5449593_1920.jpg,4.888888888888888,Indian,female,original,44.965511322021484,42.69643020629883,-0.20015181934406331
/home/tr3x/Projects/glow-mark/datasets/MEBeauty-database/original_images/female/hispanic/woman-5870296_1920.jpg,8.444444444444445,Latino_Hispanic,female,original,63.469478607177734,60.3585319519043,1.1494313032975632
/home/tr3x/Projects/glow-mark/datasets/MEBeauty-database/original_images/female/hispanic/couple-5227606_1920.jpg,6.666666666666667,Latino_Hispanic,female,original,26.715171813964844,25.460609436035156,-1.3889308965226859
/home/tr3x/Projects/glow-mark/datasets/MEBeauty-database/original_images/female/hispanic/2.jpg,6.231956845238095,Latino_Hispanic,female,original,46.36323165893555,42.70140838623047,-0.03197720152089286
/home/tr3x/Projects/glow-mark/datasets/MEBeauty-database/original_images/female/hispanic/girl-390568_1920.jpg,4.64,Latino_Hispanic,female,original,67.46198272705078,62.62685012817383,1.4251655620751982
/home/tr3x/Projects/glow-mark/datasets/MEBeauty-database/original_images/male/hispanic/pexels-italo-melo-2379005.jpg,7.074074074074074,Latino_Hispanic,male,original,48.7046012878418,43.69877243041992,0.1297247779304045
/home/tr3x/Projects/glow-mark/datasets/MEBeauty-database/original_images/female/hispanic/woman-2773007_1920.jpg,7.604938271604938,Latino_Hispanic,female,original,47.35505294799805,38.35890197753906,0.03652093893643572
/home/tr3x/Projects/glow-mark/datasets/MEBeauty-database/original_images/female/hispanic/alex-blajan-iRsktlI-hls-unsplash.jpg,5.964334705075446,Latino_Hispanic,female,original,41.311649322509766,32.56135940551758,-0.38085456504202253
/home/tr3x/Projects/glow-mark/datasets/MEBeauty-database/original_images/female/hispanic/girl-4610430_1920.jpg,6.653846153846154,Latino_Hispanic,female,original,70.66768646240234,71.56193542480469,1.6465610363911938
/home/tr3x/Projects/glow-mark/datasets/MEBeauty-database/original_images/male/hispanic/jaime-spaniol-0g9FHYb3IEY-unsplash.jpg,7.371212121212121,Latino_Hispanic,male,original,60.817344665527344,57.09016036987305,0.9662670122602802
/home/tr3x/Projects/glow-mark/datasets/MEBeauty-database/original_images/male/hispanic/allef-vinicius-_5ZkuqGEIW0-unsplash.jpg,6.7004283965728275,Latino_Hispanic,male,original,59.73112106323242,41.03123474121094,0.8912491661033458
/home/tr3x/Projects/glow-mark/datasets/MEBeauty-database/original_images/female/hispanic/omid-armin-xOjzehJ49Hk-unsplash.jpg,6.958994708994709,Latino_Hispanic,female,original,52.67795181274414,49.93623352050781,0.40413623223405404
/home/tr3x/Projects/glow-mark/datasets/MEBeauty-database/original_images/female/hispanic/huseyin-topcu-pE5dKSGH6G8-unsplash(1).jpg,7.935672514619883,Latino_Hispanic,female,original,50.6219482421875,43.094539642333984,0.26214248506426197
/home/tr3x/Projects/glow-mark/datasets/MEBeauty-database/original_images/male/hispanic/misael-silvera-5CSRi249CQk-unsplash.jpg,6.354166666666667,Latino_Hispanic,male,original,34.86236572265625,34.66463088989258,-0.8262613522763242
/home/tr3x/Projects/glow-mark/datasets/MEBeauty-database/original_images/male/hispanic/pexels-armin-rimoldi-5301742.jpg,4.152777777777778,Latino_Hispanic,male,original,55.96398162841797,54.87578201293945,0.631079265563934
/home/tr3x/Projects/glow-mark/datasets/MEBeauty-database/original_images/female/hispanic/engin-akyurt-N7YaZf7szz0-unsplash.jpg,6.536111111111111,Latino_Hispanic,female,original,59.94512939453125,56.05152893066406,0.9060292206333327
/home/tr3x/Projects/glow-mark/datasets/MEBeauty-database/original_images/female/hispanic/portrait-4137472_1920.jpg,6.766666666666667,Latino_Hispanic,female,original,65.3658218383789,58.26385498046875,1.2803984305800435
/home/tr3x/Projects/glow-mark/datasets/MEBeauty-database/original_images/male/hispanic/raj-rana-pgwb84pGonM-unsplash.jpg,5.518855218855219,Latino_Hispanic,male,original,54.94820785522461,49.108009338378906,0.5609268950145609
/home/tr3x/Projects/glow-mark/datasets/MEBeauty-database/original_images/female/hispanic/girl-4818720_1920.jpg,7.037037037037037,Latino_Hispanic,female,original,46.52004623413086,41.79081726074219,-0.02114711860581646
/home/tr3x/Projects/glow-mark/datasets/MEBeauty-database/original_images/male/hispanic/pexels-javon-swaby-2778211.jpg,4.382716049382716,Latino_Hispanic,male,original,37.61737060546875,34.880802154541016,-0.6359924868016844
/home/tr3x/Projects/glow-mark/datasets/MEBeauty-database/original_images/male/hispanic/man-947161_1920.jpg,5.4299790356394135,Latino_Hispanic,male,original,51.51331329345703,52.34200668334961,0.32370281771080867
/home/tr3x/Projects/glow-mark/datasets/MEBeauty-database/original_images/male/hispanic/daniil-onischenko-YtvwVAVUrLI-unsplash.jpg,6.418128654970761,Latino_Hispanic,male,original,42.41249084472656,38.861515045166016,-0.3048271616765017
/home/tr3x/Projects/glow-mark/datasets/MEBeauty-database/original_images/male/hispanic/wonderlane-WzWScssFGJU-unsplash.jpg,5.52280701754386,Latino_Hispanic,male,original,57.942752838134766,59.77601623535156,0.7677391152271911
/home/tr3x/Projects/glow-mark/datasets/MEBeauty-database/original_images/male/hispanic/guy8.jpg,7.450067476383265,Latino_Hispanic,male,original,50.05670166015625,44.47377395629883,0.22310486790885767
/home/tr3x/Projects/glow-mark/datasets/MEBeauty-database/original_images/male/hispanic/ante-samarzija-hOc5-fe3fzE-unsplash.jpg,5.166666666666667,Latino_Hispanic,male,original,56.488338470458984,57.772674560546875,0.6672929151517917
/home/tr3x/Projects/glow-mark/datasets/MEBeauty-database/original_images/male/hispanic/man-2030662_1920.jpg,6.5254333617504985,Latino_Hispanic,male,original,53.87783432006836,42.08745193481445,0.4870037018330119
/home/tr3x/Projects/glow-mark/datasets/MEBeauty-database/original_images/male/hispanic/man-1613566_1920.jpg,4.934517203107658,Latino_Hispanic,male,original,48.6607780456543,40.73710250854492,0.12669821393973607
/home/tr3x/Projects/glow-mark/datasets/MEBeauty-database/original_images/female/hispanic/mateus-campos-felipe-AMSLWjFhivg-unsplash.jpg,7.722222222222222,Latino_Hispanic,female,original,76.26776885986328,70.31967163085938,2.0333194523115443
/home/tr3x/Projects/glow-mark/datasets/MEBeauty-database/original_images/male/hispanic/man-1928649_1920.jpg,4.357142857142858,Latino_Hispanic,male,original,75.99588775634766,75.75141906738281,2.0145425312858722
/home/tr3x/Projects/glow-mark/datasets/MEBeauty-database/original_images/male/hispanic/jack-finnigan-veB8-OSCyM4-unsplash.jpg,6.473684210526315,Latino_Hispanic,male,original,49.696922302246094,46.19496536254883,0.1982574309123481
/home/tr3x/Projects/glow-mark/datasets/MEBeauty-database/original_images/female/hispanic/francesca-zama-1fhl_kmbfAE-unsplash.jpg,9.358024691358025,Latino_Hispanic,female,original,37.2928581237793,36.499549865722656,-0.6584042879961632
/home/tr3x/Projects/glow-mark/datasets/MEBeauty-database/original_images/male/hispanic/man-1209137_1920.jpg,5.292207792207792,Latino_Hispanic,male,original,69.50395965576172,67.07334899902344,1.5661905874662918
/home/tr3x/Projects/glow-mark/datasets/MEBeauty-database/original_images/female/hispanic/26.jpg,7.446712018140589,Latino_Hispanic,female,original,51.02976989746094,49.8205451965332,0.29030786660277
/home/tr3x/Projects/glow-mark/datasets/MEBeauty-database/original_images/male/hispanic/elvis-ray-sIIoJ0uGkUc-unsplash.jpg,6.573906485671192,Latino_Hispanic,male,original,44.38039779663086,42.14262771606445,-0.16891763010563868
/home/tr3x/Projects/glow-mark/datasets/MEBeauty-database/original_images/female/hispanic/kunj-parekh-VfC7Pm5BxuI-unsplash.jpg,7.080000000000001,Latino_Hispanic,female,original,41.48110580444336,43.161041259765625,-0.3691513942905016
/home/tr3x/Projects/glow-mark/datasets/MEBeauty-database/original_images/female/hispanic/mark-decile-hAw-uxfLXD4-unsplash.jpg,7.13573407202216,Latino_Hispanic,female,original,51.476261138916016,50.6347541809082,0.3211438852559547
/home/tr3x/Projects/glow-mark/datasets/MEBeauty-database/original_images/female/hispanic/raamin-ka-ucfVRXL2PrY-unsplash.jpg,8.583333333333334,Latino_Hispanic,female,original,56.08134078979492,54.665283203125,0.6391844397607406
/home/tr3x/Projects/glow-mark/datasets/MEBeauty-database/original_images/male/hispanic/nathan-dumlao-iKwCVH4cyjQ-unsplash.jpg,4.634920634920635,Latino_Hispanic,male,original,32.77694320678711,29.089515686035156,-0.9702868596738352
/home/tr3x/Projects/glow-mark/datasets/MEBeauty-database/original_images/male/hispanic/kenzie-kraft-9QW52RyBLao-unsplash.jpg,6.778265765765767,Latino_Hispanic,male,original,35.800086975097656,25.02461814880371,-0.7614995219265566
/home/tr3x/Projects/glow-mark/datasets/MEBeauty-database/original_images/male/hispanic/ziphaus-Fkb4-bLAE4o-unsplash.jpg,5.485185185185185,Latino_Hispanic,male,original,53.799129486083984,49.45315933227539,0.4815681109333365
/home/tr3x/Projects/glow-mark/datasets/MEBeauty-database/original_images/male/hispanic/oosman-exptal-K2exjqPg3Zs-unsplash.jpg,6.0,Latino_Hispanic,male,original,34.820194244384766,29.49969482421875,-0.8291738405176926
/home/tr3x/Projects/glow-mark/datasets/MEBeauty-database/original_images/male/hispanic/man-352563_1280.jpg,4.335849787069299,Latino_Hispanic,male,original,53.06743240356445,53.746726989746094,0.4310349250828742
/home/tr3x/Projects/glow-mark/datasets/MEBeauty-database/original_images/female/hispanic/dorothy-puscas-kMgtp2f7yKs-unsplash.jpg,7.0586419753086425,Latino_Hispanic,female,original,46.13897705078125,42.727752685546875,-0.047464894532681226
/home/tr3x/Projects/glow-mark/datasets/MEBeauty-database/original_images/female/hispanic/girl-676185_1920.jpg,7.935672514619883,Latino_Hispanic,female,original,51.14296340942383,51.52346420288086,0.29812534860965584
/home/tr3x/Projects/glow-mark/datasets/MEBeauty-database/original_images/male/hispanic/joao-marinho-5rpUUOuBQ5w-unsplash.jpg,6.38781163434903,Latino_Hispanic,male,original,56.47014617919922,45.911956787109375,0.6660365011831725
/home/tr3x/Projects/glow-mark/datasets/MEBeauty-database/original_images/female/hispanic/joseph-perez-pSa5RttmLHs-unsplash.jpg,6.681818181818182,Latino_Hispanic,female,original,34.48162078857422,30.128049850463867,-0.8525567345803472
/home/tr3x/Projects/glow-mark/datasets/MEBeauty-database/original_images/male/hispanic/ismail-taibi-yLFFEhcaYyw-unsplash.jpg,5.937148772552499,Latino_Hispanic,male,original,51.92672348022461,40.816978454589844,0.3522541599253551
/home/tr3x/Projects/glow-mark/datasets/MEBeauty-database/original_images/male/hispanic/man-2087436_1920.jpg,5.501415701415702,Latino_Hispanic,male,original,58.46995544433594,54.053401947021484,0.8041493017872842
/home/tr3x/Projects/glow-mark/datasets/MEBeauty-database/original_images/female/hispanic/women-4043627_1920.jpg,6.005291005291006,Latino_Hispanic,female,original,77.23217010498047,63.3812255859375,2.0999238826396143
/home/tr3x/Projects/glow-mark/datasets/MEBeauty-database/original_images/female/hispanic/ben-o-bro-ly748H13ts0-unsplash.jpg,7.027700831024932,Latino_Hispanic,female,original,71.42045593261719,72.53416442871094,1.6985495442719878
/home/tr3x/Projects/glow-mark/datasets/MEBeauty-database/original_images/female/hispanic/joao-paulo-de-souza-oliveira-ZHKKg9lnCSk-unsplash.jpg,8.331578947368422,Latino_Hispanic,female,original,35.384674072265625,27.884479522705078,-0.7901891776939496
/home/tr3x/Projects/glow-mark/datasets/MEBeauty-database/original_images/male/hispanic/matheus-farias-_jOsfORtjew-unsplash.jpg,5.657894736842105,Latino_Hispanic,male,original,62.214866638183594,54.55325698852539,1.0627840536172926
/home/tr3x/Projects/glow-mark/datasets/MEBeauty-database/original_images/female/hispanic/jacob-mejicanos-gcYA1p1_b28-unsplash.jpg,6.527272727272728,Latino_Hispanic,female,original,56.677452087402344,41.371490478515625,0.6803536663562997
/home/tr3x/Projects/glow-mark/datasets/MEBeauty-database/original_images/female/hispanic/joe-milne-MuDYCc7EE_o-unsplash.jpg,7.189393939393939,Latino_Hispanic,female,original,53.89793014526367,55.59193801879883,0.48839157954043194
/home/tr3x/Projects/glow-mark/datasets/MEBeauty-database/original_images/female/hispanic/pexels-talal-hakim-4593319.jpg,7.888888888888888,Latino_Hispanic,female,original,51.02976989746094,49.8205451965332,0.29030786660277
/home/tr3x/Projects/glow-mark/datasets/MEBeauty-database/original_images/female/hispanic/girl-2410042_1920.jpg,6.940789473684211,Latino_Hispanic,female,original,75.58422088623047,83.74551391601562,1.986111587725899
/home/tr3x/Projects/glow-mark/datasets/MEBeauty-database/original_images/male/hispanic/gaurav-saini-lIxF9Xk6t5E-unsplash.jpg,6.760233918128654,Latino_Hispanic,male,original,43.46749496459961,45.02388381958008,-0.2319654262176549
/home/tr3x/Projects/glow-mark/datasets/MEBeauty-database/original_images/male/hispanic/boy-1284509_1920.jpg,6.3725000000000005,Latino_Hispanic,male,original,61.92329025268555,54.86585998535156,1.04264691759477
/home/tr3x/Projects/glow-mark/datasets/MEBeauty-database/original_images/male/hispanic/guilherme-franca-dNSQPOcDyN8-unsplash.jpg,5.208333333333333,Latino_Hispanic,male,original,43.019962310791016,51.6486930847168,-0.2628733679183198
/home/tr3x/Projects/glow-mark/datasets/MEBeauty-database/original_images/female/hispanic/hian-oliveira-n_L_ppO4QtY-unsplash.jpg,7.064102564102564,Latino_Hispanic,female,original,29.224117279052734,27.648174285888672,-1.2156556293323502
/home/tr3x/Projects/glow-mark/datasets/MEBeauty-database/original_images/female/hispanic/beautiful-1887355_1920.jpg,7.570749108204518,Latino_Hispanic,female,original,75.66681671142578,59.23822784423828,1.9918159020996762
/home/tr3x/Projects/glow-mark/datasets/MEBeauty-database/original_images/female/hispanic/beautiful-1845148_1920.jpg,7.749094202898552,Latino_Hispanic,female,original,50.29300308227539,47.25670623779297,0.23942454987281622
/home/tr3x/Projects/glow-mark/datasets/MEBeauty-database/original_images/female/hispanic/sergio-souza-P-PKKQvASEE-unsplash.jpg,7.575757575757575,Latino_Hispanic,female,original,51.652854919433594,45.365230560302734,0.33333997916438207
/home/tr3x/Projects/glow-mark/datasets/MEBeauty-database/original_images/female/hispanic/hussein-sorkheveis-ACIknRqDnBQ-unsplash.jpg,7.904761904761904,Latino_Hispanic,female,original,69.42755889892578,65.9080581665039,1.5609141230159866
/home/tr3x/Projects/glow-mark/datasets/MEBeauty-database/original_images/male/hispanic/portrait-2244177_1280.jpg,4.804765886287625,Latino_Hispanic,male,original,35.804168701171875,33.89772033691406,-0.7612176257331361
/home/tr3x/Projects/glow-mark/datasets/MEBeauty-database/original_images/male/hispanic/g_5.jpg,7.15,Latino_Hispanic,male,original,40.9165153503418,39.54359817504883,-0.4081436972914495
/home/tr3x/Projects/glow-mark/datasets/MEBeauty-database/original_images/female/hispanic/david-suarez-d81WD5Q87E0-unsplash.jpg,7.5041322314049586,Latino_Hispanic,female,original,40.84782791137695,41.441322326660156,-0.4128874569725059
/home/tr3x/Projects/glow-mark/datasets/MEBeauty-database/original_images/female/hispanic/raamin-ka-wUKtCWijJTQ-unsplash.jpg,8.385964912280702,Latino_Hispanic,female,original,47.52988052368164,37.25767517089844,0.04859505346397176
/home/tr3x/Projects/glow-mark/datasets/MEBeauty-database/original_images/male/hispanic/anton-darius-3XY7BWwGolk-unsplash.jpg,5.7,Latino_Hispanic,male,original,46.940635681152344,34.459808349609375,0.007900044763886475
/home/tr3x/Projects/glow-mark/datasets/MEBeauty-database/original_images/male/hispanic/olena-sergienko-FzFTy03noZ0-unsplash.jpg,5.666666666666667,Latino_Hispanic,male,original,54.501277923583984,45.5713005065918,0.5300605791069432
/home/tr3x/Projects/glow-mark/datasets/MEBeauty-database/original_images/female/hispanic/dollar-gill-qBhFwtGQGag-unsplash.jpg,7.545454545454546,Latino_Hispanic,female,original,53.09535217285156,54.05299377441406,0.432963147736748
/home/tr3x/Projects/glow-mark/datasets/MEBeauty-database/original_images/male/hispanic/paul-castanie-ukPQ7WBznvQ-unsplash.jpg,6.484493284493285,Latino_Hispanic,male,original,41.821163177490234,39.71249008178711,-0.3456660164715474
/home/tr3x/Projects/glow-mark/datasets/MEBeauty-database/original_images/female/hispanic/conner-ching-b9833srFlac-unsplash.jpg,6.986111111111111,Latino_Hispanic,female,original,43.99737548828125,40.705326080322266,-0.1953702946783271
/home/tr3x/Projects/glow-mark/datasets/MEBeauty-database/original_images/male/hispanic/ronny-sison-3vzaG52ZCJY-unsplash.jpg,5.56043956043956,Latino_Hispanic,male,original,54.17290115356445,47.08268356323242,0.5073818986190671
/home/tr3x/Projects/glow-mark/datasets/MEBeauty-database/original_images/male/hispanic/andres-hernandez-O5_adohk29M-unsplash.jpg,6.476339285714285,Latino_Hispanic,male,original,53.483524322509766,47.219905853271484,0.4597714757310418
/home/tr3x/Projects/glow-mark/datasets/MEBeauty-database/original_images/female/hispanic/22.jpg,6.003289473684211,Latino_Hispanic,female,original,38.514774322509766,30.291481018066406,-0.5740151058615072
/home/tr3x/Projects/glow-mark/datasets/MEBeauty-database/original_images/female/hispanic/matteo-minoglio-jjveuyKSv0g-unsplash.jpg,6.406354515050167,Latino_Hispanic,female,original,75.8376235961914,66.24474334716797,2.003612335703974
/home/tr3x/Projects/glow-mark/datasets/MEBeauty-database/original_images/male/hispanic/daniel-alvarez-4832112_1920.jpg,5.672514619883041,Latino_Hispanic,male,original,36.772560119628906,39.30393981933594,-0.6943376221169186
/home/tr3x/Projects/glow-mark/datasets/MEBeauty-database/original_images/male/hispanic/people-2571917_1920.jpg,6.575302461410095,Latino_Hispanic,male,original,34.042903900146484,30.622446060180664,-0.882855833194101
/home/tr3x/Projects/glow-mark/datasets/MEBeauty-database/original_images/female/hispanic/58.jpg,8.175438596491228,Latino_Hispanic,female,original,56.83315658569336,49.323551177978516,0.6911070840449411
/home/tr3x/Projects/glow-mark/datasets/MEBeauty-database/original_images/male/hispanic/basketball-888531_1920.jpg,4.983621593291405,Latino_Hispanic,male,original,56.047096252441406,46.45648193359375,0.6368194097342581
/home/tr3x/Projects/glow-mark/datasets/MEBeauty-database/original_images/male/hispanic/mihai-stefan-0_G9UHXy39c-unsplash.jpg,7.463657407407407,Latino_Hispanic,male,original,32.131412506103516,27.777156829833984,-1.014869137844874
/home/tr3x/Projects/glow-mark/datasets/MEBeauty-database/original_images/male/hispanic/pexels-johanser-martinez-5372767.jpg,5.111111111111112,Latino_Hispanic,male,original,58.828582763671875,38.66926574707031,0.8289171755591086
/home/tr3x/Projects/glow-mark/datasets/MEBeauty-database/original_images/male/hispanic/hamed-taha-xPmMqkAze7g-unsplash.jpg,6.066666666666666,Latino_Hispanic,male,original,53.088523864746094,52.160091400146484,0.4324915643851379
/home/tr3x/Projects/glow-mark/datasets/MEBeauty-database/original_images/female/hispanic/girl-1258630_1920.jpg,6.0,Latino_Hispanic,female,original,56.33319854736328,44.7078742980957,0.6565784887123337
/home/tr3x/Projects/glow-mark/datasets/MEBeauty-database/original_images/female/hispanic/juan-encalada-vIM0htb0gJs-unsplash.jpg,3.009090909090909,Latino_Hispanic,female,original,36.237281799316406,39.1676025390625,-0.7313055416129661
/home/tr3x/Projects/glow-mark/datasets/MEBeauty-database/original_images/male/hispanic/112.jpg,5.339245495495495,Latino_Hispanic,male,original,52.625755310058594,41.87063980102539,0.4005313858652939
/home/tr3x/Projects/glow-mark/datasets/MEBeauty-database/original_images/female/hispanic/pexels-dalila-dalprat-1853049.jpg,8.0,Latino_Hispanic,female,original,23.171323776245117,26.241092681884766,-1.633679626282869
/home/tr3x/Projects/glow-mark/datasets/MEBeauty-database/original_images/male/hispanic/boy-1846704_1920.jpg,6.223684210526316,Latino_Hispanic,male,original,77.71554565429688,67.39485168457031,2.1333072417546526
/home/tr3x/Projects/glow-mark/datasets/MEBeauty-database/original_images/female/hispanic/mateus-campos-felipe-JoM_lC1WAnE-unsplash.jpg,7.361111111111111,Latino_Hispanic,female,original,45.32659149169922,30.66782569885254,-0.10357066756373356
/home/tr3x/Projects/glow-mark/datasets/MEBeauty-database/original_images/female/hispanic/pexels-bran-sodre-2446105.jpg,8.222222222222223,Latino_Hispanic,female,original,55.82901382446289,57.21208953857422,0.6217579859196234
/home/tr3x/Projects/glow-mark/datasets/MEBeauty-database/original_images/female/hispanic/tabitha-turner-NlN-dY9Fk3A-unsplash.jpg,7.020769230769231,Latino_Hispanic,female,original,50.80063247680664,48.24601364135742,0.2744829519764225
/home/tr3x/Projects/glow-mark/datasets/MEBeauty-database/original_images/female/hispanic/blake-carpenter-qWiJBa6soE0-unsplash.jpg,6.6806020066889635,Latino_Hispanic,female,original,48.96965026855469,44.01552963256836,0.14802985215008005
/home/tr3x/Projects/glow-mark/datasets/MEBeauty-database/original_images/female/hispanic/woman-3191152_1920.jpg,7.613333333333333,Latino_Hispanic,female,original,69.88459777832031,61.78834915161133,1.5924785930474963
/home/tr3x/Projects/glow-mark/datasets/MEBeauty-database/original_images/female/hispanic/luiza-braun-_R3H5FaoBq4-unsplash.jpg,5.111111111111112,Latino_Hispanic,female,original,39.3007698059082,30.576025009155273,-0.5197319102753926
/home/tr3x/Projects/glow-mark/datasets/MEBeauty-database/original_images/male/hispanic/cosmin-serban-6RP0cM4-xbk-unsplash.jpg,6.370122354497355,Latino_Hispanic,male,original,50.150360107421875,39.31661605834961,0.22957320000312048
/home/tr3x/Projects/glow-mark/datasets/MEBeauty-database/original_images/male/hispanic/carol-magalhaes-oSPye-Bcdas-unsplash.jpg,5.541768292682927,Latino_Hispanic,male,original,45.46255874633789,38.40341567993164,-0.09418036287019295
/home/tr3x/Projects/glow-mark/datasets/MEBeauty-database/original_images/female/hispanic/arid-1868523_1920.jpg,7.926020408163266,Latino_Hispanic,female,original,43.03022766113281,36.424015045166016,-0.26216441216458647
/home/tr3x/Projects/glow-mark/datasets/MEBeauty-database/original_images/female/hispanic/beautiful-1869534_1920.jpg,7.0,Latino_Hispanic,female,original,73.51361083984375,63.2713508605957,1.8431090737106797
/home/tr3x/Projects/glow-mark/datasets/MEBeauty-database/original_images/male/hispanic/people-2202474_1920.jpg,7.349624060150375,Latino_Hispanic,male,original,60.981868743896484,46.36574935913086,0.9776295364902191
/home/tr3x/Projects/glow-mark/datasets/MEBeauty-database/original_images/female/hispanic/girl-608827_1920.jpg,5.467221644120708,Latino_Hispanic,female,original,80.41150665283203,65.83769989013672,2.3194983602369903
/home/tr3x/Projects/glow-mark/datasets/MEBeauty-database/original_images/female/hispanic/simon-marsault-2901RQjU0ZQ-unsplash.jpg,6.540466392318245,Latino_Hispanic,female,original,46.00499725341797,43.4565544128418,-0.05671793949092082
/home/tr3x/Projects/glow-mark/datasets/MEBeauty-database/original_images/female/hispanic/pexels-lehandross-2383118.jpg,7.864197530864197,Latino_Hispanic,female,original,65.08230590820312,65.03324890136719,1.2608179736759297
/home/tr3x/Projects/glow-mark/datasets/MEBeauty-database/original_images/male/hispanic/kevin-turcios-Mn0mVsdg4EU-unsplash.jpg,6.198347107438017,Latino_Hispanic,male,original,43.863277435302734,34.49789047241211,-0.2046315067225443
/home/tr3x/Projects/glow-mark/datasets/MEBeauty-database/original_images/male/hispanic/mojtaba-ravanbakhsh-C1FZr9CIC5U-unsplash.jpg,5.01058201058201,Latino_Hispanic,male,original,76.96582794189453,69.09439086914062,2.0815294973829577
/home/tr3x/Projects/glow-mark/datasets/MEBeauty-database/original_images/female/hispanic/adult-1867720_1920.jpg,8.760233918128655,Latino_Hispanic,female,original,74.41431427001953,68.04119110107422,1.9053143426950707
/home/tr3x/Projects/glow-mark/datasets/MEBeauty-database/original_images/male/hispanic/brian-lundquist-IAWN962A4aA-unsplash.jpg,6.991655969191271,Latino_Hispanic,male,original,41.78481674194336,32.390296936035156,-0.3481762098649221
/home/tr3x/Projects/glow-mark/datasets/MEBeauty-database/original_images/male/hispanic/pexels-moose-photos-1036643.jpg,5.888888888888888,Latino_Hispanic,male,original,49.995479583740234,53.529537200927734,0.2188766884619359
/home/tr3x/Projects/glow-mark/datasets/MEBeauty-database/original_images/female/hispanic/mohammed-hassan-MOR6bWWuy-A-unsplash.jpg,5.106666666666667,Latino_Hispanic,female,original,60.58949279785156,55.6642951965332,0.9505308817621408
/home/tr3x/Projects/glow-mark/datasets/MEBeauty-database/original_images/male/hispanic/people-2583959_1920.jpg,6.553191489361702,Latino_Hispanic,male,original,45.638336181640625,32.126949310302734,-0.0820406482004497
/home/tr3x/Projects/glow-mark/datasets/MEBeauty-database/original_images/male/hispanic/isaac-quesada-uTZ9UIxUKVY-unsplash.jpg,7.15,Latino_Hispanic,male,original,40.788143157958984,36.87760543823242,-0.4170094643017188
/home/tr3x/Projects/glow-mark/datasets/MEBeauty-database/original_images/male/hispanic/creative-christians-6EwRNsuhFo4-unsplash.jpg,5.379464285714286,Latino_Hispanic,male,original,34.43585968017578,35.37751388549805,-0.8557171333992938
/home/tr3x/Projects/glow-mark/datasets/MEBeauty-database/original_images/male/hispanic/alex-suprun-ZHvM3XIOHoE-unsplash.jpg,6.586776859504132,Latino_Hispanic,male,original,61.932769775390625,54.35001754760742,1.0433016017449102
/home/tr3x/Projects/glow-mark/datasets/MEBeauty-database/original_images/male/hispanic/janko-ferlic-G-jo31ESuRE-unsplash.jpg,7.265584625322998,Latino_Hispanic,male,original,42.759403228759766,37.827640533447266,-0.28086835632523277
/home/tr3x/Projects/glow-mark/datasets/MEBeauty-database/original_images/male/hispanic/121.jpg,5.027756939234809,Latino_Hispanic,male,original,47.80059051513672,42.01033020019531,0.06729109399302685
/home/tr3x/Projects/glow-mark/datasets/MEBeauty-database/original_images/male/hispanic/mael-balland-uPgFSd7POhw-unsplash.jpg,4.285714285714286,Latino_Hispanic,male,original,49.65283203125,44.72153854370117,0.19521242511463346
/home/tr3x/Projects/glow-mark/datasets/MEBeauty-database/original_images/female/hispanic/joanna-nix-walkup-u7_TR3LGqhU-unsplash.jpg,7.399092970521542,Latino_Hispanic,female,original,47.831871032714844,43.52055358886719,0.06945141996129645
/home/tr3x/Projects/glow-mark/datasets/MEBeauty-database/original_images/male/hispanic/yogendra-singh-owqFcZRWzTw-unsplash.jpg,6.421568627450981,Latino_Hispanic,male,original,43.98862075805664,31.645963668823242,-0.19597492249505621
/home/tr3x/Projects/glow-mark/datasets/MEBeauty-database/original_images/male/hispanic/man-496471_1920.jpg,5.289888504421376,Latino_Hispanic,male,original,66.8194351196289,60.745399475097656,1.3807893052343043
/home/tr3x/Projects/glow-mark/datasets/MEBeauty-database/original_images/male/hispanic/beard-5216825_1920.jpg,6.313888888888889,Latino_Hispanic,male,original,44.238948822021484,41.96940994262695,-0.17868651875239921
/home/tr3x/Projects/glow-mark/datasets/MEBeauty-database/original_images/female/hispanic/9.jpg,7.465079365079365,Latino_Hispanic,female,original,68.88599395751953,54.91779708862305,1.5235120306911942
/home/tr3x/Projects/glow-mark/datasets/MEBeauty-database/original_images/male/hispanic/pexels-mustafa-husnii-381843.jpg,8.0,Latino_Hispanic,male,original,46.48173904418945,39.50154113769531,-0.02379272755378759
/home/tr3x/Projects/glow-mark/datasets/MEBeauty-database/original_images/female/hispanic/raamin-ka-kYtN89E5ce4-unsplash.jpg,6.931818181818182,Latino_Hispanic,female,original,50.04338836669922,41.051918029785156,0.22218541210041123
/home/tr3x/Projects/glow-mark/datasets/MEBeauty-database/original_images/male/hispanic/man-2482464_1920.jpg,6.325694444444444,Latino_Hispanic,male,original,52.945472717285156,44.78656005859375,0.42261202489610017
/home/tr3x/Projects/glow-mark/datasets/MEBeauty-database/original_images/female/hispanic/sabrina-may-iuJClDf7S-M-unsplash.jpg,6.993055555555556,Latino_Hispanic,female,original,42.292945861816406,32.680843353271484,-0.31308329523670075
/home/tr3x/Projects/glow-mark/datasets/MEBeauty-database/original_images/female/hispanic/summer-carnival-4408804_1920.jpg,6.347222222222221,Latino_Hispanic,female,original,56.76580810546875,53.46034240722656,0.6864557968535021
/home/tr3x/Projects/glow-mark/datasets/MEBeauty-database/original_images/female/hispanic/pexels-tha¿¬s-silva-3135649.jpg,7.111111111111112,Latino_Hispanic,female,original,37.56875991821289,30.376737594604492,-0.6393496860472526
/home/tr3x/Projects/glow-mark/datasets/MEBeauty-database/original_images/male/hispanic/betzy-arosemena-Mx15HMZGQzY-unsplash.jpg,5.458333333333333,Latino_Hispanic,male,original,51.70661163330078,41.72379684448242,0.3370525783771693
/home/tr3x/Projects/glow-mark/datasets/MEBeauty-database/original_images/male/hispanic/boy-2699256_1920.jpg,7.154411764705882,Latino_Hispanic,male,original,44.02265167236328,36.212467193603516,-0.19362464591421072
/home/tr3x/Projects/glow-mark/datasets/MEBeauty-database/original_images/female/hispanic/shawn-olivier-boivin-blanchard-FBIGTYhErFw-unsplash.jpg,7.683760683760683,Latino_Hispanic,female,original,35.98478317260742,31.267663955688477,-0.7487438509014701
/home/tr3x/Projects/glow-mark/datasets/MEBeauty-database/original_images/male/hispanic/zulmaury-saavedra-Z9GKfYmWOAM-unsplash.jpg,4.5,Latino_Hispanic,male,original,46.50191879272461,37.89359664916992,-0.022399053849867328
/home/tr3x/Projects/glow-mark/datasets/MEBeauty-database/original_images/female/hispanic/mateus-campos-felipe-csdVYOLOqls-unsplash.jpg,5.916666666666667,Latino_Hispanic,female,original,62.0247688293457,56.47995376586914,1.0496553311811
/home/tr3x/Projects/glow-mark/datasets/MEBeauty-database/original_images/male/hispanic/g_1.jpg,6.74,Latino_Hispanic,male,original,39.216880798339844,34.4674072265625,-0.5255255356861507
/home/tr3x/Projects/glow-mark/datasets/MEBeauty-database/original_images/male/hispanic/mehrad-vosoughi-iUQmEFtfdLw-unsplash.jpg,6.337875939849624,Latino_Hispanic,male,original,36.76644515991211,30.138919830322266,-0.6947599394982767
/home/tr3x/Projects/glow-mark/datasets/MEBeauty-database/original_images/male/hispanic/antreina-stone-VtZEhxeWHA8-unsplash.jpg,4.369047619047619,Latino_Hispanic,male,original,64.5966567993164,59.20042037963867,1.2272775957466124
/home/tr3x/Projects/glow-mark/datasets/MEBeauty-database/original_images/female/hispanic/martin-lopez-mQVryuQEG_Y-unsplash.jpg,7.435672514619883,Latino_Hispanic,female,original,48.17625427246094,46.09169006347656,0.09323555505439918
/home/tr3x/Projects/glow-mark/datasets/MEBeauty-database/original_images/female/hispanic/pexels-thiago-machado-1853035.jpg,7.111111111111112,Latino_Hispanic,female,original,63.17660140991211,62.25511169433594,1.1292043293292868
/home/tr3x/Projects/glow-mark/datasets/MEBeauty-database/original_images/female/hispanic/ali-pazani-s9PJ3mD5KvY-unsplash.jpg,8.190082644628099,Latino_Hispanic,female,original,76.09142303466797,78.5244140625,2.0211404829382316
/home/tr3x/Projects/glow-mark/datasets/MEBeauty-database/original_images/male/hispanic/guard-1129949_1920.jpg,4.569444444444445,Latino_Hispanic,male,original,43.60921859741211,39.491004943847656,-0.2221775688550754
/home/tr3x/Projects/glow-mark/datasets/MEBeauty-database/original_images/male/hispanic/diego-sanchez-C20AJQ_yg14-unsplash.jpg,6.3181573275862055,Latino_Hispanic,male,original,39.16730499267578,26.820072174072266,-0.5289493888914716
/home/tr3x/Projects/glow-mark/datasets/MEBeauty-database/original_images/female/hispanic/siavosh-hosseini-XIDBMAAHGpQ-unsplash.jpg,3.925925925925926,Latino_Hispanic,female,original,54.4209098815918,45.20582962036133,0.5245101220948085
/home/tr3x/Projects/glow-mark/datasets/MEBeauty-database/original_images/male/hispanic/face-3265605_1920.jpg,3.736862745098039,Latino_Hispanic,male,original,69.162353515625,66.19071960449219,1.5425982471664696
/home/tr3x/Projects/glow-mark/datasets/MEBeauty-database/original_images/female/hispanic/farhad-eidi-yfefPhTFWU8-unsplash.jpg,6.212121212121212,Latino_Hispanic,female,original,47.97165298461914,44.219818115234375,0.07910517904121141
/home/tr3x/Projects/glow-mark/datasets/MEBeauty-database/original_images/female/hispanic/keenan-constance-XSCvo0loB-Q-unsplash.jpg,8.151515151515152,Latino_Hispanic,female,original,53.72433853149414,51.53557586669922,0.4764028242340812
/home/tr3x/Projects/glow-mark/datasets/MEBeauty-database/original_images/male/hispanic/chalo-garcia-PXccl_hEIww-unsplash.jpg,6.095238095238096,Latino_Hispanic,male,original,32.5168571472168,27.563453674316406,-0.9882491797368378
/home/tr3x/Projects/glow-mark/datasets/MEBeauty-database/original_images/male/hispanic/daniil-onischenko-XqX_PfrFXdQ-unsplash.jpg,6.75,Latino_Hispanic,male,original,37.61267852783203,34.76470947265625,-0.6363165356969249
/home/tr3x/Projects/glow-mark/datasets/MEBeauty-database/original_images/male/hispanic/vince-fleming-1NrzZHMFztA-unsplash.jpg,4.916666666666667,Latino_Hispanic,male,original,33.34587478637695,30.459556579589844,-0.9309947455811933
/home/tr3x/Projects/glow-mark/datasets/MEBeauty-database/original_images/male/hispanic/tyler-nix-PQeoQdkU9jQ-unsplash.jpg,4.649122807017544,Latino_Hispanic,male,original,40.98784637451172,37.135562896728516,-0.4032173637206357
/home/tr3x/Projects/glow-mark/datasets/MEBeauty-database/original_images/female/hispanic/zulmaury-saavedra--Keh6vLM7w0-unsplash.jpg,6.807692307692308,Latino_Hispanic,female,original,44.389381408691406,47.16513442993164,-0.1682971950257271
/home/tr3x/Projects/glow-mark/datasets/MEBeauty-database/original_images/male/hispanic/whereslugo-DMVD9RkZIwQ-unsplash.jpg,7.232991014120668,Latino_Hispanic,male,original,42.47786331176758,37.06574630737305,-0.3003123438572046
/home/tr3x/Projects/glow-mark/datasets/MEBeauty-database/original_images/female/hispanic/amir-taheri-tJDKalQxTxo-unsplash.jpg,8.263888888888888,Latino_Hispanic,female,original,36.733577728271484,43.5661735534668,-0.6970298624912781
/home/tr3x/Projects/glow-mark/datasets/MEBeauty-database/original_images/male/hispanic/black-and-white-1282264_1920.jpg,7.002777777777777,Latino_Hispanic,male,original,44.9266242980957,38.12721633911133,-0.13119359652069681
/home/tr3x/Projects/glow-mark/datasets/MEBeauty-database/original_images/male/hispanic/andrei-caliman-xRkj9n5_HNo-unsplash.jpg,7.583333333333333,Latino_Hispanic,male,original,70.29179382324219,60.38752746582031,1.620600768066639
/home/tr3x/Projects/glow-mark/datasets/MEBeauty-database/original_images/female/hispanic/reza-gholami-bgf_I27qcmM-unsplash.jpg,7.556213017751479,Latino_Hispanic,female,original,64.04546356201172,66.11176300048828,1.1892105445506111
/home/tr3x/Projects/glow-mark/datasets/MEBeauty-database/original_images/female/hispanic/25.jpg,7.588888888888889,Latino_Hispanic,female,original,48.23291015625,35.54152297973633,0.09714837960083088
/home/tr3x/Projects/glow-mark/datasets/MEBeauty-database/original_images/male/hispanic/g_13.jpg,6.6,Latino_Hispanic,male,original,34.820194244384766,29.49969482421875,-0.8291738405176926
/home/tr3x/Projects/glow-mark/datasets/MEBeauty-database/original_images/male/hispanic/silviu-beniamin-tofan-NEkD-WSpkbU-unsplash.jpg,6.727272727272727,Latino_Hispanic,male,original,44.2515754699707,34.146575927734375,-0.17781448473350014
/home/tr3x/Projects/glow-mark/datasets/MEBeauty-database/original_images/male/hispanic/refugee-1226610_1920.jpg,6.474651702786378,Latino_Hispanic,male,original,49.077816009521484,46.473392486572266,0.15550010127572447
/home/tr3x/Projects/glow-mark/datasets/MEBeauty-database/original_images/male/hispanic/outdoors-3462520_1920(1).jpg,6.358276643990929,Latino_Hispanic,male,original,41.032413482666016,37.92954635620117,-0.4001394261246243
/home/tr3x/Projects/glow-mark/datasets/MEBeauty-database/original_images/male/hispanic/pexels-italo-melo-2379004.jpg,7.333333333333333,Latino_Hispanic,male,original,51.081459045410156,50.73788833618164,0.2938776735381423
/home/tr3x/Projects/glow-mark/datasets/MEBeauty-database/original_images/female/hispanic/woman-984247_1920.jpg,7.740740740740741,Latino_Hispanic,female,original,38.809078216552734,32.13566970825195,-0.5536895999527268
/home/tr3x/Projects/glow-mark/datasets/MEBeauty-database/original_images/female/hispanic/matteo-minoglio-ywl3J10ZmBI-unsplash.jpg,5.378461538461538,Latino_Hispanic,female,original,75.96466064453125,70.62870788574219,2.012385893679012
/home/tr3x/Projects/glow-mark/datasets/MEBeauty-database/original_images/female/hispanic/fashion-1107721_1920.jpg,8.04,Latino_Hispanic,female,original,59.12225341796875,52.34672164916992,0.8491989480397509
/home/tr3x/Projects/glow-mark/datasets/MEBeauty-database/original_images/female/hispanic/pexels-daniel-xavier-1239288.jpg,6.851851851851852,Latino_Hispanic,female,original,47.36012268066406,45.565330505371094,0.03687106981592723
/home/tr3x/Projects/glow-mark/datasets/MEBeauty-database/original_images/male/hispanic/marcos-paulo-prado-y6yrNx1MBEg-unsplash.jpg,5.19594298245614,Latino_Hispanic,male,original,47.46074295043945,34.197486877441406,0.04382020616532321
/home/tr3x/Projects/glow-mark/datasets/MEBeauty-database/original_images/female/hispanic/girl-883006_1920.jpg,5.7,Latino_Hispanic,female,original,44.09489822387695,38.74178695678711,-0.18863508329066708
/home/tr3x/Projects/glow-mark/datasets/MEBeauty-database/original_images/male/hispanic/jorge-salvador-iGzHMzRZjRs-unsplash.jpg,5.958959899749374,Latino_Hispanic,male,original,39.623008728027344,36.06598663330078,-0.4974771278951928
/home/tr3x/Projects/glow-mark/datasets/MEBeauty-database/original_images/male/hispanic/pexels-zaetaflow-sec-3205230.jpg,3.0,Latino_Hispanic,male,original,16.845775604248047,15.374313354492188,-2.0705408753135393
/home/tr3x/Projects/glow-mark/datasets/MEBeauty-database/original_images/male/hispanic/alex-quezada-IqiGfsnI0Rk-unsplash.jpg,5.7783933518005535,Latino_Hispanic,male,original,49.827239990234375,48.372657775878906,0.20725755965966833
/home/tr3x/Projects/glow-mark/datasets/MEBeauty-database/original_images/female/hispanic/christina-wocintechchat-com-SJvDxw0azqw-unsplash.jpg,5.678571428571429,Latino_Hispanic,female,original,38.047611236572266,33.22677230834961,-0.6062787838344544
/home/tr3x/Projects/glow-mark/datasets/MEBeauty-database/original_images/female/hispanic/omar-lopez-8dYeSX5x4HY-unsplash.jpg,7.785123966942149,Latino_Hispanic,female,original,37.145755767822266,36.50613784790039,-0.6685636160435305
/home/tr3x/Projects/glow-mark/datasets/MEBeauty-database/original_images/female/hispanic/islander-images-kwHBTNUQIqs-unsplash.jpg,7.527272727272728,Latino_Hispanic,female,original,41.55100631713867,,-0.3643238561145782
/home/tr3x/Projects/glow-mark/datasets/MEBeauty-database/original_images/male/hispanic/jonas-kakaroto-KIPqvvTOC1s-unsplash.jpg,5.327182339063026,Latino_Hispanic,male,original,39.129737854003906,39.4561882019043,-0.531543887688486
/home/tr3x/Projects/glow-mark/datasets/MEBeauty-database/original_images/female/hispanic/marisol-casben-PbwKSCq9aVo-unsplash.jpg,3.4444444444444446,Latino_Hispanic,female,original,50.34376525878906,46.56996154785156,0.24293033739229958
/home/tr3x/Projects/glow-mark/datasets/MEBeauty-database/original_images/male/hispanic/deniz-gocmen-I_iTEsW8Cww-unsplash.jpg,6.1755102040816325,Latino_Hispanic,male,original,44.008148193359375,37.93461990356445,-0.19462629949120597
/home/tr3x/Projects/glow-mark/datasets/MEBeauty-database/original_images/female/hispanic/girl-3839501_1920.jpg,7.862068965517241,Latino_Hispanic,female,original,62.61250305175781,66.45443725585938,1.0902460119441812
/home/tr3x/Projects/glow-mark/datasets/MEBeauty-database/original_images/male/hispanic/man-912226_1920.jpg,5.223684210526316,Latino_Hispanic,male,original,29.0058536529541,23.478017807006836,-1.2307295672303378
/home/tr3x/Projects/glow-mark/datasets/MEBeauty-database/original_images/male/hispanic/hust-wilson-o0ggKYPgnzg-unsplash.jpg,4.9375,Latino_Hispanic,male,original,34.26580047607422,28.15207862854004,-0.867461929943862
/home/tr3x/Projects/glow-mark/datasets/MEBeauty-database/original_images/male/hispanic/ricardo-aguilera-FZ08deIUo7U-unsplash.jpg,4.801552106430155,Latino_Hispanic,male,original,35.450130462646484,33.1507453918457,-0.7856685638781522
/home/tr3x/Projects/glow-mark/datasets/MEBeauty-database/original_images/female/hispanic/raamin-ka-4lQmQ_DBbNc-unsplash.jpg,7.972299168975068,Latino_Hispanic,female,original,49.14389419555664,48.52370071411133,0.1600636581565008
/home/tr3x/Projects/glow-mark/datasets/MEBeauty-database/original_images/female/hispanic/julian-florez-l5rmMuK8070-unsplash.jpg,6.843537414965986,Latino_Hispanic,female,original,63.766719818115234,64.37562561035156,1.1699596690838518
/home/tr3x/Projects/glow-mark/datasets/MEBeauty-database/original_images/male/hispanic/g_4.jpg,6.359649122807017,Latino_Hispanic,male,original,43.67515182495117,34.06901931762695,-0.2176240232409813
/home/tr3x/Projects/glow-mark/datasets/MEBeauty-database/original_images/male/hispanic/132.jpg,6.650193798449612,Latino_Hispanic,male,original,48.4893684387207,34.24419021606445,0.11486015454239143
/home/tr3x/Projects/glow-mark/datasets/MEBeauty-database/original_images/female/hispanic/pretty-2682798_1920.jpg,7.06896551724138,Latino_Hispanic,female,original,69.38285827636719,49.05044937133789,1.557826964516452
/home/tr3x/Projects/glow-mark/datasets/MEBeauty-database/original_images/female/hispanic/woman-5225288_1920.jpg,6.876543209876543,Latino_Hispanic,female,original,35.512874603271484,28.293067932128906,-0.7813352661310671
/home/tr3x/Projects/glow-mark/datasets/MEBeauty-database/original_images/female/hispanic/red-4886345_1920.jpg,7.757015306122448,Latino_Hispanic,female,original,47.19873809814453,49.44689178466797,0.02572536854597437
/home/tr3x/Projects/glow-mark/datasets/MEBeauty-database/original_images/male/hispanic/christian-buehner-9-ROKwX-C0Q-unsplash.jpg,6.9687943262411345,Latino_Hispanic,male,original,81.67143249511719,83.34136199951172,2.40651260187748
/home/tr3x/Projects/glow-mark/datasets/MEBeauty-database/original_images/male/hispanic/model-3994985_1920.jpg,5.5444596443228455,Latino_Hispanic,male,original,52.71011734008789,49.929962158203125,0.40635767961996244
/home/tr3x/Projects/glow-mark/datasets/MEBeauty-database/original_images/female/hispanic/bruno-dias-D22Tgx6TP5M-unsplash.jpg,6.909090909090909,Latino_Hispanic,female,original,56.158748626708984,56.47100830078125,0.6445304561690487
/home/tr3x/Projects/glow-mark/datasets/MEBeauty-database/original_images/male/hispanic/carlos-arthur-m-r-mgLuffTBCWk-unsplash.jpg,4.803267045454546,Latino_Hispanic,male,original,44.905338287353516,36.402217864990234,-0.13266367199666565
/home/tr3x/Projects/glow-mark/datasets/MEBeauty-database/original_images/male/hispanic/model-4448780_1920.jpg,6.824155193992491,Latino_Hispanic,male,original,63.13959884643555,62.335845947265625,1.1266488217814556
/home/tr3x/Projects/glow-mark/datasets/MEBeauty-database/original_images/male/hispanic/pexels-ron¿║-ferreira-2304113.jpg,7.777777777777777,Latino_Hispanic,male,original,44.78687286376953,42.5401611328125,-0.14084524796552078
/home/tr3x/Projects/glow-mark/datasets/MEBeauty-database/original_images/female/hispanic/madison-hedgecock-tacwAxr3PvU-unsplash.jpg,7.5,Latino_Hispanic,female,original,75.5131607055664,80.64407348632812,1.9812039594165178
/home/tr3x/Projects/glow-mark/datasets/MEBeauty-database/original_images/male/hispanic/pexels-luan-queiros-3260952.jpg,7.0,Latino_Hispanic,male,original,47.85289001464844,41.28215026855469,0.07090305363021907
/home/tr3x/Projects/glow-mark/datasets/MEBeauty-database/original_images/male/hispanic/ronny-sison-U9G_SPVlGd0-unsplash.jpg,4.819444444444444,Latino_Hispanic,male,original,57.20707702636719,53.187007904052734,0.7169311464517404
/home/tr3x/Projects/glow-mark/datasets/MEBeauty-database/original_images/female/hispanic/jose-g-ortega-castro-qs_TbXSztSg-unsplash.jpg,5.5,Latino_Hispanic,female,original,44.60739517211914,42.97100830078125,-0.15324051339004716
/home/tr3x/Projects/glow-mark/datasets/MEBeauty-database/original_images/male/hispanic/tania-mousinho-ZTiPsISn3ac-unsplash.jpg,4.029326364692219,Latino_Hispanic,male,original,31.674644470214844,25.18157958984375,-1.0464149026149512
/home/tr3x/Projects/glow-mark/datasets/MEBeauty-database/original_images/female/hispanic/omar-lopez-auEe5lKHZCw-unsplash.jpg,7.206896551724138,Latino_Hispanic,female,original,54.886417388916016,35.94329071044922,0.5566594608640694
/home/tr3x/Projects/glow-mark/datasets/MEBeauty-database/original_images/male/hispanic/riccardo-pitzalis-TpeBIIM0UIY-unsplash.jpg,5.93939393939394,Latino_Hispanic,male,original,44.59434509277344,39.54219436645508,-0.15414179084583376
/home/tr3x/Projects/glow-mark/datasets/MEBeauty-database/original_images/female/hispanic/irene-strong-MgvAATOwJBc-unsplash.jpg,6.986111111111111,Latino_Hispanic,female,original,55.41152572631836,45.680416107177734,0.5929250109660429
/home/tr3x/Projects/glow-mark/datasets/MEBeauty-database/original_images/male/hispanic/mark-decile-VHFnE1uz0wY-unsplash.jpg,7.427272727272728,Latino_Hispanic,male,original,51.122005462646484,44.7713508605957,0.2966779302109152
/home/tr3x/Projects/glow-mark/datasets/MEBeauty-database/original_images/female/mideastern/29.jpg,6.929411764705883,Middle Eastern,female,original,76.41108703613281,84.05577087402344,1.6703588283494066
/home/tr3x/Projects/glow-mark/datasets/MEBeauty-database/original_images/female/mideastern/nathan-bingle-Rmdja7-az8M-unsplash.jpg,5.028265107212476,Middle Eastern,female,original,56.2328987121582,51.83219909667969,0.37616441483222685
/home/tr3x/Projects/glow-mark/datasets/MEBeauty-database/original_images/female/mideastern/raamin-ka-FfZRzlmFsvY-unsplash.jpg,8.909090909090908,Middle Eastern,female,original,78.3525390625,72.46949768066406,1.7948802336556833
/home/tr3x/Projects/glow-mark/datasets/MEBeauty-database/original_images/male/mideastern/reza-biazar-eSjmZW97cH8-unsplash.jpg,4.8778073286052015,Middle Eastern,male,original,37.92747116088867,33.73843002319336,-0.7979143326511839
/home/tr3x/Projects/glow-mark/datasets/MEBeauty-database/original_images/male/mideastern/joel-muniz-juKjPjVBza8-unsplash.jpg,5.073326432022084,Middle Eastern,male,original,37.90055847167969,26.8987979888916,-0.7996404664084752
/home/tr3x/Projects/glow-mark/datasets/MEBeauty-database/original_images/female/mideastern/pexels-italo-melo-1786258.jpg,3.111111111111111,Middle Eastern,female,original,31.91124725341797,26.39802360534668,-1.1837846222185577
/home/tr3x/Projects/glow-mark/datasets/MEBeauty-database/original_images/male/mideastern/luca-anasta-JMNXb6KBJwI-unsplash.jpg,3.4427179962894248,Middle Eastern,male,original,26.434476852416992,22.353120803833008,-1.5350552885087583
/home/tr3x/Projects/glow-mark/datasets/MEBeauty-database/original_images/male/mideastern/man-1129953_1920.jpg,4.111111111111112,Middle Eastern,male,original,35.17266082763672,26.364728927612305,-0.9746031456581492
/home/tr3x/Projects/glow-mark/datasets/MEBeauty-database/original_images/female/mideastern/alireza-esmaeeli-JfR_6qzips8-unsplash.jpg,7.958579881656804,Middle Eastern,female,original,45.343666076660156,44.5167121887207,-0.32225230217334594
/home/tr3x/Projects/glow-mark/datasets/MEBeauty-database/original_images/male/mideastern/portrait-4980389_1920.jpg,4.513731060606061,Middle Eastern,male,original,56.62371063232422,50.61204147338867,0.40123042153679467
/home/tr3x/Projects/glow-mark/datasets/MEBeauty-database/original_images/male/mideastern/kamal-alkhatib-i4ls_N9o968-unsplash.jpg,5.555555555555555,Middle Eastern,male,original,66.37278747558594,61.62722396850586,1.0265195002648366
/home/tr3x/Projects/glow-mark/datasets/MEBeauty-database/original_images/male/mideastern/naim-ahmed-8BcVHmAHtlw-unsplash.jpg,7.311764705882353,Middle Eastern,male,original,41.173912048339844,34.88935470581055,-0.5896931785567383
/home/tr3x/Projects/glow-mark/datasets/MEBeauty-database/original_images/female/mideastern/pexels-arsham-haghani-3536991.jpg,8.125,Middle Eastern,female,original,82.11409759521484,77.25626373291016,2.036140150601414
/home/tr3x/Projects/glow-mark/datasets/MEBeauty-database/original_images/female/mideastern/pexels-mohamed-abdelgaffar-1698731.jpg,7.222222222222222,Middle Eastern,female,original,72.02545928955078,76.18943786621094,1.3890721816860554
/home/tr3x/Projects/glow-mark/datasets/MEBeauty-database/original_images/female/mideastern/warrior-1240995_1920.jpg,6.080459770114942,Middle Eastern,female,original,77.29237365722656,70.76133728027344,1.726883041693764
/home/tr3x/Projects/glow-mark/datasets/MEBeauty-database/original_images/male/mideastern/milad-shams-CdObhuoQ7Q0-unsplash.jpg,6.429089506172841,Middle Eastern,male,original,80.86915588378906,84.65938568115234,1.9562917230710084
/home/tr3x/Projects/glow-mark/datasets/MEBeauty-database/original_images/male/mideastern/engin-akyurt-VwqQ-eJnz8o-unsplash.jpg,4.472007722007723,Middle Eastern,male,original,73.19171905517578,64.58989715576172,1.4638740840743083
/home/tr3x/Projects/glow-mark/datasets/MEBeauty-database/original_images/female/mideastern/muslim-5016606_1920.jpg,6.961822660098521,Middle Eastern,female,original,84.44918823242188,84.24532318115234,2.1859088617071065
/home/tr3x/Projects/glow-mark/datasets/MEBeauty-database/original_images/female/mideastern/pexels-fotografierende-1793059.jpg,6.875,Middle Eastern,female,original,55.45063781738281,49.808528900146484,0.32599154184301077
/home/tr3x/Projects/glow-mark/datasets/MEBeauty-database/original_images/female/mideastern/omid-armin-2HUKJuFRemE-unsplash.jpg,8.11111111111111,Middle Eastern,female,original,46.12184524536133,47.393150329589844,-0.2723412240984178
/home/tr3x/Projects/glow-mark/datasets/MEBeauty-database/original_images/male/mideastern/jassir-jonis-OHVBfnxiokY-unsplash.jpg,5.311539598108747,Middle Eastern,male,original,44.038944244384766,47.601585388183594,-0.40593492419142135
/home/tr3x/Projects/glow-mark/datasets/MEBeauty-database/original_images/female/mideastern/ghaly-wedinly-K07jvi25Qxg-unsplash.jpg,7.419047619047619,Middle Eastern,female,original,40.93052291870117,35.88140106201172,-0.6053037401607709
/home/tr3x/Projects/glow-mark/datasets/MEBeauty-database/original_images/female/mideastern/kamal-alkhatib-IETO_Z0BrsE-unsplash (1).jpg,7.444444444444445,Middle Eastern,female,original,37.50033950805664,33.33417510986328,-0.8253098247566263
/home/tr3x/Projects/glow-mark/datasets/MEBeauty-database/original_images/male/mideastern/ashkan-forouzani-dz0C0Zv5QvM-unsplash(1).jpg,3.5029761904761907,Middle Eastern,male,original,27.28017807006836,23.218791961669922,-1.480813461947518
/home/tr3x/Projects/glow-mark/datasets/MEBeauty-database/original_images/male/mideastern/handsome-1290126_1920.jpg,6.7375,Middle Eastern,male,original,55.835506439208984,43.66883087158203,0.3506763555789238
/home/tr3x/Projects/glow-mark/datasets/MEBeauty-database/original_images/male/mideastern/james-barr-oRsSeYqJUgY-unsplash.jpg,7.075585789871504,Middle Eastern,male,original,46.9382209777832,38.14529037475586,-0.21998028389567162
/home/tr3x/Projects/glow-mark/datasets/MEBeauty-database/original_images/male/mideastern/sexy-3049894_1920.jpg,7.4329297245963915,Middle Eastern,male,original,41.22571563720703,42.05906295776367,-0.5863705851585789
/home/tr3x/Projects/glow-mark/datasets/MEBeauty-database/original_images/female/mideastern/ospan-ali-ue9wiyU842k-unsplash.jpg,8.0,Middle Eastern,female,original,79.13048553466797,80.05970764160156,1.8447763869738154
/home/tr3x/Projects/glow-mark/datasets/MEBeauty-database/original_images/female/mideastern/girl-3551364_1920.jpg,5.96,Middle Eastern,female,original,52.49212646484375,48.49044418334961,0.13623769460421106
/home/tr3x/Projects/glow-mark/datasets/MEBeauty-database/original_images/female/mideastern/cristian-newman-f49XhYbpiA0-unsplash.jpg,8.260266666666666,Middle Eastern,female,original,63.17726516723633,58.640811920166016,0.8215641765590973
/home/tr3x/Projects/glow-mark/datasets/MEBeauty-database/original_images/male/mideastern/bhavya-shah-jfzd8vXlDDY-unsplash.jpg,5.754716981132075,Middle Eastern,male,original,39.27016830444336,29.66213035583496,-0.7117960392576538
/home/tr3x/Projects/glow-mark/datasets/MEBeauty-database/original_images/female/mideastern/d2.jpg,7.583333333333333,Middle Eastern,female,original,54.44269561767578,49.87805938720703,0.26134385677511224
/home/tr3x/Projects/glow-mark/datasets/MEBeauty-database/original_images/female/mideastern/khaled-ghareeb-xZSEvSlHRv8-unsplash.jpg,8.0,Middle Eastern,female,original,50.030548095703125,48.973182678222656,-0.021643722826678004
/home/tr3x/Projects/glow-mark/datasets/MEBeauty-database/original_images/female/mideastern/woman-2542252_1920.jpg,7.6645408163265305,Middle Eastern,female,original,91.2385025024414,86.24623107910156,2.6213638420450533
/home/tr3x/Projects/glow-mark/datasets/MEBeauty-database/original_images/male/mideastern/omar-ram-slwxJCmwHPY-unsplash.jpg,6.862745098039216,Middle Eastern,male,original,48.08094024658203,35.77216720581055,-0.14668822862524225
/home/tr3x/Projects/glow-mark/datasets/MEBeauty-database/original_images/male/mideastern/milad-shams-89UvLA2zWJI-unsplash.jpg,7.702479338842974,Middle Eastern,male,original,79.01305389404297,88.6441421508789,1.8372445228229364
/home/tr3x/Projects/glow-mark/datasets/MEBeauty-database/original_images/female/mideastern/little-girl-5912824_1920.jpg,6.888888888888888,Middle Eastern,female,original,52.45526123046875,48.825645446777344,0.13387322165871676
/home/tr3x/Projects/glow-mark/datasets/MEBeauty-database/original_images/male/mideastern/pexels-marcelo-chagas-3583894.jpg,7.111111111111112,Middle Eastern,male,original,85.57658386230469,78.30232238769531,2.2582180850423073
/home/tr3x/Projects/glow-mark/datasets/MEBeauty-database/original_images/female/mideastern/hamid-tajik-uvnApE6gmnM-unsplash.jpg,4.443213296398892,Middle Eastern,female,original,45.900997161865234,39.82908248901367,-0.28650604163840604
/home/tr3x/Projects/glow-mark/datasets/MEBeauty-database/original_images/female/mideastern/ana-itonishvili-12KpxzD4iis-unsplash.jpg,5.801652892561983,Middle Eastern,female,original,57.756309509277344,52.98981475830078,0.4738733722206764
/home/tr3x/Projects/glow-mark/datasets/MEBeauty-database/original_images/male/mideastern/t-r-a-v-e-l-e-r-g-e-e-k-p5oh6YkMTb0-unsplash.jpg,5.448402948402948,Middle Eastern,male,original,69.07341766357422,60.04889678955078,1.1997332916198093
/home/tr3x/Projects/glow-mark/datasets/MEBeauty-database/original_images/female/mideastern/smile-2504329_1920.jpg,5.36551724137931,Middle Eastern,female,original,40.72620391845703,36.37710189819336,-0.6184084106319649
/home/tr3x/Projects/glow-mark/datasets/MEBeauty-database/original_images/female/mideastern/pexels-bran-sodre-1852345.jpg,7.34567901234568,Middle Eastern,female,original,70.5059814453125,69.4850082397461,1.2916154771542703
/home/tr3x/Projects/glow-mark/datasets/MEBeauty-database/original_images/male/mideastern/dev-asangbam-amYKxUUet60-unsplash.jpg,4.428571428571429,Middle Eastern,male,original,36.089141845703125,29.97314453125,-0.9158216240154546
/home/tr3x/Projects/glow-mark/datasets/MEBeauty-database/original_images/female/mideastern/houcine-ncib-JInbeCEqTbs-unsplash.jpg,5.598079561042524,Middle Eastern,female,original,34.1197509765625,35.86738586425781,-1.0421349788098109
/home/tr3x/Projects/glow-mark/datasets/MEBeauty-database/original_images/female/mideastern/pexels-lucas-macario-1891709.jpg,7.111111111111112,Middle Eastern,female,original,69.98033142089844,74.45539093017578,1.2579011855568645
/home/tr3x/Projects/glow-mark/datasets/MEBeauty-database/original_images/male/mideastern/ashkan-forouzani-HF-pfqi3Cxk-unsplash(1).jpg,4.437884615384616,Middle Eastern,male,original,60.624454498291016,48.016197204589844,0.657831275791656
/home/tr3x/Projects/glow-mark/datasets/MEBeauty-database/original_images/female/mideastern/hamza-nouasria-1H52tHTJPiI-unsplash.jpg,7.272727272727273,Middle Eastern,female,original,56.499210357666016,50.37849044799805,0.3932451873147234
/home/tr3x/Projects/glow-mark/datasets/MEBeauty-database/original_images/male/mideastern/man-1885147_1920.jpg,6.894111825828799,Middle Eastern,male,original,85.23343658447266,83.60985565185547,2.236209206799448
/home/tr3x/Projects/glow-mark/datasets/MEBeauty-database/original_images/male/mideastern/alireza-moh-WHaTWy-nCkw-unsplash.jpg,5.77989417989418,Middle Eastern,male,original,55.80448913574219,42.46580505371094,0.34868695889847945
/home/tr3x/Projects/glow-mark/datasets/MEBeauty-database/original_images/male/mideastern/mauro-paillex-moDxmttUP00-unsplash.jpg,3.7723899059871355,Middle Eastern,male,original,43.3405647277832,39.876365661621094,-0.45072778935794766
/home/tr3x/Projects/glow-mark/datasets/MEBeauty-database/original_images/female/mideastern/s-jDpjN4U5mxE-unsplash.jpg,4.607142857142858,Middle Eastern,female,original,40.2149772644043,29.761314392089844,-0.6511976119761719
/home/tr3x/Projects/glow-mark/datasets/MEBeauty-database/original_images/female/mideastern/jonathan-borba-5rQG1mib90I-unsplash.jpg,7.666666666666667,Middle Eastern,female,original,20.642045974731445,19.21593475341797,-1.9065718767288258
/home/tr3x/Projects/glow-mark/datasets/MEBeauty-database/original_images/female/mideastern/jyotirmoy-gupta-fpBNEz7N14s-unsplash.jpg,5.3464912280701755,Middle Eastern,female,original,44.737709045410156,43.09020233154297,-0.3611173475423314
/home/tr3x/Projects/glow-mark/datasets/MEBeauty-database/original_images/male/mideastern/shoaeb-hameed-kEfO2edX4Gg-unsplash.jpg,3.7684210526315787,Middle Eastern,male,original,26.05961036682129,31.257909774780273,-1.5590985823705938
/home/tr3x/Projects/glow-mark/datasets/MEBeauty-database/original_images/male/mideastern/portrait-2529904_1920.jpg,3.7511111111111113,Middle Eastern,male,original,44.45941162109375,35.39924240112305,-0.37896686733388657
/home/tr3x/Projects/glow-mark/datasets/MEBeauty-database/original_images/male/mideastern/kouki-walim-71ZedHD4P7Y-unsplash.jpg,7.090909090909091,Middle Eastern,male,original,61.70244216918945,37.38040542602539,0.7269715573232512
/home/tr3x/Projects/glow-mark/datasets/MEBeauty-database/original_images/male/mideastern/itay-verchik-6ZKGBzrDd3I-unsplash.jpg,5.342747111681644,Middle Eastern,male,original,56.23713684082031,44.90496826171875,0.3764362411404268
/home/tr3x/Projects/glow-mark/datasets/MEBeauty-database/original_images/male/mideastern/mehrdad-dadaei--aY-mUygMD0-unsplash.jpg,7.838937621832359,Middle Eastern,male,original,38.34435272216797,28.997379302978516,-0.7711762638491919
/home/tr3x/Projects/glow-mark/datasets/MEBeauty-database/original_images/male/mideastern/mustache-5040636_1920.jpg,5.890049042872963,Middle Eastern,male,original,43.152679443359375,27.67462921142578,-0.4627784294639524
/home/tr3x/Projects/glow-mark/datasets/MEBeauty-database/original_images/male/mideastern/pexels-ayaka-kato-2860892.jpg,6.0246913580246915,Middle Eastern,male,original,33.7735481262207,24.51678466796875,-1.0643398362361698
/home/tr3x/Projects/glow-mark/datasets/MEBeauty-database/original_images/male/mideastern/nowah-bartscher-Gpm_PGnNAug-unsplash.jpg,6.263888888888889,Middle Eastern,male,original,46.672935485839844,34.2586555480957,-0.23699524064737987
/home/tr3x/Projects/glow-mark/datasets/MEBeauty-database/original_images/female/mideastern/the-model-shows-makeup-4600504_1920.jpg,7.867892976588628,Middle Eastern,female,original,54.47981262207031,48.90139389038086,0.26372447781812336
/home/tr3x/Projects/glow-mark/datasets/MEBeauty-database/original_images/female/mideastern/gursimrat-ganda-KrCDlVjrMsQ-unsplash.jpg,6.084444444444444,Middle Eastern,female,original,62.78362274169922,60.092369079589844,0.7963166260915373
/home/tr3x/Projects/glow-mark/datasets/MEBeauty-database/original_images/male/mideastern/kate_mes7-YIyERGGmTfE-unsplash.jpg,6.3326086956521745,Middle Eastern,male,original,43.838714599609375,36.120304107666016,-0.418777310412039
/home/tr3x/Projects/glow-mark/datasets/MEBeauty-database/original_images/male/mideastern/male-5869769_1920.jpg,6.374451754385966,Middle Eastern,male,original,77.06462097167969,66.40570831298828,1.712275374812784
/home/tr3x/Projects/glow-mark/datasets/MEBeauty-database/original_images/female/mideastern/daniel-tong-Vaznn9k5GqQ-unsplash.jpg,8.348484848484848,Middle Eastern,female,original,53.01239013671875,50.74830627441406,0.1696065147820144
/home/tr3x/Projects/glow-mark/datasets/MEBeauty-database/original_images/male/mideastern/ashkan-forouzani-g0H0eazR5-M-unsplash(1).jpg,6.093605800922874,Middle Eastern,male,original,55.163612365722656,49.279842376708984,0.3075822213375389
/home/tr3x/Projects/glow-mark/datasets/MEBeauty-database/original_images/female/mideastern/3.jpg,6.402685185185185,Middle Eastern,female,original,47.557228088378906,49.88203811645508,-0.1802782288053973
/home/tr3x/Projects/glow-mark/datasets/MEBeauty-database/original_images/female/mideastern/humphrey-muleba-38dk7QXDBzs-unsplash.jpg,7.148148148148148,Middle Eastern,female,original,71.83694458007812,64.78141784667969,1.3769811713362587
/home/tr3x/Projects/glow-mark/datasets/MEBeauty-database/original_images/male/mideastern/tanjir-ahmed-chowdhury-d-7p5mKk9ys-unsplash.jpg,5.75,Middle Eastern,male,original,65.9478530883789,58.624412536621094,0.9992649370104504
/home/tr3x/Projects/glow-mark/datasets/MEBeauty-database/original_images/male/mideastern/paola-aguilar-LkQHGSVzfsk-unsplash.jpg,3.2832080200501252,Middle Eastern,male,original,43.63616943359375,36.580230712890625,-0.43176821019618267
/home/tr3x/Projects/glow-mark/datasets/MEBeauty-database/original_images/male/mideastern/young-4041629_1920.jpg,5.988851095993953,Middle Eastern,male,original,57.782493591308594,46.94025802612305,0.4755527743624265
/home/tr3x/Projects/glow-mark/datasets/MEBeauty-database/original_images/female/mideastern/allef-vinicius-BqNEe_ZAtxg-unsplash.jpg,7.634615384615385,Middle Eastern,female,original,43.056480407714844,39.43202209472656,-0.4689484707242457
/home/tr3x/Projects/glow-mark/datasets/MEBeauty-database/original_images/male/mideastern/gita-krishnamurti-6B4KC-eWJDs-unsplash.jpg,4.548997303673745,Middle Eastern,male,original,35.97650909423828,34.52911376953125,-0.9230456956409372
/home/tr3x/Projects/glow-mark/datasets/MEBeauty-database/original_images/male/mideastern/metin-ozer-2jLCmcuwAc8-unsplash.jpg,4.924084595959596,Middle Eastern,male,original,41.56754684448242,36.89619445800781,-0.5644461174254667
/home/tr3x/Projects/glow-mark/datasets/MEBeauty-database/original_images/female/mideastern/joao-paulo-de-souza-oliveira-7-CSeYLI-KM-unsplash.jpg,7.464285714285714,Middle Eastern,female,original,49.3257942199707,47.48481750488281,-0.0668454284621531
/home/tr3x/Projects/glow-mark/datasets/MEBeauty-database/original_images/male/mideastern/man-5613125_1920.jpg,4.9523809523809526,Middle Eastern,male,original,84.8798828125,82.39413452148438,2.2135328738592266
/home/tr3x/Projects/glow-mark/datasets/MEBeauty-database/original_images/male/mideastern/aleksandar-popovski-Jy4ELSGPHTc-unsplash.jpg,3.393617021276596,Middle Eastern,male,original,24.944032669067383,22.243898391723633,-1.6306498237950802
/home/tr3x/Projects/glow-mark/datasets/MEBeauty-database/original_images/female/mideastern/sayan-ghosh-ZRVmiVKFMDs-unsplash.jpg,6.285714285714286,Middle Eastern,female,original,53.49072265625,51.23068618774414,0.20028594271883338
/home/tr3x/Projects/glow-mark/datasets/MEBeauty-database/original_images/male/mideastern/zabih-khan-SQWDVRdjp2E-unsplash.jpg,5.20839874411303,Middle Eastern,male,original,86.67532348632812,79.44197082519531,2.32868936127832
/home/tr3x/Projects/glow-mark/datasets/MEBeauty-database/original_images/male/mideastern/lexscope-gRWdcPHz7uA-unsplash.jpg,5.5,Middle Eastern,male,original,41.433143615722656,41.54671859741211,-0.5730665101498665
/home/tr3x/Projects/glow-mark/datasets/MEBeauty-database/original_images/female/mideastern/56.jpg,7.439473684210526,Middle Eastern,female,original,79.88936614990234,60.528053283691406,1.8934496889072643
/home/tr3x/Projects/glow-mark/datasets/MEBeauty-database/original_images/male/mideastern/monica-dahiya-caPZQg42c54-unsplash.jpg,6.5041322314049586,Middle Eastern,male,original,43.16550827026367,40.785701751708984,-0.46195561049502676
/home/tr3x/Projects/glow-mark/datasets/MEBeauty-database/original_images/male/mideastern/matthijs-van-dis-zdhgC39sT9w-unsplash.jpg,3.8016528925619837,Middle Eastern,male,original,32.74624252319336,29.691246032714844,-1.1302294568039988
/home/tr3x/Projects/glow-mark/datasets/MEBeauty-database/original_images/female/mideastern/pexels-matheus-henrin-2071150.jpg,5.5625,Middle Eastern,female,original,50.38717269897461,39.678733825683594,0.0012295679696199663
/home/tr3x/Projects/glow-mark/datasets/MEBeauty-database/original_images/male/mideastern/ashkan-forouzani-rSUGzRIa-8M-unsplash.jpg,4.694266153187847,Middle Eastern,male,original,54.59139633178711,42.921443939208984,0.27088126570395255
/home/tr3x/Projects/glow-mark/datasets/MEBeauty-database/original_images/female/mideastern/24.jpg,7.388471177944862,Middle Eastern,female,original,55.37288284301758,61.48896026611328,0.32100447105989716
/home/tr3x/Projects/glow-mark/datasets/MEBeauty-database/original_images/male/mideastern/guillaume-issaly-cKuMOZ1-EKQ-unsplash.jpg,5.086538461538462,Middle Eastern,male,original,68.00365447998047,58.07435607910156,1.131120514607097
/home/tr3x/Projects/glow-mark/datasets/MEBeauty-database/original_images/male/mideastern/beard-1866984_1920.jpg,5.177235772357723,Middle Eastern,male,original,28.280784606933594,28.298492431640625,-1.4166362737209053
/home/tr3x/Projects/glow-mark/datasets/MEBeauty-database/original_images/male/mideastern/chris-blonk-l1U_iSgNRGY-unsplash.jpg,4.539851641414141,Middle Eastern,male,original,73.86251068115234,56.14196014404297,1.506897509222021
/home/tr3x/Projects/glow-mark/datasets/MEBeauty-database/original_images/female/mideastern/luiza-braun-f11edIs0_ZU-unsplash.jpg,5.28421052631579,Middle Eastern,female,original,74.8311767578125,60.51158142089844,1.5690260910772944
/home/tr3x/Projects/glow-mark/datasets/MEBeauty-database/original_images/female/mideastern/oscar-nord-1UJNl0Ffhw8-unsplash.jpg,6.222222222222222,Middle Eastern,female,original,44.350433349609375,38.12726593017578,-0.385956546877231
/home/tr3x/Projects/glow-mark/datasets/MEBeauty-database/original_images/male/mideastern/hannah-cook-dqa2LjshmWY-unsplash.jpg,7.222222222222223,Middle Eastern,male,original,29.23408317565918,24.431880950927734,-1.3554933374845188
/home/tr3x/Projects/glow-mark/datasets/MEBeauty-database/original_images/male/mideastern/amr-taha-EbWk-8X2LSI-unsplash.jpg,4.835511982570806,Middle Eastern,male,original,56.1539421081543,52.999629974365234,0.371100273583692
/home/tr3x/Projects/glow-mark/datasets/MEBeauty-database/original_images/female/mideastern/hijab-5009607_1920.jpg,6.523809523809524,Middle Eastern,female,original,53.365989685058594,52.79688262939453,0.19228578373996624
/home/tr3x/Projects/glow-mark/datasets/MEBeauty-database/original_images/male/mideastern/ashkan-forouzani-g0H0eazR5-M-unsplash.jpg,5.303294573643411,Middle Eastern,male,original,55.163612365722656,49.279842376708984,0.3075822213375389
/home/tr3x/Projects/glow-mark/datasets/MEBeauty-database/original_images/male/mideastern/artist-3852896_1920.jpg,5.695714945714946,Middle Eastern,male,original,51.21091842651367,48.58644104003906,0.05406320702694969
/home/tr3x/Projects/glow-mark/datasets/MEBeauty-database/original_images/female/mideastern/pexels-artem-podrez-5125221.jpg,8.333333333333334,Middle Eastern,female,original,40.25646209716797,31.236955642700195,-0.6485368459080583
/home/tr3x/Projects/glow-mark/datasets/MEBeauty-database/original_images/male/mideastern/man-2969985_1920.jpg,6.29810606060606,Middle Eastern,male,original,63.98714828491211,53.69410705566406,0.8735086915804248
/home/tr3x/Projects/glow-mark/datasets/MEBeauty-database/original_images/female/mideastern/siddharth-salve-66R_Ji_rKd4-unsplash.jpg,7.095238095238096,Middle Eastern,female,original,50.02787399291992,43.57164764404297,-0.02181523519575825
/home/tr3x/Projects/glow-mark/datasets/MEBeauty-database/original_images/female/mideastern/woman-1462682_1920.jpg,6.596153846153846,Middle Eastern,female,original,90.25962829589844,79.60152435302734,2.5585805282359155
/home/tr3x/Projects/glow-mark/datasets/MEBeauty-database/original_images/male/mideastern/joshua-purnell-kz6qS9mWbAo-unsplash.jpg,5.888888888888888,Middle Eastern,male,original,64.05767059326172,54.39338684082031,0.8780318715621458
/home/tr3x/Projects/glow-mark/datasets/MEBeauty-database/original_images/female/mideastern/girl-1518158_1920.jpg,6.310344827586207,Middle Eastern,female,original,67.48920440673828,58.99348449707031,1.098124568681046
/home/tr3x/Projects/glow-mark/datasets/MEBeauty-database/original_images/male/mideastern/people-3309614_1920.jpg,4.459671179883945,Middle Eastern,male,original,47.91446304321289,46.033329010009766,-0.15736579110602822
/home/tr3x/Projects/glow-mark/datasets/MEBeauty-database/original_images/male/mideastern/face-3737238_1920.jpg,3.90625,Middle Eastern,male,original,32.0059814453125,30.764551162719727,-1.177708533525635
/home/tr3x/Projects/glow-mark/datasets/MEBeauty-database/original_images/male/mideastern/pexels-yazan-khalifeh-1000225.jpg,6.555555555555555,Middle Eastern,male,original,41.5936279296875,30.919591903686523,-0.5627733213236098
/home/tr3x/Projects/glow-mark/datasets/MEBeauty-database/original_images/male/mideastern/dollar-gill-KxCErTse64c-unsplash.jpg,5.673541963015648,Middle Eastern,male,original,80.08712005615234,71.55365753173828,1.9061332855022999
/home/tr3x/Projects/glow-mark/datasets/MEBeauty-database/original_images/female/mideastern/jeffrey-wegrzyn-It0_SCr3AF4-unsplash.jpg,6.384087791495199,Middle Eastern,female,original,49.518123626708984,46.937442779541016,-0.05450974996816196
/home/tr3x/Projects/glow-mark/datasets/MEBeauty-database/original_images/male/mideastern/ashkan-forouzani-dz0C0Zv5QvM-unsplash.jpg,3.616981907894737,Middle Eastern,male,original,27.28017807006836,23.218791961669922,-1.480813461947518
/home/tr3x/Projects/glow-mark/datasets/MEBeauty-database/original_images/male/mideastern/alireza-esmaeeli-Twu-xDzDqGg-unsplash.jpg,5.997901288174844,Middle Eastern,male,original,75.34931945800781,60.74700164794922,1.6022588757669256
/home/tr3x/Projects/glow-mark/datasets/MEBeauty-database/original_images/female/mideastern/bardia-hashemirad-3P7jxpEgkC4-unsplash.jpg,7.3104,Middle Eastern,female,original,66.58554077148438,65.18611907958984,1.0401651320028444
/home/tr3x/Projects/glow-mark/datasets/MEBeauty-database/original_images/male/mideastern/123.jpg,5.949820788530467,Middle Eastern,male,original,64.29192352294922,64.72947692871094,0.893056452960833
/home/tr3x/Projects/glow-mark/datasets/MEBeauty-database/original_images/male/mideastern/lumensoft-technologies-JGGaefIIc6Y-unsplash.jpg,2.802391304347826,Middle Eastern,male,original,42.03778076171875,36.75665283203125,-0.5342861199587723
/home/tr3x/Projects/glow-mark/datasets/MEBeauty-database/original_images/male/mideastern/riccardo-fissore-QMfP5xza0vU-unsplash.jpg,8.063636363636364,Middle Eastern,male,original,60.188167572021484,73.33951568603516,0.6298485801401472
/home/tr3x/Projects/glow-mark/datasets/MEBeauty-database/original_images/male/mideastern/ashkan-forouzani-gvjqEmux8SU-unsplash.jpg,5.468502294534835,Middle Eastern,male,original,33.85400390625,31.206287384033203,-1.0591795404069666
/home/tr3x/Projects/glow-mark/datasets/MEBeauty-database/original_images/male/mideastern/118.jpg,5.298155298155298,Middle Eastern,male,original,25.89023780822754,26.842981338500977,-1.5699618479728232
/home/tr3x/Projects/glow-mark/datasets/MEBeauty-database/original_images/female/mideastern/girl-1364014_1920.jpg,6.785714285714286,Middle Eastern,female,original,38.74440383911133,30.43280029296875,-0.7455176708993854
/home/tr3x/Projects/glow-mark/datasets/MEBeauty-database/original_images/male/mideastern/thobe-805762_1920.jpg,6.481390977443609,Middle Eastern,male,original,54.895164489746094,50.510406494140625,0.29036443469429346
/home/tr3x/Projects/glow-mark/datasets/MEBeauty-database/original_images/female/mideastern/wall-3449760_1920.jpg,5.64010989010989,Middle Eastern,female,original,69.36599731445312,61.74488830566406,1.2184988489432282
/home/tr3x/Projects/glow-mark/datasets/MEBeauty-database/original_images/female/mideastern/sandeep-swarnkar-o2Bl6Y9hPos-unsplash.jpg,6.944078947368421,Middle Eastern,female,original,50.20301818847656,45.661903381347656,-0.010581786691362678
/home/tr3x/Projects/glow-mark/datasets/MEBeauty-database/original_images/male/mideastern/sahil-moosa-JWUYb-5OSYU-unsplash.jpg,5.889196675900277,Middle Eastern,male,original,36.35506057739258,30.54281997680664,-0.8987660523518101
/home/tr3x/Projects/glow-mark/datasets/MEBeauty-database/original_images/male/mideastern/pexels-hussein-altameemi-1678821.jpg,3.7777777777777777,Middle Eastern,male,original,13.518621444702148,11.820732116699219,-2.3634561164760353
/home/tr3x/Projects/glow-mark/datasets/MEBeauty-database/original_images/female/mideastern/pexels-anubhaw-anand-3263992.jpg,7.65432098765432,Middle Eastern,female,original,40.94456481933594,46.93056106567383,-0.6044031167219915
/home/tr3x/Projects/glow-mark/datasets/MEBeauty-database/original_images/female/mideastern/woman-1584341_1280.jpg,4.667037037037037,Middle Eastern,female,original,42.32146453857422,39.2299690246582,-0.5160911287476146
/home/tr3x/Projects/glow-mark/datasets/MEBeauty-database/original_images/female/mideastern/pexels-samad-ismayilov-735552.jpg,8.375,Middle Eastern,female,original,59.34188461303711,49.172245025634766,0.5755694416869173
/home/tr3x/Projects/glow-mark/datasets/MEBeauty-database/original_images/male/mideastern/businessman-805769_1920.jpg,4.790313390313391,Middle Eastern,male,original,70.58256530761719,47.445064544677734,1.2965274348171163
/home/tr3x/Projects/glow-mark/datasets/MEBeauty-database/original_images/male/mideastern/amine-bashir-inTUOzVxdOA-unsplash.jpg,4.345418589321029,Middle Eastern,male,original,53.792781829833984,47.775062561035156,0.21965950038057525
/home/tr3x/Projects/glow-mark/datasets/MEBeauty-database/original_images/male/mideastern/jesus-eca-wU4hzVf122M-unsplash.jpg,4.916666666666666,Middle Eastern,male,original,72.49442291259766,59.71109390258789,1.419150704660733
/home/tr3x/Projects/glow-mark/datasets/MEBeauty-database/original_images/female/mideastern/joao-paulo-de-souza-oliveira-PK5HVHRWYa8-unsplash.jpg,6.505291005291006,Middle Eastern,female,original,67.71122741699219,69.86161041259766,1.112364744009446
/home/tr3x/Projects/glow-mark/datasets/MEBeauty-database/original_images/female/mideastern/sour-moha-Uxo2j3rJq5Y-unsplash.jpg,8.166666666666666,Middle Eastern,female,original,68.52132415771484,62.37915802001953,1.1643229604468484
/home/tr3x/Projects/glow-mark/datasets/MEBeauty-database/original_images/male/mideastern/igor-rodrigues-FjFiPGWeWKI-unsplash.jpg,7.090909090909091,Middle Eastern,male,original,40.43796920776367,35.99056625366211,-0.6368952909391464
/home/tr3x/Projects/glow-mark/datasets/MEBeauty-database/original_images/male/mideastern/man-355612_1920.jpg,3.5684803001876175,Middle Eastern,male,original,71.47990417480469,69.37179565429688,1.3540812117122436
/home/tr3x/Projects/glow-mark/datasets/MEBeauty-database/original_images/female/mideastern/jan-kopriva-VKHv4GLr5O0-unsplash.jpg,5.756944444444444,Middle Eastern,female,original,67.88001251220703,61.77593231201172,1.1231903307174695
/home/tr3x/Projects/glow-mark/datasets/MEBeauty-database/original_images/male/mideastern/moein-rahmani-A3802JoFGqg-unsplash.jpg,6.194444444444445,Middle Eastern,male,original,35.12931442260742,32.340206146240234,-0.9773833097806297
/home/tr3x/Projects/glow-mark/datasets/MEBeauty-database/original_images/female/mideastern/tyler-nix-aSIw_EnF71g-unsplash.jpg,6.1408,Middle Eastern,female,original,29.5508975982666,30.232372283935547,-1.3351734034410332
/home/tr3x/Projects/glow-mark/datasets/MEBeauty-database/original_images/male/mideastern/ashkan-forouzani-HF-pfqi3Cxk-unsplash.jpg,3.7196382428940566,Middle Eastern,male,original,60.624454498291016,48.016197204589844,0.657831275791656
/home/tr3x/Projects/glow-mark/datasets/MEBeauty-database/original_images/male/mideastern/muhammad-faiz-zulkeflee-BuxUWCobuGA-unsplash.jpg,4.41511072514112,Middle Eastern,male,original,29.436098098754883,32.22945785522461,-1.342536446572418
/home/tr3x/Projects/glow-mark/datasets/MEBeauty-database/original_images/male/mideastern/nasro-azaizia-1NP6_EsAYl8-unsplash.jpg,6.239285714285714,Middle Eastern,male,original,33.04446792602539,27.759384155273438,-1.1111017906271723
/home/tr3x/Projects/glow-mark/datasets/MEBeauty-database/original_images/female/mideastern/joshua-rawson-harris-eMDcPM6bqVc-unsplash.jpg,6.669230769230769,Middle Eastern,female,original,45.9781379699707,37.57730484008789,-0.2815583624265077
/home/tr3x/Projects/glow-mark/datasets/MEBeauty-database/original_images/female/mideastern/pexels-anna-tarazevich-5119587.jpg,6.111111111111112,Middle Eastern,female,original,36.37728500366211,33.91997146606445,-0.8973406157437337
/home/tr3x/Projects/glow-mark/datasets/MEBeauty-database/original_images/male/mideastern/arabs-618749_1920.jpg,3.90125,Middle Eastern,male,original,30.02547264099121,37.96921920776367,-1.3047349736262457
/home/tr3x/Projects/glow-mark/datasets/MEBeauty-database/original_images/female/mideastern/raamin-ka-4eOyl_iUQB8-unsplash.jpg,7.685555555555555,Middle Eastern,female,original,76.04879760742188,71.34632873535156,1.64712220535898
/home/tr3x/Projects/glow-mark/datasets/MEBeauty-database/original_images/male/mideastern/ameer-basheer-ABuzWPku1Ug-unsplash.jpg,6.416666666666667,Middle Eastern,male,original,71.73657989501953,62.2389030456543,1.3705439524625052
/home/tr3x/Projects/glow-mark/datasets/MEBeauty-database/original_images/female/mideastern/mukul-kumar-OYFdvoK6z6Y-unsplash.jpg,7.554016620498616,Middle Eastern,female,original,75.21266174316406,64.63270568847656,1.593493884169307
/home/tr3x/Projects/glow-mark/datasets/MEBeauty-database/original_images/female/mideastern/ana-itonishvili-tsqu8UcbL3w-unsplash.jpg,7.0,Middle Eastern,female,original,76.50182342529297,79.08619689941406,1.6761785048272135
/home/tr3x/Projects/glow-mark/datasets/MEBeauty-database/original_images/female/mideastern/alexandru-zdrobau-BGz8vO3pK8k-unsplash.jpg,8.208333333333334,Middle Eastern,female,original,53.584957122802734,51.553619384765625,0.20632997988486662
/home/tr3x/Projects/glow-mark/datasets/MEBeauty-database/original_images/male/mideastern/pexels-ibadat-singh-2586823.jpg,4.541666666666666,Middle Eastern,male,original,38.18965530395508,34.01359176635742,-0.7810982911007057
/home/tr3x/Projects/glow-mark/datasets/MEBeauty-database/original_images/male/mideastern/amir-mohammad-hp-MDylgrNv6-M-unsplash.jpg,6.694331065759637,Middle Eastern,male,original,53.47820281982422,41.245609283447266,0.19948294186958748
/home/tr3x/Projects/glow-mark/datasets/MEBeauty-database/original_images/female/mideastern/model-5029025_1920.jpg,6.250574712643678,Middle Eastern,female,original,68.61893463134766,64.11363220214844,1.1705835289204936
/home/tr3x/Projects/glow-mark/datasets/MEBeauty-database/original_images/female/mideastern/aranprime-hwzLBk3079Q-unsplash.jpg,6.965561224489796,Middle Eastern,female,original,63.334712982177734,55.36143493652344,0.8316626095425752
/home/tr3x/Projects/glow-mark/datasets/MEBeauty-database/original_images/female/mideastern/pexels-toni-ph-2040376.jpg,7.728395061728396,Middle Eastern,female,original,49.03382873535156,47.67805099487305,-0.08557159421435671
/home/tr3x/Projects/glow-mark/datasets/MEBeauty-database/original_images/male/mideastern/james-barr-jYrFcbztIHA-unsplash.jpg,7.576304200542004,Middle Eastern,male,original,49.2020378112793,34.951316833496094,-0.07478295239610648
/home/tr3x/Projects/glow-mark/datasets/MEBeauty-database/original_images/female/mideastern/pexels-mohamed-abdelgaffar-1684304.jpg,7.728395061728396,Middle Eastern,female,original,46.5786018371582,43.840274810791016,-0.24304563918516217
/home/tr3x/Projects/glow-mark/datasets/MEBeauty-database/original_images/female/mideastern/qasim-sadiq-A4FN0SPut6w-unsplash.jpg,2.933333333333333,Middle Eastern,female,original,34.524208068847656,34.17979049682617,-1.0161937941534598
/home/tr3x/Projects/glow-mark/datasets/MEBeauty-database/original_images/male/mideastern/meysam-jarahkar-SaQf2X_qZSU-unsplash.jpg,5.95839874411303,Middle Eastern,male,original,53.35657501220703,44.20990753173828,0.19168194276009456
/home/tr3x/Projects/glow-mark/datasets/MEBeauty-database/original_images/male/mideastern/man-4752273_1920.jpg,4.461730153079388,Middle Eastern,male,original,51.79209518432617,46.376041412353516,0.09133888813124856
/home/tr3x/Projects/glow-mark/datasets/MEBeauty-database/original_images/female/mideastern/the-creative-exchange-UhpAf0ySwuk-unsplash.jpg,6.9399999999999995,Middle Eastern,female,original,37.19157409667969,37.054222106933594,-0.8451135090158618
/home/tr3x/Projects/glow-mark/datasets/MEBeauty-database/original_images/male/mideastern/sadhu-1166066_1920.jpg,2.7148217636022514,Middle Eastern,male,original,30.711761474609375,27.652347564697266,-1.2607175841427434
/home/tr3x/Projects/glow-mark/datasets/MEBeauty-database/original_images/male/mideastern/biceps-2746490_1920.jpg,5.992412996866238,Middle Eastern,male,original,48.54169464111328,60.6080436706543,-0.11713623149687087
/home/tr3x/Projects/glow-mark/datasets/MEBeauty-database/original_images/male/mideastern/jose-g-ortega-castro-cPGbyVIfIYU-unsplash.jpg,5.661400462962963,Middle Eastern,male,original,34.11179733276367,29.606279373168945,-1.042645111890456
/home/tr3x/Projects/glow-mark/datasets/MEBeauty-database/original_images/female/mideastern/41.jpg,7.5,Middle Eastern,female,original,57.180152893066406,59.676692962646484,0.4369196743941373
/home/tr3x/Projects/glow-mark/datasets/MEBeauty-database/original_images/male/mideastern/ashkan-forouzani-jXnCPQ5JTVo-unsplash.jpg,5.544034090909092,Middle Eastern,male,original,42.915870666503906,35.9298095703125,-0.47796693851924976
/home/tr3x/Projects/glow-mark/datasets/MEBeauty-database/original_images/female/mideastern/kamal-alkhatib-ZG531DsOagU-unsplash.jpg,8.0,Middle Eastern,female,original,25.844085693359375,28.1982479095459,-1.5729219655153588
/home/tr3x/Projects/glow-mark/datasets/MEBeauty-database/original_images/female/mideastern/girl-1360874_1920.jpg,7.444444444444445,Middle Eastern,female,original,58.34622573852539,55.497493743896484,0.5117095880433246
/home/tr3x/Projects/glow-mark/datasets/MEBeauty-database/original_images/male/mideastern/pexels-pixabay-35539.jpg,3.666666666666667,Middle Eastern,male,original,32.66242218017578,25.83468246459961,-1.1356055499363815
/home/tr3x/Projects/glow-mark/datasets/MEBeauty-database/original_images/male/mideastern/ashkan-forouzani-Qqchjk9bk9U-unsplash.jpg,3.5708748615725363,Middle Eastern,male,original,59.369712829589844,54.365779876708984,0.577354295798815
/home/tr3x/Projects/glow-mark/datasets/MEBeauty-database/original_images/male/mideastern/gursimrat-ganda-ICZWButbZx4-unsplash.jpg,6.368055555555556,Middle Eastern,male,original,47.04998779296875,43.06105041503906,-0.2128117519389211
/home/tr3x/Projects/glow-mark/datasets/MEBeauty-database/original_images/male/mideastern/male-4443092_1920.jpg,4.965111111111112,Middle Eastern,male,original,65.40178680419922,60.66617965698242,0.9642411815053163
/home/tr3x/Projects/glow-mark/datasets/MEBeauty-database/original_images/female/mideastern/karthik-pillai-jF9aTJ_T_Tw-unsplash.jpg,8.205653021442496,Middle Eastern,female,original,55.20938491821289,53.59857177734375,0.310517994399727
/home/tr3x/Projects/glow-mark/datasets/MEBeauty-database/original_images/female/mideastern/ashkan-forouzani-SNYaOnl22u8-unsplash.jpg,4.016666666666667,Middle Eastern,female,original,47.535587310791016,31.209383010864258,-0.18166623118741188
/home/tr3x/Projects/glow-mark/datasets/MEBeauty-database/original_images/female/mideastern/pexels-mohamed-abdelgaffar-764529.jpg,8.0,Middle Eastern,female,original,79.88936614990234,60.528053283691406,1.8934496889072643
/home/tr3x/Projects/glow-mark/datasets/MEBeauty-database/original_images/male/mideastern/male-5869776_1920.jpg,5.026315789473684,Middle Eastern,male,original,84.41131591796875,71.85374450683594,2.183479796371545
/home/tr3x/Projects/glow-mark/datasets/MEBeauty-database/original_images/female/mideastern/latin-4793762_1920.jpg,5.7236467236467234,Middle Eastern,female,original,59.489463806152344,66.27809143066406,0.5850349181813643
/home/tr3x/Projects/glow-mark/datasets/MEBeauty-database/original_images/female/mideastern/luke-braswell-oYFv-_JKsVk-unsplash.jpg,6.4230769230769225,Middle Eastern,female,original,52.85416793823242,40.254295349121094,0.15945841416526502
/home/tr3x/Projects/glow-mark/datasets/MEBeauty-database/original_images/male/mideastern/male-4616459_1920.jpg,6.292200854700855,Middle Eastern,male,original,54.24013137817383,42.78050231933594,0.24835173365024765
/home/tr3x/Projects/glow-mark/datasets/MEBeauty-database/original_images/female/mideastern/alex-michaelsen-twXWoTWOUeQ-unsplash.jpg,5.167901234567901,Middle Eastern,female,original,57.248687744140625,53.997650146484375,0.44131538227273315
/home/tr3x/Projects/glow-mark/datasets/MEBeauty-database/original_images/female/mideastern/shalom-de-leon-QsqKwK09TUI-unsplash.jpg,5.037878787878788,Middle Eastern,female,original,76.41108703613281,84.05577087402344,1.6703588283494066
/home/tr3x/Projects/glow-mark/datasets/MEBeauty-database/original_images/male/mideastern/pexels-himesh-mehta-2880285.jpg,2.666666666666667,Middle Eastern,male,original,42.25146484375,40.42748260498047,-0.5205807891935812
/home/tr3x/Projects/glow-mark/datasets/MEBeauty-database/original_images/female/mideastern/carlos-lindner-cMGFhR6YCZM-unsplash.jpg,6.0798816568047345,Middle Eastern,female,original,37.78883361816406,34.353660583496094,-0.8068063070156396
/home/tr3x/Projects/glow-mark/datasets/MEBeauty-database/original_images/female/mideastern/ali-pazani-4GSOe3Dl314-unsplash.jpg,7.904224537037037,Middle Eastern,female,original,67.5562515258789,61.664283752441406,1.102424855983406
/home/tr3x/Projects/glow-mark/datasets/MEBeauty-database/original_images/female/mideastern/allef-vinicius-yOp7FXdn3cM-unsplash.jpg,5.055555555555555,Middle Eastern,female,original,62.22506332397461,60.69293975830078,0.7604915824141667
/home/tr3x/Projects/glow-mark/datasets/MEBeauty-database/original_images/female/mideastern/kirill-balobanov-sRPbVu7FOsw-unsplash.jpg,8.616666666666665,Middle Eastern,female,original,44.82615280151367,39.82664108276367,-0.3554447166191852
/home/tr3x/Projects/glow-mark/datasets/MEBeauty-database/original_images/male/mideastern/ashkan-forouzani-IZROIf9IO3I-unsplash.jpg,2.695238095238095,Middle Eastern,male,original,55.92088317871094,41.469627380371094,0.3561522733141377
/home/tr3x/Projects/glow-mark/datasets/MEBeauty-database/original_images/female/mideastern/dev-asangbam-AJOka3Plw6g-unsplash.jpg,6.2631578947368425,Middle Eastern,female,original,54.507877349853516,49.394447326660156,0.26552450135496125
/home/tr3x/Projects/glow-mark/datasets/MEBeauty-database/original_images/female/mideastern/17.jpg,7.74,Middle Eastern,female,original,69.13957214355469,63.15061569213867,1.203976326576428
/home/tr3x/Projects/glow-mark/datasets/MEBeauty-database/original_images/female/mideastern/model-4606802_1920.jpg,7.093913043478261,Middle Eastern,female,original,62.998680114746094,57.09027099609375,0.8101100373886384
/home/tr3x/Projects/glow-mark/datasets/MEBeauty-database/original_images/female/mideastern/kirill-balobanov-Ef3AOkt6hHg-unsplash.jpg,8.525,Middle Eastern,female,original,35.55674362182617,35.24184036254883,-0.9499687335599402
/home/tr3x/Projects/glow-mark/datasets/MEBeauty-database/original_images/female/mideastern/wesley-tingey-oeEqKb7gTrk-unsplash.jpg,7.545454545454546,Middle Eastern,female,original,74.76167297363281,65.29740142822266,1.5645682374900731
/home/tr3x/Projects/glow-mark/datasets/MEBeauty-database/original_images/male/mideastern/nonsap-visuals-kMJp7620W6U-unsplash.jpg,5.393939393939394,Middle Eastern,male,original,33.75153350830078,32.9910774230957,-1.0657518160963153
/home/tr3x/Projects/glow-mark/datasets/MEBeauty-database/original_images/male/mideastern/man-3057370_1920.jpg,3.5087500000000005,Middle Eastern,male,original,42.149864196777344,33.220123291015625,-0.5270972805460536
/home/tr3x/Projects/glow-mark/datasets/MEBeauty-database/original_images/male/mideastern/damir-yakupov-rsx0Bj6s770-unsplash.jpg,4.3884297520661155,Middle Eastern,male,original,38.642295837402344,37.39340591430664,-0.7520667031150358
/home/tr3x/Projects/glow-mark/datasets/MEBeauty-database/original_images/female/mideastern/pexels-samad-ismayilov-786858.jpg,8.625,Middle Eastern,female,original,74.76097106933594,74.72653198242188,1.5645232185515414
/home/tr3x/Projects/glow-mark/datasets/MEBeauty-database/original_images/male/mideastern/irene-strong-nTX1KAnjHWI-unsplash.jpg,7.1010101010101,Middle Eastern,male,original,66.53352355957031,66.74034881591797,1.03682883718861
/home/tr3x/Projects/glow-mark/datasets/MEBeauty-database/original_images/male/mideastern/man-3485138_1920.jpg,6.2124999999999995,Middle Eastern,male,original,72.5385971069336,69.56221008300781,1.4219839617705037
/home/tr3x/Projects/glow-mark/datasets/MEBeauty-database/original_images/female/mideastern/muslim-5016604_1920.jpg,7.288888888888889,Middle Eastern,female,original,46.135276794433594,39.359439849853516,-0.2714797475627095
/home/tr3x/Projects/glow-mark/datasets/MEBeauty-database/original_images/male/mideastern/vaishnav-chogale-rJuA7hz1M7Q-unsplash.jpg,6.0,Middle Eastern,male,original,62.156982421875,51.886802673339844,0.75612499004473
/home/tr3x/Projects/glow-mark/datasets/MEBeauty-database/original_images/male/mideastern/fares-hamouche-3mv2czJrEiw-unsplash.jpg,4.409090909090909,Middle Eastern,male,original,29.796987533569336,23.557832717895508,-1.319389616790911
/home/tr3x/Projects/glow-mark/datasets/MEBeauty-database/original_images/male/mideastern/male-5869656_1920.jpg,6.05,Middle Eastern,male,original,66.7513427734375,62.87928771972656,1.050799388222108
/home/tr3x/Projects/glow-mark/datasets/MEBeauty-database/original_images/female/mideastern/portrait-5554731_1920.jpg,7.2631578947368425,Middle Eastern,female,original,58.52891540527344,47.757476806640625,0.5234269901369366
/home/tr3x/Projects/glow-mark/datasets/MEBeauty-database/original_images/female/mideastern/anastasia-leonova-J52-_tGlXfU-unsplash.jpg,8.0,Middle Eastern,female,original,60.130496978759766,69.62089538574219,0.6261496871362169
/home/tr3x/Projects/glow-mark/datasets/MEBeauty-database/original_images/male/mideastern/ahmadreza-najafi-D5r5jhOaNNE-unsplash.jpg,5.429245283018868,Middle Eastern,male,original,54.195228576660156,50.924808502197266,0.24547174492493584
/home/tr3x/Projects/glow-mark/datasets/MEBeauty-database/original_images/male/mideastern/mehrdad-dadaei--aY-mUygMD0-unsplash(1).jpg,7.031269543464666,Middle Eastern,male,original,38.34435272216797,28.997379302978516,-0.7711762638491919
/home/tr3x/Projects/glow-mark/datasets/MEBeauty-database/original_images/female/mideastern/cafe-4730085_1920.jpg,5.037037037037037,Middle Eastern,female,original,56.018497467041016,43.22005844116211,0.3624130864559271
/home/tr3x/Projects/glow-mark/datasets/MEBeauty-database/original_images/male/mideastern/man-5923039_1920.jpg,6.222222222222222,Middle Eastern,male,original,53.203224182128906,60.136695861816406,0.18184628336348138
/home/tr3x/Projects/glow-mark/datasets/MEBeauty-database/original_images/female/mideastern/girl-2651718_1920.jpg,7.923280423280424,Middle Eastern,female,original,70.60997009277344,75.19396209716797,1.2982851307650085
/home/tr3x/Projects/glow-mark/datasets/MEBeauty-database/original_images/male/mideastern/ruslan-ihnatenko-2Bb2auSD1hY-unsplash.jpg,4.881944444444444,Middle Eastern,male,original,42.23606491088867,37.92708206176758,-0.5215685144916937
/home/tr3x/Projects/glow-mark/datasets/MEBeauty-database/original_images/male/mideastern/baby-5925923_1920.jpg,6.111111111111112,Middle Eastern,male,original,31.109033584594727,27.80615997314453,-1.2352372319359823
/home/tr3x/Projects/glow-mark/datasets/MEBeauty-database/original_images/female/mideastern/face-2432004_1920.jpg,5.967777777777778,Middle Eastern,female,original,64.3473892211914,63.59308624267578,0.8966139277774189
/home/tr3x/Projects/glow-mark/datasets/MEBeauty-database/original_images/female/mideastern/dimitri-bong-2M45kvvIC-4-unsplash.jpg,6.1,Middle Eastern,female,original,74.0167236328125,71.17131042480469,1.5167884636192221
/home/tr3x/Projects/glow-mark/datasets/MEBeauty-database/original_images/female/mideastern/jakob-owens-HjL1JGnuh3o-unsplash.jpg,6.460268317853457,Middle Eastern,female,original,68.74267578125,73.73286437988281,1.1785200741818702
/home/tr3x/Projects/glow-mark/datasets/MEBeauty-database/original_images/female/caucasian/f8.jpg,7.663194444444445,White,female,original,63.0461540222168,57.32062911987305,0.8500933554869945
/home/tr3x/Projects/glow-mark/datasets/MEBeauty-database/original_images/female/caucasian/shilja-74758_1920.jpg,4.561957018747143,White,female,original,64.508544921875,61.92461395263672,0.9458881913827292
/home/tr3x/Projects/glow-mark/datasets/MEBeauty-database/original_images/female/caucasian/woman-3187336_1920.jpg,5.960919540229885,White,female,original,63.640533447265625,56.185760498046875,0.8890285536584694
/home/tr3x/Projects/glow-mark/datasets/MEBeauty-database/original_images/female/caucasian/eva-wilcock-hHFijaQdfTw-unsplash.jpg,5.828333333333333,White,female,original,79.36951446533203,67.81574249267578,1.9193653506017236
/home/tr3x/Projects/glow-mark/datasets/MEBeauty-database/original_images/male/caucasian/dima-dallacqua-4c23dXiYPhc-unsplash.jpg,6.415668202764977,White,male,original,43.3104248046875,34.3485221862793,-0.4427080029717804
/home/tr3x/Projects/glow-mark/datasets/MEBeauty-database/original_images/female/caucasian/woman-5480503_1920.jpg,5.888888888888889,White,female,original,41.80525588989258,33.17646026611328,-0.5413050396613829
/home/tr3x/Projects/glow-mark/datasets/MEBeauty-database/original_images/female/caucasian/jennifer-marquez--shIc419kMU-unsplash.jpg,6.912280701754386,White,female,original,56.415252685546875,47.003883361816406,0.41573199182180337
/home/tr3x/Projects/glow-mark/datasets/MEBeauty-database/original_images/female/caucasian/lovely-3368231_1920.jpg,5.968854282536151,White,female,original,48.15019607543945,36.65675735473633,-0.1256757411032641
/home/tr3x/Projects/glow-mark/datasets/MEBeauty-database/original_images/male/caucasian/ilya-shishikhin-2blzycUKsA0-unsplash.jpg,6.545715249662618,White,male,original,51.32655715942383,29.794267654418945,0.08239379000295284
/home/tr3x/Projects/glow-mark/datasets/MEBeauty-database/original_images/female/caucasian/jonnelle-yankovich-c7TBD3PvoaQ-unsplash.jpg,5.5,White,female,original,60.03831481933594,46.17800521850586,0.6530629562222878
/home/tr3x/Projects/glow-mark/datasets/MEBeauty-database/original_images/female/caucasian/ayo-ogunseinde-6W4F62sN_yI-unsplash.jpg,8.825185185185184,White,female,original,47.70658874511719,42.35247802734375,-0.15473451835652696
/home/tr3x/Projects/glow-mark/datasets/MEBeauty-database/original_images/male/caucasian/sayo-garcia-n-LARjYGIeg-unsplash(1).jpg,5.780952380952381,White,male,original,43.98819351196289,37.83987808227539,-0.3983103374065165
/home/tr3x/Projects/glow-mark/datasets/MEBeauty-database/original_images/male/caucasian/mens-3849286_1920.jpg,5.4162151702786385,White,male,original,60.67456817626953,49.66637420654297,0.694741132645438
/home/tr3x/Projects/glow-mark/datasets/MEBeauty-database/original_images/male/caucasian/kas-YHDWG6-EsYc-unsplash.jpg,5.994606973995272,White,male,original,52.337547302246094,42.60227584838867,0.1486193353386767
/home/tr3x/Projects/glow-mark/datasets/MEBeauty-database/original_images/female/caucasian/isi-parente-0FjPiX4szEk-unsplash.jpg,7.211538461538462,White,female,original,41.47140884399414,37.98960494995117,-0.5631739004315034
/home/tr3x/Projects/glow-mark/datasets/MEBeauty-database/original_images/female/caucasian/11.jpg,6.551989730423621,White,female,original,54.536834716796875,46.68537902832031,0.2926850410358934
/home/tr3x/Projects/glow-mark/datasets/MEBeauty-database/original_images/male/caucasian/fashion-1866574_1920.jpg,7.624239130434783,White,male,original,50.81504440307617,38.2070198059082,0.048886825097501634
/home/tr3x/Projects/glow-mark/datasets/MEBeauty-database/original_images/female/caucasian/michael-burciaga-nPLOGnW9MWY-unsplash.jpg,5.4265644955300125,White,female,original,87.84709167480469,86.75627136230469,2.4746943790883362
/home/tr3x/Projects/glow-mark/datasets/MEBeauty-database/original_images/male/caucasian/nick-karvounis-JyO_szjGvUw-unsplash.jpg,6.346938775510203,White,male,original,51.22956466674805,44.814537048339844,0.07604023575068942
/home/tr3x/Projects/glow-mark/datasets/MEBeauty-database/original_images/female/caucasian/mike-austin-oRVnmlBD4Vo-unsplash.jpg,7.5501893939393945,White,female,original,78.54367065429688,68.84210968017578,1.8652679322082482
/home/tr3x/Projects/glow-mark/datasets/MEBeauty-database/original_images/female/caucasian/woman-3668495_1920.jpg,5.275862068965518,White,female,original,62.10832595825195,50.96208953857422,0.7886603381542661
/home/tr3x/Projects/glow-mark/datasets/MEBeauty-database/original_images/male/caucasian/lisa-wall-x5aOKbKhM_o-unsplash.jpg,7.454545454545454,White,male,original,56.23619079589844,49.402278900146484,0.40400243008966913
/home/tr3x/Projects/glow-mark/datasets/MEBeauty-database/original_images/female/caucasian/laura-dewilde-dhCxlHodZvM-unsplash.jpg,7.482905982905982,White,female,original,44.0914421081543,37.10489273071289,-0.3915469731576468
/home/tr3x/Projects/glow-mark/datasets/MEBeauty-database/original_images/male/caucasian/sigmund-QjCNk0TxGfc-unsplash.jpg,4.812942366026289,White,male,original,59.955902099609375,41.762020111083984,0.6476644591694326
/home/tr3x/Projects/glow-mark/datasets/MEBeauty-database/original_images/female/caucasian/jonathan-cooper-b-A6K_2cpWY-unsplash.jpg,7.054545454545455,White,female,original,56.002017974853516,43.10517883300781,0.3886627921252353
/home/tr3x/Projects/glow-mark/datasets/MEBeauty-database/original_images/female/caucasian/marcel-strauss-4W0-5NOr6dg-unsplash.jpg,5.462962962962963,White,female,original,75.59258270263672,69.69852447509766,1.6719550593578782
/home/tr3x/Projects/glow-mark/datasets/MEBeauty-database/original_images/female/caucasian/anastasiya-pavlova-tPD0S5mLkgI-unsplash.jpg,7.4074074074074066,White,female,original,95.50587463378906,101.2080078125,2.9763877750800884
/home/tr3x/Projects/glow-mark/datasets/MEBeauty-database/original_images/male/caucasian/isaac-reynaldo-70BSk8hT52k-unsplash.jpg,5.2258355916892505,White,male,original,50.36897277832031,45.569496154785156,0.019666622687038973
/home/tr3x/Projects/glow-mark/datasets/MEBeauty-database/original_images/female/caucasian/woman-1140923_1920.jpg,4.816326530612245,White,female,original,34.010108947753906,28.011873245239258,-1.051931044158431
/home/tr3x/Projects/glow-mark/datasets/MEBeauty-database/original_images/male/caucasian/nikita-fox-2ODe_T5WRzA-unsplash.jpg,6.086805555555555,White,male,original,47.28672409057617,49.74633026123047,-0.18223801669584003
/home/tr3x/Projects/glow-mark/datasets/MEBeauty-database/original_images/female/caucasian/bindi-2416039_1920.jpg,7.887566137566138,White,female,original,68.85020446777344,61.935638427734375,1.2302913313446222
/home/tr3x/Projects/glow-mark/datasets/MEBeauty-database/original_images/male/caucasian/vampire-4798680_1920.jpg,5.887814313346227,White,male,original,100.43181610107422,98.99134826660156,3.299064669883568
/home/tr3x/Projects/glow-mark/datasets/MEBeauty-database/original_images/female/caucasian/carlos-augusto-qmsP-aRLWsc-unsplash.jpg,8.415000000000001,White,female,original,50.44382095336914,48.82337951660156,0.024569599481802627
/home/tr3x/Projects/glow-mark/datasets/MEBeauty-database/original_images/male/caucasian/boy-3562120_1920.jpg,6.439661949685534,White,male,original,67.8243179321289,61.12895202636719,1.1630899884255157
/home/tr3x/Projects/glow-mark/datasets/MEBeauty-database/original_images/female/caucasian/mike-austin-JfpclLudxlE-unsplash.jpg,7.653846153846153,White,female,original,70.70573425292969,72.480224609375,1.3518389772648993
/home/tr3x/Projects/glow-mark/datasets/MEBeauty-database/original_images/male/caucasian/nathan-dumlao-ger61_TX6oI-unsplash.jpg,3.140507246376812,White,male,original,61.53002166748047,48.355220794677734,0.7507781517667539
/home/tr3x/Projects/glow-mark/datasets/MEBeauty-database/original_images/female/caucasian/gemma-chua-tran-u1eZM06-MPw-unsplash.jpg,7.194444444444445,White,female,original,59.77888870239258,53.02457809448242,0.6360690852227725
/home/tr3x/Projects/glow-mark/datasets/MEBeauty-database/original_images/male/caucasian/man-962563_1920.jpg,6.5310307017543865,White,male,original,65.11677551269531,60.43256378173828,0.9857307188820562
/home/tr3x/Projects/glow-mark/datasets/MEBeauty-database/original_images/male/caucasian/man-4123268_1920.jpg,6.2101503759398495,White,male,original,76.39720153808594,70.23439025878906,1.7246621223726235
/home/tr3x/Projects/glow-mark/datasets/MEBeauty-database/original_images/male/caucasian/andreea-pop-bTVliFTsdHI-unsplash.jpg,5.975358733300347,White,male,original,70.84474182128906,62.187564849853516,1.360944755482176
/home/tr3x/Projects/glow-mark/datasets/MEBeauty-database/original_images/female/caucasian/sincerely-media-T-q2QLhRFnY-unsplash.jpg,5.273846153846153,White,female,original,67.50847625732422,64.85169982910156,1.1424005808163598
/home/tr3x/Projects/glow-mark/datasets/MEBeauty-database/original_images/female/caucasian/vladislav-nikonov-XyoRtTE5P9U-unsplash.jpg,7.111111111111112,White,female,original,73.54421997070312,75.06620025634766,1.5377757699446444
/home/tr3x/Projects/glow-mark/datasets/MEBeauty-database/original_images/female/caucasian/carlos-lindner-DkSkgaPie8s-unsplash.jpg,5.816326530612245,White,female,original,61.27961730957031,61.71826934814453,0.7343752567684422
/home/tr3x/Projects/glow-mark/datasets/MEBeauty-database/original_images/male/caucasian/suit-3554990_1920.jpg,6.326866916979558,White,male,original,57.9750862121582,46.1886100769043,0.5179098682988256
/home/tr3x/Projects/glow-mark/datasets/MEBeauty-database/original_images/female/caucasian/sofia-kuniakina-GeAqNAWZ1d0-unsplash.jpg,5.882030178326475,White,female,original,78.97349548339844,76.84662628173828,1.8934238780482557
/home/tr3x/Projects/glow-mark/datasets/MEBeauty-database/original_images/male/caucasian/dane-wetton-vzticETKMYU-unsplash.jpg,5.765878378378378,White,male,original,57.85400390625,50.08788299560547,0.5099782956754836
/home/tr3x/Projects/glow-mark/datasets/MEBeauty-database/original_images/female/caucasian/pexels-skyler-ewing-4680619.jpg,6.555555555555555,White,female,original,43.99695587158203,43.87946701049805,-0.39773635352712344
/home/tr3x/Projects/glow-mark/datasets/MEBeauty-database/original_images/female/caucasian/girl-3901714_1920.jpg,7.894736842105263,White,female,original,54.68535614013672,44.328155517578125,0.3024140303089849
/home/tr3x/Projects/glow-mark/datasets/MEBeauty-database/original_images/male/caucasian/pexels-rodrigo-souza-2531553.jpg,8.469135802469136,White,male,original,66.4530029296875,40.8988151550293,1.0732611364742783
/home/tr3x/Projects/glow-mark/datasets/MEBeauty-database/original_images/male/caucasian/christopher-campbell-jxWFbUqNEOM-unsplash.jpg,6.411840411840412,White,male,original,58.27272033691406,46.231101989746094,0.5374065788873708
/home/tr3x/Projects/glow-mark/datasets/MEBeauty-database/original_images/male/caucasian/toa-heftiba-Gf12dq0xgHA-unsplash.jpg,5.841593780369291,White,male,original,82.62692260742188,77.53591918945312,2.1327439202371465
/home/tr3x/Projects/glow-mark/datasets/MEBeauty-database/original_images/male/caucasian/charisse-kenion-bYxVLLifeIc-unsplash.jpg,4.7670928030303035,White,male,original,61.67640686035156,57.954193115234375,0.760367205919053
/home/tr3x/Projects/glow-mark/datasets/MEBeauty-database/original_images/female/caucasian/alexis-reyna-Ghq7sANg8Lc-unsplash.jpg,6.649122807017544,White,female,original,59.83875274658203,51.38525390625,0.6399905170988351
/home/tr3x/Projects/glow-mark/datasets/MEBeauty-database/original_images/female/caucasian/oz-seyrek-cwh8976pscU-unsplash.jpg,7.954415954415954,White,female,original,56.33510971069336,49.822837829589844,0.41048217583478996
/home/tr3x/Projects/glow-mark/datasets/MEBeauty-database/original_images/male/caucasian/man-4302299_1920.jpg,7.098039215686275,White,male,original,72.64546966552734,55.87653732299805,1.4789025657858397
/home/tr3x/Projects/glow-mark/datasets/MEBeauty-database/original_images/female/caucasian/bruno-bucar-juC6zUwJTHE-unsplash.jpg,6.75462962962963,White,female,original,55.682682037353516,52.2021484375,0.3677444906399259
/home/tr3x/Projects/glow-mark/datasets/MEBeauty-database/original_images/male/caucasian/irene-strong-Y-AQ3mBVros-unsplash.jpg,6.373306233062331,White,male,original,47.01168441772461,45.307777404785156,-0.2002546634978613
/home/tr3x/Projects/glow-mark/datasets/MEBeauty-database/original_images/female/caucasian/woman-5919218_1920.jpg,7.19753086419753,White,female,original,63.55900955200195,56.2353515625,0.8836882796112295
/home/tr3x/Projects/glow-mark/datasets/MEBeauty-database/original_images/male/caucasian/person-4556344_1920.jpg,5.221041666666667,White,male,original,66.9264907836914,56.35336685180664,1.104277256229625
/home/tr3x/Projects/glow-mark/datasets/MEBeauty-database/original_images/male/caucasian/man-2854030_1920.jpg,7.418469387755102,White,male,original,47.345489501953125,42.693721771240234,-0.17838855145332772
/home/tr3x/Projects/glow-mark/datasets/MEBeauty-database/original_images/male/caucasian/guy15.jpg,5.814593301435407,White,male,original,65.11677551269531,60.43256378173828,0.9857307188820562
/home/tr3x/Projects/glow-mark/datasets/MEBeauty-database/original_images/female/caucasian/pexels-megan-markham-2448531.jpg,5.777777777777778,White,female,original,25.235916137695312,20.078603744506836,-1.6266900641670683
/home/tr3x/Projects/glow-mark/datasets/MEBeauty-database/original_images/female/caucasian/carlos-lindner-zvZ-HASOA74-unsplash.jpg,7.833600000000001,White,female,original,60.449256896972656,40.13882827758789,0.6799819755481484
/home/tr3x/Projects/glow-mark/datasets/MEBeauty-database/original_images/male/caucasian/man-2326484_1920.jpg,3.923804347826087,White,male,original,60.55842590332031,54.14381790161133,0.6871331599889285
/home/tr3x/Projects/glow-mark/datasets/MEBeauty-database/original_images/male/caucasian/kon-karampelas-5Mo6u9CQLTE-unsplash.jpg,4.825283243887895,White,male,original,55.4564094543457,52.67466735839844,0.35292236273827965
/home/tr3x/Projects/glow-mark/datasets/MEBeauty-database/original_images/female/caucasian/fashion-1846490_1920.jpg,8.08068783068783,White,female,original,39.93663024902344,40.706932067871094,-0.6637105378489462
/home/tr3x/Projects/glow-mark/datasets/MEBeauty-database/original_images/male/caucasian/logan-weaver-7z2KFFWQ7n0-unsplash.jpg,6.757777777777778,White,male,original,49.21928405761719,39.47023391723633,-0.05564446025027559
/home/tr3x/Projects/glow-mark/datasets/MEBeauty-database/original_images/male/caucasian/man-2590777_1920.jpg,6.316650469711694,White,male,original,42.80998229980469,35.21912384033203,-0.47548980409055386
/home/tr3x/Projects/glow-mark/datasets/MEBeauty-database/original_images/female/caucasian/young-1544115_1920.jpg,7.566666666666666,White,female,original,52.643333435058594,53.893375396728516,0.1686500483435314
/home/tr3x/Projects/glow-mark/datasets/MEBeauty-database/original_images/female/caucasian/museums-victoria-WZz1u5R5uT4-unsplash.jpg,7.475274725274725,White,female,original,32.805179595947266,31.532827377319336,-1.1308606993889505
/home/tr3x/Projects/glow-mark/datasets/MEBeauty-database/original_images/male/caucasian/jake-oates-9gGTLP0QL1M-unsplash.jpg,5.316712834718375,White,male,original,37.711952209472656,28.58914566040039,-0.8094394724104383
/home/tr3x/Projects/glow-mark/datasets/MEBeauty-database/original_images/female/caucasian/baris-selcen-6bjgSD6Wxus-unsplash.jpg,8.0,White,female,original,74.55139923095703,69.78584289550781,1.6037516810202403
/home/tr3x/Projects/glow-mark/datasets/MEBeauty-database/original_images/male/caucasian/pexels-cottonbro-4812639.jpg,6.111111111111111,White,male,original,45.32632827758789,33.204410552978516,-0.3106549777421583
/home/tr3x/Projects/glow-mark/datasets/MEBeauty-database/original_images/male/caucasian/man-4220914_1920.jpg,3.477294685990338,White,male,original,27.65069007873535,30.504520416259766,-1.4685087779861348
/home/tr3x/Projects/glow-mark/datasets/MEBeauty-database/original_images/female/caucasian/pexels-pixabay-40901.jpg,7.75,White,female,original,53.55215835571289,47.01839828491211,0.22818319652735877
/home/tr3x/Projects/glow-mark/datasets/MEBeauty-database/original_images/male/caucasian/harishan-kobalasingam-8PMvB4VyVXA-unsplash.jpg,6.521719858156028,White,male,original,43.08134078979492,28.468406677246094,-0.4577142954877552
/home/tr3x/Projects/glow-mark/datasets/MEBeauty-database/original_images/female/caucasian/lotte-meijer-oyy71fLMZCY-unsplash.jpg,5.555555555555556,White,female,original,75.02937316894531,69.9118881225586,1.6350616645292508
/home/tr3x/Projects/glow-mark/datasets/MEBeauty-database/original_images/female/caucasian/patrik-velich-fqRwG7ijHwA-unsplash.jpg,6.93859649122807,White,female,original,70.54088592529297,70.79403686523438,1.341040483854323
/home/tr3x/Projects/glow-mark/datasets/MEBeauty-database/original_images/male/caucasian/pexels-david-garrison-2128807.jpg,6.666666666666667,White,male,original,47.58955764770508,50.6263542175293,-0.16240071401865194
/home/tr3x/Projects/glow-mark/datasets/MEBeauty-database/original_images/female/caucasian/jen-theodore-7A4TvZEW8zY-unsplash.jpg,6.574316290130797,White,female,original,69.72257232666016,58.50645446777344,1.2874363367616408
/home/tr3x/Projects/glow-mark/datasets/MEBeauty-database/original_images/female/caucasian/aleksandr-minakov-bY4GXQKfZrA-unsplash.jpg,7.141608391608392,White,female,original,48.78740310668945,42.21467971801758,-0.08393509364404589
/home/tr3x/Projects/glow-mark/datasets/MEBeauty-database/original_images/female/caucasian/girl-736752_1920.jpg,6.486511202560585,White,female,original,75.85851287841797,69.53598022460938,1.6893749828233775
/home/tr3x/Projects/glow-mark/datasets/MEBeauty-database/original_images/male/caucasian/alex_rainer-O4f4caX_H3g-unsplash.jpg,6.14875,White,male,original,51.91405487060547,43.931087493896484,0.12087819717816081
/home/tr3x/Projects/glow-mark/datasets/MEBeauty-database/original_images/female/caucasian/woman-659352_1920.jpg,6.666666666666668,White,female,original,83.85187530517578,76.65007781982422,2.2129852173409503
/home/tr3x/Projects/glow-mark/datasets/MEBeauty-database/original_images/female/caucasian/vlad-baranov-PoZcPg18Qm0-unsplash.jpg,7.189153439153439,White,female,original,78.99138641357422,66.23206329345703,1.8945958346848921
/home/tr3x/Projects/glow-mark/datasets/MEBeauty-database/original_images/female/caucasian/joseph-kellner-o6clLOJd4WY-unsplash.jpg,7.827777777777778,White,female,original,48.24945068359375,44.945037841796875,-0.1191740055534473
/home/tr3x/Projects/glow-mark/datasets/MEBeauty-database/original_images/female/caucasian/portrait-3190849_1920.jpg,8.301666666666668,White,female,original,83.69390869140625,77.26126098632812,2.202637514926641
/home/tr3x/Projects/glow-mark/datasets/MEBeauty-database/original_images/male/caucasian/selfie-543366_1280.jpg,4.604641131815045,White,male,original,34.43023681640625,31.436931610107422,-1.0244103038131631
/home/tr3x/Projects/glow-mark/datasets/MEBeauty-database/original_images/female/caucasian/alexander-scott-lambley-i2AmfpRO0Cc-unsplash.jpg,7.526291723822588,White,female,original,64.39950561523438,62.96615982055664,0.9387455030028543
/home/tr3x/Projects/glow-mark/datasets/MEBeauty-database/original_images/male/caucasian/mohamed-nohassi-Z60j5qAOW_M-unsplash.jpg,6.104166666666667,White,male,original,41.241947174072266,26.44059181213379,-0.5782049314777612
/home/tr3x/Projects/glow-mark/datasets/MEBeauty-database/original_images/male/caucasian/guy-5929422_1920.jpg,5.666666666666667,White,male,original,61.30275344848633,52.74108123779297,0.7358908041034526
/home/tr3x/Projects/glow-mark/datasets/MEBeauty-database/original_images/female/caucasian/victoria-volkova-5tQj1sy6ozE-unsplash.jpg,7.303333333333334,White,female,original,79.15499877929688,79.40560150146484,1.9053133656327241
/home/tr3x/Projects/glow-mark/datasets/MEBeauty-database/original_images/male/caucasian/young-man-4971459_1920.jpg,6.80198166223011,White,male,original,55.782310485839844,44.267662048339844,0.37427071483588137
/home/tr3x/Projects/glow-mark/datasets/MEBeauty-database/original_images/male/caucasian/guy-4733626_1920.jpg,6.60084835630965,White,male,original,82.09298706054688,71.51568603515625,2.0977681363316636
/home/tr3x/Projects/glow-mark/datasets/MEBeauty-database/original_images/male/caucasian/pexels-ralph-rabago-3290888.jpg,7.666666666666667,White,male,original,69.58824157714844,62.33084487915039,1.2786369165052418
/home/tr3x/Projects/glow-mark/datasets/MEBeauty-database/original_images/female/caucasian/woman-2293390_1920.jpg,6.022792022792023,White,female,original,65.5182113647461,54.08152770996094,1.0120270269203906
/home/tr3x/Projects/glow-mark/datasets/MEBeauty-database/original_images/male/caucasian/127.jpg,5.517216642754663,White,male,original,45.250709533691406,41.59619140625,-0.3156084311340649
/home/tr3x/Projects/glow-mark/datasets/MEBeauty-database/original_images/female/caucasian/portrait-3364406_1920.jpg,6.0014792899408285,White,female,original,51.16769790649414,47.661216735839844,0.07198761469888386
/home/tr3x/Projects/glow-mark/datasets/MEBeauty-database/original_images/female/caucasian/brock-wegner-Ip5PiEDGK3s-unsplash.jpg,8.17251461988304,White,female,original,50.549644470214844,47.22809982299805,0.03150163552805605
/home/tr3x/Projects/glow-mark/datasets/MEBeauty-database/original_images/female/caucasian/28.jpg,8.15,White,female,original,45.00734329223633,41.96298599243164,-0.3315502898861946
/home/tr3x/Projects/glow-mark/datasets/MEBeauty-database/original_images/male/caucasian/pexels-jaysen-scott-1858490.jpg,4.555555555555555,White,male,original,54.91973114013672,51.99118423461914,0.3177669121330651
/home/tr3x/Projects/glow-mark/datasets/MEBeauty-database/original_images/male/caucasian/clint-mckoy-_J2JFRHLijI-unsplash.jpg,5.814044814044814,White,male,original,40.08719253540039,33.21265411376953,-0.6538478605586692
/home/tr3x/Projects/glow-mark/datasets/MEBeauty-database/original_images/female/caucasian/daniel-corneschi-BK3edUeZHls-unsplash.jpg,7.0,White,female,original,47.64139938354492,39.473506927490234,-0.15900478849799357
/home/tr3x/Projects/glow-mark/datasets/MEBeauty-database/original_images/male/caucasian/young-man-3354511_1920.jpg,6.193643162393163,White,male,original,41.434444427490234,31.237144470214844,-0.5655952777895005
/home/tr3x/Projects/glow-mark/datasets/MEBeauty-database/original_images/male/caucasian/james-barr-4t3k6JjuPi4-unsplash.jpg,6.694745983499782,White,male,original,40.02573013305664,31.237302780151367,-0.6578739938911818
/home/tr3x/Projects/glow-mark/datasets/MEBeauty-database/original_images/female/caucasian/girl-3576679_1920.jpg,8.23695054945055,White,female,original,37.63432693481445,35.06021499633789,-0.8145243648622321
/home/tr3x/Projects/glow-mark/datasets/MEBeauty-database/original_images/female/caucasian/logan-weaver-GLE_xlFgXTI-unsplash.jpg,7.403061224489796,White,female,original,57.1636962890625,39.10885238647461,0.4647592609279972
/home/tr3x/Projects/glow-mark/datasets/MEBeauty-database/original_images/female/caucasian/nikita-shirokov-v2RUpFTS3mo-unsplash.jpg,7.785714285714286,White,female,original,77.42081451416016,78.2460708618164,1.7917145343417438
/home/tr3x/Projects/glow-mark/datasets/MEBeauty-database/original_images/male/caucasian/kyryll-ushakov-S3DMQzP6QG8-unsplash.jpg,6.254599567099567,White,male,original,40.90690231323242,36.354366302490234,-0.6001522558691832
/home/tr3x/Projects/glow-mark/datasets/MEBeauty-database/original_images/female/caucasian/joshua-rawson-harris-7jrNEAdxwUE-unsplash.jpg,7.230769230769231,White,female,original,85.35184478759766,79.77688598632812,2.31124166194191
/home/tr3x/Projects/glow-mark/datasets/MEBeauty-database/original_images/female/caucasian/charlie-garcia-xJ_lOztx-VE-unsplash.jpg,7.463888888888889,White,female,original,66.14569854736328,59.7412223815918,1.0531309695800033
/home/tr3x/Projects/glow-mark/datasets/MEBeauty-database/original_images/male/caucasian/erik-mclean-06vpBIHmiYc-unsplash.jpg,5.644574468085107,White,male,original,59.634639739990234,53.5872802734375,0.6266199661912658
/home/tr3x/Projects/glow-mark/datasets/MEBeauty-database/original_images/male/caucasian/erik-mclean-8YbkDZwLx70-unsplash.jpg,6.0453344458350715,White,male,original,32.00625228881836,30.035152435302734,-1.1831949352604418
/home/tr3x/Projects/glow-mark/datasets/MEBeauty-database/original_images/male/caucasian/beard-1845166_1920.jpg,7.127086007702183,White,male,original,45.34043502807617,32.91350555419922,-0.3097309061766399
/home/tr3x/Projects/glow-mark/datasets/MEBeauty-database/original_images/female/caucasian/business-3456505_1920.jpg,7.283950617283951,White,female,original,48.26823043823242,44.100406646728516,-0.11794382591119557
/home/tr3x/Projects/glow-mark/datasets/MEBeauty-database/original_images/female/caucasian/sheri-hooley-SyuTPtihxrE-unsplash.jpg,6.5824,White,female,original,33.082862854003906,28.448951721191406,-1.1126708828749485
/home/tr3x/Projects/glow-mark/datasets/MEBeauty-database/original_images/male/caucasian/pexels-ira-dulger-1452127.jpg,6.444444444444445,White,male,original,60.03404235839844,59.5985221862793,0.6527830859807031
/home/tr3x/Projects/glow-mark/datasets/MEBeauty-database/original_images/male/caucasian/people-1492096_1920.jpg,5.356346794036765,White,male,original,74.56427764892578,71.84452819824219,1.6045952898913032
/home/tr3x/Projects/glow-mark/datasets/MEBeauty-database/original_images/female/caucasian/anastasiya-pavlova-7ip-IOC2yvA-unsplash.jpg,7.15363511659808,White,female,original,59.546878814697266,52.54149627685547,0.6208711315681409
/home/tr3x/Projects/glow-mark/datasets/MEBeauty-database/original_images/male/caucasian/scarf-3339049_1920.jpg,6.591645216645216,White,male,original,60.98386764526367,64.25989532470703,0.7150019889471674
/home/tr3x/Projects/glow-mark/datasets/MEBeauty-database/original_images/female/caucasian/emmanuel-bior-N06QdiZgK_E-unsplash.jpg,7.6325,White,female,original,32.26123809814453,31.40780258178711,-1.1664919294048592
/home/tr3x/Projects/glow-mark/datasets/MEBeauty-database/original_images/female/caucasian/girl-1848910_1920.jpg,7.399408284023669,White,female,original,79.70960998535156,73.41822814941406,1.9416435216001622
/home/tr3x/Projects/glow-mark/datasets/MEBeauty-database/original_images/male/caucasian/man-4818722_1920.jpg,6.4160416666666675,White,male,original,62.54286193847656,50.686683654785156,0.8171248909124498
/home/tr3x/Projects/glow-mark/datasets/MEBeauty-database/original_images/female/caucasian/12.jpg,6.370599868160844,White,female,original,36.08609390258789,33.903564453125,-0.9159423436565227
/home/tr3x/Projects/glow-mark/datasets/MEBeauty-database/original_images/female/caucasian/young-girl-510441_1920.jpg,8.333333333333334,White,female,original,49.2991828918457,48.49927520751953,-0.05041063684849562
/home/tr3x/Projects/glow-mark/datasets/MEBeauty-database/original_images/female/caucasian/kermen-tutkunova-zjYvn9yqJl4-unsplash.jpg,6.843621399176954,White,female,original,52.531463623046875,47.137725830078125,0.16132194592860663
/home/tr3x/Projects/glow-mark/datasets/MEBeauty-database/original_images/male/caucasian/justin-chen-J7Cf1Gch49E-unsplash.jpg,7.138504155124655,White,male,original,66.63597106933594,53.235572814941406,1.0852465795701474
/home/tr3x/Projects/glow-mark/datasets/MEBeauty-database/original_images/female/caucasian/carlos-lindner-1fBp3p-1CyY-unsplash.jpg,6.61965811965812,White,female,original,50.136932373046875,53.42371368408203,0.004466669959253256
/home/tr3x/Projects/glow-mark/datasets/MEBeauty-database/original_images/male/caucasian/roman-holoschchuk-I2SU6dCGsnI-unsplash.jpg,6.188293650793652,White,male,original,44.26955032348633,39.48978042602539,-0.3798798824615806
/home/tr3x/Projects/glow-mark/datasets/MEBeauty-database/original_images/male/caucasian/luther-bottrill-DVeTzIywKw4-unsplash.jpg,6.793981481481482,White,male,original,72.79115295410156,64.19036865234375,1.4884456412555929
/home/tr3x/Projects/glow-mark/datasets/MEBeauty-database/original_images/female/caucasian/model-3665593_1920.jpg,6.607142857142858,White,female,original,67.55567169189453,60.03242111206055,1.1454921474492945
/home/tr3x/Projects/glow-mark/datasets/MEBeauty-database/original_images/female/caucasian/ethan-haddox-NTjSR3zYpsY-unsplash.jpg,6.66,White,female,original,76.08154296875,74.98628234863281,1.7039847092023925
/home/tr3x/Projects/glow-mark/datasets/MEBeauty-database/original_images/female/caucasian/nadya-glo-fp6VYFSzM-Y-unsplash.jpg,6.480769230769231,White,female,original,73.0477294921875,67.28289031982422,1.5052528487993369
/home/tr3x/Projects/glow-mark/datasets/MEBeauty-database/original_images/male/caucasian/130.jpg,7.3932142857142855,White,male,original,54.16386413574219,49.204124450683594,0.2682533684821177
/home/tr3x/Projects/glow-mark/datasets/MEBeauty-database/original_images/male/caucasian/eric-karim-cornelis-b3oyT44E3LE-unsplash.jpg,8.198347107438018,White,male,original,43.43888854980469,37.193058013916016,-0.43429290452927183
/home/tr3x/Projects/glow-mark/datasets/MEBeauty-database/original_images/male/caucasian/augustin-de-montesquiou-neVX_NUKeLQ-unsplash.jpg,5.857142857142858,White,male,original,40.120849609375,33.25642776489258,-0.6516431327537561
/home/tr3x/Projects/glow-mark/datasets/MEBeauty-database/original_images/female/caucasian/max-muselmann-3e0dM8wZJK0-unsplash.jpg,7.1096938775510194,White,female,original,80.7066879272461,83.32584381103516,2.0069577394617255
/home/tr3x/Projects/glow-mark/datasets/MEBeauty-database/original_images/female/caucasian/klenova_tati-IvwxEUHpQ5Y-unsplash.jpg,6.805555555555556,White,female,original,63.33439254760742,41.777706146240234,0.8689746014281974
/home/tr3x/Projects/glow-mark/datasets/MEBeauty-database/original_images/female/caucasian/5.jpg,7.035797213622291,White,female,original,59.92300796508789,52.34282684326172,0.6455097081933739
/home/tr3x/Projects/glow-mark/datasets/MEBeauty-database/original_images/male/caucasian/alex-sheldon-j1WRSUj5QI0-unsplash.jpg,6.219010175763183,White,male,original,66.31195068359375,71.76416778564453,1.0640214203556717
/home/tr3x/Projects/glow-mark/datasets/MEBeauty-database/original_images/male/caucasian/hashim-hadi-XLvLGDu_5wE-unsplash.jpg,5.938553938553938,White,male,original,50.269805908203125,45.22756576538086,0.013170634472540427
/home/tr3x/Projects/glow-mark/datasets/MEBeauty-database/original_images/female/caucasian/winter-1520232_1920.jpg,4.122507122507122,White,female,original,79.28719329833984,73.1273193359375,1.913972850768331
/home/tr3x/Projects/glow-mark/datasets/MEBeauty-database/original_images/female/caucasian/people-3057299_1920.jpg,7.131808278867102,White,female,original,75.61164093017578,70.57917785644531,1.6732034805426619
/home/tr3x/Projects/glow-mark/datasets/MEBeauty-database/original_images/male/caucasian/nathaniel-vala-cBKz-2Db6Rg-unsplash.jpg,6.892628205128204,White,male,original,54.32986068725586,45.28067398071289,0.2791270770201199
/home/tr3x/Projects/glow-mark/datasets/MEBeauty-database/original_images/male/caucasian/austin-distel-7bMdiIqz_J4-unsplash.jpg,7.145004734848484,White,male,original,47.24690628051758,41.280609130859375,-0.18484630739375263
/home/tr3x/Projects/glow-mark/datasets/MEBeauty-database/original_images/female/caucasian/people-3310084_1920.jpg,7.0,White,female,original,72.59820556640625,67.26756286621094,1.475806501238308
/home/tr3x/Projects/glow-mark/datasets/MEBeauty-database/original_images/male/caucasian/boy-2736655_1920.jpg,5.476190476190476,White,male,original,73.99197387695312,63.54182052612305,1.567106171262731
/home/tr3x/Projects/glow-mark/datasets/MEBeauty-database/original_images/female/caucasian/portrait-487067_1920.jpg,7.650205761316872,White,female,original,38.541542053222656,35.402976989746094,-0.7550966677872876
/home/tr3x/Projects/glow-mark/datasets/MEBeauty-database/original_images/male/caucasian/pexels-andrea-piacquadio-3811804.jpg,5.753086419753086,White,male,original,65.6043472290039,60.9723014831543,1.0176694108980555
/home/tr3x/Projects/glow-mark/datasets/MEBeauty-database/original_images/female/caucasian/janko-ferlic-70NsMQvAYHE-unsplash.jpg,5.225599999999999,White,female,original,54.1314697265625,50.44333267211914,0.26613135232895874
/home/tr3x/Projects/glow-mark/datasets/MEBeauty-database/original_images/male/caucasian/person-771996_1920.jpg,4.210661300505051,White,male,original,40.3594856262207,31.65105628967285,-0.6360111303405238
/home/tr3x/Projects/glow-mark/datasets/MEBeauty-database/original_images/male/caucasian/man-3552370_1920.jpg,7.324534161490684,White,male,original,63.61454391479492,57.5697021484375,0.8873260929835434
/home/tr3x/Projects/glow-mark/datasets/MEBeauty-database/original_images/male/caucasian/tomas-gal-M6T8XDSl984-unsplash.jpg,5.014617940199336,White,male,original,48.5017204284668,41.48905563354492,-0.10264891720858643
/home/tr3x/Projects/glow-mark/datasets/MEBeauty-database/original_images/male/caucasian/erik-mclean-seybbgI9-4k-unsplash.jpg,5.900362318840579,White,male,original,52.332515716552734,48.001468658447266,0.14828973815238172
/home/tr3x/Projects/glow-mark/datasets/MEBeauty-database/original_images/male/caucasian/alexander-jawfox-BdfMdaTWGLU-unsplash.jpg,6.544444444444444,White,male,original,72.31563568115234,65.02738952636719,1.4572965831354934
/home/tr3x/Projects/glow-mark/datasets/MEBeauty-database/original_images/female/caucasian/hiva-sharifi-YUK4px6sjdc-unsplash.jpg,7.721052631578947,White,female,original,47.70249938964844,36.86881637573242,-0.1550023941591867
/home/tr3x/Projects/glow-mark/datasets/MEBeauty-database/original_images/male/caucasian/petr-sevcovic-e12wQLAjQi0-unsplash.jpg,6.180799220272905,White,male,original,58.84170150756836,37.61272048950195,0.5746780484262817
/home/tr3x/Projects/glow-mark/datasets/MEBeauty-database/original_images/female/caucasian/teen-5096251_1920.jpg,6.668639053254438,White,female,original,68.36823272705078,66.81523132324219,1.1987194692524146
/home/tr3x/Projects/glow-mark/datasets/MEBeauty-database/original_images/female/caucasian/f1.jpg,7.90032679738562,White,female,original,58.89958572387695,52.86125946044922,0.5784697904314672
/home/tr3x/Projects/glow-mark/datasets/MEBeauty-database/original_images/female/caucasian/guillaume-bleyer-PPnwwUeUbYk-unsplash.jpg,6.538359788359788,White,female,original,55.9012565612793,55.432090759277344,0.382062352338431
/home/tr3x/Projects/glow-mark/datasets/MEBeauty-database/original_images/male/caucasian/taylor-8Vt2haq8NSQ-unsplash.jpg,6.863525091799265,White,male,original,36.440494537353516,28.36180305480957,-0.8927271071170638
/home/tr3x/Projects/glow-mark/datasets/MEBeauty-database/original_images/female/caucasian/cristian-newman-l9I93gZKTG4-unsplash.jpg,3.315,White,female,original,37.28868865966797,35.62199401855469,-0.8371656175222979
/home/tr3x/Projects/glow-mark/datasets/MEBeauty-database/original_images/female/caucasian/andriyko-podilnyk-KyQxMKaPTM0-unsplash.jpg,6.345679012345679,White,female,original,57.69669723510742,55.05277633666992,0.49967382321813336
/home/tr3x/Projects/glow-mark/datasets/MEBeauty-database/original_images/male/caucasian/mehmet-turgut-kirkgoz-GHks3u7dzcc-unsplash.jpg,6.1077111383108935,White,male,original,43.02622985839844,42.14765167236328,-0.4613243717200548
/home/tr3x/Projects/glow-mark/datasets/MEBeauty-database/original_images/male/caucasian/welshman-3654545_1920.jpg,5.001702127659574,White,male,original,54.554100036621094,46.98835754394531,0.2938160166728691
/home/tr3x/Projects/glow-mark/datasets/MEBeauty-database/original_images/female/caucasian/portrait-1579025_1920.jpg,7.782758620689655,White,female,original,65.96885681152344,61.29948043823242,1.0415468404198356
/home/tr3x/Projects/glow-mark/datasets/MEBeauty-database/original_images/female/caucasian/woman-918776_1920.jpg,7.357907253269917,White,female,original,63.580345153808594,57.671993255615234,0.8850858816301436
/home/tr3x/Projects/glow-mark/datasets/MEBeauty-database/original_images/male/caucasian/andre-sebastian-C2Nf5iPOnz0-unsplash.jpg,7.623456790123457,White,male,original,51.927459716796875,35.19989013671875,0.12175629006113312
/home/tr3x/Projects/glow-mark/datasets/MEBeauty-database/original_images/female/caucasian/taylor-deas-melesh-0WTtJ0bhJcw-unsplash.jpg,6.843195266272189,White,female,original,77.86443328857422,66.15457153320312,1.8207740612474395
/home/tr3x/Projects/glow-mark/datasets/MEBeauty-database/original_images/female/caucasian/joao-paulo-de-souza-oliveira-x-FNmzxyQ94-unsplash.jpg,8.25925925925926,White,female,original,39.62870407104492,36.178009033203125,-0.6838814358587376
/home/tr3x/Projects/glow-mark/datasets/MEBeauty-database/original_images/male/caucasian/portrait-3518462_1920.jpg,6.67687074829932,White,male,original,48.42055892944336,41.352821350097656,-0.10796545226212048
/home/tr3x/Projects/glow-mark/datasets/MEBeauty-database/original_images/female/caucasian/christiana-rivers-O_XIvDy0pcs-unsplash.jpg,6.642857142857142,White,female,original,59.006011962890625,55.40251922607422,0.5854413081725156
/home/tr3x/Projects/glow-mark/datasets/MEBeauty-database/original_images/female/caucasian/beautiful-model-4597225_1920.jpg,5.837606837606837,White,female,original,70.177734375,67.11711120605469,1.317252013087904
/home/tr3x/Projects/glow-mark/datasets/MEBeauty-database/original_images/male/caucasian/pexels-vikas-mani-2764950.jpg,4.777777777777778,White,male,original,37.865806579589844,40.42683410644531,-0.7993611451036544
/home/tr3x/Projects/glow-mark/datasets/MEBeauty-database/original_images/male/caucasian/jesse-schoff-ibII8H5Ad4c-unsplash.jpg,7.082575757575757,White,male,original,42.51081085205078,36.436683654785156,-0.4950872179892407
/home/tr3x/Projects/glow-mark/datasets/MEBeauty-database/original_images/female/caucasian/fashion-1284308_1920.jpg,6.775862068965517,White,female,original,70.9305419921875,66.65192413330078,1.3665651496551452
/home/tr3x/Projects/glow-mark/datasets/MEBeauty-database/original_images/female/caucasian/actress-1893312_1920.jpg,7.258620689655173,White,female,original,82.045654296875,76.08880615234375,2.094667573869535
/home/tr3x/Projects/glow-mark/datasets/MEBeauty-database/original_images/female/caucasian/girl-4283998_1920.jpg,7.3133333333333335,White,female,original,48.974361419677734,50.78317642211914,-0.07168827173326832
/home/tr3x/Projects/glow-mark/datasets/MEBeauty-database/original_images/male/caucasian/pexels-david-garrison-2128815.jpg,6.777777777777777,White,male,original,64.15491485595703,66.20354461669922,0.9227234314404132
/home/tr3x/Projects/glow-mark/datasets/MEBeauty-database/original_images/female/caucasian/d15.jpg,8.886363636363637,White,female,original,73.69489288330078,70.69991302490234,1.5476456938751053
/home/tr3x/Projects/glow-mark/datasets/MEBeauty-database/original_images/male/caucasian/neonbrand-8AGfQQl_RSM-unsplash.jpg,6.991735537190082,White,male,original,41.882080078125,36.3205451965332,-0.5362726228798862
/home/tr3x/Projects/glow-mark/datasets/MEBeauty-database/original_images/male/caucasian/brendan-hollis-A6Bv1AD8F5U-unsplash.jpg,6.089438122332859,White,male,original,60.421173095703125,50.18764114379883,0.6781423284780169
/home/tr3x/Projects/glow-mark/datasets/MEBeauty-database/original_images/female/caucasian/michael-mims-fWWiaDox0BU-unsplash.jpg,5.415384615384616,White,female,original,46.492652893066406,33.40484619140625,-0.2342541500516729
/home/tr3x/Projects/glow-mark/datasets/MEBeauty-database/original_images/female/caucasian/redhead-1996288_1920.jpg,6.897156084656085,White,female,original,62.63673782348633,56.72944259643555,0.8232742898188429
/home/tr3x/Projects/glow-mark/datasets/MEBeauty-database/original_images/male/caucasian/daniel-lincoln--zhQtP1eUdE-unsplash.jpg,6.646011865524061,White,male,original,57.32202911376953,52.294490814208984,0.4751309522201566
/home/tr3x/Projects/glow-mark/datasets/MEBeauty-database/original_images/male/caucasian/brett-952579_1920.jpg,6.076471820657868,White,male,original,67.92135620117188,52.72727584838867,1.1694465412875104
/home/tr3x/Projects/glow-mark/datasets/MEBeauty-database/original_images/male/caucasian/pexels-linkedin-sales-navigator-2182970.jpg,5.111111111111112,White,male,original,39.956451416015625,39.78436279296875,-0.6624121398353082
/home/tr3x/Projects/glow-mark/datasets/MEBeauty-database/original_images/female/caucasian/logan-weaver-Isle-8YpbIQ-unsplash.jpg,6.833043478260869,White,female,original,58.42229080200195,56.966461181640625,0.5472042863001371
/home/tr3x/Projects/glow-mark/datasets/MEBeauty-database/original_images/female/caucasian/woman-1393311_1920.jpg,3.2901307966706304,White,female,original,56.9597282409668,47.759498596191406,0.4513982056179101
/home/tr3x/Projects/glow-mark/datasets/MEBeauty-database/original_images/male/caucasian/man-2616244_1920.jpg,5.575126262626262,White,male,original,44.930973052978516,29.399784088134766,-0.3365529704545228
/home/tr3x/Projects/glow-mark/datasets/MEBeauty-database/original_images/female/caucasian/manny-moreno-jeAW5LRuNts-unsplash.jpg,4.111111111111112,White,female,original,51.44992446899414,49.90095138549805,0.09047504322871384
/home/tr3x/Projects/glow-mark/datasets/MEBeauty-database/original_images/male/caucasian/boy-3008920_1920.jpg,5.62155388471178,White,male,original,62.27244186401367,46.48366165161133,0.799410853809142
/home/tr3x/Projects/glow-mark/datasets/MEBeauty-database/original_images/female/caucasian/jeffery-erhunse-Z9lbmEjyYjU-unsplash.jpg,7.263333333333333,White,female,original,72.49553680419922,61.60734558105469,1.4690811193793676
/home/tr3x/Projects/glow-mark/datasets/MEBeauty-database/original_images/female/caucasian/pexels-anna-shvets-4971982.jpg,3.333333333333333,White,female,original,77.18069458007812,69.77362823486328,1.7759853269963897
/home/tr3x/Projects/glow-mark/datasets/MEBeauty-database/original_images/female/caucasian/kareya-saleh-tLKOj6cNwe0-unsplash.jpg,7.6669230769230765,White,female,original,52.77842330932617,49.452449798583984,0.1774991955446407
/home/tr3x/Projects/glow-mark/datasets/MEBeauty-database/original_images/female/caucasian/gary-edmonstone-LmdWNvd7C7U-unsplash.jpg,5.11522633744856,White,female,original,40.60049057006836,42.96659469604492,-0.6202239498736986
/home/tr3x/Projects/glow-mark/datasets/MEBeauty-database/original_images/female/caucasian/model-429733_1920.jpg,7.1724137931034475,White,female,original,77.35716247558594,72.82552337646484,1.787544967510419
/home/tr3x/Projects/glow-mark/datasets/MEBeauty-database/original_images/female/caucasian/jasmine-b-qaSPhHr_Iug-unsplash.jpg,5.2592592592592595,White,female,original,54.59596252441406,35.164512634277344,0.29655824527211155
/home/tr3x/Projects/glow-mark/datasets/MEBeauty-database/original_images/female/caucasian/tanya-trofymchuk-gCKYhaa4b2E-unsplash.jpg,7.230769230769231,White,female,original,54.215511322021484,42.36634826660156,0.2716365499114183
/home/tr3x/Projects/glow-mark/datasets/MEBeauty-database/original_images/male/caucasian/taylor-nhIbH2OwB7M-unsplash.jpg,6.856756756756757,White,male,original,55.32308578491211,55.38712692260742,0.3441889118959684
/home/tr3x/Projects/glow-mark/datasets/MEBeauty-database/original_images/female/caucasian/meital-anlen-GJ5EBEVJI_0-unsplash.jpg,5.375,White,female,original,62.39939880371094,51.47706985473633,0.8077272480146631
/home/tr3x/Projects/glow-mark/datasets/MEBeauty-database/original_images/male/caucasian/nathan-van-de-graaf-8ngIBwU2-5U-unsplash.jpg,5.907592592592593,White,male,original,70.94613647460938,66.19081115722656,1.3675866760369297
/home/tr3x/Projects/glow-mark/datasets/MEBeauty-database/original_images/female/caucasian/person-man-1205800_1920.jpg,8.205263157894738,White,female,original,54.71076965332031,45.38874435424805,0.3040787584781259
/home/tr3x/Projects/glow-mark/datasets/MEBeauty-database/original_images/female/caucasian/noah-buscher-AUM5vcnuYd4-unsplash.jpg,5.392857142857142,White,female,original,52.594966888427734,53.606624603271484,0.16548176727830494
/home/tr3x/Projects/glow-mark/datasets/MEBeauty-database/original_images/male/caucasian/guy12.jpg,7.9118156618156625,White,male,original,57.625160217285156,54.62764358520508,0.4949877458605979
/home/tr3x/Projects/glow-mark/datasets/MEBeauty-database/original_images/female/caucasian/portrait-2690308_1920.jpg,7.8375,White,female,original,64.1007080078125,58.14136505126953,0.9191725777503061
/home/tr3x/Projects/glow-mark/datasets/MEBeauty-database/original_images/female/caucasian/jassir-jonis-yFoZ6B6KGN8-unsplash.jpg,4.314814814814815,White,female,original,74.25904846191406,67.05622863769531,1.5846010599715121
/home/tr3x/Projects/glow-mark/datasets/MEBeauty-database/original_images/male/caucasian/andrew-lancaster--rRZ_vlrawE-unsplash.jpg,5.445006747638327,White,male,original,49.51768493652344,44.28720474243164,-0.03609752294873173
/home/tr3x/Projects/glow-mark/datasets/MEBeauty-database/original_images/female/caucasian/connor-wilkins-eW6JCH_fbck-unsplash.jpg,7.777777777777777,White,female,original,63.612945556640625,56.01759719848633,0.8872213915270933
/home/tr3x/Projects/glow-mark/datasets/MEBeauty-database/original_images/male/caucasian/derick-mckinney-243Q39DzM3M-unsplash.jpg,7.582828282828284,White,male,original,57.22896194458008,47.30891036987305,0.4690345287523492
/home/tr3x/Projects/glow-mark/datasets/MEBeauty-database/original_images/male/caucasian/joanna-nix-walkup-VWAzEW0bi58-unsplash.jpg,7.11236802413273,White,male,original,60.75554656982422,45.53799819946289,0.7000456732600471
/home/tr3x/Projects/glow-mark/datasets/MEBeauty-database/original_images/male/caucasian/ian-dooley-d1UPkiFd04A-unsplash.jpg,6.279130434782609,White,male,original,54.302120208740234,40.69852066040039,0.2773099195229729
/home/tr3x/Projects/glow-mark/datasets/MEBeauty-database/original_images/female/caucasian/sincerely-media-6ne7_M6R7gQ-unsplash.jpg,5.481481481481481,White,female,original,43.50758361816406,34.602230072021484,-0.4297929908592191
/home/tr3x/Projects/glow-mark/datasets/MEBeauty-database/original_images/female/caucasian/dan-ROJFuWCsfmA-unsplash.jpg,6.052631578947368,White,female,original,50.206520080566406,37.89574432373047,0.009025056519065629
/home/tr3x/Projects/glow-mark/datasets/MEBeauty-database/original_images/male/caucasian/wes-walker-sahep-7OPkM-unsplash.jpg,6.210526315789474,White,male,original,35.943965911865234,38.42176818847656,-0.9252525271038141
/home/tr3x/Projects/glow-mark/datasets/MEBeauty-database/original_images/male/caucasian/elijah-hiett-vAVGdV1oklQ-unsplash.jpg,6.7594627594627585,White,male,original,53.40386199951172,48.935543060302734,0.21846895041877934
/home/tr3x/Projects/glow-mark/datasets/MEBeauty-database/original_images/female/caucasian/girl-1018414_1920.jpg,5.790123456790123,White,female,original,56.310638427734375,56.69800567626953,0.4088791690492842
/home/tr3x/Projects/glow-mark/datasets/MEBeauty-database/original_images/male/caucasian/smirk-4778656_1920.jpg,5.330693815987934,White,male,original,69.84929656982422,61.579833984375,1.2957374880343613
/home/tr3x/Projects/glow-mark/datasets/MEBeauty-database/original_images/male/caucasian/felea-emanuel-Pv5y8bab5L4-unsplash.jpg,6.964285714285714,White,male,original,56.922420501708984,53.77613067626953,0.4489543386869286
/home/tr3x/Projects/glow-mark/datasets/MEBeauty-database/original_images/female/caucasian/engin-akyurt-gXBlAoQF61Q-unsplash.jpg,7.273684210526315,White,female,original,78.98092651367188,73.25334167480469,1.8939106523612979
/home/tr3x/Projects/glow-mark/datasets/MEBeauty-database/original_images/female/caucasian/andriyko-podilnyk-jFAG_ixCrsM-unsplash.jpg,7.995384615384616,White,female,original,38.50592803955078,37.86618423461914,-0.7574295861582122
/home/tr3x/Projects/glow-mark/datasets/MEBeauty-database/original_images/male/caucasian/lisa-wall-K80QIp2VW0E-unsplash.jpg,6.976608187134503,White,male,original,63.378841400146484,50.765235900878906,0.8718862514772564
/home/tr3x/Projects/glow-mark/datasets/MEBeauty-database/original_images/male/caucasian/model-3513812_1920.jpg,6.975543478260869,White,male,original,51.497955322265625,46.430843353271484,0.09362133448924435
/home/tr3x/Projects/glow-mark/datasets/MEBeauty-database/original_images/female/caucasian/madison-hedgecock-qlBA-4odDbw-unsplash.jpg,7.333333333333333,White,female,original,66.21360778808594,54.15009689331055,1.057579407116336
/home/tr3x/Projects/glow-mark/datasets/MEBeauty-database/original_images/male/caucasian/jens-lindner-dP6g1YJWQcA-unsplash.jpg,6.296078431372549,White,male,original,65.95976257324219,56.13203048706055,1.0409511166198908
/home/tr3x/Projects/glow-mark/datasets/MEBeauty-database/original_images/female/caucasian/tengyart-fc0KjyjkNo4-unsplash.jpg,7.674242424242425,White,female,original,71.62088012695312,68.96406555175781,1.4117861834757857
/home/tr3x/Projects/glow-mark/datasets/MEBeauty-database/original_images/female/caucasian/girl-1049372_1920.jpg,6.551111111111111,White,female,original,95.25157165527344,79.6765365600586,2.9597294984863303
/home/tr3x/Projects/glow-mark/datasets/MEBeauty-database/original_images/female/caucasian/arno-senoner-5UCPo5N2cyg-unsplash.jpg,4.695473251028806,White,female,original,99.83092498779297,89.20954132080078,3.2597029194778204
/home/tr3x/Projects/glow-mark/datasets/MEBeauty-database/original_images/female/caucasian/rw-studios-GaPevteWAIU-unsplash.jpg,8.42,White,female,original,68.42008972167969,61.814517974853516,1.20211639430965
/home/tr3x/Projects/glow-mark/datasets/MEBeauty-database/original_images/female/caucasian/human-3183056_1920.jpg,5.888888888888888,White,female,original,45.78822708129883,33.38760757446289,-0.2803980060171105
/home/tr3x/Projects/glow-mark/datasets/MEBeauty-database/original_images/male/caucasian/kenzie-kraft-b8vUsjhAeYQ-unsplash.jpg,6.419808201058201,White,male,original,41.41300964355469,38.97624588012695,-0.5669993767961656
/home/tr3x/Projects/glow-mark/datasets/MEBeauty-database/original_images/male/caucasian/charles-buchler-C6-GjBAOtZc-unsplash.jpg,2.800263678312459,White,male,original,36.021881103515625,30.796655654907227,-0.9201486434570556
/home/tr3x/Projects/glow-mark/datasets/MEBeauty-database/original_images/male/caucasian/georgy-trofimov-rowvvDUAs5M-unsplash.jpg,5.438689217758985,White,male,original,47.61048126220703,43.411376953125,-0.16103009948731925
/home/tr3x/Projects/glow-mark/datasets/MEBeauty-database/original_images/female/caucasian/elijah-m-henderson-r9lTXKNtq7I-unsplash.jpg,7.378461538461538,White,female,original,74.85364532470703,73.79003143310547,1.6235505015392107
/home/tr3x/Projects/glow-mark/datasets/MEBeauty-database/original_images/male/caucasian/bantersnaps-mtsb-bCvrBY-unsplash.jpg,5.416666666666667,White,male,original,66.57369232177734,60.39175796508789,1.0811669710307603
/home/tr3x/Projects/glow-mark/datasets/MEBeauty-database/original_images/female/caucasian/quinten-de-graaf-Ox1jePviTRQ-unsplash.jpg,5.897740784780024,White,female,original,66.70471954345703,66.45545196533203,1.0897499916182198
/home/tr3x/Projects/glow-mark/datasets/MEBeauty-database/original_images/female/caucasian/caroline-hernandez-s7cX3UfuFAA-unsplash.jpg,5.5296875,White,female,original,56.616661071777344,55.64861297607422,0.4289253748710838
/home/tr3x/Projects/glow-mark/datasets/MEBeauty-database/original_images/female/caucasian/marketing-online-1427786_1920.jpg,7.657407407407407,White,female,original,55.70692443847656,57.994327545166016,0.36933250437677534
/home/tr3x/Projects/glow-mark/datasets/MEBeauty-database/original_images/female/caucasian/teenager-775053_1920.jpg,7.007142857142858,White,female,original,72.76741027832031,57.30949783325195,1.486890362341643
/home/tr3x/Projects/glow-mark/datasets/MEBeauty-database/original_images/female/caucasian/fashion-2690306_1920.jpg,7.344827586206896,White,female,original,63.123069763183594,52.726844787597656,0.8551317694879537
/home/tr3x/Projects/glow-mark/datasets/MEBeauty-database/original_images/female/caucasian/woman-3990680_1920.jpg,6.88477366255144,White,female,original,58.97183609008789,59.8214111328125,0.5832025961239815
/home/tr3x/Projects/glow-mark/datasets/MEBeauty-database/original_images/male/caucasian/man-931974_1920.jpg,4.48,White,male,original,64.55731964111328,63.31848907470703,0.9490832100513927
/home/tr3x/Projects/glow-mark/datasets/MEBeauty-database/original_images/female/caucasian/kim-jones-EcldzGBAB0A-unsplash.jpg,3.240969364426155,White,female,original,73.65319061279297,54.61772537231445,1.5449139604099225
/home/tr3x/Projects/glow-mark/datasets/MEBeauty-database/original_images/male/caucasian/kitera-dent-UFNv8ZGGbX0-unsplash(1).jpg,5.73719512195122,White,male,original,46.12113571166992,39.88346481323242,-0.2585906167464809
/home/tr3x/Projects/glow-mark/datasets/MEBeauty-database/original_images/male/caucasian/male-model-2807612_1920.jpg,4.582632360217714,White,male,original,74.69989776611328,73.62928009033203,1.6134791709884662
/home/tr3x/Projects/glow-mark/datasets/MEBeauty-database/original_images/male/caucasian/elijah-hiett-m7bRe_XS7BY-unsplash.jpg,6.0227272727272725,White,male,original,59.21352767944336,48.8005485534668,0.5990347557367757
/home/tr3x/Projects/glow-mark/datasets/MEBeauty-database/original_images/female/caucasian/valerie-elash-Z5g_6TLS6Ho-unsplash.jpg,7.631001371742112,White,female,original,35.53153610229492,32.522865295410156,-0.9522690012459407
/home/tr3x/Projects/glow-mark/datasets/MEBeauty-database/original_images/male/caucasian/christian-buehner-rzXvU-H0u6U-unsplash.jpg,6.575200534759358,White,male,original,67.8050537109375,59.994503021240234,1.1618280734969415
/home/tr3x/Projects/glow-mark/datasets/MEBeauty-database/original_images/male/caucasian/roland-hechanova-3O18O0CZiZ4-unsplash.jpg,7.065950565950566,White,male,original,53.866546630859375,46.254417419433594,0.2487773982775472
/home/tr3x/Projects/glow-mark/datasets/MEBeauty-database/original_images/female/caucasian/8.jpg,6.123543123543123,White,female,original,39.671730041503906,32.6202392578125,-0.6810629925954922
/home/tr3x/Projects/glow-mark/datasets/MEBeauty-database/original_images/female/caucasian/french-4525967_1920.jpg,6.481432360742706,White,female,original,67.49217987060547,65.063720703125,1.141333075752029
/home/tr3x/Projects/glow-mark/datasets/MEBeauty-database/original_images/female/caucasian/14.jpg,5.99859287054409,White,female,original,54.823551177978516,47.220787048339844,0.3114665832035317
/home/tr3x/Projects/glow-mark/datasets/MEBeauty-database/original_images/female/caucasian/portrait-886039_1920.jpg,5.704081632653062,White,female,original,69.69699096679688,68.76508331298828,1.2857606136901518
/home/tr3x/Projects/glow-mark/datasets/MEBeauty-database/original_images/female/caucasian/beautiful-1867092_1920.jpg,7.620740740740741,White,female,original,58.67064666748047,51.733211517333984,0.5634729935129748
/home/tr3x/Projects/glow-mark/datasets/MEBeauty-database/original_images/male/caucasian/rooftop-1261214_1920.jpg,5.59437908496732,White,male,original,71.5142822265625,72.2290267944336,1.404803420948245
/home/tr3x/Projects/glow-mark/datasets/MEBeauty-database/original_images/female/caucasian/studio-portrait-487065_1920.jpg,6.89039408866995,White,female,original,58.74156951904297,53.688480377197266,0.5681188395232823
/home/tr3x/Projects/glow-mark/datasets/MEBeauty-database/original_images/female/caucasian/girl-2359121_1920.jpg,7.585714285714285,White,female,original,75.96003723144531,65.9822006225586,1.6960253994390364
/home/tr3x/Projects/glow-mark/datasets/MEBeauty-database/original_images/female/caucasian/anastasiya-pavlova-OthOW3y_UII-unsplash.jpg,7.399408284023669,White,female,original,38.64203643798828,32.086830139160156,-0.7485137198905822
/home/tr3x/Projects/glow-mark/datasets/MEBeauty-database/original_images/female/caucasian/christina-wocintechchat-com-0Zx1bDv5BNY-unsplash.jpg,7.42,White,female,original,42.56876754760742,36.633548736572266,-0.4912907281853141
/home/tr3x/Projects/glow-mark/datasets/MEBeauty-database/original_images/male/caucasian/derek-owens-YCbJCM249KE-unsplash.jpg,6.940104166666667,White,male,original,39.59294891357422,28.62448501586914,-0.6862235999430004
/home/tr3x/Projects/glow-mark/datasets/MEBeauty-database/original_images/female/caucasian/fabio-alves-PE1IpWTeKfQ-unsplash.jpg,6.895691609977324,White,female,original,53.09190368652344,41.662044525146484,0.1980339248684923
/home/tr3x/Projects/glow-mark/datasets/MEBeauty-database/original_images/female/caucasian/young-girl-2763395_1920.jpg,7.731578947368422,White,female,original,64.12004852294922,54.728694915771484,0.920439490361766
/home/tr3x/Projects/glow-mark/datasets/MEBeauty-database/original_images/male/caucasian/duman-photography-GvvtE31b0JI-unsplash.jpg,6.674458874458875,White,male,original,57.77078628540039,50.08785629272461,0.5045270730681869
/home/tr3x/Projects/glow-mark/datasets/MEBeauty-database/original_images/male/caucasian/young-4254330_1920.jpg,7.013888888888888,White,male,original,65.70581817626953,59.62166976928711,1.0243163291356945
/home/tr3x/Projects/glow-mark/datasets/MEBeauty-database/original_images/female/caucasian/woman-828953_1920.jpg,6.430555555555556,White,female,original,41.42994689941406,39.12259292602539,-0.5658898911955973
/home/tr3x/Projects/glow-mark/datasets/MEBeauty-database/original_images/female/caucasian/valdemars-magone-8ACtYtJ5G-E-unsplash(1).jpg,6.576190476190476,White,female,original,56.07168960571289,56.10564041137695,0.39322667613622164
/home/tr3x/Projects/glow-mark/datasets/MEBeauty-database/original_images/male/caucasian/cobro-vfidsFiK-lM-unsplash.jpg,6.491760052735662,White,male,original,65.94283294677734,56.757659912109375,1.039842130787611
/home/tr3x/Projects/glow-mark/datasets/MEBeauty-database/original_images/female/caucasian/beautiful-young-woman-635271_1920.jpg,6.464285714285714,White,female,original,78.11748504638672,64.32018280029297,1.837350375841876
/home/tr3x/Projects/glow-mark/datasets/MEBeauty-database/original_images/male/caucasian/norbert-kundrak-Qkka6rvSToY-unsplash.jpg,7.245726495726495,White,male,original,43.44343185424805,40.9676628112793,-0.4339952925134437
/home/tr3x/Projects/glow-mark/datasets/MEBeauty-database/original_images/male/caucasian/hamid-tajik-FjT7kFSFczs-unsplash.jpg,6.38235294117647,White,male,original,60.436187744140625,55.17514419555664,0.679125872469872
/home/tr3x/Projects/glow-mark/datasets/MEBeauty-database/original_images/female/caucasian/juno-jo-eIxDn1OVJT8-unsplash.jpg,4.2592592592592595,White,female,original,37.131595611572266,31.62565803527832,-0.8474560964675688
/home/tr3x/Projects/glow-mark/datasets/MEBeauty-database/original_images/male/caucasian/james-barr-G6ACpD4bPOw-unsplash(1).jpg,7.496785714285714,White,male,original,30.91773223876953,30.035127639770508,-1.2544991259443525
/home/tr3x/Projects/glow-mark/datasets/MEBeauty-database/original_images/female/caucasian/model-1976191_1920.jpg,7.379310344827586,White,female,original,46.70026397705078,43.98954391479492,-0.22065445538380596
/home/tr3x/Projects/glow-mark/datasets/MEBeauty-database/original_images/female/caucasian/girl-1773894_1920.jpg,7.1723985890652555,White,female,original,69.42325592041016,69.20195770263672,1.2678294272654718
/home/tr3x/Projects/glow-mark/datasets/MEBeauty-database/original_images/female/caucasian/manny-moreno-IMecW34PSu8-unsplash.jpg,7.153846153846154,White,female,original,47.79354476928711,49.53627014160156,-0.14903840928784354
/home/tr3x/Projects/glow-mark/datasets/MEBeauty-database/original_images/female/caucasian/allef-vinicius-PoM0yxiD6L8-unsplash.jpg,7.115384615384615,White,female,original,100.68579864501953,88.29261016845703,3.315701956209207
/home/tr3x/Projects/glow-mark/datasets/MEBeauty-database/original_images/male/caucasian/paolo-bendandi-D-8XODEIr_s-unsplash.jpg,5.638792676892628,White,male,original,45.775753021240234,41.82768249511719,-0.2812151271688804
/home/tr3x/Projects/glow-mark/datasets/MEBeauty-database/original_images/male/caucasian/ludovic-migneault-4uj3iZ5m084-unsplash.jpg,5.426479468599034,White,male,original,54.275230407714844,40.902671813964844,0.2755484861899986
/home/tr3x/Projects/glow-mark/datasets/MEBeauty-database/original_images/female/caucasian/patrik-velich-OSasjoYvdNc-unsplash.jpg,7.3625,White,female,original,66.16854858398438,53.738224029541016,1.0546277756041935
/home/tr3x/Projects/glow-mark/datasets/MEBeauty-database/original_images/female/caucasian/dane-wetton-0AqoGTLmIjQ-unsplash.jpg,6.996913580246914,White,female,original,61.98152160644531,40.90690994262695,0.7803539393145158
/home/tr3x/Projects/glow-mark/datasets/MEBeauty-database/original_images/female/caucasian/jude-infantini-HKQKt4f8sAU-unsplash.jpg,6.996923076923077,White,female,original,68.86017608642578,61.3238525390625,1.2309445284977496
/home/tr3x/Projects/glow-mark/datasets/MEBeauty-database/original_images/female/caucasian/fezbot2000-h_OTf7uvXuM-unsplash.jpg,7.403846153846154,White,female,original,70.41258239746094,63.37026596069336,1.332635880545874
/home/tr3x/Projects/glow-mark/datasets/MEBeauty-database/original_images/female/caucasian/jen-theodore-Gr2XxjGaeeo-unsplash.jpg,6.295321637426901,White,female,original,38.727195739746094,32.42707824707031,-0.7429353062538511
/home/tr3x/Projects/glow-mark/datasets/MEBeauty-database/original_images/female/caucasian/steven-aguilar-GTld8AoIfbE-unsplash.jpg,6.145065398335315,White,female,original,33.4757080078125,34.05674743652344,-1.086937313929515
/home/tr3x/Projects/glow-mark/datasets/MEBeauty-database/original_images/female/caucasian/hichem-dahmani-EhcwOfAn-mA-unsplash.jpg,6.483199999999999,White,female,original,63.57339096069336,59.072731018066406,0.8846303428351355
/home/tr3x/Projects/glow-mark/datasets/MEBeauty-database/original_images/female/caucasian/portrait-4808905_1920.jpg,7.057823129251701,White,female,original,50.82240295410156,52.09162521362305,0.049368851611802586
/home/tr3x/Projects/glow-mark/datasets/MEBeauty-database/original_images/male/caucasian/tomas-gal-hRsnfRjl40w-unsplash.jpg,5.282239819004524,White,male,original,54.693016052246094,46.07358169555664,0.30291579767068333
/home/tr3x/Projects/glow-mark/datasets/MEBeauty-database/original_images/female/caucasian/woman-1054683_1280.jpg,6.488916256157635,White,female,original,85.47176361083984,80.89177703857422,2.319097019901249
/home/tr3x/Projects/glow-mark/datasets/MEBeauty-database/original_images/male/caucasian/james-barr-G6ACpD4bPOw-unsplash.jpg,7.206524706524707,White,male,original,30.91773223876953,30.035127639770508,-1.2544991259443525
/home/tr3x/Projects/glow-mark/datasets/MEBeauty-database/original_images/female/caucasian/brooke-cagle-QZRAaYfmvA8-unsplash.jpg,6.7236467236467234,White,female,original,58.131187438964844,55.18370819091797,0.5281353773665858
/home/tr3x/Projects/glow-mark/datasets/MEBeauty-database/original_images/male/caucasian/john-torcasio-1coR0hGFenQ-unsplash.jpg,3.3605212355212357,White,male,original,63.77634048461914,60.125518798828125,0.8979246790787019
/home/tr3x/Projects/glow-mark/datasets/MEBeauty-database/original_images/male/caucasian/g_3.jpg,6.16,White,male,original,51.205291748046875,48.51167297363281,0.0744502229406858
/home/tr3x/Projects/glow-mark/datasets/MEBeauty-database/original_images/male/caucasian/beard-4136705_1920.jpg,4.659239130434782,White,male,original,33.52467727661133,29.067655563354492,-1.0837295511694938
/home/tr3x/Projects/glow-mark/datasets/MEBeauty-database/original_images/female/caucasian/beauty-1132617_1920.jpg,7.884920634920634,White,female,original,60.4953727722168,57.72468948364258,0.6830028249682543
/home/tr3x/Projects/glow-mark/datasets/MEBeauty-database/original_images/female/caucasian/hadis-safari-zawAr1FKOMw-unsplash.jpg,6.583333333333333,White,female,original,69.69524383544922,59.87126922607422,1.2856461667520753
/home/tr3x/Projects/glow-mark/datasets/MEBeauty-database/original_images/female/caucasian/khashayar-kouchpeydeh-z0PhHU7cy4Q-unsplash.jpg,7.5,White,female,original,42.90446853637695,40.089027404785156,-0.4693004237210773
/home/tr3x/Projects/glow-mark/datasets/MEBeauty-database/original_images/female/caucasian/omid-armin-VS4Bg3tWWcI-unsplash.jpg,6.7407407407407405,White,female,original,47.32587432861328,41.560081481933594,-0.17967345572317506
/home/tr3x/Projects/glow-mark/datasets/MEBeauty-database/original_images/female/caucasian/10_1.jpg,8.470914127423823,White,female,original,47.9503173828125,42.54222869873047,-0.1387689206106914
/home/tr3x/Projects/glow-mark/datasets/MEBeauty-database/original_images/female/caucasian/denis-agati-3dL0mzyUS6M-unsplash.jpg,7.451388888888889,White,female,original,33.72085952758789,34.34737777709961,-1.070878509397866
/home/tr3x/Projects/glow-mark/datasets/MEBeauty-database/original_images/male/caucasian/luis-villasmil-hh3ViD0r0Rc-unsplash.jpg,6.373136488638008,White,male,original,41.59616470336914,43.685035705566406,-0.5550016893772274
/home/tr3x/Projects/glow-mark/datasets/MEBeauty-database/original_images/female/caucasian/portrait-67485_1920.jpg,5.637931034482759,White,female,original,68.15093231201172,67.6015396118164,1.1844850688580963
/home/tr3x/Projects/glow-mark/datasets/MEBeauty-database/original_images/female/caucasian/woman-3073289_1920.jpg,6.150123456790124,White,female,original,66.82164001464844,62.21260452270508,1.0974089406401608
/home/tr3x/Projects/glow-mark/datasets/MEBeauty-database/original_images/female/caucasian/luiza-braun-YfDfwP3gSo0-unsplash.jpg,6.625514403292182,White,female,original,57.25251388549805,53.07181167602539,0.4705773134590854
/home/tr3x/Projects/glow-mark/datasets/MEBeauty-database/original_images/male/caucasian/aldo-delara-3_Si7AS2iA4-unsplash.jpg,5.631944444444444,White,male,original,53.760318756103516,39.62807083129883,0.2418188745120009
/home/tr3x/Projects/glow-mark/datasets/MEBeauty-database/original_images/male/caucasian/model-4759613_1920.jpg,3.612091333679294,White,male,original,60.479156494140625,52.946224212646484,0.6819405674709534
/home/tr3x/Projects/glow-mark/datasets/MEBeauty-database/original_images/male/caucasian/fabio-lucas-LFqkME0ZlY8-unsplash.jpg,7.012345679012346,White,male,original,44.999332427978516,33.75467300415039,-0.3320750465891661
/home/tr3x/Projects/glow-mark/datasets/MEBeauty-database/original_images/male/caucasian/christopher-campbell-i4OHxtxiMtk-unsplash.jpg,6.312136627906977,White,male,original,71.93254852294922,62.370994567871094,1.432202217831108
/home/tr3x/Projects/glow-mark/datasets/MEBeauty-database/original_images/female/caucasian/bruce-dixon--lYtsl62gyU-unsplash.jpg,7.368131868131868,White,female,original,39.23587417602539,30.589563369750977,-0.709614005267594
/home/tr3x/Projects/glow-mark/datasets/MEBeauty-database/original_images/female/caucasian/bikini-885382_1920.jpg,7.75887573964497,White,female,original,42.066287994384766,37.77172088623047,-0.5242059674371289
/home/tr3x/Projects/glow-mark/datasets/MEBeauty-database/original_images/male/caucasian/pexels-daisa-tj-3408420.jpg,6.75,White,male,original,57.011077880859375,57.930091857910156,0.4547618960839574
/home/tr3x/Projects/glow-mark/datasets/MEBeauty-database/original_images/female/caucasian/girl-2663559_1920.jpg,7.440329218106996,White,female,original,53.25286102294922,52.983070373535156,0.20857753645191096
/home/tr3x/Projects/glow-mark/datasets/MEBeauty-database/original_images/male/caucasian/mark-farias-dt60oksDTx8-unsplash.jpg,4.698751076658053,White,male,original,52.101749420166016,43.52317810058594,0.13317324672878292
/home/tr3x/Projects/glow-mark/datasets/MEBeauty-database/original_images/female/caucasian/blond-3952534_1920.jpg,6.631428571428571,White,female,original,85.34387969970703,68.32524871826172,2.31071990384867
/home/tr3x/Projects/glow-mark/datasets/MEBeauty-database/original_images/female/caucasian/brett-carey-dPJ5H1qdBfQ-unsplash.jpg,6.382716049382715,White,female,original,49.9564323425293,43.55310821533203,-0.00735709809527158
/home/tr3x/Projects/glow-mark/datasets/MEBeauty-database/original_images/male/caucasian/boy-2301660_1920.jpg,5.984657622739019,White,male,original,73.80643463134766,68.90097045898438,1.5549523062536228
/home/tr3x/Projects/glow-mark/datasets/MEBeauty-database/original_images/female/caucasian/girl-2209147_1920.jpg,7.44871794871795,White,female,original,68.13477325439453,65.53237915039062,1.1834265596229596
/home/tr3x/Projects/glow-mark/datasets/MEBeauty-database/original_images/female/caucasian/anton-darius-NaV1BloVk0g-unsplash.jpg,3.175,White,female,original,47.92798614501953,44.44560241699219,-0.14023174239126052
/home/tr3x/Projects/glow-mark/datasets/MEBeauty-database/original_images/female/caucasian/luke-braswell-8s5brjtO4_M-unsplash.jpg,3.8762696214219754,White,female,original,36.52885818481445,35.85493087768555,-0.886938790799144
/home/tr3x/Projects/glow-mark/datasets/MEBeauty-database/original_images/female/caucasian/woman-3240094_1920.jpg,7.069526627218935,White,female,original,69.99515533447266,61.47380828857422,1.305292058174751
/home/tr3x/Projects/glow-mark/datasets/MEBeauty-database/original_images/male/caucasian/smiling-888532_1920.jpg,6.8472340425531915,White,male,original,41.74136734008789,35.81673812866211,-0.5454900993096526
/home/tr3x/Projects/glow-mark/datasets/MEBeauty-database/original_images/female/caucasian/women-4184796_1920.jpg,7.172413793103449,White,female,original,72.98106384277344,69.98412322998047,1.500885873494037
/home/tr3x/Projects/glow-mark/datasets/MEBeauty-database/original_images/female/caucasian/artem-ivanchencko-M9-VgKDrhDA-unsplash.jpg,6.416666666666667,White,female,original,49.786319732666016,40.98325729370117,-0.01850043162494338
/home/tr3x/Projects/glow-mark/datasets/MEBeauty-database/original_images/male/caucasian/jeremy-bishop-ctAsm_deVVk-unsplash.jpg,4.941118258287976,White,male,original,50.052696228027344,47.386322021484375,-0.0010512717145641337
/home/tr3x/Projects/glow-mark/datasets/MEBeauty-database/original_images/female/caucasian/model-881425_1920.jpg,5.655172413793104,White,female,original,86.04721069335938,82.16345977783203,2.356792043064701
/home/tr3x/Projects/glow-mark/datasets/MEBeauty-database/original_images/female/caucasian/daniil-kuzelev-AkGd_YB6Q2c-unsplash.jpg,3.778393351800554,White,female,original,51.2335090637207,44.27937316894531,0.07629861595586682
/home/tr3x/Projects/glow-mark/datasets/MEBeauty-database/original_images/female/caucasian/business-3188067_1920.jpg,6.8275862068965525,White,female,original,50.098148345947266,37.523223876953125,0.0019260978644384114
/home/tr3x/Projects/glow-mark/datasets/MEBeauty-database/original_images/male/caucasian/selfie-4302321_1920.jpg,5.470384615384615,White,male,original,36.560298919677734,27.517536163330078,-0.884879245682053
/home/tr3x/Projects/glow-mark/datasets/MEBeauty-database/original_images/female/caucasian/40.jpg,8.166666666666668,White,female,original,45.29229736328125,34.416473388671875,-0.31288419419321
/home/tr3x/Projects/glow-mark/datasets/MEBeauty-database/original_images/male/caucasian/nate-J5U-22o1ubw-unsplash.jpg,7.086061507936508,White,male,original,46.17519760131836,40.59129333496094,-0.2550492586538561
/home/tr3x/Projects/glow-mark/datasets/MEBeauty-database/original_images/female/caucasian/child-3031836_1920.jpg,7.148148148148148,White,female,original,74.70999908447266,70.68434143066406,1.6141408642024988
/home/tr3x/Projects/glow-mark/datasets/MEBeauty-database/original_images/female/caucasian/redheads-4606477_1920.jpg,4.265873015873016,White,female,original,44.139923095703125,34.013526916503906,-0.3883711955680922
/home/tr3x/Projects/glow-mark/datasets/MEBeauty-database/original_images/male/caucasian/logan-weaver--A5R9HBwjaE-unsplash.jpg,6.79476045737444,White,male,original,72.94805145263672,59.840965270996094,1.4987233761095058
/home/tr3x/Projects/glow-mark/datasets/MEBeauty-database/original_images/female/caucasian/girl-3447599_1920.jpg,6.8965517241379315,White,female,original,47.99739456176758,39.98758316040039,-0.13568510038622894
/home/tr3x/Projects/glow-mark/datasets/MEBeauty-database/original_images/female/caucasian/woman-526329_1920.jpg,5.9,White,female,original,57.81010055541992,42.05659484863281,0.5071023790590555
/home/tr3x/Projects/glow-mark/datasets/MEBeauty-database/original_images/male/caucasian/136.jpg,6.024255024255025,White,male,original,53.86092758178711,30.021484375,0.2484093189330343
/home/tr3x/Projects/glow-mark/datasets/MEBeauty-database/original_images/female/caucasian/fashion-238553_1920.jpg,6.430439952437574,White,female,original,55.649227142333984,47.947784423828125,0.36555300669465923
/home/tr3x/Projects/glow-mark/datasets/MEBeauty-database/original_images/female/caucasian/alexis-brown-XhFROJiMDtA-unsplash.jpg,6.431304347826088,White,female,original,49.449432373046875,48.510520935058594,-0.040568450058048856
/home/tr3x/Projects/glow-mark/datasets/MEBeauty-database/original_images/female/caucasian/mike-austin-jgSAuqMmJUE-unsplash.jpg,7.651666666666666,White,female,original,61.480140686035156,65.31168365478516,0.7475106666962514
/home/tr3x/Projects/glow-mark/datasets/MEBeauty-database/original_images/female/caucasian/blake-barlow-L9NrqmDPT-g-unsplash.jpg,6.911352040816326,White,female,original,43.8160400390625,36.21481704711914,-0.40958735895337395
/home/tr3x/Projects/glow-mark/datasets/MEBeauty-database/original_images/female/caucasian/brooke-cagle-iQ-CjxFHNQk-unsplash.jpg,6.90542328042328,White,female,original,56.777103424072266,57.05039596557617,0.4394352520950257
/home/tr3x/Projects/glow-mark/datasets/MEBeauty-database/original_images/male/caucasian/pexels-andrea-piacquadio-3824771.jpg,2.453125,White,male,original,28.885292053222656,32.29842758178711,-1.3876353989393944
/home/tr3x/Projects/glow-mark/datasets/MEBeauty-database/original_images/female/caucasian/tamas-tuzes-katai-nUP9GAg218U-unsplash.jpg,6.333333333333333,White,female,original,52.84599685668945,51.57406997680664,0.18192564327627736
/home/tr3x/Projects/glow-mark/datasets/MEBeauty-database/original_images/male/caucasian/guy9.jpg,7.942791988895498,White,male,original,32.54896926879883,29.5959529876709,-1.1476439180548446
/home/tr3x/Projects/glow-mark/datasets/MEBeauty-database/original_images/male/caucasian/robert-lazar-gln1ySXJJbU-unsplash.jpg,4.544886363636364,White,male,original,71.4558334350586,55.0319938659668,1.4009746960897074
/home/tr3x/Projects/glow-mark/datasets/MEBeauty-database/original_images/female/caucasian/theo-rql-a4pyoiTdSqI-unsplash.jpg,7.76886145404664,White,female,original,54.426483154296875,54.19523239135742,0.28545639251038896
/home/tr3x/Projects/glow-mark/datasets/MEBeauty-database/original_images/female/caucasian/mark-decile-W0fOHWkpxUQ-unsplash.jpg,7.604747162022704,White,female,original,45.74236297607422,48.48277282714844,-0.28340236308369443
/home/tr3x/Projects/glow-mark/datasets/MEBeauty-database/original_images/female/caucasian/raj-rana-15Vb4B_ma_s-unsplash.jpg,6.536266349583829,White,female,original,61.86690902709961,58.29731369018555,0.7728461701998595
/home/tr3x/Projects/glow-mark/datasets/MEBeauty-database/original_images/female/caucasian/genessa-panainte-g3OqMfRfo_8-unsplash.jpg,5.5775,White,female,original,79.73917388916016,69.40959930419922,1.9435801237182713
/home/tr3x/Projects/glow-mark/datasets/MEBeauty-database/original_images/female/caucasian/gothic-1770548_1920.jpg,5.699271592091572,White,female,original,68.61978149414062,61.846439361572266,1.215197329494008
/home/tr3x/Projects/glow-mark/datasets/MEBeauty-database/original_images/female/caucasian/sheri-hooley-gcyPLFzmcSA-unsplash.jpg,6.857142857142858,White,female,original,76.50972747802734,68.29584503173828,1.732033204860363
/home/tr3x/Projects/glow-mark/datasets/MEBeauty-database/original_images/male/caucasian/portrait-1535271_1920.jpg,6.7096838735494195,White,male,original,75.388427734375,67.86740112304688,1.6585817597247219
/home/tr3x/Projects/glow-mark/datasets/MEBeauty-database/original_images/female/caucasian/logan-weaver-l0t4qHtj3fs-unsplash.jpg,7.287407407407407,White,female,original,43.10576629638672,37.968509674072266,-0.4561142873119807
/home/tr3x/Projects/glow-mark/datasets/MEBeauty-database/original_images/female/caucasian/teenager-4985908_1920.jpg,5.162393162393163,White,female,original,50.60637283325195,42.8533935546875,0.03521766263752704
/home/tr3x/Projects/glow-mark/datasets/MEBeauty-database/original_images/female/caucasian/court-cook-TSZo17r3m0s-unsplash.jpg,6.52,White,female,original,41.234840393066406,36.0367431640625,-0.5786704656385402
/home/tr3x/Projects/glow-mark/datasets/MEBeauty-database/original_images/male/caucasian/sayo-garcia-n-LARjYGIeg-unsplash.jpg,6.405253283302064,White,male,original,43.98819351196289,37.83987808227539,-0.3983103374065165
/home/tr3x/Projects/glow-mark/datasets/MEBeauty-database/original_images/female/caucasian/woman-1615242_1920.jpg,4.177971014492754,White,female,original,74.40630340576172,65.77151489257812,1.5942470877087052
/home/tr3x/Projects/glow-mark/datasets/MEBeauty-database/original_images/female/caucasian/michael-dam-mEZ3PoFGs_k-unsplash.jpg,8.520555555555555,White,female,original,37.95197677612305,28.226451873779297,-0.793716512168691
/home/tr3x/Projects/glow-mark/datasets/MEBeauty-database/original_images/female/caucasian/metin-ozer-iSmTwuKTNDo-unsplash.jpg,4.589285714285714,White,female,original,63.321231842041016,49.13535690307617,0.8681125011304585
/home/tr3x/Projects/glow-mark/datasets/MEBeauty-database/original_images/male/caucasian/vicky-hladynets-NnmUHZ6tpSs-unsplash.jpg,6.423202614379085,White,male,original,33.27690124511719,,-1.0999602759924019
/home/tr3x/Projects/glow-mark/datasets/MEBeauty-database/original_images/male/caucasian/ashkan-forouzani-ldkvWj0lrqk-unsplash.jpg,6.708305866842451,White,male,original,45.04738998413086,43.20482635498047,-0.32892700613962567
/home/tr3x/Projects/glow-mark/datasets/MEBeauty-database/original_images/male/caucasian/boy-2420289_1920.jpg,5.759555555555556,White,male,original,53.07100296020508,42.26724624633789,0.19666480964202526
/home/tr3x/Projects/glow-mark/datasets/MEBeauty-database/original_images/female/caucasian/girl-2363819_1920.jpg,7.785714285714286,White,female,original,60.93940734863281,53.37486267089844,0.7120895892456757
/home/tr3x/Projects/glow-mark/datasets/MEBeauty-database/original_images/female/caucasian/blake-barlow-7Ge4b_kcPLQ-unsplash.jpg,6.66198224852071,White,female,original,79.18563842773438,76.81336975097656,1.907320435079518
/home/tr3x/Projects/glow-mark/datasets/MEBeauty-database/original_images/female/caucasian/girl-4283996_1920.jpg,6.3690476190476195,White,female,original,60.26326370239258,57.591758728027344,0.6677983743258716
/home/tr3x/Projects/glow-mark/datasets/MEBeauty-database/original_images/male/caucasian/james-barr-_U7YytlNunM-unsplash.jpg,5.324579124579125,White,male,original,44.09775161743164,37.04021072387695,-0.3911336647830207
/home/tr3x/Projects/glow-mark/datasets/MEBeauty-database/original_images/male/caucasian/mateus-pinheiro-6e0z7TFIlo0-unsplash.jpg,6.453828828828828,White,male,original,69.08938598632812,58.74406433105469,1.2459590671904854
/home/tr3x/Projects/glow-mark/datasets/MEBeauty-database/original_images/female/caucasian/logan-weaver-QoZRUI6LdKw-unsplash.jpg,7.535714285714286,White,female,original,60.087162017822266,62.3729362487793,0.6562627226896927
/home/tr3x/Projects/glow-mark/datasets/MEBeauty-database/original_images/female/caucasian/adult-1867889_1920.jpg,7.783703703703704,White,female,original,77.76687622070312,76.46943664550781,1.8143835241418238
/home/tr3x/Projects/glow-mark/datasets/MEBeauty-database/original_images/female/caucasian/18.jpg,5.664160401002507,White,female,original,62.932865142822266,60.46492004394531,0.8426722961704005
/home/tr3x/Projects/glow-mark/datasets/MEBeauty-database/original_images/male/caucasian/dmitry-vechorko-E9PFbdhZmus-unsplash.jpg,6.173780487804878,White,male,original,67.86485290527344,59.23955154418945,1.1657452573425515
/home/tr3x/Projects/glow-mark/datasets/MEBeauty-database/original_images/female/caucasian/teen-4361981_1920.jpg,7.772669220945083,White,female,original,77.05120849609375,75.7281723022461,1.7675032596032163
/home/tr3x/Projects/glow-mark/datasets/MEBeauty-database/original_images/female/caucasian/woman-2138461_1920.jpg,6.6034482758620685,White,female,original,61.535057067871094,54.41475296020508,0.7511079988371931
/home/tr3x/Projects/glow-mark/datasets/MEBeauty-database/original_images/male/caucasian/pexels-elle-hughes-1680175.jpg,7.148148148148148,White,male,original,62.04296875,53.85132598876953,0.7843790731104515
/home/tr3x/Projects/glow-mark/datasets/MEBeauty-database/original_images/female/caucasian/woman-435852_1920.jpg,5.611177170035671,White,female,original,88.08116912841797,80.13134765625,2.4900277699491635
/home/tr3x/Projects/glow-mark/datasets/MEBeauty-database/original_images/female/caucasian/elderly-1557141_1920.jpg,2.3456790123456788,White,female,original,45.882198333740234,40.99288558959961,-0.2742423600071106
/home/tr3x/Projects/glow-mark/datasets/MEBeauty-database/original_images/male/caucasian/teenager-1131815_1280.jpg,7.167421497584542,White,male,original,48.4858512878418,42.85162353515625,-0.10368843524875854
/home/tr3x/Projects/glow-mark/datasets/MEBeauty-database/original_images/male/caucasian/pexels-julia-m-cameron-4144458.jpg,6.740740740740741,White,male,original,55.13657760620117,46.89289855957031,0.3319715763142149
/home/tr3x/Projects/glow-mark/datasets/MEBeauty-database/original_images/female/caucasian/young-girl-2143037_1280.jpg,7.196428571428571,White,female,original,81.76219940185547,79.68675994873047,2.0760996826452494
/home/tr3x/Projects/glow-mark/datasets/MEBeauty-database/original_images/male/caucasian/ronny-sison-Ajrb9WJlVzI-unsplash.jpg,6.710160818713451,White,male,original,51.22132110595703,43.425750732421875,0.07550023611491732
/home/tr3x/Projects/glow-mark/datasets/MEBeauty-database/original_images/male/caucasian/bruno-bucar-BGcjf5DzK_8-unsplash.jpg,5.804878048780488,White,male,original,58.98251724243164,50.950565338134766,0.5839022717279435
/home/tr3x/Projects/glow-mark/datasets/MEBeauty-database/original_images/female/caucasian/caroline-hernandez-c82O-ojHu9E-unsplash.jpg,5.666666666666667,White,female,original,56.48871612548828,53.27457809448242,0.42054426067219625
/home/tr3x/Projects/glow-mark/datasets/MEBeauty-database/original_images/male/caucasian/nathan-dumlao-4m2-An3yFx0-unsplash.jpg,6.260687229437229,White,male,original,77.13704681396484,73.05213928222656,1.7731261526176278
/home/tr3x/Projects/glow-mark/datasets/MEBeauty-database/original_images/female/caucasian/woman-3658390_1920.jpg,5.74910820451843,White,female,original,62.94129180908203,54.99467086791992,0.8432242902450977
/home/tr3x/Projects/glow-mark/datasets/MEBeauty-database/original_images/male/caucasian/scott-higdon-tD1XD54mx8w-unsplash.jpg,6.544724272687798,White,male,original,52.45163345336914,47.323646545410156,0.15609262044142355
/home/tr3x/Projects/glow-mark/datasets/MEBeauty-database/original_images/female/caucasian/alex-sheldon-p63g4kQAt_4-unsplash.jpg,6.63265306122449,White,female,original,67.71932220458984,66.23430633544922,1.1562121772385694
/home/tr3x/Projects/glow-mark/datasets/MEBeauty-database/original_images/male/caucasian/laura-dewilde-G2iXD2Bkt7g-unsplash.jpg,6.539455782312925,White,male,original,30.038503646850586,27.92947769165039,-1.3120935479948446
/home/tr3x/Projects/glow-mark/datasets/MEBeauty-database/original_images/male/caucasian/man-3786991_1920.jpg,4.5271335807050095,White,male,original,58.90196228027344,54.26714324951172,0.5786254682533487
/home/tr3x/Projects/glow-mark/datasets/MEBeauty-database/original_images/female/caucasian/tamara-bellis-JTtWu85K9So-unsplash.jpg,8.03188775510204,White,female,original,61.35139083862305,60.0823974609375,0.7390768269429224
/home/tr3x/Projects/glow-mark/datasets/MEBeauty-database/original_images/female/caucasian/girl-1125322_1920.jpg,5.494252873563219,White,female,original,73.790771484375,76.67018127441406,1.5539262819572413
/home/tr3x/Projects/glow-mark/datasets/MEBeauty-database/original_images/female/caucasian/girl-237871_1920.jpg,7.149519890260631,White,female,original,59.861759185791016,54.91102600097656,0.6414975683729405
/home/tr3x/Projects/glow-mark/datasets/MEBeauty-database/original_images/female/caucasian/amelia-barklid-q97o6P6_lMQ-unsplash.jpg,6.324735449735449,White,female,original,39.524322509765625,39.682716369628906,-0.6907190156984562
/home/tr3x/Projects/glow-mark/datasets/MEBeauty-database/original_images/male/caucasian/male-3847141_1920.jpg,6.237503697131027,White,male,original,68.40017700195312,63.905426025390625,1.2008119990765493
/home/tr3x/Projects/glow-mark/datasets/MEBeauty-database/original_images/male/caucasian/entrepreneurship-3498256_1920.jpg,6.202407407407407,White,male,original,45.8007926940918,40.96649932861328,-0.27957488764587807
/home/tr3x/Projects/glow-mark/datasets/MEBeauty-database/original_images/female/caucasian/marivi-pazos-cvpk5Y4ZWUs-unsplash.jpg,5.777777777777778,White,female,original,42.72123718261719,42.31096649169922,-0.48130310882290095
/home/tr3x/Projects/glow-mark/datasets/MEBeauty-database/original_images/female/caucasian/sergio-souza-nTgauPjp-uA-unsplash.jpg,6.833333333333332,White,female,original,69.15161895751953,70.5003662109375,1.250035677120141
/home/tr3x/Projects/glow-mark/datasets/MEBeauty-database/original_images/male/caucasian/man-943554_1920.jpg,4.630813953488372,White,male,original,65.3285903930664,48.05535888671875,0.9996057858769111
/home/tr3x/Projects/glow-mark/datasets/MEBeauty-database/original_images/female/caucasian/portrait-3315767_1920.jpg,6.567474048442907,White,female,original,88.1297607421875,75.33889770507812,2.493210794178902
/home/tr3x/Projects/glow-mark/datasets/MEBeauty-database/original_images/male/caucasian/pexels-keith-lobo-3854982.jpg,7.098765432098765,White,male,original,90.78077697753906,81.3529052734375,2.666867280472537
/home/tr3x/Projects/glow-mark/datasets/MEBeauty-database/original_images/female/caucasian/svyatoslav-romanov-BrEAp01_m5w-unsplash.jpg,7.333333333333333,White,female,original,47.939510345458984,43.5081672668457,-0.1394768423914144
/home/tr3x/Projects/glow-mark/datasets/MEBeauty-database/original_images/female/caucasian/naeim-jafari-6Xai7XxOgBc-unsplash.jpg,7.308641975308642,White,female,original,64.8197250366211,56.61232376098633,0.9662722405675848
/home/tr3x/Projects/glow-mark/datasets/MEBeauty-database/original_images/female/caucasian/f6.jpg,8.263157894736842,White,female,original,68.66322326660156,65.25300598144531,1.2180430101289792
/home/tr3x/Projects/glow-mark/datasets/MEBeauty-database/original_images/male/caucasian/man-894182_1920.jpg,5.80952380952381,White,male,original,86.49192810058594,64.73299407958984,2.385923536603947
/home/tr3x/Projects/glow-mark/datasets/MEBeauty-database/original_images/female/caucasian/woman-1447084_1920.jpg,4.532183908045977,White,female,original,40.78004455566406,31.16303253173828,-0.6084621530869532
/home/tr3x/Projects/glow-mark/datasets/MEBeauty-database/original_images/female/caucasian/girl-3848191_1920.jpg,7.4275,White,female,original,57.23408126831055,53.9927864074707,0.4693698732739624
/home/tr3x/Projects/glow-mark/datasets/MEBeauty-database/original_images/male/caucasian/122.jpg,6.658700980392156,White,male,original,45.330135345458984,43.23457336425781,-0.3104055933661747
/home/tr3x/Projects/glow-mark/datasets/MEBeauty-database/original_images/female/caucasian/irina-iriser-T9_NHo5d0pc-unsplash.jpg,7.321005917159763,White,female,original,49.775047302246094,41.70963668823242,-0.01923883927126755
/home/tr3x/Projects/glow-mark/datasets/MEBeauty-database/original_images/female/caucasian/pexels-steven-arenas-620074.jpg,8.666666666666666,White,female,original,61.49795913696289,54.147987365722656,0.7486778755341466
/home/tr3x/Projects/glow-mark/datasets/MEBeauty-database/original_images/female/caucasian/female-2674500_1920.jpg,7.630434782608695,White,female,original,68.4595718383789,67.77506256103516,1.2047026952028665
/home/tr3x/Projects/glow-mark/datasets/MEBeauty-database/original_images/male/caucasian/irene-strong-v2aKnjMbP_k-unsplash.jpg,5.884205426356589,White,male,original,51.87877655029297,43.060302734375,0.11856726861193206
/home/tr3x/Projects/glow-mark/datasets/MEBeauty-database/original_images/female/caucasian/timur-romanov-u-fY6-iUJPg-unsplash.jpg,7.922240802675585,White,female,original,80.07775115966797,73.00109100341797,1.9657588408272892
/home/tr3x/Projects/glow-mark/datasets/MEBeauty-database/original_images/female/caucasian/nature-3360202_1920.jpg,6.6730769230769225,White,female,original,58.957000732421875,53.07719421386719,0.5822307966869071
/home/tr3x/Projects/glow-mark/datasets/MEBeauty-database/original_images/female/caucasian/brunette-3627300_1920.jpg,5.883190883190883,White,female,original,66.79851531982422,58.80049133300781,1.0958941429575833
/home/tr3x/Projects/glow-mark/datasets/MEBeauty-database/original_images/male/caucasian/126.jpg,4.433086622807018,White,male,original,47.7375602722168,29.226789474487305,-0.15270570898918145
/home/tr3x/Projects/glow-mark/datasets/MEBeauty-database/original_images/male/caucasian/jake-nebov-aFNzgYOM560-unsplash.jpg,3.6782581453634084,White,male,original,39.54738998413086,36.24383544921875,-0.6892079662780426
/home/tr3x/Projects/glow-mark/datasets/MEBeauty-database/original_images/female/caucasian/girl-797078_1920.jpg,6.1117717003567185,White,female,original,44.845787048339844,32.1995735168457,-0.34213313328026396
/home/tr3x/Projects/glow-mark/datasets/MEBeauty-database/original_images/female/caucasian/girl-1209193_1920.jpg,7.061111111111111,White,female,original,40.92457580566406,37.64971160888672,-0.5989945426287704
/home/tr3x/Projects/glow-mark/datasets/MEBeauty-database/original_images/male/caucasian/boy-1185446_1920.jpg,6.241140642303432,White,male,original,86.60769653320312,80.44450378417969,2.3935070206143183
/home/tr3x/Projects/glow-mark/datasets/MEBeauty-database/original_images/female/caucasian/callie-morgan-JlymtjqG2aU-unsplash.jpg,7.925925925925926,White,female,original,53.387943267822266,50.07218551635742,0.21742618388473173
/home/tr3x/Projects/glow-mark/datasets/MEBeauty-database/original_images/female/caucasian/ali-pazani-VPYKT3ePiEM-unsplash.jpg,7.756903353057199,White,female,original,77.21599578857422,72.78257751464844,1.778297754867484
/home/tr3x/Projects/glow-mark/datasets/MEBeauty-database/original_images/female/caucasian/camila-quintero-franco-8NDuYUjSMiY-unsplash.jpg,5.613333333333333,White,female,original,38.67535400390625,33.168312072753906,-0.7463312317745094
/home/tr3x/Projects/glow-mark/datasets/MEBeauty-database/original_images/female/caucasian/pexels-pixabay-247322.jpg,9.0,White,female,original,43.10964584350586,41.3145751953125,-0.4558601551372559
/home/tr3x/Projects/glow-mark/datasets/MEBeauty-database/original_images/male/caucasian/aiony-haust-ybd0faxFuHE-unsplash.jpg,6.333333333333333,White,male,original,57.0198860168457,49.14693832397461,0.45533887857308175
/home/tr3x/Projects/glow-mark/datasets/MEBeauty-database/original_images/female/caucasian/woman-467708_1920.jpg,6.653846153846154,White,female,original,52.50453186035156,40.86811447143555,0.15955776387004533
/home/tr3x/Projects/glow-mark/datasets/MEBeauty-database/original_images/male/caucasian/matteo-minoglio-JDBR1pXomQw-unsplash.jpg,5.430150462962962,White,male,original,44.506866455078125,38.889644622802734,-0.3643343399622665
/home/tr3x/Projects/glow-mark/datasets/MEBeauty-database/original_images/male/caucasian/young-man-1281282_1920.jpg,6.1020408163265305,White,male,original,39.56703186035156,35.10297775268555,-0.6879213128191853
/home/tr3x/Projects/glow-mark/datasets/MEBeauty-database/original_images/male/caucasian/pexels-mart¿¬-pardo-1674318.jpg,9.25925925925926,White,male,original,50.28959655761719,40.20223617553711,0.014467033413024287
/home/tr3x/Projects/glow-mark/datasets/MEBeauty-database/original_images/female/caucasian/girl-2522405_1920.jpg,7.484444444444445,White,female,original,69.55591583251953,62.137229919433594,1.2765193982666796
/home/tr3x/Projects/glow-mark/datasets/MEBeauty-database/original_images/female/caucasian/sergey-sokolov-CbfFN5zE_sY-unsplash.jpg,7.0,White,female,original,23.604488372802734,24.353721618652344,-1.73355776626379
/home/tr3x/Projects/glow-mark/datasets/MEBeauty-database/original_images/female/caucasian/sebastian-pociecha-9AdKSLh2320-unsplash.jpg,6.482142857142857,White,female,original,51.995338439941406,47.570255279541016,0.12620272852431158
/home/tr3x/Projects/glow-mark/datasets/MEBeauty-database/original_images/female/caucasian/luiza-braun-VdxeNFB4ymA-unsplash.jpg,7.278106508875739,White,female,original,44.04645538330078,41.065162658691406,-0.39449385687104815
/home/tr3x/Projects/glow-mark/datasets/MEBeauty-database/original_images/male/caucasian/luiza-braun-VaXkho6CPx0-unsplash(1).jpg,5.1425189393939394,White,male,original,41.394081115722656,30.725515365600586,-0.568239301920044
/home/tr3x/Projects/glow-mark/datasets/MEBeauty-database/original_images/male/caucasian/boy-2145113_1920.jpg,4.429005644811116,White,male,original,60.63002014160156,56.327667236328125,0.691822985608628
/home/tr3x/Projects/glow-mark/datasets/MEBeauty-database/original_images/female/caucasian/artem-kryzhanivskyi-AdRJsBCjwms-unsplash.jpg,7.111111111111112,White,female,original,79.09668731689453,68.84646606445312,1.9014936366033803
/home/tr3x/Projects/glow-mark/datasets/MEBeauty-database/original_images/female/caucasian/woman-69712_1280.jpg,4.162721893491124,White,female,original,89.50635528564453,77.14985656738281,2.583385485785812
/home/tr3x/Projects/glow-mark/datasets/MEBeauty-database/original_images/male/caucasian/mehdi-lamaaffar-lrALtuCkYs0-unsplash.jpg,6.489849624060151,White,male,original,47.00851058959961,49.71593475341797,-0.20046256710589572
/home/tr3x/Projects/glow-mark/datasets/MEBeauty-database/original_images/male/caucasian/derick-mckinney-bBuUjB98PPY-unsplash.jpg,7.666666666666667,White,male,original,59.29582977294922,45.5728759765625,0.6044260061494472
/home/tr3x/Projects/glow-mark/datasets/MEBeauty-database/original_images/male/caucasian/jackson-david-8q-EOrlhP8I-unsplash.jpg,3.8125,White,male,original,42.49461364746094,35.143463134765625,-0.4961482260658202
/home/tr3x/Projects/glow-mark/datasets/MEBeauty-database/original_images/male/caucasian/robert-harkness-MB_5XK9E7vM-unsplash.jpg,2.0,White,male,original,36.7906379699707,31.293859481811523,-0.8697907412826127
/home/tr3x/Projects/glow-mark/datasets/MEBeauty-database/original_images/male/caucasian/man-379677_1920.jpg,4.048663324979114,White,male,original,43.92744445800781,29.45191192626953,-0.40228974240405035
/home/tr3x/Projects/glow-mark/datasets/MEBeauty-database/original_images/male/caucasian/karina-tess-fr5rB_Ocl7w-unsplash.jpg,5.421385237613752,White,male,original,54.5482292175293,48.337127685546875,0.29343144497483425
/home/tr3x/Projects/glow-mark/datasets/MEBeauty-database/original_images/male/caucasian/anastasia-vityukova-0jSd5XW58Ak-unsplash.jpg,4.9335978835978835,White,male,original,76.4417495727539,64.4123764038086,1.7275802694094335
/home/tr3x/Projects/glow-mark/datasets/MEBeauty-database/original_images/female/caucasian/girl-641673_1920.jpg,4.800000000000001,White,female,original,54.89270782470703,46.117183685302734,0.3159967328550413
/home/tr3x/Projects/glow-mark/datasets/MEBeauty-database/original_images/female/caucasian/girl-788813_1920.jpg,6.296296296296297,White,female,original,53.080135345458984,48.221614837646484,0.19726303228341277
/home/tr3x/Projects/glow-mark/datasets/MEBeauty-database/original_images/male/caucasian/guy-1266366_1920.jpg,5.614925986842105,White,male,original,56.46866226196289,47.93719482421875,0.4192306197257576
/home/tr3x/Projects/glow-mark/datasets/MEBeauty-database/original_images/female/caucasian/purchase-3090838_1920.jpg,5.795918367346939,White,female,original,40.29822540283203,34.3297004699707,-0.6400240198133901
/home/tr3x/Projects/glow-mark/datasets/MEBeauty-database/original_images/male/caucasian/guy-4478447_1920.jpg,6.846136363636362,White,male,original,79.27743530273438,71.48062896728516,1.9133336471272828
/home/tr3x/Projects/glow-mark/datasets/MEBeauty-database/original_images/female/caucasian/woman-3055841_1920.jpg,7.181609195402299,White,female,original,71.68901062011719,70.44795227050781,1.4162491142924862
/home/tr3x/Projects/glow-mark/datasets/MEBeauty-database/original_images/female/caucasian/woman-3718859_1920.jpg,4.571428571428571,White,female,original,47.42151641845703,34.381099700927734,-0.17340836045798397
/home/tr3x/Projects/glow-mark/datasets/MEBeauty-database/original_images/male/caucasian/black-and-white-4387130_1920.jpg,5.653061224489797,White,male,original,70.17974853515625,66.78836059570312,1.3173839519160797
/home/tr3x/Projects/glow-mark/datasets/MEBeauty-database/original_images/female/caucasian/old-woman-4189578_1920.jpg,2.888888888888889,White,female,original,82.98960876464844,78.38496398925781,2.1565019051379646
/home/tr3x/Projects/glow-mark/datasets/MEBeauty-database/original_images/female/caucasian/sheri-hooley-gQbE06VKL4M-unsplash.jpg,6.12,White,female,original,38.204193115234375,32.555992126464844,-0.7771949222018499
/home/tr3x/Projects/glow-mark/datasets/MEBeauty-database/original_images/female/caucasian/portrait-of-a-girl-4604219_1920.jpg,5.804370447450572,White,female,original,60.80179977416992,57.60969924926758,0.7030755185093467
/home/tr3x/Projects/glow-mark/datasets/MEBeauty-database/original_images/male/caucasian/elizeu-dias-BiwrbstAhOI-unsplash.jpg,6.8181818181818175,White,male,original,40.67049789428711,33.180686950683594,-0.6156380760580162
/home/tr3x/Projects/glow-mark/datasets/MEBeauty-database/original_images/male/caucasian/derick-mckinney-eyFbjKWlR2g-unsplash.jpg,7.2220137585991235,White,male,original,67.8882827758789,50.431129455566406,1.167280045756671
/home/tr3x/Projects/glow-mark/datasets/MEBeauty-database/original_images/female/caucasian/girl-1482002_1920.jpg,5.56896551724138,White,female,original,60.966800689697266,49.8006591796875,0.7138840072856939
/home/tr3x/Projects/glow-mark/datasets/MEBeauty-database/original_images/male/caucasian/teen-722645_1920.jpg,5.172031772575251,White,male,original,66.87135314941406,71.47431945800781,1.1006654308083155
/home/tr3x/Projects/glow-mark/datasets/MEBeauty-database/original_images/female/caucasian/mark-decile-Vcc8VFc3uCo-unsplash.jpg,8.066666666666666,White,female,original,93.15021514892578,91.7730712890625,2.8220788185408683
/home/tr3x/Projects/glow-mark/datasets/MEBeauty-database/original_images/male/caucasian/portrait-2573013_1920.jpg,4.602215719063546,White,male,original,64.7155990600586,84.49247741699219,0.9594514029655323
/home/tr3x/Projects/glow-mark/datasets/MEBeauty-database/original_images/female/caucasian/cold-1284029_1920.jpg,7.717003567181926,White,female,original,47.841617584228516,37.48178482055664,-0.14588936930172602
/home/tr3x/Projects/glow-mark/datasets/MEBeauty-database/original_images/male/caucasian/pexels-andrea-piacquadio-3831631.jpg,5.0,White,male,original,55.478641510009766,68.79834747314453,0.3543786875310977
/home/tr3x/Projects/glow-mark/datasets/MEBeauty-database/original_images/female/caucasian/ann-agterberg-WqATKbXqGZQ-unsplash.jpg,6.611111111111112,White,female,original,53.83145523071289,49.33422088623047,0.24647871403438776
/home/tr3x/Projects/glow-mark/datasets/MEBeauty-database/original_images/female/caucasian/sara-cervera-ZqU-9gWBfV8-unsplash.jpg,6.685185185185185,White,female,original,82.59114074707031,76.45259857177734,2.1304000069638738
/home/tr3x/Projects/glow-mark/datasets/MEBeauty-database/original_images/female/caucasian/analise-benevides-x-CinW2XVRw-unsplash.jpg,5.409391534391535,White,female,original,52.36455154418945,53.645599365234375,0.15038826519597914
/home/tr3x/Projects/glow-mark/datasets/MEBeauty-database/original_images/female/caucasian/pexels-miggy-rivera-3209390.jpg,7.111111111111112,White,female,original,55.60574722290039,57.628257751464844,0.3627048272182454
/home/tr3x/Projects/glow-mark/datasets/MEBeauty-database/original_images/female/caucasian/woman-3714620_1920.jpg,4.615912208504802,White,female,original,62.53166961669922,52.706871032714844,0.8163917308331553
/home/tr3x/Projects/glow-mark/datasets/MEBeauty-database/original_images/male/caucasian/male-4572748_1920.jpg,4.37185534591195,White,male,original,41.579097747802734,33.18080520629883,-0.556119671038701
/home/tr3x/Projects/glow-mark/datasets/MEBeauty-database/original_images/female/caucasian/d02.jpg,8.818181818181818,White,female,original,58.70808410644531,50.57261657714844,0.5659253565048615
/home/tr3x/Projects/glow-mark/datasets/MEBeauty-database/original_images/female/caucasian/pexels-skyler-ewing-4680778.jpg,7.555555555555555,White,female,original,43.627655029296875,45.99186325073242,-0.4219276375341093
/home/tr3x/Projects/glow-mark/datasets/MEBeauty-database/original_images/female/caucasian/valentin-lacoste-ggAPxrb4Deg-unsplash.jpg,7.2216066481994465,White,female,original,67.3336181640625,65.80207061767578,1.1309463914112132
/home/tr3x/Projects/glow-mark/datasets/MEBeauty-database/original_images/male/caucasian/vicky-hladynets-EruJpcY4i1w-unsplash.jpg,5.869001547987616,White,male,original,43.75726318359375,38.00518798828125,-0.41343757384831903
/home/tr3x/Projects/glow-mark/datasets/MEBeauty-database/original_images/male/caucasian/sharon-mccutcheon-W2hSpLh5caQ-unsplash.jpg,3.9207608695652176,White,male,original,59.379310607910156,58.78242874145508,0.6098944707626986
/home/tr3x/Projects/glow-mark/datasets/MEBeauty-database/original_images/female/caucasian/girl-13480.jpg,6.680697278911564,White,female,original,77.37789154052734,69.4573745727539,1.7889028379503937
/home/tr3x/Projects/glow-mark/datasets/MEBeauty-database/original_images/male/caucasian/pexels-sebastian-libuda-678785.jpg,8.375,White,male,original,57.2744140625,51.48939514160156,0.47201189833135176
/home/tr3x/Projects/glow-mark/datasets/MEBeauty-database/original_images/female/caucasian/portrait-3216220_1920.jpg,6.779336734693877,White,female,original,62.596534729003906,62.43210220336914,0.8206407608223588
/home/tr3x/Projects/glow-mark/datasets/MEBeauty-database/original_images/female/caucasian/megan-bagshaw-VqblHgABSVA-unsplash.jpg,3.94,White,female,original,37.33661651611328,38.449954986572266,-0.8340260731336627
/home/tr3x/Projects/glow-mark/datasets/MEBeauty-database/original_images/female/caucasian/woman-3136667_1920.jpg,8.123914037494284,White,female,original,38.92743682861328,38.33860397338867,-0.7298183877527179
/home/tr3x/Projects/glow-mark/datasets/MEBeauty-database/original_images/female/caucasian/bradley-dunn-Hy879rKHhbc-unsplash.jpg,6.288888888888889,White,female,original,46.14111328125,44.999576568603516,-0.2572819734829277
/home/tr3x/Projects/glow-mark/datasets/MEBeauty-database/original_images/male/caucasian/boy-3028416_1920.jpg,4.598755411255412,White,male,original,62.18000030517578,60.50062942504883,0.7933554113409953
/home/tr3x/Projects/glow-mark/datasets/MEBeauty-database/original_images/male/caucasian/fashion-2082066_1920.jpg,6.5595977521443345,White,male,original,61.75659942626953,55.66228485107422,0.765620270399942
/home/tr3x/Projects/glow-mark/datasets/MEBeauty-database/original_images/female/caucasian/alexandre-croussette-P9C8YtG4eYU-unsplash.jpg,6.296296296296297,White,female,original,55.253196716308594,46.42792510986328,0.33961078448875853
/home/tr3x/Projects/glow-mark/datasets/MEBeauty-database/original_images/male/caucasian/ali-morshedlou-WMD64tMfc4k-unsplash.jpg,7.178642056690838,White,male,original,41.33027267456055,38.59028625488281,-0.5724191140012841
/home/tr3x/Projects/glow-mark/datasets/MEBeauty-database/original_images/male/caucasian/dubai-1972702_1920.jpg,4.975579975579976,White,male,original,64.40353393554688,67.44164276123047,0.9390093806592057
/home/tr3x/Projects/glow-mark/datasets/MEBeauty-database/original_images/female/caucasian/pexels-aadil-2598024.jpg,5.888888888888888,White,female,original,62.940364837646484,64.35945892333984,0.8431635683980395
/home/tr3x/Projects/glow-mark/datasets/MEBeauty-database/original_images/female/caucasian/woman-1373041_1280.jpg,3.0082417582417587,White,female,original,40.03559875488281,22.740615844726562,-0.6572275436099498
/home/tr3x/Projects/glow-mark/datasets/MEBeauty-database/original_images/female/caucasian/laura-chouette-nkWnc-W_GP8-unsplash.jpg,7.3354591836734695,White,female,original,78.47542572021484,68.2590560913086,1.8607975048672196
/home/tr3x/Projects/glow-mark/datasets/MEBeauty-database/original_images/female/caucasian/girl-804059_1920.jpg,8.071895424836601,White,female,original,60.837772369384766,57.76721954345703,0.7054319259898331
/home/tr3x/Projects/glow-mark/datasets/MEBeauty-database/original_images/male/caucasian/man-3437398_1920.jpg,5.9292825968357885,White,male,original,65.34953308105469,50.90107727050781,1.000977649828965
/home/tr3x/Projects/glow-mark/datasets/MEBeauty-database/original_images/female/caucasian/todd-kent-k8NwmlJr508-unsplash.jpg,7.271304347826088,White,female,original,39.296470642089844,36.507728576660156,-0.705644595635831
/home/tr3x/Projects/glow-mark/datasets/MEBeauty-database/original_images/female/caucasian/ben-den-engelsen-AGTxr6b9xJU-unsplash.jpg,6.807017543859648,White,female,original,42.86566925048828,32.99180603027344,-0.4718419953524692
/home/tr3x/Projects/glow-mark/datasets/MEBeauty-database/original_images/male/caucasian/xenia-bogarova-yyrH1RR7iy4-unsplash.jpg,6.568998716302953,White,male,original,82.3968505859375,76.72549438476562,2.117672907727805
/home/tr3x/Projects/glow-mark/datasets/MEBeauty-database/original_images/female/caucasian/model-483918_1920.jpg,4.665024630541872,White,female,original,69.81282043457031,76.30006408691406,1.293348095846831
/home/tr3x/Projects/glow-mark/datasets/MEBeauty-database/original_images/female/caucasian/blonde-2885907_1920.jpg,7.207010582010582,White,female,original,85.00128173828125,79.18356323242188,2.2882778088515887
/home/tr3x/Projects/glow-mark/datasets/MEBeauty-database/original_images/male/caucasian/benjamin-klaver-9oZc8FXHVAQ-unsplash.jpg,6.722222222222222,White,male,original,42.270999908447266,42.25448226928711,-0.5107961847189088
/home/tr3x/Projects/glow-mark/datasets/MEBeauty-database/original_images/female/caucasian/edward-cisneros-_H6wpor9mjs-unsplash.jpg,5.584,White,female,original,60.197017669677734,43.13905715942383,0.6634588862764417
/home/tr3x/Projects/glow-mark/datasets/MEBeauty-database/original_images/female/caucasian/michele-seghieri-Y2SGPFU57Uc-unsplash.jpg,7.272727272727273,White,female,original,50.684288024902344,47.560298919677734,0.0403215462842855
/home/tr3x/Projects/glow-mark/datasets/MEBeauty-database/original_images/female/caucasian/thinking-1887363_1920.jpg,7.641025641025641,White,female,original,61.072654724121094,59.90620803833008,0.7208180424051015
/home/tr3x/Projects/glow-mark/datasets/MEBeauty-database/original_images/female/caucasian/girl-3956612_1920.jpg,6.883401920438957,White,female,original,43.32429885864258,43.10426712036133,-0.44179917433906263
/home/tr3x/Projects/glow-mark/datasets/MEBeauty-database/original_images/female/caucasian/ratiu-bia-7fzINre0NQE-unsplash.jpg,5.690476190476191,White,female,original,42.33819580078125,34.84666061401367,-0.506394475517555
/home/tr3x/Projects/glow-mark/datasets/MEBeauty-database/original_images/male/caucasian/nathan-dumlao-SJl7ZfClJEc-unsplash.jpg,4.29311724689876,White,male,original,49.2852897644043,33.03060531616211,-0.05132071490193475
/home/tr3x/Projects/glow-mark/datasets/MEBeauty-database/original_images/male/caucasian/tobi-oshinnaike-Z7MKNGFnbOw-unsplash.jpg,6.486111111111111,White,male,original,18.18486976623535,16.542373657226562,-2.0885732926561764
/home/tr3x/Projects/glow-mark/datasets/MEBeauty-database/original_images/female/caucasian/sirio-Ty4f_NOFO60-unsplash.jpg,7.768175582990398,White,female,original,53.088645935058594,50.081146240234375,0.19782052380928392
/home/tr3x/Projects/glow-mark/datasets/MEBeauty-database/original_images/female/caucasian/annika-palmari-H0-6Y5GmyMQ-unsplash.jpg,6.962962962962963,White,female,original,42.82080078125,41.26136779785156,-0.4747811326573981
/home/tr3x/Projects/glow-mark/datasets/MEBeauty-database/original_images/male/caucasian/conor-sexton-BBhY-e1XsT0-unsplash.jpg,6.594999999999999,White,male,original,32.655555725097656,28.491291046142578,-1.1406619051797366
/home/tr3x/Projects/glow-mark/datasets/MEBeauty-database/original_images/female/caucasian/coffee-4783442_1920.jpg,6.00132625994695,White,female,original,35.300567626953125,32.88510513305664,-0.967398736529186
/home/tr3x/Projects/glow-mark/datasets/MEBeauty-database/original_images/female/caucasian/granny-1280445_1920.jpg,2.9667063020214033,White,female,original,35.912872314453125,34.027164459228516,-0.9272893327637763
/home/tr3x/Projects/glow-mark/datasets/MEBeauty-database/original_images/male/caucasian/male-3673510_1920.jpg,6.971794871794871,White,male,original,32.83558654785156,33.17083740234375,-1.1288688728749572
/home/tr3x/Projects/glow-mark/datasets/MEBeauty-database/original_images/female/caucasian/juan-rojas-I3MF44-GrKs-unsplash.jpg,6.689153439153439,White,female,original,62.283775329589844,55.09709930419922,0.8001532596017745
/home/tr3x/Projects/glow-mark/datasets/MEBeauty-database/original_images/male/caucasian/thomas-verleene-zdaUF3dsfOU-unsplash.jpg,6.180614657210403,White,male,original,62.44285583496094,55.213802337646484,0.8105739281862113
/home/tr3x/Projects/glow-mark/datasets/MEBeauty-database/original_images/female/caucasian/anita-jankovic-_OMk87F-zvI-unsplash.jpg,6.793103448275862,White,female,original,59.46635055541992,53.84925079345703,0.615596077282556
/home/tr3x/Projects/glow-mark/datasets/MEBeauty-database/original_images/female/caucasian/white-cat-with-blonde-4655233_1920.jpg,7.693121693121693,White,female,original,73.23410034179688,73.2530746459961,1.5174611885518965
/home/tr3x/Projects/glow-mark/datasets/MEBeauty-database/original_images/male/caucasian/niklas-veenhuis-HqWKpGBPm8I-unsplash.jpg,6.0,White,male,original,53.385154724121094,39.26860809326172,0.21724351857526877
/home/tr3x/Projects/glow-mark/datasets/MEBeauty-database/original_images/female/caucasian/joanna-nix-walkup-xjBjRNn5TKg-unsplash.jpg,6.282852564102565,White,female,original,43.05223846435547,41.485023498535156,-0.45962066162440735
/home/tr3x/Projects/glow-mark/datasets/MEBeauty-database/original_images/female/caucasian/joseph-kellner-TFR1yggdvq8-unsplash.jpg,6.5,White,female,original,68.74029541015625,61.61092758178711,1.2230916693798535
/home/tr3x/Projects/glow-mark/datasets/MEBeauty-database/original_images/male/caucasian/nikolay-vybornov-lC6f79utuKM-unsplash.jpg,4.273202614379086,White,male,original,42.8740119934082,39.53104019165039,-0.471295498728946
/home/tr3x/Projects/glow-mark/datasets/MEBeauty-database/original_images/female/caucasian/black-dress-2985654_1920.jpg,5.529761904761905,White,female,original,48.91875457763672,44.433685302734375,-0.0753308329043233
/home/tr3x/Projects/glow-mark/datasets/MEBeauty-database/original_images/female/caucasian/brooke-cagle-BwhJOU0sgdY-unsplash.jpg,6.464285714285714,White,female,original,52.18092727661133,48.92506790161133,0.13835984202729543
/home/tr3x/Projects/glow-mark/datasets/MEBeauty-database/original_images/male/caucasian/142.jpg,4.824289405684755,White,male,original,52.30723571777344,39.32365417480469,0.14663375592829025
/home/tr3x/Projects/glow-mark/datasets/MEBeauty-database/original_images/female/caucasian/remy_loz-K3YvfgwLHBs-unsplash.jpg,6.860539551897578,White,female,original,63.28107452392578,47.505653381347656,0.8654819707437057
/home/tr3x/Projects/glow-mark/datasets/MEBeauty-database/original_images/female/caucasian/andrey-svistunov-IcSCXCRgATw-unsplash.jpg,7.497354497354498,White,female,original,48.7872314453125,46.2760009765625,-0.08394633843053813
/home/tr3x/Projects/glow-mark/datasets/MEBeauty-database/original_images/male/caucasian/joker-5485787_1920.jpg,3.875,White,male,original,87.71891021728516,85.62382507324219,2.466297772072504
/home/tr3x/Projects/glow-mark/datasets/MEBeauty-database/original_images/male/caucasian/roman-holoschchuk-O-98kcPe0P8-unsplash.jpg,6.0133053221288515,White,male,original,49.26466751098633,46.77006530761719,-0.05267158858586994
/home/tr3x/Projects/glow-mark/datasets/MEBeauty-database/original_images/female/caucasian/pexels-gabby-k-5303015.jpg,6.5,White,female,original,49.56904220581055,50.65251922607422,-0.032733332714395914
/home/tr3x/Projects/glow-mark/datasets/MEBeauty-database/original_images/female/caucasian/pexels-alina-schelkanova-4495746.jpg,9.125,White,female,original,82.85588836669922,64.83506774902344,2.147742466344649
/home/tr3x/Projects/glow-mark/datasets/MEBeauty-database/original_images/male/caucasian/portrait-3059314_1920.jpg,4.296486349848331,White,male,original,67.45010375976562,52.71087646484375,1.1385768536407075
/home/tr3x/Projects/glow-mark/datasets/MEBeauty-database/original_images/female/caucasian/aircraft-976685_1920.jpg,7.454861111111111,White,female,original,61.365108489990234,62.52652359008789,0.7399754103257251
/home/tr3x/Projects/glow-mark/datasets/MEBeauty-database/original_images/female/caucasian/woman-1000538_1920.jpg,6.166666666666667,White,female,original,49.72934341430664,44.87098693847656,-0.022232701203792057
/home/tr3x/Projects/glow-mark/datasets/MEBeauty-database/original_images/male/caucasian/jake-davies-nOxQW5SIx9c-unsplash.jpg,5.3912320483749046,White,male,original,38.357688903808594,35.30630874633789,-0.7671400840046276
/home/tr3x/Projects/glow-mark/datasets/MEBeauty-database/original_images/female/caucasian/alex-perez-42e14e_DSWE-unsplash.jpg,7.021241830065359,White,female,original,52.33256530761719,53.47167205810547,0.14829298664625726
/home/tr3x/Projects/glow-mark/datasets/MEBeauty-database/original_images/male/caucasian/ricky-higby-5jqNqM1Npsg-unsplash.jpg,5.396734693877551,White,male,original,55.191322326660156,45.55107116699219,0.3355576636686644
/home/tr3x/Projects/glow-mark/datasets/MEBeauty-database/original_images/male/caucasian/hean-prinsloo-OVfgeJIghbU-unsplash.jpg,6.8886168910648715,White,male,original,70.96205139160156,59.53142166137695,1.368629192686833
/home/tr3x/Projects/glow-mark/datasets/MEBeauty-database/original_images/male/caucasian/elvis-ray-tbSiO437eDY-unsplash.jpg,6.787840136054421,White,male,original,43.78214645385742,41.06396484375,-0.4118075795752319
/home/tr3x/Projects/glow-mark/datasets/MEBeauty-database/original_images/male/caucasian/rabbi-3485884_1920.jpg,4.431422351233672,White,male,original,34.96503829956055,29.56844139099121,-0.9893777962069306
/home/tr3x/Projects/glow-mark/datasets/MEBeauty-database/original_images/female/caucasian/andreea-pop-uR4cG4C2tsg-unsplash.jpg,6.282051282051282,White,female,original,36.80216979980469,27.231922149658203,-0.869035341514478
/home/tr3x/Projects/glow-mark/datasets/MEBeauty-database/original_images/male/caucasian/zheka-boychenko-vPkTWyTgk8E-unsplash.jpg,6.472297297297297,White,male,original,49.79756546020508,39.77434539794922,-0.017763773167629112
/home/tr3x/Projects/glow-mark/datasets/MEBeauty-database/original_images/female/caucasian/woman-1246224_1920.jpg,7.687100893997446,White,female,original,56.732177734375,52.96268844604492,0.4364923665279327
/home/tr3x/Projects/glow-mark/datasets/MEBeauty-database/original_images/male/caucasian/man-1161334_1920.jpg,3.8319791666666667,White,male,original,51.688541412353516,53.156856536865234,0.10610579622122474
/home/tr3x/Projects/glow-mark/datasets/MEBeauty-database/original_images/male/caucasian/damir-spanic-rHDK3UU7HUw-unsplash.jpg,5.48529411764706,White,male,original,74.78124237060547,63.37367630004883,1.6188077004809254
/home/tr3x/Projects/glow-mark/datasets/MEBeauty-database/original_images/male/caucasian/hamid-tajik-FjT7kFSFczs-unsplash(1).jpg,4.7274581803345574,White,male,original,60.19697952270508,55.596771240234375,0.663456387434999
/home/tr3x/Projects/glow-mark/datasets/MEBeauty-database/original_images/female/caucasian/daniel-corneschi-e4lszwLJ_As-unsplash.jpg,7.443213296398892,White,female,original,47.13536834716797,45.37135696411133,-0.1921526698881257
/home/tr3x/Projects/glow-mark/datasets/MEBeauty-database/original_images/male/caucasian/ludvig-wiese-d-MfHM-jHwc-unsplash.jpg,5.392069701280228,White,male,original,52.411460876464844,52.523319244384766,0.15346109051809365
/home/tr3x/Projects/glow-mark/datasets/MEBeauty-database/original_images/male/caucasian/zoran-borojevic-f5xiGmFwXIU-unsplash.jpg,5.459635416666666,White,male,original,40.22237014770508,49.08430480957031,-0.6449929660222417
/home/tr3x/Projects/glow-mark/datasets/MEBeauty-database/original_images/female/caucasian/david-todd-mccarty-EIeLcpn-9bM-unsplash.jpg,7.816608996539792,White,female,original,52.51264572143555,48.40609359741211,0.16008926744491217
/home/tr3x/Projects/glow-mark/datasets/MEBeauty-database/original_images/female/caucasian/pexels-skyler-ewing-4680663.jpg,6.148148148148148,White,female,original,78.91411590576172,68.57698822021484,1.8895341814585156
/home/tr3x/Projects/glow-mark/datasets/MEBeauty-database/original_images/male/caucasian/sinitta-leunen-KwHFS8vMHvA-unsplash.jpg,5.736111111111111,White,male,original,51.721981048583984,45.360286712646484,0.10829628062991431
/home/tr3x/Projects/glow-mark/datasets/MEBeauty-database/original_images/male/caucasian/luca-pellegrini-pRopJ47ilxg-unsplash.jpg,5.104001976284585,White,male,original,51.11440658569336,49.39836883544922,0.06849673320340206
/home/tr3x/Projects/glow-mark/datasets/MEBeauty-database/original_images/male/caucasian/christopher-campbell-hWMEo_qqz5M-unsplash.jpg,6.662768031189084,White,male,original,53.23381423950195,54.10588073730469,0.20732986491956018
/home/tr3x/Projects/glow-mark/datasets/MEBeauty-database/original_images/female/caucasian/portrait-597173_1920.jpg,8.074074074074074,White,female,original,43.24374008178711,38.111968994140625,-0.4470762276978017
/home/tr3x/Projects/glow-mark/datasets/MEBeauty-database/original_images/female/caucasian/jen-theodore-i6iVOXfZM0s-unsplash.jpg,4.881656804733728,White,female,original,54.933990478515625,48.104515075683594,0.3187009790643544
/home/tr3x/Projects/glow-mark/datasets/MEBeauty-database/original_images/female/caucasian/people-4919068_1920.jpg,5.072532699167658,White,female,original,38.14832305908203,33.88818359375,-0.7808547253788597
/home/tr3x/Projects/glow-mark/datasets/MEBeauty-database/original_images/female/caucasian/business-woman-2756210_1920.jpg,6.892984542211653,White,female,original,57.17271423339844,50.222869873046875,0.46534998704505653
/home/tr3x/Projects/glow-mark/datasets/MEBeauty-database/original_images/female/caucasian/woman-3096734_1920.jpg,7.7437641723356005,White,female,original,41.65758514404297,41.21912384033203,-0.5509783047703016
/home/tr3x/Projects/glow-mark/datasets/MEBeauty-database/original_images/male/caucasian/brittany-bendabout-dxSOJGYFJ6Y-unsplash.jpg,4.920138888888889,White,male,original,61.45808410644531,49.300018310546875,0.7460658365740699
/home/tr3x/Projects/glow-mark/datasets/MEBeauty-database/original_images/male/caucasian/austin-wade-X6Uj51n5CE8-unsplash.jpg,6.175438596491228,White,male,original,61.6587028503418,55.44668960571289,0.759207493605486
/home/tr3x/Projects/glow-mark/datasets/MEBeauty-database/original_images/female/caucasian/rad-pozniakov-J-fH2bKQQIA-unsplash.jpg,3.485576923076923,White,female,original,38.72780227661133,33.16438674926758,-0.7428955746749117
/home/tr3x/Projects/glow-mark/datasets/MEBeauty-database/original_images/female/caucasian/manny-moreno-Ri_Al1VqjsU-unsplash.jpg,7.847953216374269,White,female,original,70.78787231445312,68.64769744873047,1.357219482659367
/home/tr3x/Projects/glow-mark/datasets/MEBeauty-database/original_images/male/caucasian/brazil-1368806_1920.jpg,6.4599886950904395,White,male,original,43.73906326293945,45.14971923828125,-0.4146297711006414
/home/tr3x/Projects/glow-mark/datasets/MEBeauty-database/original_images/female/caucasian/people-3004190_1920.jpg,6.308888888888888,White,female,original,54.88563537597656,44.822357177734375,0.31553344765156077
/home/tr3x/Projects/glow-mark/datasets/MEBeauty-database/original_images/female/caucasian/jeffery-erhunse-wSOzt6GMBac-unsplash.jpg,7.11522633744856,White,female,original,37.219017028808594,32.26515579223633,-0.8417295015332842
/home/tr3x/Projects/glow-mark/datasets/MEBeauty-database/original_images/male/caucasian/angelo-abear-l1AXPSU_W9M-unsplash.jpg,3.304920304920305,White,male,original,43.334712982177734,34.68800354003906,-0.4411169906251997
/home/tr3x/Projects/glow-mark/datasets/MEBeauty-database/original_images/female/caucasian/woman-885845_1920.jpg,5.5561224489795915,White,female,original,83.11246490478516,85.43792724609375,2.164549673888393
/home/tr3x/Projects/glow-mark/datasets/MEBeauty-database/original_images/female/caucasian/lovely-3338911_1920.jpg,5.809230769230769,White,female,original,68.06967163085938,58.34575653076172,1.1791620368168112
/home/tr3x/Projects/glow-mark/datasets/MEBeauty-database/original_images/male/caucasian/jarred-ray-Nskqh3dRzSQ-unsplash.jpg,6.545454545454546,White,male,original,47.34072494506836,47.03176498413086,-0.17870065674952362
/home/tr3x/Projects/glow-mark/datasets/MEBeauty-database/original_images/female/caucasian/nathan-van-de-graaf-yomqHFm15N8-unsplash.jpg,6.4176,White,female,original,66.68580627441406,55.46526336669922,1.0885110660309185
/home/tr3x/Projects/glow-mark/datasets/MEBeauty-database/original_images/male/caucasian/big-dodzy-MxXdQOvU6ic-unsplash.jpg,5.656837606837607,White,male,original,39.126556396484375,38.58198165893555,-0.7167749351900007
/home/tr3x/Projects/glow-mark/datasets/MEBeauty-database/original_images/female/caucasian/teacher-1280966_1920.jpg,5.001231527093596,White,female,original,60.02130126953125,48.86821365356445,0.6519484729388342
/home/tr3x/Projects/glow-mark/datasets/MEBeauty-database/original_images/male/caucasian/foto-sushi-6anudmpILw4-unsplash.jpg,4.830917874396135,White,male,original,52.98500442504883,57.23371124267578,0.19103142149355415
/home/tr3x/Projects/glow-mark/datasets/MEBeauty-database/original_images/female/caucasian/girl-499408_1920.jpg,7.768421052631578,White,female,original,60.52619934082031,51.55266571044922,0.6850221387381175
/home/tr3x/Projects/glow-mark/datasets/MEBeauty-database/original_images/female/caucasian/jassir-jonis-1weJoLwqGlI-unsplash.jpg,6.533444816053512,White,female,original,71.97518157958984,50.83005905151367,1.4349949230274934
/home/tr3x/Projects/glow-mark/datasets/MEBeauty-database/original_images/female/caucasian/lacie-slezak-Wn3oVkIn1HU-unsplash.jpg,7.2125,White,female,original,76.56620788574219,76.20925903320312,1.7357329895004565
/home/tr3x/Projects/glow-mark/datasets/MEBeauty-database/original_images/female/caucasian/woman-751236_1920.jpg,8.25925925925926,White,female,original,42.671199798583984,37.5240592956543,-0.4845808391433186
/home/tr3x/Projects/glow-mark/datasets/MEBeauty-database/original_images/female/caucasian/redhead-1903320_1920.jpg,6.535121328224776,White,female,original,55.19955062866211,54.21651077270508,0.3360966637678594
/home/tr3x/Projects/glow-mark/datasets/MEBeauty-database/original_images/male/caucasian/140.jpg,4.954374057315234,White,male,original,56.15175247192383,54.08761215209961,0.3984712445562053
/home/tr3x/Projects/glow-mark/datasets/MEBeauty-database/original_images/male/caucasian/talen-de-st-croix-XzRhdAoNMa8-unsplash.jpg,6.0227272727272725,White,male,original,38.089256286621094,31.93635368347168,-0.7847239314687695
/home/tr3x/Projects/glow-mark/datasets/MEBeauty-database/original_images/male/caucasian/yan-berthemy-0r5t7wKzem4-unsplash.jpg,5.541666666666667,White,male,original,62.61069869995117,52.18867492675781,0.8215685806500412
/home/tr3x/Projects/glow-mark/datasets/MEBeauty-database/original_images/male/caucasian/application-1934972_1920.jpg,6.493350493350493,White,male,original,40.85517883300781,38.321998596191406,-0.6035404349813691
/home/tr3x/Projects/glow-mark/datasets/MEBeauty-database/original_images/male/caucasian/fabio-scaletta-yhKc2M6Z500-unsplash.jpg,6.530149051490515,White,male,original,70.41521453857422,57.027164459228516,1.3328083006054219
/home/tr3x/Projects/glow-mark/datasets/MEBeauty-database/original_images/female/caucasian/girl-919048_1920.jpg,7.125,White,female,original,45.02360534667969,43.76789093017578,-0.33048503377916244
/home/tr3x/Projects/glow-mark/datasets/MEBeauty-database/original_images/female/caucasian/toa-heftiba-U7NLqKoMmiQ-unsplash.jpg,4.888888888888888,White,female,original,48.381797790527344,47.75148391723633,-0.11050452505206969
/home/tr3x/Projects/glow-mark/datasets/MEBeauty-database/original_images/female/caucasian/business-3560916_1920.jpg,7.466111771700357,White,female,original,49.062862396240234,42.83740234375,-0.06589095958615468
/home/tr3x/Projects/glow-mark/datasets/MEBeauty-database/original_images/female/caucasian/red-dress-5071171_1920.jpg,5.923371647509578,White,female,original,67.83810424804688,64.0210189819336,1.1639930697229153
/home/tr3x/Projects/glow-mark/datasets/MEBeauty-database/original_images/female/caucasian/quinten-de-graaf-5G3bb016MnU-unsplash.jpg,6.915680473372782,White,female,original,57.30515670776367,55.36405563354492,0.47402571465004095
/home/tr3x/Projects/glow-mark/datasets/MEBeauty-database/original_images/male/caucasian/oleg-ivanov--9ctS97imKs-unsplash.jpg,4.75,White,male,original,68.29472351074219,56.78077697753906,1.1939042017922903
/home/tr3x/Projects/glow-mark/datasets/MEBeauty-database/original_images/male/caucasian/120.jpg,5.858506944444445,White,male,original,67.11314392089844,61.914878845214844,1.1165040874088608
/home/tr3x/Projects/glow-mark/datasets/MEBeauty-database/original_images/female/caucasian/jen-theodore-o-9p4xo432I-unsplash.jpg,5.91820987654321,White,female,original,55.83884048461914,55.631587982177734,0.3779737479698502
/home/tr3x/Projects/glow-mark/datasets/MEBeauty-database/original_images/female/caucasian/shayan-rti-TGjXfMuC7DI-unsplash.jpg,6.151515151515151,White,female,original,44.621604919433594,43.765167236328125,-0.35681832467084906
/home/tr3x/Projects/glow-mark/datasets/MEBeauty-database/original_images/female/caucasian/new-years-eve-4597232_1920.jpg,6.551724137931035,White,female,original,73.22943878173828,70.54350280761719,1.517155830127596
/home/tr3x/Projects/glow-mark/datasets/MEBeauty-database/original_images/female/caucasian/sincerely-media-_IdTrwVwdWI-unsplash.jpg,5.089285714285714,White,female,original,24.70337677001953,24.12993621826172,-1.6615743904757474
/home/tr3x/Projects/glow-mark/datasets/MEBeauty-database/original_images/male/caucasian/artemy-pyankov-rshCkwcpZXw-unsplash.jpg,3.9605820105820104,White,male,original,45.79925537109375,42.023807525634766,-0.27967559095601974
/home/tr3x/Projects/glow-mark/datasets/MEBeauty-database/original_images/male/caucasian/portrait-2501866_1920.jpg,3.7519063180827885,White,male,original,33.52709197998047,30.779449462890625,-1.0835713745061695
/home/tr3x/Projects/glow-mark/datasets/MEBeauty-database/original_images/male/caucasian/tim-tebow-foundation-Xo2OuzT5WtQ-unsplash.jpg,6.712820512820513,White,male,original,53.21312713623047,47.972450256347656,0.20597474320517237
/home/tr3x/Projects/glow-mark/datasets/MEBeauty-database/original_images/female/caucasian/mohammed-hassan-YyvV9rF39lk-unsplash.jpg,6.478632478632479,White,female,original,69.9701919555664,71.53750610351562,1.303656816334634
/home/tr3x/Projects/glow-mark/datasets/MEBeauty-database/original_images/male/caucasian/ronan-kruithof-SMrz4oEO95I-unsplash.jpg,6.184123847167325,White,male,original,33.11516189575195,27.231538772583008,-1.1105551138253964
/home/tr3x/Projects/glow-mark/datasets/MEBeauty-database/original_images/male/caucasian/toa-heftiba-nvEC7ALWiPg-unsplash.jpg,6.466230936819173,White,male,original,46.43183898925781,48.30457305908203,-0.23823780307965936
/home/tr3x/Projects/glow-mark/datasets/MEBeauty-database/original_images/male/caucasian/man-1209494_1920.jpg,4.796371882086168,White,male,original,65.67642211914062,65.84814453125,1.0223907219199333
/home/tr3x/Projects/glow-mark/datasets/MEBeauty-database/original_images/male/caucasian/jairph-qygkHfHMaBI-unsplash.jpg,6.046623093681918,White,male,original,49.00849914550781,42.266536712646484,-0.06945205852617695
/home/tr3x/Projects/glow-mark/datasets/MEBeauty-database/original_images/male/caucasian/man-67467_1920.jpg,8.130133597229095,White,male,original,57.625160217285156,54.62764358520508,0.4949877458605979
/home/tr3x/Projects/glow-mark/datasets/MEBeauty-database/original_images/female/caucasian/karsten-winegeart-7dmtZSxMDi0-unsplash.jpg,6.681114551083591,White,female,original,58.62117004394531,37.92921447753906,0.560231996161765
/home/tr3x/Projects/glow-mark/datasets/MEBeauty-database/original_images/female/caucasian/rene-porter-_PzZxrEswRY-unsplash.jpg,6.344307270233196,White,female,original,82.04075622558594,68.62920379638672,2.0943467226282895
/home/tr3x/Projects/glow-mark/datasets/MEBeauty-database/original_images/male/caucasian/matheus-farias-fa314kBSJxo-unsplash.jpg,4.445155038759689,White,male,original,83.13719177246094,70.43577575683594,2.166169422911565
/home/tr3x/Projects/glow-mark/datasets/MEBeauty-database/original_images/female/caucasian/hairdresser-4564268_1920.jpg,4.665816326530612,White,female,original,58.62995529174805,55.173583984375,0.5608074793460238
/home/tr3x/Projects/glow-mark/datasets/MEBeauty-database/original_images/female/caucasian/riccardo-fissore-UxY52P2KaN8-unsplash.jpg,6.680272108843537,White,female,original,80.4903793334961,77.559814453125,1.992788308944918
/home/tr3x/Projects/glow-mark/datasets/MEBeauty-database/original_images/female/caucasian/young-woman-3477557_1920.jpg,6.75,White,female,original,49.15312957763672,52.35747528076172,-0.059977951080243036
/home/tr3x/Projects/glow-mark/datasets/MEBeauty-database/original_images/male/caucasian/steven-erixon-C1nxojDnNPo-unsplash.jpg,6.10723404255319,White,male,original,38.98138427734375,34.380516052246094,-0.7262845261844213
/home/tr3x/Projects/glow-mark/datasets/MEBeauty-database/original_images/male/caucasian/carlos-macias-UWRTZRwPLyg-unsplash.jpg,3.566996536368134,White,male,original,35.03175735473633,35.6620979309082,-0.9850073225236109
/home/tr3x/Projects/glow-mark/datasets/MEBeauty-database/original_images/female/caucasian/girl-1763686_1920.jpg,3.0,White,female,original,58.46000289916992,50.522430419921875,0.5496746409504114
/home/tr3x/Projects/glow-mark/datasets/MEBeauty-database/original_images/female/caucasian/mark-decile-UxJh17PRILY-unsplash.jpg,7.430555555555555,White,female,original,59.01976013183594,52.70911407470703,0.5863418906284724
/home/tr3x/Projects/glow-mark/datasets/MEBeauty-database/original_images/female/caucasian/portrait-1092787_1920.jpg,5.178571428571429,White,female,original,39.746063232421875,32.53883361816406,-0.6761937501602052
/home/tr3x/Projects/glow-mark/datasets/MEBeauty-database/original_images/male/caucasian/harry-cunningham-EPi3TRQc5Z0-unsplash.jpg,7.0325662179765525,White,male,original,61.02818298339844,55.187042236328125,0.7179048930511769
/home/tr3x/Projects/glow-mark/datasets/MEBeauty-database/original_images/male/caucasian/vinicius-amnx-amano-XKoTZ1EUOJA-unsplash.jpg,4.835925925925926,White,male,original,45.467002868652344,81.62090301513672,-0.30144000015383454
/home/tr3x/Projects/glow-mark/datasets/MEBeauty-database/original_images/female/caucasian/sheri-hooley-YkJFWW4TMhk-unsplash.jpg,5.127407407407407,White,female,original,79.69344329833984,82.11753845214844,1.9405845125967367
/home/tr3x/Projects/glow-mark/datasets/MEBeauty-database/original_images/male/caucasian/133.jpg,6.433933933933933,White,male,original,37.970829010009766,39.262664794921875,-0.7924815847276981
/home/tr3x/Projects/glow-mark/datasets/MEBeauty-database/original_images/female/caucasian/girl-5365495_1920.jpg,8.582894736842105,White,female,original,47.3026123046875,37.737754821777344,-0.18119724923494657
/home/tr3x/Projects/glow-mark/datasets/MEBeauty-database/original_images/male/caucasian/man-61004_1920.jpg,3.5831790123456795,White,male,original,31.846416473388672,25.826595306396484,-1.1936650809054445
/home/tr3x/Projects/glow-mark/datasets/MEBeauty-database/original_images/female/caucasian/woman-3123557_1920.jpg,4.160523186682521,White,female,original,61.11977005004883,49.24318313598633,0.7239043614710067
/home/tr3x/Projects/glow-mark/datasets/MEBeauty-database/original_images/female/caucasian/carlos-lindner-8X6_ppAuhnI-unsplash.jpg,6.520710059171598,White,female,original,74.72374725341797,70.66879272460938,1.6150414466584557
/home/tr3x/Projects/glow-mark/datasets/MEBeauty-database/original_images/female/caucasian/pexels-nycolle-suabya-4759196.jpg,4.5,White,female,original,72.37747192382812,72.43887329101562,1.4613472051141447
/home/tr3x/Projects/glow-mark/datasets/MEBeauty-database/original_images/male/caucasian/daniil-onischenko-_J2fMaieLSM-unsplash.jpg,5.45124716553288,White,male,original,20.495847702026367,22.139739990234375,-1.9371912290988158
/home/tr3x/Projects/glow-mark/datasets/MEBeauty-database/original_images/female/caucasian/woman-2127806_1920.jpg,5.825555555555555,White,female,original,71.29386138916016,69.75174713134766,1.3903646153239122
/home/tr3x/Projects/glow-mark/datasets/MEBeauty-database/original_images/male/caucasian/andriyko-podilnyk-S8ufy2IyFnM-unsplash.jpg,7.050387596899225,White,male,original,68.75618743896484,61.916603088378906,1.2241326867248912
/home/tr3x/Projects/glow-mark/datasets/MEBeauty-database/original_images/male/caucasian/joel-barwick-r0l0Es5fbbs-unsplash.jpg,7.492183359830418,White,male,original,82.61824798583984,75.6114501953125,2.1321756836930716
/home/tr3x/Projects/glow-mark/datasets/MEBeauty-database/original_images/male/caucasian/117.jpg,5.9714285714285715,White,male,original,43.47576141357422,37.3047981262207,-0.43187752439073734
/home/tr3x/Projects/glow-mark/datasets/MEBeauty-database/original_images/female/caucasian/girl-4212523_1920.jpg,5.777014652014652,White,female,original,50.642086029052734,55.37846374511719,0.037557077996202816
/home/tr3x/Projects/glow-mark/datasets/MEBeauty-database/original_images/male/caucasian/creating-a-brand-qF-W8_oNHzE-unsplash.jpg,6.340831918505942,White,male,original,64.3127212524414,50.621639251708984,0.9330606387206631
/home/tr3x/Projects/glow-mark/datasets/MEBeauty-database/original_images/male/caucasian/chalo-garcia-2mWKL_I70qk-unsplash.jpg,6.38233355306526,White,male,original,60.78004837036133,43.10066604614258,0.701650679118707
/home/tr3x/Projects/glow-mark/datasets/MEBeauty-database/original_images/female/caucasian/girl-4448689_1920.jpg,8.783950617283951,White,female,original,54.68629455566406,52.264060974121094,0.3024755018084758
/home/tr3x/Projects/glow-mark/datasets/MEBeauty-database/original_images/male/caucasian/pexels-cottonbro-4100430.jpg,4.530864197530864,White,male,original,64.3713150024414,56.09841537475586,0.9368988591766833
/home/tr3x/Projects/glow-mark/datasets/MEBeauty-database/original_images/male/caucasian/noble-mitchell-qZr1NKjcD0E-unsplash.jpg,5.579111944965604,White,male,original,60.030487060546875,53.24510192871094,0.6525501939582414
/home/tr3x/Projects/glow-mark/datasets/MEBeauty-database/original_images/male/caucasian/gabe-pierce-cZ_RjozBNPM-unsplash.jpg,2.0,White,male,original,54.706687927246094,50.813533782958984,0.3038113824437547
/home/tr3x/Projects/glow-mark/datasets/MEBeauty-database/original_images/male/caucasian/man-2804281_1920.jpg,5.510980479148181,White,male,original,51.70700454711914,40.21941375732422,0.10731523547950189
/home/tr3x/Projects/glow-mark/datasets/MEBeauty-database/original_images/male/caucasian/man-3373869_1920.jpg,7.731418918918919,White,male,original,67.6484375,59.77019500732422,1.1515688300697045
/home/tr3x/Projects/glow-mark/datasets/MEBeauty-database/original_images/male/caucasian/emrecan-arik-apJKb2Js_Vg-unsplash.jpg,6.880847953216374,White,male,original,40.8184928894043,35.006099700927734,-0.6059435707968344
/home/tr3x/Projects/glow-mark/datasets/MEBeauty-database/original_images/male/caucasian/alfred-kenneally-JwzpdmSYIDc-unsplash.jpg,5.762127659574468,White,male,original,45.0856819152832,38.87566375732422,-0.3264186690994219
/home/tr3x/Projects/glow-mark/datasets/MEBeauty-database/original_images/female/caucasian/beautiful-1844724_1920.jpg,6.458461538461538,White,female,original,46.81098556518555,41.624473571777344,-0.21340156809630711
/home/tr3x/Projects/glow-mark/datasets/MEBeauty-database/original_images/female/caucasian/fran-hogan-0vyvnOH-LVQ-unsplash.jpg,3.19,White,female,original,34.20640563964844,30.097597122192383,-1.0390725058624752
/home/tr3x/Projects/glow-mark/datasets/MEBeauty-database/original_images/female/caucasian/girl-3277529_1920.jpg,6.344827586206896,White,female,original,62.33438491821289,56.77064895629883,0.803468472543833
/home/tr3x/Projects/glow-mark/datasets/MEBeauty-database/original_images/male/caucasian/man-919045_1920.jpg,5.638502454991817,White,male,original,79.31948852539062,65.06163024902344,1.916088369933739
/home/tr3x/Projects/glow-mark/datasets/MEBeauty-database/original_images/female/caucasian/fashion-3059143_1920.jpg,7.238165680473372,White,female,original,54.891326904296875,42.737709045410156,0.3159062747948148
/home/tr3x/Projects/glow-mark/datasets/MEBeauty-database/original_images/male/caucasian/pexels-alex-green-6625960.jpg,5.0,White,male,original,54.445613861083984,33.363983154296875,0.28670956149391374
/home/tr3x/Projects/glow-mark/datasets/MEBeauty-database/original_images/male/caucasian/teen-722650_1920.jpg,5.937159821870361,White,male,original,65.46761322021484,46.05265426635742,1.008712563630765
/home/tr3x/Projects/glow-mark/datasets/MEBeauty-database/original_images/male/caucasian/smitty-kVB7kYjBPJI-unsplash.jpg,7.242543859649124,White,male,original,67.3941650390625,58.339534759521484,1.1349125525491008
/home/tr3x/Projects/glow-mark/datasets/MEBeauty-database/original_images/male/caucasian/mysterious-4289694_1920.jpg,6.4174342105263165,White,male,original,42.72976303100586,42.139129638671875,-0.4807446177604527
/home/tr3x/Projects/glow-mark/datasets/MEBeauty-database/original_images/female/caucasian/girl-2961959_1920.jpg,7.638176638176639,White,female,original,52.472957611083984,50.25484085083008,0.15748947280790482
/home/tr3x/Projects/glow-mark/datasets/MEBeauty-database/original_images/female/caucasian/people-5060268_1920.jpg,6.840236686390532,White,female,original,64.4589614868164,64.87956237792969,0.9426401972754799
/home/tr3x/Projects/glow-mark/datasets/MEBeauty-database/original_images/male/caucasian/joanna-nix-walkup-LalqRz_8QRE-unsplash.jpg,5.703414699213019,White,male,original,45.98222351074219,44.13042449951172,-0.26769014786015083
/home/tr3x/Projects/glow-mark/datasets/MEBeauty-database/original_images/female/caucasian/theo-rql-a4pyoiTdSqI-unsplash(2).jpg,8.244897959183673,White,female,original,54.426483154296875,54.19523239135742,0.28545639251038896
/home/tr3x/Projects/glow-mark/datasets/MEBeauty-database/original_images/female/caucasian/anastasia-vityukova-Cq6TBhIV0fw-unsplash.jpg,6.334166666666666,White,female,original,57.63075637817383,53.3421630859375,0.49535432590024514
/home/tr3x/Projects/glow-mark/datasets/MEBeauty-database/original_images/male/caucasian/dima-dallacqua-NzBr-Vy_e8M-unsplash.jpg,7.386555555555556,White,male,original,55.57744216918945,37.682621002197266,0.36085068686774613
/home/tr3x/Projects/glow-mark/datasets/MEBeauty-database/original_images/female/caucasian/portrait-3289372_1920.jpg,6.261593341260404,White,female,original,55.621795654296875,49.86362075805664,0.3637560898131983
/home/tr3x/Projects/glow-mark/datasets/MEBeauty-database/original_images/female/caucasian/portrait-1833929_1920.jpg,8.777777777777777,White,female,original,44.801937103271484,36.49617385864258,-0.34500555151867224
/home/tr3x/Projects/glow-mark/datasets/MEBeauty-database/original_images/male/caucasian/toa-heftiba-ukvkvS2Wdlw-unsplash.jpg,5.507765957446809,White,male,original,22.764575958251953,21.02651023864746,-1.7885767573813411
/home/tr3x/Projects/glow-mark/datasets/MEBeauty-database/original_images/male/caucasian/teenager-398355_1920.jpg,4.784888888888888,White,male,original,60.6754150390625,42.328468322753906,0.6947966069254665
/home/tr3x/Projects/glow-mark/datasets/MEBeauty-database/original_images/female/caucasian/mari-lezhava-Xm9-vA_bhm0-unsplash.jpg,7.207999999999999,White,female,original,60.65258026123047,51.01515579223633,0.6933008004378535
/home/tr3x/Projects/glow-mark/datasets/MEBeauty-database/original_images/male/caucasian/noah-blaine-clark-d8OX1jeN5Ac-unsplash.jpg,3.75,White,male,original,46.462890625,40.7886962890625,-0.23620374614528414
/home/tr3x/Projects/glow-mark/datasets/MEBeauty-database/original_images/female/caucasian/girl-2120196_1920.jpg,8.178571428571429,White,female,original,44.974937438964844,47.697540283203125,-0.3336730556917864
/home/tr3x/Projects/glow-mark/datasets/MEBeauty-database/original_images/female/caucasian/steady-hand-co-sdSnS1WF7C8-unsplash.jpg,5.922962962962963,White,female,original,62.00740432739258,53.16963195800781,0.7820494032334023
/home/tr3x/Projects/glow-mark/datasets/MEBeauty-database/original_images/male/caucasian/logan-weaver-s_mI8h4_5JY-unsplash.jpg,6.118958333333334,White,male,original,59.778690338134766,64.52369689941406,0.6360560912472704
/home/tr3x/Projects/glow-mark/datasets/MEBeauty-database/original_images/female/caucasian/55.jpg,7.74047619047619,White,female,original,44.099178314208984,40.48802947998047,-0.3910402081130629
/home/tr3x/Projects/glow-mark/datasets/MEBeauty-database/original_images/male/caucasian/man-1868320_1920.jpg,7.354511278195488,White,male,original,54.13916015625,59.584495544433594,0.26663511876381135
/home/tr3x/Projects/glow-mark/datasets/MEBeauty-database/original_images/female/caucasian/freestocks-9UVmlIb0wJU-unsplash.jpg,7.89179548156956,White,female,original,57.4124755859375,45.03899002075195,0.481055705280849
/home/tr3x/Projects/glow-mark/datasets/MEBeauty-database/original_images/female/caucasian/freckles-2411973_1920.jpg,4.1020408163265305,White,female,original,42.96045684814453,55.094112396240234,-0.46563287413559507
/home/tr3x/Projects/glow-mark/datasets/MEBeauty-database/original_images/male/caucasian/young-man-1990618_1920.jpg,4.889150943396226,White,male,original,51.792964935302734,45.126487731933594,0.11294612478653028
/home/tr3x/Projects/glow-mark/datasets/MEBeauty-database/original_images/male/caucasian/g_11.jpg,5.478571428571429,White,male,original,51.054935455322266,49.51897048950195,0.06460103939419941
/home/tr3x/Projects/glow-mark/datasets/MEBeauty-database/original_images/female/caucasian/dominic-blignaut-Wwir9Xis204-unsplash.jpg,5.585,White,female,original,46.411529541015625,41.24497604370117,-0.23956818626376422
/home/tr3x/Projects/glow-mark/datasets/MEBeauty-database/original_images/female/caucasian/sinitta-leunen-b4GXxJEn1Hc-unsplash.jpg,7.875,White,female,original,27.017932891845703,26.948041915893555,-1.5099579355910595
/home/tr3x/Projects/glow-mark/datasets/MEBeauty-database/original_images/female/caucasian/naeim-jafari-mW3145wbwlw-unsplash.jpg,8.977272727272727,White,female,original,54.732608795166016,51.13681411743164,0.3055093452040839
/home/tr3x/Projects/glow-mark/datasets/MEBeauty-database/original_images/female/caucasian/girl-2772177_1920.jpg,6.291050295857987,White,female,original,55.28865051269531,48.42007827758789,0.3419332077256238
/home/tr3x/Projects/glow-mark/datasets/MEBeauty-database/original_images/male/caucasian/alex-brisbey-1tVmD_KJZxo-unsplash.jpg,4.965909090909091,White,male,original,60.061668395996094,41.40019226074219,0.6545927469535219
/home/tr3x/Projects/glow-mark/datasets/MEBeauty-database/original_images/male/caucasian/business-1323472_1920.jpg,4.975290697674419,White,male,original,52.82109832763672,39.031036376953125,0.1802946494666131
/home/tr3x/Projects/glow-mark/datasets/MEBeauty-database/original_images/female/caucasian/helena-lopes-LSdo2qHFI8k-unsplash.jpg,5.037511870845204,White,female,original,47.5899772644043,44.7225341796875,-0.162373226762782
/home/tr3x/Projects/glow-mark/datasets/MEBeauty-database/original_images/female/caucasian/ahmadreza-najafi-VjxPbl_ErF8-unsplash.jpg,6.199999999999999,White,female,original,50.68291473388672,34.09722900390625,0.04023158799234753
/home/tr3x/Projects/glow-mark/datasets/MEBeauty-database/original_images/female/caucasian/girl-1234487_1920.jpg,8.197916666666668,White,female,original,40.81563186645508,39.02334213256836,-0.6061309839050384
/home/tr3x/Projects/glow-mark/datasets/MEBeauty-database/original_images/female/caucasian/fezbot2000-nahUo1GhcrA-unsplash.jpg,8.287692307692307,White,female,original,57.85297775268555,52.85889434814453,0.5099110768406744
/home/tr3x/Projects/glow-mark/datasets/MEBeauty-database/original_images/female/caucasian/women-4851678_1920.jpg,5.768518518518518,White,female,original,73.66693878173828,70.0281753540039,1.5458145428658792
/home/tr3x/Projects/glow-mark/datasets/MEBeauty-database/original_images/male/caucasian/man-3967820_1920.jpg,7.300904977375565,White,male,original,44.57720947265625,38.46860885620117,-0.35972647634188826
/home/tr3x/Projects/glow-mark/datasets/MEBeauty-database/original_images/female/caucasian/girl-2406963_1920.jpg,7.559523809523809,White,female,original,54.2935791015625,44.40550994873047,0.2767504289239476
/home/tr3x/Projects/glow-mark/datasets/MEBeauty-database/original_images/female/caucasian/girl-868785_1920.jpg,6.215277777777779,White,female,original,71.4944839477539,62.317142486572266,1.4035065222394727
/home/tr3x/Projects/glow-mark/datasets/MEBeauty-database/original_images/male/caucasian/man-3439283_1920.jpg,6.656431334622824,White,male,original,46.932701110839844,39.421573638916016,-0.20542851470501594
/home/tr3x/Projects/glow-mark/datasets/MEBeauty-database/original_images/female/caucasian/girl-669823_1920.jpg,7.147392290249433,White,female,original,54.02264404296875,37.06938552856445,0.25900265746116313
/home/tr3x/Projects/glow-mark/datasets/MEBeauty-database/original_images/male/caucasian/portrait-3338642_1920.jpg,5.796064400715563,White,male,original,50.78534698486328,49.52793502807617,0.046941477034343024
/home/tr3x/Projects/glow-mark/datasets/MEBeauty-database/original_images/male/caucasian/sincerely-media-_iIB6g19mq4-unsplash.jpg,5.771241830065359,White,male,original,52.99208068847656,43.43087387084961,0.19149495658117896
/home/tr3x/Projects/glow-mark/datasets/MEBeauty-database/original_images/female/caucasian/woman-1140032_1920.jpg,4.481527093596059,White,female,original,49.55622482299805,43.05313491821289,-0.0335729434391503
/home/tr3x/Projects/glow-mark/datasets/MEBeauty-database/original_images/male/caucasian/cleyton-ewerton-U_z1WoDoISA-unsplash.jpg,7.116550925925925,White,male,original,53.63875961303711,48.056396484375,0.2338560663706249
/home/tr3x/Projects/glow-mark/datasets/MEBeauty-database/original_images/male/caucasian/119.jpg,7.030846484935438,White,male,original,53.88218307495117,48.147064208984375,0.24980167338491868
/home/tr3x/Projects/glow-mark/datasets/MEBeauty-database/original_images/female/caucasian/young-572341_1920.jpg,6.379310344827586,White,female,original,71.73978424072266,69.60608673095703,1.4195750722527483
/home/tr3x/Projects/glow-mark/datasets/MEBeauty-database/original_images/male/caucasian/gregory-buzdyk-bdbC8RlXSUU-unsplash (1).jpg,6.246913580246914,White,male,original,72.09420013427734,73.78524780273438,1.4427913083287842
/home/tr3x/Projects/glow-mark/datasets/MEBeauty-database/original_images/male/caucasian/cade-renfroe-V0U3m342g1Y-unsplash.jpg,5.164047768698931,White,male,original,43.64191436767578,37.91656494140625,-0.42099357060282
/home/tr3x/Projects/glow-mark/datasets/MEBeauty-database/original_images/female/caucasian/portrait-4373381_1920.jpg,5.518518518518519,White,female,original,65.34208679199219,57.78228759765625,1.000489875979346
/home/tr3x/Projects/glow-mark/datasets/MEBeauty-database/original_images/female/caucasian/hassan-khan-EGVccebWodM-unsplash.jpg,6.694101508916323,White,female,original,45.87173080444336,46.09479522705078,-0.27492804209899335
/home/tr3x/Projects/glow-mark/datasets/MEBeauty-database/original_images/male/caucasian/guy-4392888_1920.jpg,5.7369439071566735,White,male,original,68.6759262084961,59.40950393676758,1.2188751243294054
/home/tr3x/Projects/glow-mark/datasets/MEBeauty-database/original_images/female/caucasian/female-2836137_1920.jpg,7.668367346938775,White,female,original,77.68611907958984,69.82473754882812,1.8090934768075826
/home/tr3x/Projects/glow-mark/datasets/MEBeauty-database/original_images/male/caucasian/where-is-pykh-_3vfugHP3Ro-unsplash.jpg,5.007060185185185,White,male,original,43.490474700927734,39.604129791259766,-0.4309137212462797
/home/tr3x/Projects/glow-mark/datasets/MEBeauty-database/original_images/female/caucasian/karsten-winegeart-hS8kY12h3is-unsplash.jpg,7.414285714285714,White,female,original,60.15159606933594,54.07209396362305,0.6604835157705934
/home/tr3x/Projects/glow-mark/datasets/MEBeauty-database/original_images/female/caucasian/patrik-velich-RtVGS4vGkgM-unsplash.jpg,7.25,White,female,original,39.35457992553711,39.322994232177734,-0.7018381104661335
/home/tr3x/Projects/glow-mark/datasets/MEBeauty-database/original_images/female/caucasian/jayson-hinrichsen-uOZd-i3n0UI-unsplash.jpg,7.175213675213675,White,female,original,74.82530975341797,65.14397430419922,1.621694362115557
/home/tr3x/Projects/glow-mark/datasets/MEBeauty-database/original_images/female/caucasian/bailey-mahon-jfPKQraxv0w-unsplash.jpg,6.8480204342273305,White,female,original,63.41233825683594,62.47573471069336,0.87408048414811
/home/tr3x/Projects/glow-mark/datasets/MEBeauty-database/original_images/male/caucasian/sven-kucinic-Pjl9OrTRXFg-unsplash.jpg,5.801582069874753,White,male,original,47.26438522338867,45.85912322998047,-0.18370133824469767
/home/tr3x/Projects/glow-mark/datasets/MEBeauty-database/original_images/male/caucasian/lorene-farrugia-UJLAMjEjISo-unsplash.jpg,3.7767195767195765,White,male,original,46.166316986083984,39.824649810791016,-0.25563098894172165
/home/tr3x/Projects/glow-mark/datasets/MEBeauty-database/original_images/male/caucasian/musician-1380216_1920.jpg,4.988581730769231,White,male,original,59.058345794677734,43.29715347290039,0.5888694687477851
/home/tr3x/Projects/glow-mark/datasets/MEBeauty-database/original_images/female/caucasian/girl-4185856_1920.jpg,6.001277139208174,White,female,original,65.02516174316406,61.040130615234375,0.9797295012732166
/home/tr3x/Projects/glow-mark/datasets/MEBeauty-database/original_images/female/caucasian/soroush-karimi-Zwa7DtcYUb0-unsplash.jpg,7.494400000000001,White,female,original,63.948177337646484,53.30851364135742,0.9091809602415847
/home/tr3x/Projects/glow-mark/datasets/MEBeauty-database/original_images/female/caucasian/pexels-ali-pazani-2787341.jpg,8.555555555555555,White,female,original,85.79790496826172,87.93042755126953,2.3404611146999397
/home/tr3x/Projects/glow-mark/datasets/MEBeauty-database/original_images/female/caucasian/christiana-rivers-DvpKGEH2zco-unsplash.jpg,7.976315789473685,White,female,original,44.78162384033203,43.18166732788086,-0.3463361845869214
/home/tr3x/Projects/glow-mark/datasets/MEBeauty-database/original_images/female/caucasian/amir-taheri-kQdhNGTVa3A-unsplash.jpg,8.406432748538013,White,female,original,54.58100891113281,48.2386360168457,0.2955786994265648
/home/tr3x/Projects/glow-mark/datasets/MEBeauty-database/original_images/female/caucasian/caique-silva-3ujVzg9i2EI-unsplash.jpg,6.654761904761905,White,female,original,39.34370803833008,37.146461486816406,-0.7025502802773091
/home/tr3x/Projects/glow-mark/datasets/MEBeauty-database/original_images/female/caucasian/woman-2112292_1920.jpg,7.5,White,female,original,45.610347747802734,41.90126419067383,-0.2920501036645204
/home/tr3x/Projects/glow-mark/datasets/MEBeauty-database/original_images/male/caucasian/fabio-henning-vnTk1yaRgzg-unsplash.jpg,5.265201465201465,White,male,original,70.5103759765625,69.95228576660156,1.3390419104684346
/home/tr3x/Projects/glow-mark/datasets/MEBeauty-database/original_images/female/caucasian/pretty-girl-2039216_1920.jpg,6.960219478737997,White,female,original,46.74680709838867,48.1783332824707,-0.21760561893954158
/home/tr3x/Projects/glow-mark/datasets/MEBeauty-database/original_images/female/caucasian/young-610543_1920.jpg,7.449999999999999,White,female,original,88.18904876708984,83.64984893798828,2.4970944935491795
/home/tr3x/Projects/glow-mark/datasets/MEBeauty-database/original_images/male/caucasian/taylor-hernandez-hZdF1lzo8fs-unsplash.jpg,6.157894736842105,White,male,original,49.97603988647461,40.34257888793945,-0.006072693593712782
/home/tr3x/Projects/glow-mark/datasets/MEBeauty-database/original_images/female/caucasian/karoline-soares-BBOnm6XLdQo-unsplash.jpg,7.96256038647343,White,female,original,21.242225646972656,22.841567993164062,-1.8882992722567453
/home/tr3x/Projects/glow-mark/datasets/MEBeauty-database/original_images/male/caucasian/jalen-terry-QmWqxITdWbI-unsplash.jpg,4.21,White,male,original,45.340946197509766,35.70978927612305,-0.30969742170130743
/home/tr3x/Projects/glow-mark/datasets/MEBeauty-database/original_images/male/caucasian/joackim-weiler-lxX0dJQHV3w-unsplash.jpg,4.301875,White,male,original,72.51100158691406,68.05050659179688,1.4700941497002469
/home/tr3x/Projects/glow-mark/datasets/MEBeauty-database/original_images/male/caucasian/male-4687507_1920.jpg,5.856420626895854,White,male,original,82.2586669921875,69.85440063476562,2.1086211044856915
/home/tr3x/Projects/glow-mark/datasets/MEBeauty-database/original_images/female/caucasian/woman-4791398_1920.jpg,5.285714285714286,White,female,original,70.6856460571289,71.83726501464844,1.3505230873611622
/home/tr3x/Projects/glow-mark/datasets/MEBeauty-database/original_images/male/caucasian/people-875597_1920.jpg,4.995162509448225,White,male,original,74.70333862304688,64.23348236083984,1.6137045664865997
/home/tr3x/Projects/glow-mark/datasets/MEBeauty-database/original_images/male/caucasian/serhiy-hipskyy-6KPUS5tUp3Y-unsplash.jpg,6.777777777777777,White,male,original,49.6027946472168,40.15351104736328,-0.030522357805876022
/home/tr3x/Projects/glow-mark/datasets/MEBeauty-database/original_images/female/caucasian/karsten-winegeart-U-jSHnClgNU-unsplash(1).jpg,4.430952380952381,White,female,original,40.33015060424805,38.3076171875,-0.6379327394099765
/home/tr3x/Projects/glow-mark/datasets/MEBeauty-database/original_images/female/caucasian/manny-moreno-2HTX85gxynM-unsplash.jpg,7.538461538461539,White,female,original,38.24872970581055,41.628334045410156,-0.7742775248174727
/home/tr3x/Projects/glow-mark/datasets/MEBeauty-database/original_images/female/caucasian/anne-peres-plsF6obTgms-unsplash.jpg,7.296296296296297,White,female,original,58.52089309692383,58.35126876831055,0.5536632916612834
