path,p_photo,reaches_gate
/home/tr3x/Projects/glow-mark/datasets/FairFace/val/1.jpg,0.747301,1
/home/tr3x/Projects/glow-mark/datasets/FairFace/val/10.jpg,0.854916,1
/home/tr3x/Projects/glow-mark/datasets/FairFace/val/100.jpg,0.600218,1
/home/tr3x/Projects/glow-mark/datasets/FairFace/val/1000.jpg,0.709976,1
/home/tr3x/Projects/glow-mark/datasets/FairFace/val/10000.jpg,0.866575,1
/home/tr3x/Projects/glow-mark/datasets/FairFace/val/10001.jpg,0.723632,1
/home/tr3x/Projects/glow-mark/datasets/FairFace/val/10002.jpg,0.643212,1
/home/tr3x/Projects/glow-mark/datasets/FairFace/val/10003.jpg,0.291655,0
/home/tr3x/Projects/glow-mark/datasets/FairFace/val/10004.jpg,0.795739,1
/home/tr3x/Projects/glow-mark/datasets/FairFace/val/10005.jpg,0.952780,1
/home/tr3x/Projects/glow-mark/datasets/FairFace/val/10006.jpg,0.776294,0
/home/tr3x/Projects/glow-mark/datasets/FairFace/val/10007.jpg,0.937536,1
/home/tr3x/Projects/glow-mark/datasets/FairFace/val/10008.jpg,0.890364,1
/home/tr3x/Projects/glow-mark/datasets/FairFace/val/10009.jpg,0.923460,1
/home/tr3x/Projects/glow-mark/datasets/FairFace/val/1001.jpg,0.802423,1
/home/tr3x/Projects/glow-mark/datasets/FairFace/val/10010.jpg,0.954702,0
/home/tr3x/Projects/glow-mark/datasets/FairFace/val/10011.jpg,0.892411,1
/home/tr3x/Projects/glow-mark/datasets/FairFace/val/10012.jpg,0.895128,1
/home/tr3x/Projects/glow-mark/datasets/FairFace/val/10013.jpg,0.524789,0
/home/tr3x/Projects/glow-mark/datasets/FairFace/val/10014.jpg,0.318238,0
/home/tr3x/Projects/glow-mark/datasets/FairFace/val/10015.jpg,0.964407,1
/home/tr3x/Projects/glow-mark/datasets/FairFace/val/10016.jpg,0.840757,1
/home/tr3x/Projects/glow-mark/datasets/FairFace/val/10017.jpg,0.856780,1
/home/tr3x/Projects/glow-mark/datasets/FairFace/val/10018.jpg,0.921902,1
/home/tr3x/Projects/glow-mark/datasets/FairFace/val/10019.jpg,0.823681,0
/home/tr3x/Projects/glow-mark/datasets/FairFace/val/1002.jpg,0.930154,0
/home/tr3x/Projects/glow-mark/datasets/FairFace/val/10020.jpg,0.777153,1
/home/tr3x/Projects/glow-mark/datasets/FairFace/val/10021.jpg,0.824111,0
/home/tr3x/Projects/glow-mark/datasets/FairFace/val/10022.jpg,0.809899,0
/home/tr3x/Projects/glow-mark/datasets/FairFace/val/10023.jpg,0.973492,1
/home/tr3x/Projects/glow-mark/datasets/FairFace/val/10024.jpg,0.854482,1
/home/tr3x/Projects/glow-mark/datasets/FairFace/val/10025.jpg,0.480555,0
/home/tr3x/Projects/glow-mark/datasets/FairFace/val/10026.jpg,0.856945,1
/home/tr3x/Projects/glow-mark/datasets/FairFace/val/10027.jpg,0.903573,0
/home/tr3x/Projects/glow-mark/datasets/FairFace/val/10028.jpg,0.877535,1
/home/tr3x/Projects/glow-mark/datasets/FairFace/val/10029.jpg,0.731833,0
/home/tr3x/Projects/glow-mark/datasets/FairFace/val/1003.jpg,0.635612,0
/home/tr3x/Projects/glow-mark/datasets/FairFace/val/10030.jpg,0.883643,1
/home/tr3x/Projects/glow-mark/datasets/FairFace/val/10031.jpg,0.858669,0
/home/tr3x/Projects/glow-mark/datasets/FairFace/val/10032.jpg,0.628542,0
/home/tr3x/Projects/glow-mark/datasets/FairFace/val/10033.jpg,0.847152,1
/home/tr3x/Projects/glow-mark/datasets/FairFace/val/10034.jpg,0.393971,0
/home/tr3x/Projects/glow-mark/datasets/FairFace/val/10035.jpg,0.900300,1
/home/tr3x/Projects/glow-mark/datasets/FairFace/val/10036.jpg,0.734870,0
/home/tr3x/Projects/glow-mark/datasets/FairFace/val/10037.jpg,0.896244,1
/home/tr3x/Projects/glow-mark/datasets/FairFace/val/10038.jpg,0.733652,0
/home/tr3x/Projects/glow-mark/datasets/FairFace/val/10039.jpg,0.734574,0
/home/tr3x/Projects/glow-mark/datasets/FairFace/val/1004.jpg,0.877379,0
/home/tr3x/Projects/glow-mark/datasets/FairFace/val/10040.jpg,0.953439,1
/home/tr3x/Projects/glow-mark/datasets/FairFace/val/10041.jpg,0.941306,1
/home/tr3x/Projects/glow-mark/datasets/FairFace/val/10042.jpg,0.837809,1
/home/tr3x/Projects/glow-mark/datasets/FairFace/val/10043.jpg,0.803277,1
/home/tr3x/Projects/glow-mark/datasets/FairFace/val/10044.jpg,0.794238,0
/home/tr3x/Projects/glow-mark/datasets/FairFace/val/10045.jpg,0.775454,1
/home/tr3x/Projects/glow-mark/datasets/FairFace/val/10046.jpg,0.934164,1
/home/tr3x/Projects/glow-mark/datasets/FairFace/val/10047.jpg,0.799997,0
/home/tr3x/Projects/glow-mark/datasets/FairFace/val/10048.jpg,0.693708,0
/home/tr3x/Projects/glow-mark/datasets/FairFace/val/10049.jpg,0.896428,1
/home/tr3x/Projects/glow-mark/datasets/FairFace/val/1005.jpg,0.594975,1
/home/tr3x/Projects/glow-mark/datasets/FairFace/val/10050.jpg,0.649462,1
/home/tr3x/Projects/glow-mark/datasets/FairFace/val/10051.jpg,0.921660,0
/home/tr3x/Projects/glow-mark/datasets/FairFace/val/10052.jpg,0.907642,0
/home/tr3x/Projects/glow-mark/datasets/FairFace/val/10053.jpg,0.967624,1
/home/tr3x/Projects/glow-mark/datasets/FairFace/val/10054.jpg,0.780064,0
/home/tr3x/Projects/glow-mark/datasets/FairFace/val/10055.jpg,0.902985,0
/home/tr3x/Projects/glow-mark/datasets/FairFace/val/10056.jpg,0.550781,0
/home/tr3x/Projects/glow-mark/datasets/FairFace/val/10057.jpg,0.759161,0
/home/tr3x/Projects/glow-mark/datasets/FairFace/val/10058.jpg,0.917914,1
/home/tr3x/Projects/glow-mark/datasets/FairFace/val/10059.jpg,0.776220,1
/home/tr3x/Projects/glow-mark/datasets/FairFace/val/1006.jpg,0.692860,0
/home/tr3x/Projects/glow-mark/datasets/FairFace/val/10060.jpg,0.789958,1
/home/tr3x/Projects/glow-mark/datasets/FairFace/val/10061.jpg,0.913101,0
/home/tr3x/Projects/glow-mark/datasets/FairFace/val/10062.jpg,0.897794,1
/home/tr3x/Projects/glow-mark/datasets/FairFace/val/10063.jpg,0.523546,0
/home/tr3x/Projects/glow-mark/datasets/FairFace/val/10064.jpg,0.640258,1
/home/tr3x/Projects/glow-mark/datasets/FairFace/val/10065.jpg,0.724164,1
/home/tr3x/Projects/glow-mark/datasets/FairFace/val/10066.jpg,0.790080,1
/home/tr3x/Projects/glow-mark/datasets/FairFace/val/10067.jpg,0.969896,1
/home/tr3x/Projects/glow-mark/datasets/FairFace/val/10068.jpg,0.370902,1
/home/tr3x/Projects/glow-mark/datasets/FairFace/val/10069.jpg,0.928685,0
/home/tr3x/Projects/glow-mark/datasets/FairFace/val/1007.jpg,0.910615,0
/home/tr3x/Projects/glow-mark/datasets/FairFace/val/10070.jpg,0.950444,1
/home/tr3x/Projects/glow-mark/datasets/FairFace/val/10071.jpg,0.663247,1
/home/tr3x/Projects/glow-mark/datasets/FairFace/val/10072.jpg,0.760507,1
/home/tr3x/Projects/glow-mark/datasets/FairFace/val/10073.jpg,0.602974,1
/home/tr3x/Projects/glow-mark/datasets/FairFace/val/10074.jpg,0.786325,1
/home/tr3x/Projects/glow-mark/datasets/FairFace/val/10075.jpg,0.958807,1
/home/tr3x/Projects/glow-mark/datasets/FairFace/val/10076.jpg,0.959364,1
/home/tr3x/Projects/glow-mark/datasets/FairFace/val/10077.jpg,0.927245,1
/home/tr3x/Projects/glow-mark/datasets/FairFace/val/10078.jpg,0.947736,1
/home/tr3x/Projects/glow-mark/datasets/FairFace/val/10079.jpg,0.537941,0
/home/tr3x/Projects/glow-mark/datasets/FairFace/val/1008.jpg,0.914514,1
/home/tr3x/Projects/glow-mark/datasets/FairFace/val/10080.jpg,0.670870,0
/home/tr3x/Projects/glow-mark/datasets/FairFace/val/10081.jpg,0.920583,1
/home/tr3x/Projects/glow-mark/datasets/FairFace/val/10082.jpg,0.585230,1
/home/tr3x/Projects/glow-mark/datasets/FairFace/val/10083.jpg,0.901867,0
/home/tr3x/Projects/glow-mark/datasets/FairFace/val/10084.jpg,0.795265,1
/home/tr3x/Projects/glow-mark/datasets/FairFace/val/10085.jpg,0.628066,0
/home/tr3x/Projects/glow-mark/datasets/FairFace/val/10086.jpg,0.883842,1
/home/tr3x/Projects/glow-mark/datasets/FairFace/val/10087.jpg,0.788979,1
/home/tr3x/Projects/glow-mark/datasets/FairFace/val/10088.jpg,0.875214,0
/home/tr3x/Projects/glow-mark/datasets/FairFace/val/10089.jpg,0.938964,1
/home/tr3x/Projects/glow-mark/datasets/FairFace/val/1009.jpg,0.436530,0
/home/tr3x/Projects/glow-mark/datasets/FairFace/val/10090.jpg,0.769289,0
/home/tr3x/Projects/glow-mark/datasets/FairFace/val/10091.jpg,0.844099,0
/home/tr3x/Projects/glow-mark/datasets/FairFace/val/10092.jpg,0.849492,1
/home/tr3x/Projects/glow-mark/datasets/FairFace/val/10093.jpg,0.672078,1
/home/tr3x/Projects/glow-mark/datasets/FairFace/val/10094.jpg,0.816817,0
/home/tr3x/Projects/glow-mark/datasets/FairFace/val/10095.jpg,0.663073,1
/home/tr3x/Projects/glow-mark/datasets/FairFace/val/10096.jpg,0.609390,0
/home/tr3x/Projects/glow-mark/datasets/FairFace/val/10097.jpg,0.603570,0
/home/tr3x/Projects/glow-mark/datasets/FairFace/val/10098.jpg,0.867792,0
/home/tr3x/Projects/glow-mark/datasets/FairFace/val/10099.jpg,0.862145,1
/home/tr3x/Projects/glow-mark/datasets/FairFace/val/101.jpg,0.822943,1
/home/tr3x/Projects/glow-mark/datasets/FairFace/val/1010.jpg,0.949101,1
/home/tr3x/Projects/glow-mark/datasets/FairFace/val/10100.jpg,0.825893,1
/home/tr3x/Projects/glow-mark/datasets/FairFace/val/10101.jpg,0.472916,0
/home/tr3x/Projects/glow-mark/datasets/FairFace/val/10102.jpg,0.639163,1
/home/tr3x/Projects/glow-mark/datasets/FairFace/val/10103.jpg,0.964376,1
/home/tr3x/Projects/glow-mark/datasets/FairFace/val/10104.jpg,0.835065,0
/home/tr3x/Projects/glow-mark/datasets/FairFace/val/10105.jpg,0.831525,0
/home/tr3x/Projects/glow-mark/datasets/FairFace/val/10106.jpg,0.594566,0
/home/tr3x/Projects/glow-mark/datasets/FairFace/val/10107.jpg,0.964579,1
/home/tr3x/Projects/glow-mark/datasets/FairFace/val/10108.jpg,0.871612,0
/home/tr3x/Projects/glow-mark/datasets/FairFace/val/10109.jpg,0.933701,1
/home/tr3x/Projects/glow-mark/datasets/FairFace/val/1011.jpg,0.964412,0
/home/tr3x/Projects/glow-mark/datasets/FairFace/val/10110.jpg,0.927711,1
/home/tr3x/Projects/glow-mark/datasets/FairFace/val/10111.jpg,0.733761,0
/home/tr3x/Projects/glow-mark/datasets/FairFace/val/10112.jpg,0.861918,1
/home/tr3x/Projects/glow-mark/datasets/FairFace/val/10113.jpg,0.839299,0
/home/tr3x/Projects/glow-mark/datasets/FairFace/val/10114.jpg,0.807647,1
/home/tr3x/Projects/glow-mark/datasets/FairFace/val/10115.jpg,0.593372,0
/home/tr3x/Projects/glow-mark/datasets/FairFace/val/10116.jpg,0.263741,1
/home/tr3x/Projects/glow-mark/datasets/FairFace/val/10117.jpg,0.558321,0
/home/tr3x/Projects/glow-mark/datasets/FairFace/val/10118.jpg,0.942931,1
/home/tr3x/Projects/glow-mark/datasets/FairFace/val/10119.jpg,0.878949,1
/home/tr3x/Projects/glow-mark/datasets/FairFace/val/1012.jpg,0.897372,1
/home/tr3x/Projects/glow-mark/datasets/FairFace/val/10120.jpg,0.876799,0
/home/tr3x/Projects/glow-mark/datasets/FairFace/val/10121.jpg,0.903520,0
/home/tr3x/Projects/glow-mark/datasets/FairFace/val/10122.jpg,0.687698,0
/home/tr3x/Projects/glow-mark/datasets/FairFace/val/10123.jpg,0.772392,1
/home/tr3x/Projects/glow-mark/datasets/FairFace/val/10124.jpg,0.905879,0
/home/tr3x/Projects/glow-mark/datasets/FairFace/val/10125.jpg,0.817735,1
/home/tr3x/Projects/glow-mark/datasets/FairFace/val/10126.jpg,0.640813,0
/home/tr3x/Projects/glow-mark/datasets/FairFace/val/10127.jpg,0.954026,1
/home/tr3x/Projects/glow-mark/datasets/FairFace/val/10128.jpg,0.812008,1
/home/tr3x/Projects/glow-mark/datasets/FairFace/val/10129.jpg,0.834700,1
/home/tr3x/Projects/glow-mark/datasets/FairFace/val/1013.jpg,0.901015,0
/home/tr3x/Projects/glow-mark/datasets/FairFace/val/10130.jpg,0.907223,1
/home/tr3x/Projects/glow-mark/datasets/FairFace/val/10131.jpg,0.944092,1
/home/tr3x/Projects/glow-mark/datasets/FairFace/val/10132.jpg,0.816567,0
/home/tr3x/Projects/glow-mark/datasets/FairFace/val/10133.jpg,0.822061,1
/home/tr3x/Projects/glow-mark/datasets/FairFace/val/10134.jpg,0.809921,0
/home/tr3x/Projects/glow-mark/datasets/FairFace/val/10135.jpg,0.926720,1
/home/tr3x/Projects/glow-mark/datasets/FairFace/val/10136.jpg,0.841802,0
/home/tr3x/Projects/glow-mark/datasets/FairFace/val/10137.jpg,0.802946,0
/home/tr3x/Projects/glow-mark/datasets/FairFace/val/10138.jpg,0.882602,0
/home/tr3x/Projects/glow-mark/datasets/FairFace/val/10139.jpg,0.836657,0
/home/tr3x/Projects/glow-mark/datasets/FairFace/val/1014.jpg,0.849595,1
/home/tr3x/Projects/glow-mark/datasets/FairFace/val/10140.jpg,0.755785,1
/home/tr3x/Projects/glow-mark/datasets/FairFace/val/10141.jpg,0.862822,1
/home/tr3x/Projects/glow-mark/datasets/FairFace/val/10142.jpg,0.781494,1
/home/tr3x/Projects/glow-mark/datasets/FairFace/val/10143.jpg,0.263571,0
/home/tr3x/Projects/glow-mark/datasets/FairFace/val/10144.jpg,0.912818,0
/home/tr3x/Projects/glow-mark/datasets/FairFace/val/10145.jpg,0.102713,1
/home/tr3x/Projects/glow-mark/datasets/FairFace/val/10146.jpg,0.765456,1
/home/tr3x/Projects/glow-mark/datasets/FairFace/val/10147.jpg,0.854102,1
/home/tr3x/Projects/glow-mark/datasets/FairFace/val/10148.jpg,0.768305,1
/home/tr3x/Projects/glow-mark/datasets/FairFace/val/10149.jpg,0.675670,1
/home/tr3x/Projects/glow-mark/datasets/FairFace/val/1015.jpg,0.920070,1
/home/tr3x/Projects/glow-mark/datasets/FairFace/val/10150.jpg,0.929553,1
/home/tr3x/Projects/glow-mark/datasets/FairFace/val/10151.jpg,0.525338,1
/home/tr3x/Projects/glow-mark/datasets/FairFace/val/10152.jpg,0.867189,1
/home/tr3x/Projects/glow-mark/datasets/FairFace/val/10153.jpg,0.622841,0
/home/tr3x/Projects/glow-mark/datasets/FairFace/val/10154.jpg,0.917207,1
/home/tr3x/Projects/glow-mark/datasets/FairFace/val/10155.jpg,0.631424,1
/home/tr3x/Projects/glow-mark/datasets/FairFace/val/10156.jpg,0.818705,0
/home/tr3x/Projects/glow-mark/datasets/FairFace/val/10157.jpg,0.800211,1
/home/tr3x/Projects/glow-mark/datasets/FairFace/val/10158.jpg,0.709152,0
/home/tr3x/Projects/glow-mark/datasets/FairFace/val/10159.jpg,0.747490,1
/home/tr3x/Projects/glow-mark/datasets/FairFace/val/1016.jpg,0.878741,1
/home/tr3x/Projects/glow-mark/datasets/FairFace/val/10160.jpg,0.855285,1
/home/tr3x/Projects/glow-mark/datasets/FairFace/val/10161.jpg,0.726991,1
/home/tr3x/Projects/glow-mark/datasets/FairFace/val/10162.jpg,0.797680,1
/home/tr3x/Projects/glow-mark/datasets/FairFace/val/10163.jpg,0.931370,1
/home/tr3x/Projects/glow-mark/datasets/FairFace/val/10164.jpg,0.970615,0
/home/tr3x/Projects/glow-mark/datasets/FairFace/val/10165.jpg,0.884413,0
/home/tr3x/Projects/glow-mark/datasets/FairFace/val/10166.jpg,0.312466,0
/home/tr3x/Projects/glow-mark/datasets/FairFace/val/10167.jpg,0.764657,1
/home/tr3x/Projects/glow-mark/datasets/FairFace/val/10168.jpg,0.522776,0
/home/tr3x/Projects/glow-mark/datasets/FairFace/val/10169.jpg,0.598902,0
/home/tr3x/Projects/glow-mark/datasets/FairFace/val/1017.jpg,0.854300,1
/home/tr3x/Projects/glow-mark/datasets/FairFace/val/10170.jpg,0.837406,1
/home/tr3x/Projects/glow-mark/datasets/FairFace/val/10171.jpg,0.891360,1
/home/tr3x/Projects/glow-mark/datasets/FairFace/val/10172.jpg,0.823653,1
/home/tr3x/Projects/glow-mark/datasets/FairFace/val/10173.jpg,0.667330,1
/home/tr3x/Projects/glow-mark/datasets/FairFace/val/10174.jpg,0.725479,1
/home/tr3x/Projects/glow-mark/datasets/FairFace/val/10175.jpg,0.849922,1
/home/tr3x/Projects/glow-mark/datasets/FairFace/val/10176.jpg,0.751908,1
/home/tr3x/Projects/glow-mark/datasets/FairFace/val/10177.jpg,0.600903,1
/home/tr3x/Projects/glow-mark/datasets/FairFace/val/10178.jpg,0.590791,1
/home/tr3x/Projects/glow-mark/datasets/FairFace/val/10179.jpg,0.919483,0
/home/tr3x/Projects/glow-mark/datasets/FairFace/val/1018.jpg,0.840558,1
/home/tr3x/Projects/glow-mark/datasets/FairFace/val/10180.jpg,0.898777,1
/home/tr3x/Projects/glow-mark/datasets/FairFace/val/10181.jpg,0.659389,0
/home/tr3x/Projects/glow-mark/datasets/FairFace/val/10182.jpg,0.502433,0
/home/tr3x/Projects/glow-mark/datasets/FairFace/val/10183.jpg,0.580055,1
/home/tr3x/Projects/glow-mark/datasets/FairFace/val/10184.jpg,0.919129,1
/home/tr3x/Projects/glow-mark/datasets/FairFace/val/10185.jpg,0.919150,0
/home/tr3x/Projects/glow-mark/datasets/FairFace/val/10186.jpg,0.725116,1
/home/tr3x/Projects/glow-mark/datasets/FairFace/val/10187.jpg,0.882835,1
/home/tr3x/Projects/glow-mark/datasets/FairFace/val/10188.jpg,0.564335,1
/home/tr3x/Projects/glow-mark/datasets/FairFace/val/10189.jpg,0.918878,1
/home/tr3x/Projects/glow-mark/datasets/FairFace/val/1019.jpg,0.754641,0
/home/tr3x/Projects/glow-mark/datasets/FairFace/val/10190.jpg,0.364975,0
/home/tr3x/Projects/glow-mark/datasets/FairFace/val/10191.jpg,0.724946,1
/home/tr3x/Projects/glow-mark/datasets/FairFace/val/10192.jpg,0.677079,0
/home/tr3x/Projects/glow-mark/datasets/FairFace/val/10193.jpg,0.901677,1
/home/tr3x/Projects/glow-mark/datasets/FairFace/val/10194.jpg,0.683032,1
/home/tr3x/Projects/glow-mark/datasets/FairFace/val/10195.jpg,0.408719,0
/home/tr3x/Projects/glow-mark/datasets/FairFace/val/10196.jpg,0.757918,0
/home/tr3x/Projects/glow-mark/datasets/FairFace/val/10197.jpg,0.937239,1
/home/tr3x/Projects/glow-mark/datasets/FairFace/val/10198.jpg,0.753071,0
/home/tr3x/Projects/glow-mark/datasets/FairFace/val/10199.jpg,0.690258,0
/home/tr3x/Projects/glow-mark/datasets/FairFace/val/102.jpg,0.756129,1
/home/tr3x/Projects/glow-mark/datasets/FairFace/val/1020.jpg,0.879231,1
/home/tr3x/Projects/glow-mark/datasets/FairFace/val/10200.jpg,0.743179,0
/home/tr3x/Projects/glow-mark/datasets/FairFace/val/10201.jpg,0.636277,0
/home/tr3x/Projects/glow-mark/datasets/FairFace/val/10202.jpg,0.850149,1
/home/tr3x/Projects/glow-mark/datasets/FairFace/val/10203.jpg,0.861044,1
/home/tr3x/Projects/glow-mark/datasets/FairFace/val/10204.jpg,0.831601,0
/home/tr3x/Projects/glow-mark/datasets/FairFace/val/10205.jpg,0.645764,1
/home/tr3x/Projects/glow-mark/datasets/FairFace/val/10206.jpg,0.493149,1
/home/tr3x/Projects/glow-mark/datasets/FairFace/val/10207.jpg,0.900757,1
/home/tr3x/Projects/glow-mark/datasets/FairFace/val/10208.jpg,0.837457,0
/home/tr3x/Projects/glow-mark/datasets/FairFace/val/10209.jpg,0.785159,1
/home/tr3x/Projects/glow-mark/datasets/FairFace/val/1021.jpg,0.830648,1
/home/tr3x/Projects/glow-mark/datasets/FairFace/val/10210.jpg,0.966466,1
/home/tr3x/Projects/glow-mark/datasets/FairFace/val/10211.jpg,0.799379,0
/home/tr3x/Projects/glow-mark/datasets/FairFace/val/10212.jpg,0.788903,0
/home/tr3x/Projects/glow-mark/datasets/FairFace/val/10213.jpg,0.937464,0
/home/tr3x/Projects/glow-mark/datasets/FairFace/val/10214.jpg,0.652865,0
/home/tr3x/Projects/glow-mark/datasets/FairFace/val/10215.jpg,0.818981,0
/home/tr3x/Projects/glow-mark/datasets/FairFace/val/10216.jpg,0.718879,1
/home/tr3x/Projects/glow-mark/datasets/FairFace/val/10217.jpg,0.932673,0
/home/tr3x/Projects/glow-mark/datasets/FairFace/val/10218.jpg,0.834898,0
/home/tr3x/Projects/glow-mark/datasets/FairFace/val/10219.jpg,0.746019,0
/home/tr3x/Projects/glow-mark/datasets/FairFace/val/1022.jpg,0.808177,0
/home/tr3x/Projects/glow-mark/datasets/FairFace/val/10220.jpg,0.866296,0
/home/tr3x/Projects/glow-mark/datasets/FairFace/val/10221.jpg,0.718565,0
/home/tr3x/Projects/glow-mark/datasets/FairFace/val/10222.jpg,0.919722,0
/home/tr3x/Projects/glow-mark/datasets/FairFace/val/10223.jpg,0.780499,0
/home/tr3x/Projects/glow-mark/datasets/FairFace/val/10224.jpg,0.941720,1
/home/tr3x/Projects/glow-mark/datasets/FairFace/val/10225.jpg,0.823841,0
/home/tr3x/Projects/glow-mark/datasets/FairFace/val/10226.jpg,0.836457,1
/home/tr3x/Projects/glow-mark/datasets/FairFace/val/10227.jpg,0.721167,0
/home/tr3x/Projects/glow-mark/datasets/FairFace/val/10228.jpg,0.799894,1
/home/tr3x/Projects/glow-mark/datasets/FairFace/val/10229.jpg,0.581582,0
/home/tr3x/Projects/glow-mark/datasets/FairFace/val/1023.jpg,0.582350,0
/home/tr3x/Projects/glow-mark/datasets/FairFace/val/10230.jpg,0.947273,1
/home/tr3x/Projects/glow-mark/datasets/FairFace/val/10231.jpg,0.863438,1
/home/tr3x/Projects/glow-mark/datasets/FairFace/val/10232.jpg,0.489486,0
/home/tr3x/Projects/glow-mark/datasets/FairFace/val/10233.jpg,0.820672,1
/home/tr3x/Projects/glow-mark/datasets/FairFace/val/10234.jpg,0.914330,1
/home/tr3x/Projects/glow-mark/datasets/FairFace/val/10235.jpg,0.910218,1
/home/tr3x/Projects/glow-mark/datasets/FairFace/val/10236.jpg,0.878259,1
/home/tr3x/Projects/glow-mark/datasets/FairFace/val/10237.jpg,0.735742,0
/home/tr3x/Projects/glow-mark/datasets/FairFace/val/10238.jpg,0.889328,1
/home/tr3x/Projects/glow-mark/datasets/FairFace/val/10239.jpg,0.715127,0
/home/tr3x/Projects/glow-mark/datasets/FairFace/val/1024.jpg,0.889163,1
/home/tr3x/Projects/glow-mark/datasets/FairFace/val/10240.jpg,0.853482,0
/home/tr3x/Projects/glow-mark/datasets/FairFace/val/10241.jpg,0.793864,1
/home/tr3x/Projects/glow-mark/datasets/FairFace/val/10242.jpg,0.851187,0
/home/tr3x/Projects/glow-mark/datasets/FairFace/val/10243.jpg,0.835123,1
/home/tr3x/Projects/glow-mark/datasets/FairFace/val/10244.jpg,0.776652,1
/home/tr3x/Projects/glow-mark/datasets/FairFace/val/10245.jpg,0.679975,0
/home/tr3x/Projects/glow-mark/datasets/FairFace/val/10246.jpg,0.885332,1
/home/tr3x/Projects/glow-mark/datasets/FairFace/val/10247.jpg,0.894875,0
/home/tr3x/Projects/glow-mark/datasets/FairFace/val/10248.jpg,0.857425,1
/home/tr3x/Projects/glow-mark/datasets/FairFace/val/10249.jpg,0.907627,0
/home/tr3x/Projects/glow-mark/datasets/FairFace/val/1025.jpg,0.686514,0
/home/tr3x/Projects/glow-mark/datasets/FairFace/val/10250.jpg,0.769993,0
/home/tr3x/Projects/glow-mark/datasets/FairFace/val/10251.jpg,0.794277,0
/home/tr3x/Projects/glow-mark/datasets/FairFace/val/10252.jpg,0.824573,0
/home/tr3x/Projects/glow-mark/datasets/FairFace/val/10253.jpg,0.857416,1
/home/tr3x/Projects/glow-mark/datasets/FairFace/val/10254.jpg,0.720421,0
/home/tr3x/Projects/glow-mark/datasets/FairFace/val/10255.jpg,0.969941,1
/home/tr3x/Projects/glow-mark/datasets/FairFace/val/10256.jpg,0.888576,0
/home/tr3x/Projects/glow-mark/datasets/FairFace/val/10257.jpg,0.579851,0
/home/tr3x/Projects/glow-mark/datasets/FairFace/val/10258.jpg,0.878069,0
/home/tr3x/Projects/glow-mark/datasets/FairFace/val/10259.jpg,0.637649,1
/home/tr3x/Projects/glow-mark/datasets/FairFace/val/1026.jpg,0.686945,0
/home/tr3x/Projects/glow-mark/datasets/FairFace/val/10260.jpg,0.240205,0
/home/tr3x/Projects/glow-mark/datasets/FairFace/val/10261.jpg,0.684298,0
/home/tr3x/Projects/glow-mark/datasets/FairFace/val/10262.jpg,0.433650,1
/home/tr3x/Projects/glow-mark/datasets/FairFace/val/10263.jpg,0.679459,0
/home/tr3x/Projects/glow-mark/datasets/FairFace/val/10264.jpg,0.782940,0
/home/tr3x/Projects/glow-mark/datasets/FairFace/val/10265.jpg,0.811882,1
/home/tr3x/Projects/glow-mark/datasets/FairFace/val/10266.jpg,0.848027,0
/home/tr3x/Projects/glow-mark/datasets/FairFace/val/10267.jpg,0.865086,0
/home/tr3x/Projects/glow-mark/datasets/FairFace/val/10268.jpg,0.842048,1
/home/tr3x/Projects/glow-mark/datasets/FairFace/val/10269.jpg,0.305037,1
/home/tr3x/Projects/glow-mark/datasets/FairFace/val/1027.jpg,0.922375,1
/home/tr3x/Projects/glow-mark/datasets/FairFace/val/10270.jpg,0.894995,0
/home/tr3x/Projects/glow-mark/datasets/FairFace/val/10271.jpg,0.716691,0
/home/tr3x/Projects/glow-mark/datasets/FairFace/val/10272.jpg,0.824131,0
/home/tr3x/Projects/glow-mark/datasets/FairFace/val/10273.jpg,0.837164,0
/home/tr3x/Projects/glow-mark/datasets/FairFace/val/10274.jpg,0.948256,1
/home/tr3x/Projects/glow-mark/datasets/FairFace/val/10275.jpg,0.641315,0
/home/tr3x/Projects/glow-mark/datasets/FairFace/val/10276.jpg,0.729023,1
/home/tr3x/Projects/glow-mark/datasets/FairFace/val/10277.jpg,0.767178,0
/home/tr3x/Projects/glow-mark/datasets/FairFace/val/10278.jpg,0.927873,1
/home/tr3x/Projects/glow-mark/datasets/FairFace/val/10279.jpg,0.885562,0
/home/tr3x/Projects/glow-mark/datasets/FairFace/val/1028.jpg,0.956074,1
/home/tr3x/Projects/glow-mark/datasets/FairFace/val/10280.jpg,0.798127,0
/home/tr3x/Projects/glow-mark/datasets/FairFace/val/10281.jpg,0.712938,0
/home/tr3x/Projects/glow-mark/datasets/FairFace/val/10282.jpg,0.375043,1
/home/tr3x/Projects/glow-mark/datasets/FairFace/val/10283.jpg,0.693517,0
/home/tr3x/Projects/glow-mark/datasets/FairFace/val/10284.jpg,0.857752,1
/home/tr3x/Projects/glow-mark/datasets/FairFace/val/10285.jpg,0.610079,1
/home/tr3x/Projects/glow-mark/datasets/FairFace/val/10286.jpg,0.481600,0
/home/tr3x/Projects/glow-mark/datasets/FairFace/val/10287.jpg,0.734855,1
/home/tr3x/Projects/glow-mark/datasets/FairFace/val/10288.jpg,0.762234,0
/home/tr3x/Projects/glow-mark/datasets/FairFace/val/10289.jpg,0.966735,1
/home/tr3x/Projects/glow-mark/datasets/FairFace/val/1029.jpg,0.927244,0
/home/tr3x/Projects/glow-mark/datasets/FairFace/val/10290.jpg,0.841391,1
/home/tr3x/Projects/glow-mark/datasets/FairFace/val/10291.jpg,0.899366,1
/home/tr3x/Projects/glow-mark/datasets/FairFace/val/10292.jpg,0.927014,1
/home/tr3x/Projects/glow-mark/datasets/FairFace/val/10293.jpg,0.989308,1
/home/tr3x/Projects/glow-mark/datasets/FairFace/val/10294.jpg,0.780627,1
/home/tr3x/Projects/glow-mark/datasets/FairFace/val/10295.jpg,0.863809,0
/home/tr3x/Projects/glow-mark/datasets/FairFace/val/10296.jpg,0.912492,1
/home/tr3x/Projects/glow-mark/datasets/FairFace/val/10297.jpg,0.832263,1
/home/tr3x/Projects/glow-mark/datasets/FairFace/val/10298.jpg,0.755339,0
/home/tr3x/Projects/glow-mark/datasets/FairFace/val/10299.jpg,0.893976,0
/home/tr3x/Projects/glow-mark/datasets/FairFace/val/103.jpg,0.760724,0
/home/tr3x/Projects/glow-mark/datasets/FairFace/val/1030.jpg,0.730020,0
/home/tr3x/Projects/glow-mark/datasets/FairFace/val/10300.jpg,0.883932,0
/home/tr3x/Projects/glow-mark/datasets/FairFace/val/10301.jpg,0.595626,0
/home/tr3x/Projects/glow-mark/datasets/FairFace/val/10302.jpg,0.889055,1
/home/tr3x/Projects/glow-mark/datasets/FairFace/val/10303.jpg,0.607715,0
/home/tr3x/Projects/glow-mark/datasets/FairFace/val/10304.jpg,0.586082,0
/home/tr3x/Projects/glow-mark/datasets/FairFace/val/10305.jpg,0.948571,1
/home/tr3x/Projects/glow-mark/datasets/FairFace/val/10306.jpg,0.831291,1
/home/tr3x/Projects/glow-mark/datasets/FairFace/val/10307.jpg,0.808522,1
/home/tr3x/Projects/glow-mark/datasets/FairFace/val/10308.jpg,0.408577,1
/home/tr3x/Projects/glow-mark/datasets/FairFace/val/10309.jpg,0.930432,1
/home/tr3x/Projects/glow-mark/datasets/FairFace/val/1031.jpg,0.890168,1
/home/tr3x/Projects/glow-mark/datasets/FairFace/val/10310.jpg,0.846213,1
/home/tr3x/Projects/glow-mark/datasets/FairFace/val/10311.jpg,0.737163,0
/home/tr3x/Projects/glow-mark/datasets/FairFace/val/10312.jpg,0.789042,0
/home/tr3x/Projects/glow-mark/datasets/FairFace/val/10313.jpg,0.889429,1
/home/tr3x/Projects/glow-mark/datasets/FairFace/val/10314.jpg,0.776103,1
/home/tr3x/Projects/glow-mark/datasets/FairFace/val/10315.jpg,0.933308,0
/home/tr3x/Projects/glow-mark/datasets/FairFace/val/10316.jpg,0.527070,1
/home/tr3x/Projects/glow-mark/datasets/FairFace/val/10317.jpg,0.840529,0
/home/tr3x/Projects/glow-mark/datasets/FairFace/val/10318.jpg,0.931643,1
/home/tr3x/Projects/glow-mark/datasets/FairFace/val/10319.jpg,0.926014,1
/home/tr3x/Projects/glow-mark/datasets/FairFace/val/1032.jpg,0.873063,1
/home/tr3x/Projects/glow-mark/datasets/FairFace/val/10320.jpg,0.694416,1
/home/tr3x/Projects/glow-mark/datasets/FairFace/val/10321.jpg,0.891924,1
/home/tr3x/Projects/glow-mark/datasets/FairFace/val/10322.jpg,0.873318,1
/home/tr3x/Projects/glow-mark/datasets/FairFace/val/10323.jpg,0.797437,1
/home/tr3x/Projects/glow-mark/datasets/FairFace/val/10324.jpg,0.713539,0
/home/tr3x/Projects/glow-mark/datasets/FairFace/val/10325.jpg,0.844850,0
/home/tr3x/Projects/glow-mark/datasets/FairFace/val/10326.jpg,0.536520,1
/home/tr3x/Projects/glow-mark/datasets/FairFace/val/10327.jpg,0.835631,0
/home/tr3x/Projects/glow-mark/datasets/FairFace/val/10328.jpg,0.717260,0
/home/tr3x/Projects/glow-mark/datasets/FairFace/val/10329.jpg,0.788530,0
/home/tr3x/Projects/glow-mark/datasets/FairFace/val/1033.jpg,0.945176,1
/home/tr3x/Projects/glow-mark/datasets/FairFace/val/10330.jpg,0.318377,0
/home/tr3x/Projects/glow-mark/datasets/FairFace/val/10331.jpg,0.600632,0
/home/tr3x/Projects/glow-mark/datasets/FairFace/val/10332.jpg,0.904984,0
/home/tr3x/Projects/glow-mark/datasets/FairFace/val/10333.jpg,0.449853,0
/home/tr3x/Projects/glow-mark/datasets/FairFace/val/10334.jpg,0.417161,0
/home/tr3x/Projects/glow-mark/datasets/FairFace/val/10335.jpg,0.815838,1
/home/tr3x/Projects/glow-mark/datasets/FairFace/val/10336.jpg,0.828546,1
/home/tr3x/Projects/glow-mark/datasets/FairFace/val/10337.jpg,0.746788,1
/home/tr3x/Projects/glow-mark/datasets/FairFace/val/10338.jpg,0.900119,0
/home/tr3x/Projects/glow-mark/datasets/FairFace/val/10339.jpg,0.688205,0
/home/tr3x/Projects/glow-mark/datasets/FairFace/val/1034.jpg,0.880874,1
/home/tr3x/Projects/glow-mark/datasets/FairFace/val/10340.jpg,0.535677,0
/home/tr3x/Projects/glow-mark/datasets/FairFace/val/10341.jpg,0.710223,1
/home/tr3x/Projects/glow-mark/datasets/FairFace/val/10342.jpg,0.793812,0
/home/tr3x/Projects/glow-mark/datasets/FairFace/val/10343.jpg,0.900125,0
/home/tr3x/Projects/glow-mark/datasets/FairFace/val/10344.jpg,0.522234,1
/home/tr3x/Projects/glow-mark/datasets/FairFace/val/10345.jpg,0.953061,1
/home/tr3x/Projects/glow-mark/datasets/FairFace/val/10346.jpg,0.848372,0
/home/tr3x/Projects/glow-mark/datasets/FairFace/val/10347.jpg,0.765993,1
/home/tr3x/Projects/glow-mark/datasets/FairFace/val/10348.jpg,0.911224,1
/home/tr3x/Projects/glow-mark/datasets/FairFace/val/10349.jpg,0.941661,1
/home/tr3x/Projects/glow-mark/datasets/FairFace/val/1035.jpg,0.872410,1
/home/tr3x/Projects/glow-mark/datasets/FairFace/val/10350.jpg,0.684192,1
/home/tr3x/Projects/glow-mark/datasets/FairFace/val/10351.jpg,0.832273,1
/home/tr3x/Projects/glow-mark/datasets/FairFace/val/10352.jpg,0.947048,1
/home/tr3x/Projects/glow-mark/datasets/FairFace/val/10353.jpg,0.463406,1
/home/tr3x/Projects/glow-mark/datasets/FairFace/val/10354.jpg,0.968990,1
/home/tr3x/Projects/glow-mark/datasets/FairFace/val/10355.jpg,0.906112,0
/home/tr3x/Projects/glow-mark/datasets/FairFace/val/10356.jpg,0.887233,0
/home/tr3x/Projects/glow-mark/datasets/FairFace/val/10357.jpg,0.950457,1
/home/tr3x/Projects/glow-mark/datasets/FairFace/val/10358.jpg,0.862322,1
/home/tr3x/Projects/glow-mark/datasets/FairFace/val/10359.jpg,0.819684,1
/home/tr3x/Projects/glow-mark/datasets/FairFace/val/1036.jpg,0.790355,1
/home/tr3x/Projects/glow-mark/datasets/FairFace/val/10360.jpg,0.594469,1
/home/tr3x/Projects/glow-mark/datasets/FairFace/val/10361.jpg,0.961267,1
/home/tr3x/Projects/glow-mark/datasets/FairFace/val/10362.jpg,0.728405,0
/home/tr3x/Projects/glow-mark/datasets/FairFace/val/10363.jpg,0.922616,0
/home/tr3x/Projects/glow-mark/datasets/FairFace/val/10364.jpg,0.674329,1
/home/tr3x/Projects/glow-mark/datasets/FairFace/val/10365.jpg,0.878757,0
/home/tr3x/Projects/glow-mark/datasets/FairFace/val/10366.jpg,0.175501,0
/home/tr3x/Projects/glow-mark/datasets/FairFace/val/10367.jpg,0.694084,1
/home/tr3x/Projects/glow-mark/datasets/FairFace/val/10368.jpg,0.853178,1
/home/tr3x/Projects/glow-mark/datasets/FairFace/val/10369.jpg,0.735939,1
/home/tr3x/Projects/glow-mark/datasets/FairFace/val/1037.jpg,0.895746,1
/home/tr3x/Projects/glow-mark/datasets/FairFace/val/10370.jpg,0.814519,1
/home/tr3x/Projects/glow-mark/datasets/FairFace/val/10371.jpg,0.720356,1
/home/tr3x/Projects/glow-mark/datasets/FairFace/val/10372.jpg,0.555406,0
/home/tr3x/Projects/glow-mark/datasets/FairFace/val/10373.jpg,0.757872,1
/home/tr3x/Projects/glow-mark/datasets/FairFace/val/10374.jpg,0.956154,1
/home/tr3x/Projects/glow-mark/datasets/FairFace/val/10375.jpg,0.801890,0
/home/tr3x/Projects/glow-mark/datasets/FairFace/val/10376.jpg,0.705082,1
/home/tr3x/Projects/glow-mark/datasets/FairFace/val/10377.jpg,0.772027,1
/home/tr3x/Projects/glow-mark/datasets/FairFace/val/10378.jpg,0.674724,0
/home/tr3x/Projects/glow-mark/datasets/FairFace/val/10379.jpg,0.957199,1
/home/tr3x/Projects/glow-mark/datasets/FairFace/val/1038.jpg,0.928640,1
/home/tr3x/Projects/glow-mark/datasets/FairFace/val/10380.jpg,0.702350,0
/home/tr3x/Projects/glow-mark/datasets/FairFace/val/10381.jpg,0.841205,0
/home/tr3x/Projects/glow-mark/datasets/FairFace/val/10382.jpg,0.752830,0
/home/tr3x/Projects/glow-mark/datasets/FairFace/val/10383.jpg,0.777032,1
/home/tr3x/Projects/glow-mark/datasets/FairFace/val/10384.jpg,0.843594,0
/home/tr3x/Projects/glow-mark/datasets/FairFace/val/10385.jpg,0.769681,0
/home/tr3x/Projects/glow-mark/datasets/FairFace/val/10386.jpg,0.835325,0
/home/tr3x/Projects/glow-mark/datasets/FairFace/val/10387.jpg,0.922903,0
/home/tr3x/Projects/glow-mark/datasets/FairFace/val/10388.jpg,0.863606,0
/home/tr3x/Projects/glow-mark/datasets/FairFace/val/10389.jpg,0.917563,0
/home/tr3x/Projects/glow-mark/datasets/FairFace/val/1039.jpg,0.830269,0
/home/tr3x/Projects/glow-mark/datasets/FairFace/val/10390.jpg,0.869403,0
/home/tr3x/Projects/glow-mark/datasets/FairFace/val/10391.jpg,0.863795,0
/home/tr3x/Projects/glow-mark/datasets/FairFace/val/10392.jpg,0.614100,0
/home/tr3x/Projects/glow-mark/datasets/FairFace/val/10393.jpg,0.875854,1
/home/tr3x/Projects/glow-mark/datasets/FairFace/val/10394.jpg,0.858520,1
/home/tr3x/Projects/glow-mark/datasets/FairFace/val/10395.jpg,0.818689,0
/home/tr3x/Projects/glow-mark/datasets/FairFace/val/10396.jpg,0.628789,1
/home/tr3x/Projects/glow-mark/datasets/FairFace/val/10397.jpg,0.909005,1
/home/tr3x/Projects/glow-mark/datasets/FairFace/val/10398.jpg,0.766856,1
/home/tr3x/Projects/glow-mark/datasets/FairFace/val/10399.jpg,0.910536,1
/home/tr3x/Projects/glow-mark/datasets/FairFace/val/104.jpg,0.727048,1
/home/tr3x/Projects/glow-mark/datasets/FairFace/val/1040.jpg,0.771525,0
/home/tr3x/Projects/glow-mark/datasets/FairFace/val/10400.jpg,0.448645,1
/home/tr3x/Projects/glow-mark/datasets/FairFace/val/10401.jpg,0.770452,0
/home/tr3x/Projects/glow-mark/datasets/FairFace/val/10402.jpg,0.949972,0
/home/tr3x/Projects/glow-mark/datasets/FairFace/val/10403.jpg,0.953763,1
/home/tr3x/Projects/glow-mark/datasets/FairFace/val/10404.jpg,0.600781,1
/home/tr3x/Projects/glow-mark/datasets/FairFace/val/10405.jpg,0.864745,1
/home/tr3x/Projects/glow-mark/datasets/FairFace/val/10406.jpg,0.888373,0
/home/tr3x/Projects/glow-mark/datasets/FairFace/val/10407.jpg,0.802135,0
/home/tr3x/Projects/glow-mark/datasets/FairFace/val/10408.jpg,0.688254,1
/home/tr3x/Projects/glow-mark/datasets/FairFace/val/10409.jpg,0.886932,0
/home/tr3x/Projects/glow-mark/datasets/FairFace/val/1041.jpg,0.800795,0
/home/tr3x/Projects/glow-mark/datasets/FairFace/val/10410.jpg,0.735755,0
/home/tr3x/Projects/glow-mark/datasets/FairFace/val/10411.jpg,0.699419,0
/home/tr3x/Projects/glow-mark/datasets/FairFace/val/10412.jpg,0.624038,0
/home/tr3x/Projects/glow-mark/datasets/FairFace/val/10413.jpg,0.888327,1
/home/tr3x/Projects/glow-mark/datasets/FairFace/val/10414.jpg,0.873004,1
/home/tr3x/Projects/glow-mark/datasets/FairFace/val/10415.jpg,0.649590,1
/home/tr3x/Projects/glow-mark/datasets/FairFace/val/10416.jpg,0.875417,0
/home/tr3x/Projects/glow-mark/datasets/FairFace/val/10417.jpg,0.707607,1
/home/tr3x/Projects/glow-mark/datasets/FairFace/val/10418.jpg,0.888575,1
/home/tr3x/Projects/glow-mark/datasets/FairFace/val/10419.jpg,0.635406,1
/home/tr3x/Projects/glow-mark/datasets/FairFace/val/1042.jpg,0.920162,1
/home/tr3x/Projects/glow-mark/datasets/FairFace/val/10420.jpg,0.886396,0
/home/tr3x/Projects/glow-mark/datasets/FairFace/val/10421.jpg,0.609707,0
/home/tr3x/Projects/glow-mark/datasets/FairFace/val/10422.jpg,0.835408,0
/home/tr3x/Projects/glow-mark/datasets/FairFace/val/10423.jpg,0.944774,1
/home/tr3x/Projects/glow-mark/datasets/FairFace/val/10424.jpg,0.893455,1
/home/tr3x/Projects/glow-mark/datasets/FairFace/val/10425.jpg,0.706059,1
/home/tr3x/Projects/glow-mark/datasets/FairFace/val/10426.jpg,0.911762,1
/home/tr3x/Projects/glow-mark/datasets/FairFace/val/10427.jpg,0.503828,1
/home/tr3x/Projects/glow-mark/datasets/FairFace/val/10428.jpg,0.810344,1
/home/tr3x/Projects/glow-mark/datasets/FairFace/val/10429.jpg,0.913956,1
/home/tr3x/Projects/glow-mark/datasets/FairFace/val/1043.jpg,0.968387,1
/home/tr3x/Projects/glow-mark/datasets/FairFace/val/10430.jpg,0.684579,1
/home/tr3x/Projects/glow-mark/datasets/FairFace/val/10431.jpg,0.311624,1
/home/tr3x/Projects/glow-mark/datasets/FairFace/val/10432.jpg,0.883781,1
/home/tr3x/Projects/glow-mark/datasets/FairFace/val/10433.jpg,0.897122,0
/home/tr3x/Projects/glow-mark/datasets/FairFace/val/10434.jpg,0.477176,0
/home/tr3x/Projects/glow-mark/datasets/FairFace/val/10435.jpg,0.888753,0
/home/tr3x/Projects/glow-mark/datasets/FairFace/val/10436.jpg,0.472892,1
/home/tr3x/Projects/glow-mark/datasets/FairFace/val/10437.jpg,0.937606,0
/home/tr3x/Projects/glow-mark/datasets/FairFace/val/10438.jpg,0.839682,0
/home/tr3x/Projects/glow-mark/datasets/FairFace/val/10439.jpg,0.892140,0
/home/tr3x/Projects/glow-mark/datasets/FairFace/val/1044.jpg,0.808039,1
/home/tr3x/Projects/glow-mark/datasets/FairFace/val/10440.jpg,0.943854,0
/home/tr3x/Projects/glow-mark/datasets/FairFace/val/10441.jpg,0.944804,1
/home/tr3x/Projects/glow-mark/datasets/FairFace/val/10442.jpg,0.624316,1
/home/tr3x/Projects/glow-mark/datasets/FairFace/val/10443.jpg,0.848952,0
/home/tr3x/Projects/glow-mark/datasets/FairFace/val/10444.jpg,0.943946,1
/home/tr3x/Projects/glow-mark/datasets/FairFace/val/10445.jpg,0.768396,0
/home/tr3x/Projects/glow-mark/datasets/FairFace/val/10446.jpg,0.258395,1
/home/tr3x/Projects/glow-mark/datasets/FairFace/val/10447.jpg,0.896275,1
/home/tr3x/Projects/glow-mark/datasets/FairFace/val/10448.jpg,0.835415,0
/home/tr3x/Projects/glow-mark/datasets/FairFace/val/10449.jpg,0.643124,0
/home/tr3x/Projects/glow-mark/datasets/FairFace/val/1045.jpg,0.571192,0
/home/tr3x/Projects/glow-mark/datasets/FairFace/val/10450.jpg,0.858992,1
/home/tr3x/Projects/glow-mark/datasets/FairFace/val/10451.jpg,0.819732,0
/home/tr3x/Projects/glow-mark/datasets/FairFace/val/10452.jpg,0.907167,0
/home/tr3x/Projects/glow-mark/datasets/FairFace/val/10453.jpg,0.799853,0
/home/tr3x/Projects/glow-mark/datasets/FairFace/val/10454.jpg,0.598679,1
/home/tr3x/Projects/glow-mark/datasets/FairFace/val/10455.jpg,0.946613,1
/home/tr3x/Projects/glow-mark/datasets/FairFace/val/10456.jpg,0.870758,1
/home/tr3x/Projects/glow-mark/datasets/FairFace/val/10457.jpg,0.849829,1
/home/tr3x/Projects/glow-mark/datasets/FairFace/val/10458.jpg,0.670754,1
/home/tr3x/Projects/glow-mark/datasets/FairFace/val/10459.jpg,0.612640,1
/home/tr3x/Projects/glow-mark/datasets/FairFace/val/1046.jpg,0.757331,1
/home/tr3x/Projects/glow-mark/datasets/FairFace/val/10460.jpg,0.895112,1
/home/tr3x/Projects/glow-mark/datasets/FairFace/val/10461.jpg,0.910291,0
/home/tr3x/Projects/glow-mark/datasets/FairFace/val/10462.jpg,0.860909,1
/home/tr3x/Projects/glow-mark/datasets/FairFace/val/10463.jpg,0.915149,1
/home/tr3x/Projects/glow-mark/datasets/FairFace/val/10464.jpg,0.738400,0
/home/tr3x/Projects/glow-mark/datasets/FairFace/val/10465.jpg,0.755418,0
/home/tr3x/Projects/glow-mark/datasets/FairFace/val/10466.jpg,0.835985,1
/home/tr3x/Projects/glow-mark/datasets/FairFace/val/10467.jpg,0.896712,0
/home/tr3x/Projects/glow-mark/datasets/FairFace/val/10468.jpg,0.935794,0
/home/tr3x/Projects/glow-mark/datasets/FairFace/val/10469.jpg,0.861977,1
/home/tr3x/Projects/glow-mark/datasets/FairFace/val/1047.jpg,0.727305,0
/home/tr3x/Projects/glow-mark/datasets/FairFace/val/10470.jpg,0.896268,1
/home/tr3x/Projects/glow-mark/datasets/FairFace/val/10471.jpg,0.582778,1
/home/tr3x/Projects/glow-mark/datasets/FairFace/val/10472.jpg,0.623443,0
/home/tr3x/Projects/glow-mark/datasets/FairFace/val/10473.jpg,0.852426,1
/home/tr3x/Projects/glow-mark/datasets/FairFace/val/10474.jpg,0.796678,0
/home/tr3x/Projects/glow-mark/datasets/FairFace/val/10475.jpg,0.700413,0
/home/tr3x/Projects/glow-mark/datasets/FairFace/val/10476.jpg,0.655185,0
/home/tr3x/Projects/glow-mark/datasets/FairFace/val/10477.jpg,0.832862,0
/home/tr3x/Projects/glow-mark/datasets/FairFace/val/10478.jpg,0.926269,1
/home/tr3x/Projects/glow-mark/datasets/FairFace/val/10479.jpg,0.886203,1
/home/tr3x/Projects/glow-mark/datasets/FairFace/val/1048.jpg,0.765667,0
/home/tr3x/Projects/glow-mark/datasets/FairFace/val/10480.jpg,0.930848,0
/home/tr3x/Projects/glow-mark/datasets/FairFace/val/10481.jpg,0.410267,1
/home/tr3x/Projects/glow-mark/datasets/FairFace/val/10482.jpg,0.914257,1
/home/tr3x/Projects/glow-mark/datasets/FairFace/val/10483.jpg,0.868447,1
/home/tr3x/Projects/glow-mark/datasets/FairFace/val/10484.jpg,0.853736,0
/home/tr3x/Projects/glow-mark/datasets/FairFace/val/10485.jpg,0.956682,1
/home/tr3x/Projects/glow-mark/datasets/FairFace/val/10486.jpg,0.525754,0
/home/tr3x/Projects/glow-mark/datasets/FairFace/val/10487.jpg,0.952247,1
/home/tr3x/Projects/glow-mark/datasets/FairFace/val/10488.jpg,0.465016,0
/home/tr3x/Projects/glow-mark/datasets/FairFace/val/10489.jpg,0.876812,1
/home/tr3x/Projects/glow-mark/datasets/FairFace/val/1049.jpg,0.755882,1
/home/tr3x/Projects/glow-mark/datasets/FairFace/val/10490.jpg,0.858182,1
/home/tr3x/Projects/glow-mark/datasets/FairFace/val/10491.jpg,0.890936,1
/home/tr3x/Projects/glow-mark/datasets/FairFace/val/10492.jpg,0.720494,1
/home/tr3x/Projects/glow-mark/datasets/FairFace/val/10493.jpg,0.707289,1
/home/tr3x/Projects/glow-mark/datasets/FairFace/val/10494.jpg,0.794236,1
/home/tr3x/Projects/glow-mark/datasets/FairFace/val/10495.jpg,0.851272,1
/home/tr3x/Projects/glow-mark/datasets/FairFace/val/10496.jpg,0.950735,0
/home/tr3x/Projects/glow-mark/datasets/FairFace/val/10497.jpg,0.946448,1
/home/tr3x/Projects/glow-mark/datasets/FairFace/val/10498.jpg,0.783944,0
/home/tr3x/Projects/glow-mark/datasets/FairFace/val/10499.jpg,0.871223,1
/home/tr3x/Projects/glow-mark/datasets/FairFace/val/105.jpg,0.714558,0
/home/tr3x/Projects/glow-mark/datasets/FairFace/val/1050.jpg,0.953943,1
/home/tr3x/Projects/glow-mark/datasets/FairFace/val/10500.jpg,0.666298,0
/home/tr3x/Projects/glow-mark/datasets/FairFace/val/10501.jpg,0.767382,0
/home/tr3x/Projects/glow-mark/datasets/FairFace/val/10502.jpg,0.459942,0
/home/tr3x/Projects/glow-mark/datasets/FairFace/val/10503.jpg,0.924681,1
/home/tr3x/Projects/glow-mark/datasets/FairFace/val/10504.jpg,0.782635,1
/home/tr3x/Projects/glow-mark/datasets/FairFace/val/10505.jpg,0.782750,1
/home/tr3x/Projects/glow-mark/datasets/FairFace/val/10506.jpg,0.927347,0
/home/tr3x/Projects/glow-mark/datasets/FairFace/val/10507.jpg,0.843739,1
/home/tr3x/Projects/glow-mark/datasets/FairFace/val/10508.jpg,0.857964,0
/home/tr3x/Projects/glow-mark/datasets/FairFace/val/10509.jpg,0.929891,0
/home/tr3x/Projects/glow-mark/datasets/FairFace/val/1051.jpg,0.819070,1
/home/tr3x/Projects/glow-mark/datasets/FairFace/val/10510.jpg,0.950981,1
/home/tr3x/Projects/glow-mark/datasets/FairFace/val/10511.jpg,0.941891,1
/home/tr3x/Projects/glow-mark/datasets/FairFace/val/10512.jpg,0.972665,0
/home/tr3x/Projects/glow-mark/datasets/FairFace/val/10513.jpg,0.938455,1
/home/tr3x/Projects/glow-mark/datasets/FairFace/val/10514.jpg,0.947222,0
/home/tr3x/Projects/glow-mark/datasets/FairFace/val/10515.jpg,0.892935,1
/home/tr3x/Projects/glow-mark/datasets/FairFace/val/10516.jpg,0.588696,1
/home/tr3x/Projects/glow-mark/datasets/FairFace/val/10517.jpg,0.937017,1
/home/tr3x/Projects/glow-mark/datasets/FairFace/val/10518.jpg,0.882362,0
/home/tr3x/Projects/glow-mark/datasets/FairFace/val/10519.jpg,0.847082,1
/home/tr3x/Projects/glow-mark/datasets/FairFace/val/1052.jpg,0.857014,0
/home/tr3x/Projects/glow-mark/datasets/FairFace/val/10520.jpg,0.655377,0
/home/tr3x/Projects/glow-mark/datasets/FairFace/val/10521.jpg,0.871248,1
/home/tr3x/Projects/glow-mark/datasets/FairFace/val/10522.jpg,0.696743,0
/home/tr3x/Projects/glow-mark/datasets/FairFace/val/10523.jpg,0.940324,1
/home/tr3x/Projects/glow-mark/datasets/FairFace/val/10524.jpg,0.858762,0
/home/tr3x/Projects/glow-mark/datasets/FairFace/val/10525.jpg,0.837755,1
/home/tr3x/Projects/glow-mark/datasets/FairFace/val/10526.jpg,0.501592,1
/home/tr3x/Projects/glow-mark/datasets/FairFace/val/10527.jpg,0.839579,1
/home/tr3x/Projects/glow-mark/datasets/FairFace/val/10528.jpg,0.773389,0
/home/tr3x/Projects/glow-mark/datasets/FairFace/val/10529.jpg,0.934069,0
/home/tr3x/Projects/glow-mark/datasets/FairFace/val/1053.jpg,0.909468,0
/home/tr3x/Projects/glow-mark/datasets/FairFace/val/10530.jpg,0.845952,1
/home/tr3x/Projects/glow-mark/datasets/FairFace/val/10531.jpg,0.783167,1
/home/tr3x/Projects/glow-mark/datasets/FairFace/val/10532.jpg,0.785852,0
/home/tr3x/Projects/glow-mark/datasets/FairFace/val/10533.jpg,0.702574,0
/home/tr3x/Projects/glow-mark/datasets/FairFace/val/10534.jpg,0.811430,0
/home/tr3x/Projects/glow-mark/datasets/FairFace/val/10535.jpg,0.270495,1
/home/tr3x/Projects/glow-mark/datasets/FairFace/val/10536.jpg,0.488708,0
/home/tr3x/Projects/glow-mark/datasets/FairFace/val/10537.jpg,0.799987,0
/home/tr3x/Projects/glow-mark/datasets/FairFace/val/10538.jpg,0.790307,0
/home/tr3x/Projects/glow-mark/datasets/FairFace/val/10539.jpg,0.924005,1
/home/tr3x/Projects/glow-mark/datasets/FairFace/val/1054.jpg,0.805530,0
/home/tr3x/Projects/glow-mark/datasets/FairFace/val/10540.jpg,0.895384,1
/home/tr3x/Projects/glow-mark/datasets/FairFace/val/10541.jpg,0.672284,0
/home/tr3x/Projects/glow-mark/datasets/FairFace/val/10542.jpg,0.853058,0
/home/tr3x/Projects/glow-mark/datasets/FairFace/val/10543.jpg,0.753241,1
/home/tr3x/Projects/glow-mark/datasets/FairFace/val/10544.jpg,0.869416,1
/home/tr3x/Projects/glow-mark/datasets/FairFace/val/10545.jpg,0.902704,1
/home/tr3x/Projects/glow-mark/datasets/FairFace/val/10546.jpg,0.744166,1
/home/tr3x/Projects/glow-mark/datasets/FairFace/val/10547.jpg,0.766192,1
/home/tr3x/Projects/glow-mark/datasets/FairFace/val/10548.jpg,0.937834,1
/home/tr3x/Projects/glow-mark/datasets/FairFace/val/10549.jpg,0.801168,0
/home/tr3x/Projects/glow-mark/datasets/FairFace/val/1055.jpg,0.742643,1
/home/tr3x/Projects/glow-mark/datasets/FairFace/val/10550.jpg,0.755206,1
/home/tr3x/Projects/glow-mark/datasets/FairFace/val/10551.jpg,0.747817,1
/home/tr3x/Projects/glow-mark/datasets/FairFace/val/10552.jpg,0.896279,0
/home/tr3x/Projects/glow-mark/datasets/FairFace/val/10553.jpg,0.521496,1
/home/tr3x/Projects/glow-mark/datasets/FairFace/val/10554.jpg,0.911562,1
/home/tr3x/Projects/glow-mark/datasets/FairFace/val/10555.jpg,0.861616,1
/home/tr3x/Projects/glow-mark/datasets/FairFace/val/10556.jpg,0.572176,0
/home/tr3x/Projects/glow-mark/datasets/FairFace/val/10557.jpg,0.891466,1
/home/tr3x/Projects/glow-mark/datasets/FairFace/val/10558.jpg,0.870302,0
/home/tr3x/Projects/glow-mark/datasets/FairFace/val/10559.jpg,0.831758,1
/home/tr3x/Projects/glow-mark/datasets/FairFace/val/1056.jpg,0.341802,0
/home/tr3x/Projects/glow-mark/datasets/FairFace/val/10560.jpg,0.870075,1
/home/tr3x/Projects/glow-mark/datasets/FairFace/val/10561.jpg,0.919521,1
/home/tr3x/Projects/glow-mark/datasets/FairFace/val/10562.jpg,0.869809,1
/home/tr3x/Projects/glow-mark/datasets/FairFace/val/10563.jpg,0.727779,0
/home/tr3x/Projects/glow-mark/datasets/FairFace/val/10564.jpg,0.762788,1
/home/tr3x/Projects/glow-mark/datasets/FairFace/val/10565.jpg,0.920231,1
/home/tr3x/Projects/glow-mark/datasets/FairFace/val/10566.jpg,0.639213,1
/home/tr3x/Projects/glow-mark/datasets/FairFace/val/10567.jpg,0.558560,0
/home/tr3x/Projects/glow-mark/datasets/FairFace/val/10568.jpg,0.864801,1
/home/tr3x/Projects/glow-mark/datasets/FairFace/val/10569.jpg,0.440817,1
/home/tr3x/Projects/glow-mark/datasets/FairFace/val/1057.jpg,0.824915,1
/home/tr3x/Projects/glow-mark/datasets/FairFace/val/10570.jpg,0.859206,0
/home/tr3x/Projects/glow-mark/datasets/FairFace/val/10571.jpg,0.845717,0
/home/tr3x/Projects/glow-mark/datasets/FairFace/val/10572.jpg,0.933605,1
/home/tr3x/Projects/glow-mark/datasets/FairFace/val/10573.jpg,0.281152,0
/home/tr3x/Projects/glow-mark/datasets/FairFace/val/10574.jpg,0.878200,1
/home/tr3x/Projects/glow-mark/datasets/FairFace/val/10575.jpg,0.856627,0
/home/tr3x/Projects/glow-mark/datasets/FairFace/val/10576.jpg,0.946232,1
/home/tr3x/Projects/glow-mark/datasets/FairFace/val/10577.jpg,0.756118,1
/home/tr3x/Projects/glow-mark/datasets/FairFace/val/10578.jpg,0.938155,1
/home/tr3x/Projects/glow-mark/datasets/FairFace/val/10579.jpg,0.902415,1
/home/tr3x/Projects/glow-mark/datasets/FairFace/val/1058.jpg,0.278159,1
/home/tr3x/Projects/glow-mark/datasets/FairFace/val/10580.jpg,0.935709,1
/home/tr3x/Projects/glow-mark/datasets/FairFace/val/10581.jpg,0.925712,1
/home/tr3x/Projects/glow-mark/datasets/FairFace/val/10582.jpg,0.928766,1
/home/tr3x/Projects/glow-mark/datasets/FairFace/val/10583.jpg,0.799386,1
/home/tr3x/Projects/glow-mark/datasets/FairFace/val/10584.jpg,0.790567,0
/home/tr3x/Projects/glow-mark/datasets/FairFace/val/10585.jpg,0.822364,1
/home/tr3x/Projects/glow-mark/datasets/FairFace/val/10586.jpg,0.581768,0
/home/tr3x/Projects/glow-mark/datasets/FairFace/val/10587.jpg,0.581670,1
/home/tr3x/Projects/glow-mark/datasets/FairFace/val/10588.jpg,0.604022,1
/home/tr3x/Projects/glow-mark/datasets/FairFace/val/10589.jpg,0.868428,1
/home/tr3x/Projects/glow-mark/datasets/FairFace/val/1059.jpg,0.911611,1
/home/tr3x/Projects/glow-mark/datasets/FairFace/val/10590.jpg,0.752766,0
/home/tr3x/Projects/glow-mark/datasets/FairFace/val/10591.jpg,0.915584,1
/home/tr3x/Projects/glow-mark/datasets/FairFace/val/10592.jpg,0.902417,0
/home/tr3x/Projects/glow-mark/datasets/FairFace/val/10593.jpg,0.566610,1
/home/tr3x/Projects/glow-mark/datasets/FairFace/val/10594.jpg,0.863366,1
/home/tr3x/Projects/glow-mark/datasets/FairFace/val/10595.jpg,0.568505,0
/home/tr3x/Projects/glow-mark/datasets/FairFace/val/10596.jpg,0.957368,0
/home/tr3x/Projects/glow-mark/datasets/FairFace/val/10597.jpg,0.926306,0
/home/tr3x/Projects/glow-mark/datasets/FairFace/val/10598.jpg,0.927196,0
/home/tr3x/Projects/glow-mark/datasets/FairFace/val/10599.jpg,0.932835,1
/home/tr3x/Projects/glow-mark/datasets/FairFace/val/106.jpg,0.696657,1
/home/tr3x/Projects/glow-mark/datasets/FairFace/val/1060.jpg,0.808059,1
/home/tr3x/Projects/glow-mark/datasets/FairFace/val/10600.jpg,0.922550,1
/home/tr3x/Projects/glow-mark/datasets/FairFace/val/10601.jpg,0.782363,0
/home/tr3x/Projects/glow-mark/datasets/FairFace/val/10602.jpg,0.702859,0
/home/tr3x/Projects/glow-mark/datasets/FairFace/val/10603.jpg,0.678370,1
/home/tr3x/Projects/glow-mark/datasets/FairFace/val/10604.jpg,0.582628,1
/home/tr3x/Projects/glow-mark/datasets/FairFace/val/10605.jpg,0.934261,0
/home/tr3x/Projects/glow-mark/datasets/FairFace/val/10606.jpg,0.709360,1
/home/tr3x/Projects/glow-mark/datasets/FairFace/val/10607.jpg,0.957671,1
/home/tr3x/Projects/glow-mark/datasets/FairFace/val/10608.jpg,0.762903,0
/home/tr3x/Projects/glow-mark/datasets/FairFace/val/10609.jpg,0.753358,1
/home/tr3x/Projects/glow-mark/datasets/FairFace/val/1061.jpg,0.874877,1
/home/tr3x/Projects/glow-mark/datasets/FairFace/val/10610.jpg,0.862165,0
/home/tr3x/Projects/glow-mark/datasets/FairFace/val/10611.jpg,0.939313,0
/home/tr3x/Projects/glow-mark/datasets/FairFace/val/10612.jpg,0.852641,1
/home/tr3x/Projects/glow-mark/datasets/FairFace/val/10613.jpg,0.913783,1
/home/tr3x/Projects/glow-mark/datasets/FairFace/val/10614.jpg,0.567287,0
/home/tr3x/Projects/glow-mark/datasets/FairFace/val/10615.jpg,0.714175,1
/home/tr3x/Projects/glow-mark/datasets/FairFace/val/10616.jpg,0.840320,0
/home/tr3x/Projects/glow-mark/datasets/FairFace/val/10617.jpg,0.762062,1
/home/tr3x/Projects/glow-mark/datasets/FairFace/val/10618.jpg,0.760291,1
/home/tr3x/Projects/glow-mark/datasets/FairFace/val/10619.jpg,0.726846,0
/home/tr3x/Projects/glow-mark/datasets/FairFace/val/1062.jpg,0.950232,0
/home/tr3x/Projects/glow-mark/datasets/FairFace/val/10620.jpg,0.786502,0
/home/tr3x/Projects/glow-mark/datasets/FairFace/val/10621.jpg,0.807911,0
/home/tr3x/Projects/glow-mark/datasets/FairFace/val/10622.jpg,0.720333,0
/home/tr3x/Projects/glow-mark/datasets/FairFace/val/10623.jpg,0.666571,0
/home/tr3x/Projects/glow-mark/datasets/FairFace/val/10624.jpg,0.916570,1
/home/tr3x/Projects/glow-mark/datasets/FairFace/val/10625.jpg,0.851923,1
/home/tr3x/Projects/glow-mark/datasets/FairFace/val/10626.jpg,0.948004,1
/home/tr3x/Projects/glow-mark/datasets/FairFace/val/10627.jpg,0.946681,0
/home/tr3x/Projects/glow-mark/datasets/FairFace/val/10628.jpg,0.816183,0
/home/tr3x/Projects/glow-mark/datasets/FairFace/val/10629.jpg,0.928321,1
/home/tr3x/Projects/glow-mark/datasets/FairFace/val/1063.jpg,0.003113,1
/home/tr3x/Projects/glow-mark/datasets/FairFace/val/10630.jpg,0.846325,1
/home/tr3x/Projects/glow-mark/datasets/FairFace/val/10631.jpg,0.307375,0
/home/tr3x/Projects/glow-mark/datasets/FairFace/val/10632.jpg,0.847177,0
/home/tr3x/Projects/glow-mark/datasets/FairFace/val/10633.jpg,0.836917,1
/home/tr3x/Projects/glow-mark/datasets/FairFace/val/10634.jpg,0.925360,1
/home/tr3x/Projects/glow-mark/datasets/FairFace/val/10635.jpg,0.809687,1
/home/tr3x/Projects/glow-mark/datasets/FairFace/val/10636.jpg,0.687826,0
/home/tr3x/Projects/glow-mark/datasets/FairFace/val/10637.jpg,0.834541,1
/home/tr3x/Projects/glow-mark/datasets/FairFace/val/10638.jpg,0.954488,1
/home/tr3x/Projects/glow-mark/datasets/FairFace/val/10639.jpg,0.917067,1
/home/tr3x/Projects/glow-mark/datasets/FairFace/val/1064.jpg,0.912419,1
/home/tr3x/Projects/glow-mark/datasets/FairFace/val/10640.jpg,0.737496,1
/home/tr3x/Projects/glow-mark/datasets/FairFace/val/10641.jpg,0.794531,1
/home/tr3x/Projects/glow-mark/datasets/FairFace/val/10642.jpg,0.746923,1
/home/tr3x/Projects/glow-mark/datasets/FairFace/val/10643.jpg,0.577664,1
/home/tr3x/Projects/glow-mark/datasets/FairFace/val/10644.jpg,0.825798,0
/home/tr3x/Projects/glow-mark/datasets/FairFace/val/10645.jpg,0.861310,1
/home/tr3x/Projects/glow-mark/datasets/FairFace/val/10646.jpg,0.921932,1
/home/tr3x/Projects/glow-mark/datasets/FairFace/val/10647.jpg,0.906770,1
/home/tr3x/Projects/glow-mark/datasets/FairFace/val/10648.jpg,0.908899,1
/home/tr3x/Projects/glow-mark/datasets/FairFace/val/10649.jpg,0.833299,0
/home/tr3x/Projects/glow-mark/datasets/FairFace/val/1065.jpg,0.886207,0
/home/tr3x/Projects/glow-mark/datasets/FairFace/val/10650.jpg,0.897995,1
/home/tr3x/Projects/glow-mark/datasets/FairFace/val/10651.jpg,0.714018,0
/home/tr3x/Projects/glow-mark/datasets/FairFace/val/10652.jpg,0.857525,1
/home/tr3x/Projects/glow-mark/datasets/FairFace/val/10653.jpg,0.945356,1
/home/tr3x/Projects/glow-mark/datasets/FairFace/val/10654.jpg,0.901536,0
/home/tr3x/Projects/glow-mark/datasets/FairFace/val/10655.jpg,0.870981,0
/home/tr3x/Projects/glow-mark/datasets/FairFace/val/10656.jpg,0.787753,1
/home/tr3x/Projects/glow-mark/datasets/FairFace/val/10657.jpg,0.944315,1
/home/tr3x/Projects/glow-mark/datasets/FairFace/val/10658.jpg,0.813750,0
/home/tr3x/Projects/glow-mark/datasets/FairFace/val/10659.jpg,0.792909,1
/home/tr3x/Projects/glow-mark/datasets/FairFace/val/1066.jpg,0.355634,0
/home/tr3x/Projects/glow-mark/datasets/FairFace/val/10660.jpg,0.549882,1
/home/tr3x/Projects/glow-mark/datasets/FairFace/val/10661.jpg,0.864893,0
/home/tr3x/Projects/glow-mark/datasets/FairFace/val/10662.jpg,0.963241,1
/home/tr3x/Projects/glow-mark/datasets/FairFace/val/10663.jpg,0.873870,1
/home/tr3x/Projects/glow-mark/datasets/FairFace/val/10664.jpg,0.904267,1
/home/tr3x/Projects/glow-mark/datasets/FairFace/val/10665.jpg,0.775670,1
/home/tr3x/Projects/glow-mark/datasets/FairFace/val/10666.jpg,0.813752,0
/home/tr3x/Projects/glow-mark/datasets/FairFace/val/10667.jpg,0.850695,0
/home/tr3x/Projects/glow-mark/datasets/FairFace/val/10668.jpg,0.972986,1
/home/tr3x/Projects/glow-mark/datasets/FairFace/val/10669.jpg,0.977199,0
/home/tr3x/Projects/glow-mark/datasets/FairFace/val/1067.jpg,0.884772,0
/home/tr3x/Projects/glow-mark/datasets/FairFace/val/10670.jpg,0.631965,0
/home/tr3x/Projects/glow-mark/datasets/FairFace/val/10671.jpg,0.969487,1
/home/tr3x/Projects/glow-mark/datasets/FairFace/val/10672.jpg,0.938450,1
/home/tr3x/Projects/glow-mark/datasets/FairFace/val/10673.jpg,0.832341,0
/home/tr3x/Projects/glow-mark/datasets/FairFace/val/10674.jpg,0.711276,0
/home/tr3x/Projects/glow-mark/datasets/FairFace/val/10675.jpg,0.872530,1
/home/tr3x/Projects/glow-mark/datasets/FairFace/val/10676.jpg,0.902314,1
/home/tr3x/Projects/glow-mark/datasets/FairFace/val/10677.jpg,0.609694,0
/home/tr3x/Projects/glow-mark/datasets/FairFace/val/10678.jpg,0.898761,1
/home/tr3x/Projects/glow-mark/datasets/FairFace/val/10679.jpg,0.596460,0
/home/tr3x/Projects/glow-mark/datasets/FairFace/val/1068.jpg,0.470954,0
/home/tr3x/Projects/glow-mark/datasets/FairFace/val/10680.jpg,0.919902,0
/home/tr3x/Projects/glow-mark/datasets/FairFace/val/10681.jpg,0.815882,0
/home/tr3x/Projects/glow-mark/datasets/FairFace/val/10682.jpg,0.783080,1
/home/tr3x/Projects/glow-mark/datasets/FairFace/val/10683.jpg,0.833545,0
/home/tr3x/Projects/glow-mark/datasets/FairFace/val/10684.jpg,0.819053,1
/home/tr3x/Projects/glow-mark/datasets/FairFace/val/10685.jpg,0.848461,0
/home/tr3x/Projects/glow-mark/datasets/FairFace/val/10686.jpg,0.876853,0
/home/tr3x/Projects/glow-mark/datasets/FairFace/val/10687.jpg,0.887775,1
/home/tr3x/Projects/glow-mark/datasets/FairFace/val/10688.jpg,0.925585,1
/home/tr3x/Projects/glow-mark/datasets/FairFace/val/10689.jpg,0.788931,1
/home/tr3x/Projects/glow-mark/datasets/FairFace/val/1069.jpg,0.701591,0
/home/tr3x/Projects/glow-mark/datasets/FairFace/val/10690.jpg,0.143962,0
/home/tr3x/Projects/glow-mark/datasets/FairFace/val/10691.jpg,0.794081,1
/home/tr3x/Projects/glow-mark/datasets/FairFace/val/10692.jpg,0.422383,1
/home/tr3x/Projects/glow-mark/datasets/FairFace/val/10693.jpg,0.887078,1
/home/tr3x/Projects/glow-mark/datasets/FairFace/val/10694.jpg,0.853378,1
/home/tr3x/Projects/glow-mark/datasets/FairFace/val/10695.jpg,0.829194,1
/home/tr3x/Projects/glow-mark/datasets/FairFace/val/10696.jpg,0.781856,1
/home/tr3x/Projects/glow-mark/datasets/FairFace/val/10697.jpg,0.793614,1
/home/tr3x/Projects/glow-mark/datasets/FairFace/val/10698.jpg,0.444104,1
/home/tr3x/Projects/glow-mark/datasets/FairFace/val/10699.jpg,0.797557,0
/home/tr3x/Projects/glow-mark/datasets/FairFace/val/107.jpg,0.827788,1
/home/tr3x/Projects/glow-mark/datasets/FairFace/val/1070.jpg,0.816989,1
/home/tr3x/Projects/glow-mark/datasets/FairFace/val/10700.jpg,0.799604,0
/home/tr3x/Projects/glow-mark/datasets/FairFace/val/10701.jpg,0.757785,1
/home/tr3x/Projects/glow-mark/datasets/FairFace/val/10702.jpg,0.677548,1
/home/tr3x/Projects/glow-mark/datasets/FairFace/val/10703.jpg,0.930279,1
/home/tr3x/Projects/glow-mark/datasets/FairFace/val/10704.jpg,0.489054,0
/home/tr3x/Projects/glow-mark/datasets/FairFace/val/10705.jpg,0.793466,0
/home/tr3x/Projects/glow-mark/datasets/FairFace/val/10706.jpg,0.895747,0
/home/tr3x/Projects/glow-mark/datasets/FairFace/val/10707.jpg,0.745517,1
/home/tr3x/Projects/glow-mark/datasets/FairFace/val/10708.jpg,0.735096,1
/home/tr3x/Projects/glow-mark/datasets/FairFace/val/10709.jpg,0.721347,0
/home/tr3x/Projects/glow-mark/datasets/FairFace/val/1071.jpg,0.946773,1
/home/tr3x/Projects/glow-mark/datasets/FairFace/val/10710.jpg,0.872259,0
/home/tr3x/Projects/glow-mark/datasets/FairFace/val/10711.jpg,0.962934,1
/home/tr3x/Projects/glow-mark/datasets/FairFace/val/10712.jpg,0.939540,1
/home/tr3x/Projects/glow-mark/datasets/FairFace/val/10713.jpg,0.964705,1
/home/tr3x/Projects/glow-mark/datasets/FairFace/val/10714.jpg,0.863628,1
/home/tr3x/Projects/glow-mark/datasets/FairFace/val/10715.jpg,0.766624,0
/home/tr3x/Projects/glow-mark/datasets/FairFace/val/10716.jpg,0.802009,0
/home/tr3x/Projects/glow-mark/datasets/FairFace/val/10717.jpg,0.921306,0
/home/tr3x/Projects/glow-mark/datasets/FairFace/val/10718.jpg,0.538141,0
/home/tr3x/Projects/glow-mark/datasets/FairFace/val/10719.jpg,0.809614,0
/home/tr3x/Projects/glow-mark/datasets/FairFace/val/1072.jpg,0.915909,1
/home/tr3x/Projects/glow-mark/datasets/FairFace/val/10720.jpg,0.877519,0
/home/tr3x/Projects/glow-mark/datasets/FairFace/val/10721.jpg,0.789710,1
/home/tr3x/Projects/glow-mark/datasets/FairFace/val/10722.jpg,0.739116,0
/home/tr3x/Projects/glow-mark/datasets/FairFace/val/10723.jpg,0.829832,1
/home/tr3x/Projects/glow-mark/datasets/FairFace/val/10724.jpg,0.712002,0
/home/tr3x/Projects/glow-mark/datasets/FairFace/val/10725.jpg,0.760430,0
/home/tr3x/Projects/glow-mark/datasets/FairFace/val/10726.jpg,0.950229,1
/home/tr3x/Projects/glow-mark/datasets/FairFace/val/10727.jpg,0.675598,0
/home/tr3x/Projects/glow-mark/datasets/FairFace/val/10728.jpg,0.936121,1
/home/tr3x/Projects/glow-mark/datasets/FairFace/val/10729.jpg,0.864527,0
/home/tr3x/Projects/glow-mark/datasets/FairFace/val/1073.jpg,0.879191,1
/home/tr3x/Projects/glow-mark/datasets/FairFace/val/10730.jpg,0.599115,1
/home/tr3x/Projects/glow-mark/datasets/FairFace/val/10731.jpg,0.924884,1
/home/tr3x/Projects/glow-mark/datasets/FairFace/val/10732.jpg,0.824513,0
/home/tr3x/Projects/glow-mark/datasets/FairFace/val/10733.jpg,0.915622,1
/home/tr3x/Projects/glow-mark/datasets/FairFace/val/10734.jpg,0.847353,0
/home/tr3x/Projects/glow-mark/datasets/FairFace/val/10735.jpg,0.855834,0
/home/tr3x/Projects/glow-mark/datasets/FairFace/val/10736.jpg,0.454630,1
/home/tr3x/Projects/glow-mark/datasets/FairFace/val/10737.jpg,0.779407,1
/home/tr3x/Projects/glow-mark/datasets/FairFace/val/10738.jpg,0.766233,0
/home/tr3x/Projects/glow-mark/datasets/FairFace/val/10739.jpg,0.563380,1
/home/tr3x/Projects/glow-mark/datasets/FairFace/val/1074.jpg,0.913705,0
/home/tr3x/Projects/glow-mark/datasets/FairFace/val/10740.jpg,0.838895,1
/home/tr3x/Projects/glow-mark/datasets/FairFace/val/10741.jpg,0.886154,1
/home/tr3x/Projects/glow-mark/datasets/FairFace/val/10742.jpg,0.738748,0
/home/tr3x/Projects/glow-mark/datasets/FairFace/val/10743.jpg,0.467043,0
/home/tr3x/Projects/glow-mark/datasets/FairFace/val/10744.jpg,0.827870,0
/home/tr3x/Projects/glow-mark/datasets/FairFace/val/10745.jpg,0.942127,0
/home/tr3x/Projects/glow-mark/datasets/FairFace/val/10746.jpg,0.898282,0
/home/tr3x/Projects/glow-mark/datasets/FairFace/val/10747.jpg,0.660228,0
/home/tr3x/Projects/glow-mark/datasets/FairFace/val/10748.jpg,0.955040,1
/home/tr3x/Projects/glow-mark/datasets/FairFace/val/10749.jpg,0.632953,1
/home/tr3x/Projects/glow-mark/datasets/FairFace/val/1075.jpg,0.907968,0
/home/tr3x/Projects/glow-mark/datasets/FairFace/val/10750.jpg,0.705209,0
/home/tr3x/Projects/glow-mark/datasets/FairFace/val/10751.jpg,0.955641,0
/home/tr3x/Projects/glow-mark/datasets/FairFace/val/10752.jpg,0.750826,0
/home/tr3x/Projects/glow-mark/datasets/FairFace/val/10753.jpg,0.735211,0
/home/tr3x/Projects/glow-mark/datasets/FairFace/val/10754.jpg,0.949531,1
/home/tr3x/Projects/glow-mark/datasets/FairFace/val/10755.jpg,0.861438,1
/home/tr3x/Projects/glow-mark/datasets/FairFace/val/10756.jpg,0.828339,0
/home/tr3x/Projects/glow-mark/datasets/FairFace/val/10757.jpg,0.817189,0
/home/tr3x/Projects/glow-mark/datasets/FairFace/val/10758.jpg,0.932778,0
/home/tr3x/Projects/glow-mark/datasets/FairFace/val/10759.jpg,0.696459,1
/home/tr3x/Projects/glow-mark/datasets/FairFace/val/1076.jpg,0.842984,1
/home/tr3x/Projects/glow-mark/datasets/FairFace/val/10760.jpg,0.909308,0
/home/tr3x/Projects/glow-mark/datasets/FairFace/val/10761.jpg,0.894134,0
/home/tr3x/Projects/glow-mark/datasets/FairFace/val/10762.jpg,0.897795,0
/home/tr3x/Projects/glow-mark/datasets/FairFace/val/10763.jpg,0.866580,1
/home/tr3x/Projects/glow-mark/datasets/FairFace/val/10764.jpg,0.856487,0
/home/tr3x/Projects/glow-mark/datasets/FairFace/val/10765.jpg,0.927170,1
/home/tr3x/Projects/glow-mark/datasets/FairFace/val/10766.jpg,0.894111,1
/home/tr3x/Projects/glow-mark/datasets/FairFace/val/10767.jpg,0.737000,1
/home/tr3x/Projects/glow-mark/datasets/FairFace/val/10768.jpg,0.922576,1
/home/tr3x/Projects/glow-mark/datasets/FairFace/val/10769.jpg,0.955362,1
/home/tr3x/Projects/glow-mark/datasets/FairFace/val/1077.jpg,0.648744,1
/home/tr3x/Projects/glow-mark/datasets/FairFace/val/10770.jpg,0.755131,1
/home/tr3x/Projects/glow-mark/datasets/FairFace/val/10771.jpg,0.615552,0
/home/tr3x/Projects/glow-mark/datasets/FairFace/val/10772.jpg,0.728833,1
/home/tr3x/Projects/glow-mark/datasets/FairFace/val/10773.jpg,0.906448,1
/home/tr3x/Projects/glow-mark/datasets/FairFace/val/10774.jpg,0.949628,1
/home/tr3x/Projects/glow-mark/datasets/FairFace/val/10775.jpg,0.407858,1
/home/tr3x/Projects/glow-mark/datasets/FairFace/val/10776.jpg,0.966437,1
/home/tr3x/Projects/glow-mark/datasets/FairFace/val/10777.jpg,0.880537,0
/home/tr3x/Projects/glow-mark/datasets/FairFace/val/10778.jpg,0.777767,1
/home/tr3x/Projects/glow-mark/datasets/FairFace/val/10779.jpg,0.884914,1
/home/tr3x/Projects/glow-mark/datasets/FairFace/val/1078.jpg,0.802751,0
/home/tr3x/Projects/glow-mark/datasets/FairFace/val/10780.jpg,0.787739,0
/home/tr3x/Projects/glow-mark/datasets/FairFace/val/10781.jpg,0.931727,0
/home/tr3x/Projects/glow-mark/datasets/FairFace/val/10782.jpg,0.545512,0
/home/tr3x/Projects/glow-mark/datasets/FairFace/val/10783.jpg,0.616162,1
/home/tr3x/Projects/glow-mark/datasets/FairFace/val/10784.jpg,0.680028,0
/home/tr3x/Projects/glow-mark/datasets/FairFace/val/10785.jpg,0.881662,1
/home/tr3x/Projects/glow-mark/datasets/FairFace/val/10786.jpg,0.893989,1
/home/tr3x/Projects/glow-mark/datasets/FairFace/val/10787.jpg,0.914351,1
/home/tr3x/Projects/glow-mark/datasets/FairFace/val/10788.jpg,0.762602,1
/home/tr3x/Projects/glow-mark/datasets/FairFace/val/10789.jpg,0.962462,1
/home/tr3x/Projects/glow-mark/datasets/FairFace/val/1079.jpg,0.866971,0
/home/tr3x/Projects/glow-mark/datasets/FairFace/val/10790.jpg,0.957048,0
/home/tr3x/Projects/glow-mark/datasets/FairFace/val/10791.jpg,0.603707,1
/home/tr3x/Projects/glow-mark/datasets/FairFace/val/10792.jpg,0.738793,0
/home/tr3x/Projects/glow-mark/datasets/FairFace/val/10793.jpg,0.846927,0
/home/tr3x/Projects/glow-mark/datasets/FairFace/val/10794.jpg,0.771118,0
/home/tr3x/Projects/glow-mark/datasets/FairFace/val/10795.jpg,0.816939,1
/home/tr3x/Projects/glow-mark/datasets/FairFace/val/10796.jpg,0.529645,1
/home/tr3x/Projects/glow-mark/datasets/FairFace/val/10797.jpg,0.747123,1
/home/tr3x/Projects/glow-mark/datasets/FairFace/val/10798.jpg,0.389610,1
/home/tr3x/Projects/glow-mark/datasets/FairFace/val/10799.jpg,0.843268,1
/home/tr3x/Projects/glow-mark/datasets/FairFace/val/108.jpg,0.825622,0
/home/tr3x/Projects/glow-mark/datasets/FairFace/val/1080.jpg,0.838122,1
/home/tr3x/Projects/glow-mark/datasets/FairFace/val/10800.jpg,0.920732,1
/home/tr3x/Projects/glow-mark/datasets/FairFace/val/10801.jpg,0.810455,1
/home/tr3x/Projects/glow-mark/datasets/FairFace/val/10802.jpg,0.821099,0
/home/tr3x/Projects/glow-mark/datasets/FairFace/val/10803.jpg,0.824689,0
/home/tr3x/Projects/glow-mark/datasets/FairFace/val/10804.jpg,0.910632,0
/home/tr3x/Projects/glow-mark/datasets/FairFace/val/10805.jpg,0.783108,0
/home/tr3x/Projects/glow-mark/datasets/FairFace/val/10806.jpg,0.713009,0
/home/tr3x/Projects/glow-mark/datasets/FairFace/val/10807.jpg,0.510678,0
/home/tr3x/Projects/glow-mark/datasets/FairFace/val/10808.jpg,0.897769,1
/home/tr3x/Projects/glow-mark/datasets/FairFace/val/10809.jpg,0.930059,0
/home/tr3x/Projects/glow-mark/datasets/FairFace/val/1081.jpg,0.605233,1
/home/tr3x/Projects/glow-mark/datasets/FairFace/val/10810.jpg,0.715534,0
/home/tr3x/Projects/glow-mark/datasets/FairFace/val/10811.jpg,0.673142,0
/home/tr3x/Projects/glow-mark/datasets/FairFace/val/10812.jpg,0.913883,1
/home/tr3x/Projects/glow-mark/datasets/FairFace/val/10813.jpg,0.489412,0
/home/tr3x/Projects/glow-mark/datasets/FairFace/val/10814.jpg,0.877554,1
/home/tr3x/Projects/glow-mark/datasets/FairFace/val/10815.jpg,0.927878,1
/home/tr3x/Projects/glow-mark/datasets/FairFace/val/10816.jpg,0.811473,1
/home/tr3x/Projects/glow-mark/datasets/FairFace/val/10817.jpg,0.708262,0
/home/tr3x/Projects/glow-mark/datasets/FairFace/val/10818.jpg,0.717420,0
/home/tr3x/Projects/glow-mark/datasets/FairFace/val/10819.jpg,0.775836,0
/home/tr3x/Projects/glow-mark/datasets/FairFace/val/1082.jpg,0.943417,1
/home/tr3x/Projects/glow-mark/datasets/FairFace/val/10820.jpg,0.814344,0
/home/tr3x/Projects/glow-mark/datasets/FairFace/val/10821.jpg,0.819164,1
/home/tr3x/Projects/glow-mark/datasets/FairFace/val/10822.jpg,0.787340,0
/home/tr3x/Projects/glow-mark/datasets/FairFace/val/10823.jpg,0.844860,1
/home/tr3x/Projects/glow-mark/datasets/FairFace/val/10824.jpg,0.899924,1
/home/tr3x/Projects/glow-mark/datasets/FairFace/val/10825.jpg,0.924728,1
/home/tr3x/Projects/glow-mark/datasets/FairFace/val/10826.jpg,0.976734,1
/home/tr3x/Projects/glow-mark/datasets/FairFace/val/10827.jpg,0.947135,1
/home/tr3x/Projects/glow-mark/datasets/FairFace/val/10828.jpg,0.560988,0
/home/tr3x/Projects/glow-mark/datasets/FairFace/val/10829.jpg,0.937165,1
/home/tr3x/Projects/glow-mark/datasets/FairFace/val/1083.jpg,0.869120,1
/home/tr3x/Projects/glow-mark/datasets/FairFace/val/10830.jpg,0.758064,0
/home/tr3x/Projects/glow-mark/datasets/FairFace/val/10831.jpg,0.722700,0
/home/tr3x/Projects/glow-mark/datasets/FairFace/val/10832.jpg,0.553361,0
/home/tr3x/Projects/glow-mark/datasets/FairFace/val/10833.jpg,0.889421,0
/home/tr3x/Projects/glow-mark/datasets/FairFace/val/10834.jpg,0.966898,1
/home/tr3x/Projects/glow-mark/datasets/FairFace/val/10835.jpg,0.750177,0
/home/tr3x/Projects/glow-mark/datasets/FairFace/val/10836.jpg,0.794794,0
/home/tr3x/Projects/glow-mark/datasets/FairFace/val/10837.jpg,0.868670,1
/home/tr3x/Projects/glow-mark/datasets/FairFace/val/10838.jpg,0.907127,1
/home/tr3x/Projects/glow-mark/datasets/FairFace/val/10839.jpg,0.722475,0
/home/tr3x/Projects/glow-mark/datasets/FairFace/val/1084.jpg,0.908094,1
/home/tr3x/Projects/glow-mark/datasets/FairFace/val/10840.jpg,0.648846,0
/home/tr3x/Projects/glow-mark/datasets/FairFace/val/10841.jpg,0.479163,1
/home/tr3x/Projects/glow-mark/datasets/FairFace/val/10842.jpg,0.737481,0
/home/tr3x/Projects/glow-mark/datasets/FairFace/val/10843.jpg,0.697903,0
/home/tr3x/Projects/glow-mark/datasets/FairFace/val/10844.jpg,0.847878,1
/home/tr3x/Projects/glow-mark/datasets/FairFace/val/10845.jpg,0.787253,1
/home/tr3x/Projects/glow-mark/datasets/FairFace/val/10846.jpg,0.694638,0
/home/tr3x/Projects/glow-mark/datasets/FairFace/val/10847.jpg,0.399191,1
/home/tr3x/Projects/glow-mark/datasets/FairFace/val/10848.jpg,0.857467,0
/home/tr3x/Projects/glow-mark/datasets/FairFace/val/10849.jpg,0.960812,0
/home/tr3x/Projects/glow-mark/datasets/FairFace/val/1085.jpg,0.816588,0
/home/tr3x/Projects/glow-mark/datasets/FairFace/val/10850.jpg,0.667882,1
/home/tr3x/Projects/glow-mark/datasets/FairFace/val/10851.jpg,0.835528,1
/home/tr3x/Projects/glow-mark/datasets/FairFace/val/10852.jpg,0.775766,1
/home/tr3x/Projects/glow-mark/datasets/FairFace/val/10853.jpg,0.820586,1
/home/tr3x/Projects/glow-mark/datasets/FairFace/val/10854.jpg,0.923204,0
/home/tr3x/Projects/glow-mark/datasets/FairFace/val/10855.jpg,0.616495,0
/home/tr3x/Projects/glow-mark/datasets/FairFace/val/10856.jpg,0.453394,0
/home/tr3x/Projects/glow-mark/datasets/FairFace/val/10857.jpg,0.647007,1
/home/tr3x/Projects/glow-mark/datasets/FairFace/val/10858.jpg,0.641310,1
/home/tr3x/Projects/glow-mark/datasets/FairFace/val/10859.jpg,0.914416,1
/home/tr3x/Projects/glow-mark/datasets/FairFace/val/1086.jpg,0.916725,0
/home/tr3x/Projects/glow-mark/datasets/FairFace/val/10860.jpg,0.915440,0
/home/tr3x/Projects/glow-mark/datasets/FairFace/val/10861.jpg,0.413296,1
/home/tr3x/Projects/glow-mark/datasets/FairFace/val/10862.jpg,0.786165,0
/home/tr3x/Projects/glow-mark/datasets/FairFace/val/10863.jpg,0.928022,0
/home/tr3x/Projects/glow-mark/datasets/FairFace/val/10864.jpg,0.919078,1
/home/tr3x/Projects/glow-mark/datasets/FairFace/val/10865.jpg,0.545586,0
/home/tr3x/Projects/glow-mark/datasets/FairFace/val/10866.jpg,0.925185,1
/home/tr3x/Projects/glow-mark/datasets/FairFace/val/10867.jpg,0.889060,0
/home/tr3x/Projects/glow-mark/datasets/FairFace/val/10868.jpg,0.887224,1
/home/tr3x/Projects/glow-mark/datasets/FairFace/val/10869.jpg,0.718995,1
/home/tr3x/Projects/glow-mark/datasets/FairFace/val/1087.jpg,0.833304,0
/home/tr3x/Projects/glow-mark/datasets/FairFace/val/10870.jpg,0.929407,1
/home/tr3x/Projects/glow-mark/datasets/FairFace/val/10871.jpg,0.259199,1
/home/tr3x/Projects/glow-mark/datasets/FairFace/val/10872.jpg,0.788868,1
/home/tr3x/Projects/glow-mark/datasets/FairFace/val/10873.jpg,0.889017,1
/home/tr3x/Projects/glow-mark/datasets/FairFace/val/10874.jpg,0.956425,0
/home/tr3x/Projects/glow-mark/datasets/FairFace/val/10875.jpg,0.946832,1
/home/tr3x/Projects/glow-mark/datasets/FairFace/val/10876.jpg,0.828281,1
/home/tr3x/Projects/glow-mark/datasets/FairFace/val/10877.jpg,0.838241,1
/home/tr3x/Projects/glow-mark/datasets/FairFace/val/10878.jpg,0.899870,0
/home/tr3x/Projects/glow-mark/datasets/FairFace/val/10879.jpg,0.853680,1
/home/tr3x/Projects/glow-mark/datasets/FairFace/val/1088.jpg,0.873031,1
/home/tr3x/Projects/glow-mark/datasets/FairFace/val/10880.jpg,0.829006,1
/home/tr3x/Projects/glow-mark/datasets/FairFace/val/10881.jpg,0.930320,1
/home/tr3x/Projects/glow-mark/datasets/FairFace/val/10882.jpg,0.585972,0
/home/tr3x/Projects/glow-mark/datasets/FairFace/val/10883.jpg,0.285492,0
/home/tr3x/Projects/glow-mark/datasets/FairFace/val/10884.jpg,0.946555,0
/home/tr3x/Projects/glow-mark/datasets/FairFace/val/10885.jpg,0.844360,0
/home/tr3x/Projects/glow-mark/datasets/FairFace/val/10886.jpg,0.853311,1
/home/tr3x/Projects/glow-mark/datasets/FairFace/val/10887.jpg,0.894364,1
/home/tr3x/Projects/glow-mark/datasets/FairFace/val/10888.jpg,0.769968,1
/home/tr3x/Projects/glow-mark/datasets/FairFace/val/10889.jpg,0.835717,1
/home/tr3x/Projects/glow-mark/datasets/FairFace/val/1089.jpg,0.716473,1
/home/tr3x/Projects/glow-mark/datasets/FairFace/val/10890.jpg,0.646235,0
/home/tr3x/Projects/glow-mark/datasets/FairFace/val/10891.jpg,0.913942,0
/home/tr3x/Projects/glow-mark/datasets/FairFace/val/10892.jpg,0.952675,1
/home/tr3x/Projects/glow-mark/datasets/FairFace/val/10893.jpg,0.708189,0
/home/tr3x/Projects/glow-mark/datasets/FairFace/val/10894.jpg,0.721132,1
/home/tr3x/Projects/glow-mark/datasets/FairFace/val/10895.jpg,0.824193,0
/home/tr3x/Projects/glow-mark/datasets/FairFace/val/10896.jpg,0.871191,0
/home/tr3x/Projects/glow-mark/datasets/FairFace/val/10897.jpg,0.912032,1
/home/tr3x/Projects/glow-mark/datasets/FairFace/val/10898.jpg,0.860548,0
/home/tr3x/Projects/glow-mark/datasets/FairFace/val/10899.jpg,0.849746,1
/home/tr3x/Projects/glow-mark/datasets/FairFace/val/109.jpg,0.851849,1
/home/tr3x/Projects/glow-mark/datasets/FairFace/val/1090.jpg,0.910941,1
/home/tr3x/Projects/glow-mark/datasets/FairFace/val/10900.jpg,0.962472,1
/home/tr3x/Projects/glow-mark/datasets/FairFace/val/10901.jpg,0.796911,1
/home/tr3x/Projects/glow-mark/datasets/FairFace/val/10902.jpg,0.918429,1
/home/tr3x/Projects/glow-mark/datasets/FairFace/val/10903.jpg,0.646178,0
/home/tr3x/Projects/glow-mark/datasets/FairFace/val/10904.jpg,0.779106,1
/home/tr3x/Projects/glow-mark/datasets/FairFace/val/10905.jpg,0.180351,0
/home/tr3x/Projects/glow-mark/datasets/FairFace/val/10906.jpg,0.881207,0
/home/tr3x/Projects/glow-mark/datasets/FairFace/val/10907.jpg,0.517305,0
/home/tr3x/Projects/glow-mark/datasets/FairFace/val/10908.jpg,0.744451,1
/home/tr3x/Projects/glow-mark/datasets/FairFace/val/10909.jpg,0.658822,0
/home/tr3x/Projects/glow-mark/datasets/FairFace/val/1091.jpg,0.885158,0
/home/tr3x/Projects/glow-mark/datasets/FairFace/val/10910.jpg,0.856022,1
/home/tr3x/Projects/glow-mark/datasets/FairFace/val/10911.jpg,0.832773,1
/home/tr3x/Projects/glow-mark/datasets/FairFace/val/10912.jpg,0.899257,1
/home/tr3x/Projects/glow-mark/datasets/FairFace/val/10913.jpg,0.934308,1
/home/tr3x/Projects/glow-mark/datasets/FairFace/val/10914.jpg,0.879138,0
/home/tr3x/Projects/glow-mark/datasets/FairFace/val/10915.jpg,0.591742,0
/home/tr3x/Projects/glow-mark/datasets/FairFace/val/10916.jpg,0.918362,1
/home/tr3x/Projects/glow-mark/datasets/FairFace/val/10917.jpg,0.685356,1
/home/tr3x/Projects/glow-mark/datasets/FairFace/val/10918.jpg,0.671340,0
/home/tr3x/Projects/glow-mark/datasets/FairFace/val/10919.jpg,0.523290,1
/home/tr3x/Projects/glow-mark/datasets/FairFace/val/1092.jpg,0.854378,0
/home/tr3x/Projects/glow-mark/datasets/FairFace/val/10920.jpg,0.706840,0
/home/tr3x/Projects/glow-mark/datasets/FairFace/val/10921.jpg,0.852817,0
/home/tr3x/Projects/glow-mark/datasets/FairFace/val/10922.jpg,0.884031,0
/home/tr3x/Projects/glow-mark/datasets/FairFace/val/10923.jpg,0.858503,1
/home/tr3x/Projects/glow-mark/datasets/FairFace/val/10924.jpg,0.898952,1
/home/tr3x/Projects/glow-mark/datasets/FairFace/val/10925.jpg,0.817003,1
/home/tr3x/Projects/glow-mark/datasets/FairFace/val/10926.jpg,0.917100,1
/home/tr3x/Projects/glow-mark/datasets/FairFace/val/10927.jpg,0.764355,0
/home/tr3x/Projects/glow-mark/datasets/FairFace/val/10928.jpg,0.866780,1
/home/tr3x/Projects/glow-mark/datasets/FairFace/val/10929.jpg,0.874779,0
/home/tr3x/Projects/glow-mark/datasets/FairFace/val/1093.jpg,0.805924,0
/home/tr3x/Projects/glow-mark/datasets/FairFace/val/10930.jpg,0.840271,1
/home/tr3x/Projects/glow-mark/datasets/FairFace/val/10931.jpg,0.704282,1
/home/tr3x/Projects/glow-mark/datasets/FairFace/val/10932.jpg,0.542245,1
/home/tr3x/Projects/glow-mark/datasets/FairFace/val/10933.jpg,0.698219,1
/home/tr3x/Projects/glow-mark/datasets/FairFace/val/10934.jpg,0.797128,1
/home/tr3x/Projects/glow-mark/datasets/FairFace/val/10935.jpg,0.958404,1
/home/tr3x/Projects/glow-mark/datasets/FairFace/val/10936.jpg,0.768620,0
/home/tr3x/Projects/glow-mark/datasets/FairFace/val/10937.jpg,0.800465,1
/home/tr3x/Projects/glow-mark/datasets/FairFace/val/10938.jpg,0.913985,1
/home/tr3x/Projects/glow-mark/datasets/FairFace/val/10939.jpg,0.938810,1
/home/tr3x/Projects/glow-mark/datasets/FairFace/val/1094.jpg,0.804527,1
/home/tr3x/Projects/glow-mark/datasets/FairFace/val/10940.jpg,0.739024,1
/home/tr3x/Projects/glow-mark/datasets/FairFace/val/10941.jpg,0.579607,0
/home/tr3x/Projects/glow-mark/datasets/FairFace/val/10942.jpg,0.225297,0
/home/tr3x/Projects/glow-mark/datasets/FairFace/val/10943.jpg,0.886630,1
/home/tr3x/Projects/glow-mark/datasets/FairFace/val/10944.jpg,0.916612,0
/home/tr3x/Projects/glow-mark/datasets/FairFace/val/10945.jpg,0.629926,0
/home/tr3x/Projects/glow-mark/datasets/FairFace/val/10946.jpg,0.878642,1
/home/tr3x/Projects/glow-mark/datasets/FairFace/val/10947.jpg,0.784887,1
/home/tr3x/Projects/glow-mark/datasets/FairFace/val/10948.jpg,0.752940,1
/home/tr3x/Projects/glow-mark/datasets/FairFace/val/10949.jpg,0.583683,0
/home/tr3x/Projects/glow-mark/datasets/FairFace/val/1095.jpg,0.904003,1
/home/tr3x/Projects/glow-mark/datasets/FairFace/val/10950.jpg,0.905878,1
/home/tr3x/Projects/glow-mark/datasets/FairFace/val/10951.jpg,0.939464,1
/home/tr3x/Projects/glow-mark/datasets/FairFace/val/10952.jpg,0.725210,1
/home/tr3x/Projects/glow-mark/datasets/FairFace/val/10953.jpg,0.638327,0
/home/tr3x/Projects/glow-mark/datasets/FairFace/val/10954.jpg,0.860180,0
/home/tr3x/Projects/glow-mark/datasets/FairFace/val/1096.jpg,0.500590,1
/home/tr3x/Projects/glow-mark/datasets/FairFace/val/1097.jpg,0.892404,1
/home/tr3x/Projects/glow-mark/datasets/FairFace/val/1098.jpg,0.884471,1
/home/tr3x/Projects/glow-mark/datasets/FairFace/val/1099.jpg,0.895101,1
/home/tr3x/Projects/glow-mark/datasets/FairFace/val/11.jpg,0.948832,1
/home/tr3x/Projects/glow-mark/datasets/FairFace/val/110.jpg,0.918272,1
/home/tr3x/Projects/glow-mark/datasets/FairFace/val/1100.jpg,0.814001,1
/home/tr3x/Projects/glow-mark/datasets/FairFace/val/1101.jpg,0.840144,0
/home/tr3x/Projects/glow-mark/datasets/FairFace/val/1102.jpg,0.728870,0
/home/tr3x/Projects/glow-mark/datasets/FairFace/val/1103.jpg,0.930751,1
/home/tr3x/Projects/glow-mark/datasets/FairFace/val/1104.jpg,0.865057,0
/home/tr3x/Projects/glow-mark/datasets/FairFace/val/1105.jpg,0.738552,1
/home/tr3x/Projects/glow-mark/datasets/FairFace/val/1106.jpg,0.876179,1
/home/tr3x/Projects/glow-mark/datasets/FairFace/val/1107.jpg,0.847187,1
/home/tr3x/Projects/glow-mark/datasets/FairFace/val/1108.jpg,0.765008,1
/home/tr3x/Projects/glow-mark/datasets/FairFace/val/1109.jpg,0.922640,1
/home/tr3x/Projects/glow-mark/datasets/FairFace/val/111.jpg,0.875390,1
/home/tr3x/Projects/glow-mark/datasets/FairFace/val/1110.jpg,0.870227,0
/home/tr3x/Projects/glow-mark/datasets/FairFace/val/1111.jpg,0.946559,0
/home/tr3x/Projects/glow-mark/datasets/FairFace/val/1112.jpg,0.960962,1
/home/tr3x/Projects/glow-mark/datasets/FairFace/val/1113.jpg,0.726142,0
/home/tr3x/Projects/glow-mark/datasets/FairFace/val/1114.jpg,0.854282,0
/home/tr3x/Projects/glow-mark/datasets/FairFace/val/1115.jpg,0.883513,1
/home/tr3x/Projects/glow-mark/datasets/FairFace/val/1116.jpg,0.017437,1
/home/tr3x/Projects/glow-mark/datasets/FairFace/val/1117.jpg,0.821536,1
/home/tr3x/Projects/glow-mark/datasets/FairFace/val/1118.jpg,0.894065,1
/home/tr3x/Projects/glow-mark/datasets/FairFace/val/1119.jpg,0.946876,1
/home/tr3x/Projects/glow-mark/datasets/FairFace/val/112.jpg,0.871126,1
/home/tr3x/Projects/glow-mark/datasets/FairFace/val/1120.jpg,0.841603,0
/home/tr3x/Projects/glow-mark/datasets/FairFace/val/1121.jpg,0.539520,1
/home/tr3x/Projects/glow-mark/datasets/FairFace/val/1122.jpg,0.678459,0
/home/tr3x/Projects/glow-mark/datasets/FairFace/val/1123.jpg,0.511900,1
/home/tr3x/Projects/glow-mark/datasets/FairFace/val/1124.jpg,0.691330,0
/home/tr3x/Projects/glow-mark/datasets/FairFace/val/1125.jpg,0.796391,0
/home/tr3x/Projects/glow-mark/datasets/FairFace/val/1126.jpg,0.895504,1
/home/tr3x/Projects/glow-mark/datasets/FairFace/val/1127.jpg,0.850247,1
/home/tr3x/Projects/glow-mark/datasets/FairFace/val/1128.jpg,0.930271,1
/home/tr3x/Projects/glow-mark/datasets/FairFace/val/1129.jpg,0.572489,1
/home/tr3x/Projects/glow-mark/datasets/FairFace/val/113.jpg,0.742169,0
/home/tr3x/Projects/glow-mark/datasets/FairFace/val/1130.jpg,0.876799,0
/home/tr3x/Projects/glow-mark/datasets/FairFace/val/1131.jpg,0.652210,0
/home/tr3x/Projects/glow-mark/datasets/FairFace/val/1132.jpg,0.739962,1
/home/tr3x/Projects/glow-mark/datasets/FairFace/val/1133.jpg,0.740714,1
/home/tr3x/Projects/glow-mark/datasets/FairFace/val/1134.jpg,0.757739,0
/home/tr3x/Projects/glow-mark/datasets/FairFace/val/1135.jpg,0.920325,1
/home/tr3x/Projects/glow-mark/datasets/FairFace/val/1136.jpg,0.516886,1
/home/tr3x/Projects/glow-mark/datasets/FairFace/val/1137.jpg,0.588728,0
/home/tr3x/Projects/glow-mark/datasets/FairFace/val/1138.jpg,0.870410,1
/home/tr3x/Projects/glow-mark/datasets/FairFace/val/1139.jpg,0.952116,1
/home/tr3x/Projects/glow-mark/datasets/FairFace/val/114.jpg,0.800122,0
/home/tr3x/Projects/glow-mark/datasets/FairFace/val/1140.jpg,0.665442,1
/home/tr3x/Projects/glow-mark/datasets/FairFace/val/1141.jpg,0.848548,1
/home/tr3x/Projects/glow-mark/datasets/FairFace/val/1142.jpg,0.648120,0
/home/tr3x/Projects/glow-mark/datasets/FairFace/val/1143.jpg,0.614602,0
/home/tr3x/Projects/glow-mark/datasets/FairFace/val/1144.jpg,0.870900,0
/home/tr3x/Projects/glow-mark/datasets/FairFace/val/1145.jpg,0.779403,0
/home/tr3x/Projects/glow-mark/datasets/FairFace/val/1146.jpg,0.853249,0
/home/tr3x/Projects/glow-mark/datasets/FairFace/val/1147.jpg,0.825858,0
/home/tr3x/Projects/glow-mark/datasets/FairFace/val/1148.jpg,0.824262,0
/home/tr3x/Projects/glow-mark/datasets/FairFace/val/1149.jpg,0.907099,1
/home/tr3x/Projects/glow-mark/datasets/FairFace/val/115.jpg,0.693545,1
/home/tr3x/Projects/glow-mark/datasets/FairFace/val/1150.jpg,0.924858,1
/home/tr3x/Projects/glow-mark/datasets/FairFace/val/1151.jpg,0.666177,1
/home/tr3x/Projects/glow-mark/datasets/FairFace/val/1152.jpg,0.885908,1
/home/tr3x/Projects/glow-mark/datasets/FairFace/val/1153.jpg,0.753517,1
/home/tr3x/Projects/glow-mark/datasets/FairFace/val/1154.jpg,0.838016,0
/home/tr3x/Projects/glow-mark/datasets/FairFace/val/1155.jpg,0.375446,0
/home/tr3x/Projects/glow-mark/datasets/FairFace/val/1156.jpg,0.927605,1
/home/tr3x/Projects/glow-mark/datasets/FairFace/val/1157.jpg,0.958475,1
/home/tr3x/Projects/glow-mark/datasets/FairFace/val/1158.jpg,0.840066,0
/home/tr3x/Projects/glow-mark/datasets/FairFace/val/1159.jpg,0.790619,1
/home/tr3x/Projects/glow-mark/datasets/FairFace/val/116.jpg,0.511143,1
/home/tr3x/Projects/glow-mark/datasets/FairFace/val/1160.jpg,0.821133,0
/home/tr3x/Projects/glow-mark/datasets/FairFace/val/1161.jpg,0.744581,0
/home/tr3x/Projects/glow-mark/datasets/FairFace/val/1162.jpg,0.987486,1
/home/tr3x/Projects/glow-mark/datasets/FairFace/val/1163.jpg,0.452897,0
/home/tr3x/Projects/glow-mark/datasets/FairFace/val/1164.jpg,0.942739,0
/home/tr3x/Projects/glow-mark/datasets/FairFace/val/1165.jpg,0.883412,1
/home/tr3x/Projects/glow-mark/datasets/FairFace/val/1166.jpg,0.927949,1
/home/tr3x/Projects/glow-mark/datasets/FairFace/val/1167.jpg,0.630348,1
/home/tr3x/Projects/glow-mark/datasets/FairFace/val/1168.jpg,0.901108,0
/home/tr3x/Projects/glow-mark/datasets/FairFace/val/1169.jpg,0.808518,1
/home/tr3x/Projects/glow-mark/datasets/FairFace/val/117.jpg,0.867708,1
/home/tr3x/Projects/glow-mark/datasets/FairFace/val/1170.jpg,0.946319,0
/home/tr3x/Projects/glow-mark/datasets/FairFace/val/1171.jpg,0.846512,0
/home/tr3x/Projects/glow-mark/datasets/FairFace/val/1172.jpg,0.808482,0
/home/tr3x/Projects/glow-mark/datasets/FairFace/val/1173.jpg,0.853755,0
/home/tr3x/Projects/glow-mark/datasets/FairFace/val/1174.jpg,0.857690,1
/home/tr3x/Projects/glow-mark/datasets/FairFace/val/1175.jpg,0.862015,1
/home/tr3x/Projects/glow-mark/datasets/FairFace/val/1176.jpg,0.697125,1
/home/tr3x/Projects/glow-mark/datasets/FairFace/val/1177.jpg,0.960919,1
/home/tr3x/Projects/glow-mark/datasets/FairFace/val/1178.jpg,0.698633,1
/home/tr3x/Projects/glow-mark/datasets/FairFace/val/1179.jpg,0.652780,1
/home/tr3x/Projects/glow-mark/datasets/FairFace/val/118.jpg,0.507816,0
/home/tr3x/Projects/glow-mark/datasets/FairFace/val/1180.jpg,0.895609,0
/home/tr3x/Projects/glow-mark/datasets/FairFace/val/1181.jpg,0.654501,0
/home/tr3x/Projects/glow-mark/datasets/FairFace/val/1182.jpg,0.927368,1
/home/tr3x/Projects/glow-mark/datasets/FairFace/val/1183.jpg,0.796550,0
/home/tr3x/Projects/glow-mark/datasets/FairFace/val/1184.jpg,0.893084,1
/home/tr3x/Projects/glow-mark/datasets/FairFace/val/1185.jpg,0.603411,1
/home/tr3x/Projects/glow-mark/datasets/FairFace/val/1186.jpg,0.753608,1
/home/tr3x/Projects/glow-mark/datasets/FairFace/val/1187.jpg,0.958628,1
/home/tr3x/Projects/glow-mark/datasets/FairFace/val/1188.jpg,0.833920,0
/home/tr3x/Projects/glow-mark/datasets/FairFace/val/1189.jpg,0.731832,0
/home/tr3x/Projects/glow-mark/datasets/FairFace/val/119.jpg,0.917089,1
/home/tr3x/Projects/glow-mark/datasets/FairFace/val/1190.jpg,0.920336,1
/home/tr3x/Projects/glow-mark/datasets/FairFace/val/1191.jpg,0.471166,1
/home/tr3x/Projects/glow-mark/datasets/FairFace/val/1192.jpg,0.788865,0
/home/tr3x/Projects/glow-mark/datasets/FairFace/val/1193.jpg,0.913462,1
/home/tr3x/Projects/glow-mark/datasets/FairFace/val/1194.jpg,0.590226,1
/home/tr3x/Projects/glow-mark/datasets/FairFace/val/1195.jpg,0.713361,0
/home/tr3x/Projects/glow-mark/datasets/FairFace/val/1196.jpg,0.572258,1
/home/tr3x/Projects/glow-mark/datasets/FairFace/val/1197.jpg,0.734967,0
/home/tr3x/Projects/glow-mark/datasets/FairFace/val/1198.jpg,0.497192,0
/home/tr3x/Projects/glow-mark/datasets/FairFace/val/1199.jpg,0.867636,0
/home/tr3x/Projects/glow-mark/datasets/FairFace/val/12.jpg,0.755907,1
/home/tr3x/Projects/glow-mark/datasets/FairFace/val/120.jpg,0.944695,1
/home/tr3x/Projects/glow-mark/datasets/FairFace/val/1200.jpg,0.517279,0
/home/tr3x/Projects/glow-mark/datasets/FairFace/val/1201.jpg,0.863985,1
/home/tr3x/Projects/glow-mark/datasets/FairFace/val/1202.jpg,0.770325,1
/home/tr3x/Projects/glow-mark/datasets/FairFace/val/1203.jpg,0.874873,0
/home/tr3x/Projects/glow-mark/datasets/FairFace/val/1204.jpg,0.900959,1
/home/tr3x/Projects/glow-mark/datasets/FairFace/val/1205.jpg,0.900150,0
/home/tr3x/Projects/glow-mark/datasets/FairFace/val/1206.jpg,0.649533,0
/home/tr3x/Projects/glow-mark/datasets/FairFace/val/1207.jpg,0.799898,0
/home/tr3x/Projects/glow-mark/datasets/FairFace/val/1208.jpg,0.808579,0
/home/tr3x/Projects/glow-mark/datasets/FairFace/val/1209.jpg,0.937463,1
/home/tr3x/Projects/glow-mark/datasets/FairFace/val/121.jpg,0.362314,1
/home/tr3x/Projects/glow-mark/datasets/FairFace/val/1210.jpg,0.866254,1
/home/tr3x/Projects/glow-mark/datasets/FairFace/val/1211.jpg,0.867302,1
/home/tr3x/Projects/glow-mark/datasets/FairFace/val/1212.jpg,0.967055,1
/home/tr3x/Projects/glow-mark/datasets/FairFace/val/1213.jpg,0.415718,0
/home/tr3x/Projects/glow-mark/datasets/FairFace/val/1214.jpg,0.814438,1
/home/tr3x/Projects/glow-mark/datasets/FairFace/val/1215.jpg,0.679431,1
/home/tr3x/Projects/glow-mark/datasets/FairFace/val/1216.jpg,0.834358,0
/home/tr3x/Projects/glow-mark/datasets/FairFace/val/1217.jpg,0.743012,1
/home/tr3x/Projects/glow-mark/datasets/FairFace/val/1218.jpg,0.705992,0
/home/tr3x/Projects/glow-mark/datasets/FairFace/val/1219.jpg,0.716673,1
/home/tr3x/Projects/glow-mark/datasets/FairFace/val/122.jpg,0.890287,0
/home/tr3x/Projects/glow-mark/datasets/FairFace/val/1220.jpg,0.846953,1
/home/tr3x/Projects/glow-mark/datasets/FairFace/val/1221.jpg,0.980299,1
/home/tr3x/Projects/glow-mark/datasets/FairFace/val/1222.jpg,0.914521,1
/home/tr3x/Projects/glow-mark/datasets/FairFace/val/1223.jpg,0.245628,0
/home/tr3x/Projects/glow-mark/datasets/FairFace/val/1224.jpg,0.220264,1
/home/tr3x/Projects/glow-mark/datasets/FairFace/val/1225.jpg,0.962152,1
/home/tr3x/Projects/glow-mark/datasets/FairFace/val/1226.jpg,0.802313,1
/home/tr3x/Projects/glow-mark/datasets/FairFace/val/1227.jpg,0.845020,1
/home/tr3x/Projects/glow-mark/datasets/FairFace/val/1228.jpg,0.798320,0
/home/tr3x/Projects/glow-mark/datasets/FairFace/val/1229.jpg,0.801938,1
/home/tr3x/Projects/glow-mark/datasets/FairFace/val/123.jpg,0.859115,0
/home/tr3x/Projects/glow-mark/datasets/FairFace/val/1230.jpg,0.748726,1
/home/tr3x/Projects/glow-mark/datasets/FairFace/val/1231.jpg,0.938965,1
/home/tr3x/Projects/glow-mark/datasets/FairFace/val/1232.jpg,0.868766,0
/home/tr3x/Projects/glow-mark/datasets/FairFace/val/1233.jpg,0.905420,1
/home/tr3x/Projects/glow-mark/datasets/FairFace/val/1234.jpg,0.865511,0
/home/tr3x/Projects/glow-mark/datasets/FairFace/val/1235.jpg,0.661716,0
/home/tr3x/Projects/glow-mark/datasets/FairFace/val/1236.jpg,0.873617,0
/home/tr3x/Projects/glow-mark/datasets/FairFace/val/1237.jpg,0.680248,0
/home/tr3x/Projects/glow-mark/datasets/FairFace/val/1238.jpg,0.910003,1
/home/tr3x/Projects/glow-mark/datasets/FairFace/val/1239.jpg,0.713619,0
/home/tr3x/Projects/glow-mark/datasets/FairFace/val/124.jpg,0.872067,0
/home/tr3x/Projects/glow-mark/datasets/FairFace/val/1240.jpg,0.875363,0
/home/tr3x/Projects/glow-mark/datasets/FairFace/val/1241.jpg,0.924945,1
/home/tr3x/Projects/glow-mark/datasets/FairFace/val/1242.jpg,0.944255,1
/home/tr3x/Projects/glow-mark/datasets/FairFace/val/1243.jpg,0.805842,1
/home/tr3x/Projects/glow-mark/datasets/FairFace/val/1244.jpg,0.489173,0
/home/tr3x/Projects/glow-mark/datasets/FairFace/val/1245.jpg,0.833176,0
/home/tr3x/Projects/glow-mark/datasets/FairFace/val/1246.jpg,0.771017,1
/home/tr3x/Projects/glow-mark/datasets/FairFace/val/1247.jpg,0.670670,0
/home/tr3x/Projects/glow-mark/datasets/FairFace/val/1248.jpg,0.929017,0
/home/tr3x/Projects/glow-mark/datasets/FairFace/val/1249.jpg,0.931337,0
/home/tr3x/Projects/glow-mark/datasets/FairFace/val/125.jpg,0.779838,1
/home/tr3x/Projects/glow-mark/datasets/FairFace/val/1250.jpg,0.966239,0
/home/tr3x/Projects/glow-mark/datasets/FairFace/val/1251.jpg,0.872790,0
/home/tr3x/Projects/glow-mark/datasets/FairFace/val/1252.jpg,0.918800,1
/home/tr3x/Projects/glow-mark/datasets/FairFace/val/1253.jpg,0.608464,0
/home/tr3x/Projects/glow-mark/datasets/FairFace/val/1254.jpg,0.862784,0
/home/tr3x/Projects/glow-mark/datasets/FairFace/val/1255.jpg,0.945349,0
/home/tr3x/Projects/glow-mark/datasets/FairFace/val/1256.jpg,0.897808,1
/home/tr3x/Projects/glow-mark/datasets/FairFace/val/1257.jpg,0.498606,0
/home/tr3x/Projects/glow-mark/datasets/FairFace/val/1258.jpg,0.691937,0
/home/tr3x/Projects/glow-mark/datasets/FairFace/val/1259.jpg,0.764339,0
/home/tr3x/Projects/glow-mark/datasets/FairFace/val/126.jpg,0.831036,0
/home/tr3x/Projects/glow-mark/datasets/FairFace/val/1260.jpg,0.912130,1
/home/tr3x/Projects/glow-mark/datasets/FairFace/val/1261.jpg,0.291404,0
/home/tr3x/Projects/glow-mark/datasets/FairFace/val/1262.jpg,0.875944,0
/home/tr3x/Projects/glow-mark/datasets/FairFace/val/1263.jpg,0.792285,1
/home/tr3x/Projects/glow-mark/datasets/FairFace/val/1264.jpg,0.916024,0
/home/tr3x/Projects/glow-mark/datasets/FairFace/val/1265.jpg,0.862491,1
/home/tr3x/Projects/glow-mark/datasets/FairFace/val/1266.jpg,0.867379,1
/home/tr3x/Projects/glow-mark/datasets/FairFace/val/1267.jpg,0.816632,0
/home/tr3x/Projects/glow-mark/datasets/FairFace/val/1268.jpg,0.840195,0
/home/tr3x/Projects/glow-mark/datasets/FairFace/val/1269.jpg,0.699529,1
/home/tr3x/Projects/glow-mark/datasets/FairFace/val/127.jpg,0.950966,1
/home/tr3x/Projects/glow-mark/datasets/FairFace/val/1270.jpg,0.565996,1
/home/tr3x/Projects/glow-mark/datasets/FairFace/val/1271.jpg,0.337906,0
/home/tr3x/Projects/glow-mark/datasets/FairFace/val/1272.jpg,0.868744,1
/home/tr3x/Projects/glow-mark/datasets/FairFace/val/1273.jpg,0.882432,1
/home/tr3x/Projects/glow-mark/datasets/FairFace/val/1274.jpg,0.665703,0
/home/tr3x/Projects/glow-mark/datasets/FairFace/val/1275.jpg,0.902875,1
/home/tr3x/Projects/glow-mark/datasets/FairFace/val/1276.jpg,0.915478,1
/home/tr3x/Projects/glow-mark/datasets/FairFace/val/1277.jpg,0.779046,0
/home/tr3x/Projects/glow-mark/datasets/FairFace/val/1278.jpg,0.956848,1
/home/tr3x/Projects/glow-mark/datasets/FairFace/val/1279.jpg,0.924738,1
/home/tr3x/Projects/glow-mark/datasets/FairFace/val/128.jpg,0.269640,0
/home/tr3x/Projects/glow-mark/datasets/FairFace/val/1280.jpg,0.902464,0
/home/tr3x/Projects/glow-mark/datasets/FairFace/val/1281.jpg,0.595734,0
/home/tr3x/Projects/glow-mark/datasets/FairFace/val/1282.jpg,0.880751,0
/home/tr3x/Projects/glow-mark/datasets/FairFace/val/1283.jpg,0.675448,0
/home/tr3x/Projects/glow-mark/datasets/FairFace/val/1284.jpg,0.949163,0
/home/tr3x/Projects/glow-mark/datasets/FairFace/val/1285.jpg,0.711842,0
/home/tr3x/Projects/glow-mark/datasets/FairFace/val/1286.jpg,0.688144,1
/home/tr3x/Projects/glow-mark/datasets/FairFace/val/1287.jpg,0.919335,1
/home/tr3x/Projects/glow-mark/datasets/FairFace/val/1288.jpg,0.827227,0
/home/tr3x/Projects/glow-mark/datasets/FairFace/val/1289.jpg,0.787766,1
/home/tr3x/Projects/glow-mark/datasets/FairFace/val/129.jpg,0.598805,1
/home/tr3x/Projects/glow-mark/datasets/FairFace/val/1290.jpg,0.862028,0
/home/tr3x/Projects/glow-mark/datasets/FairFace/val/1291.jpg,0.919001,1
/home/tr3x/Projects/glow-mark/datasets/FairFace/val/1292.jpg,0.913379,0
/home/tr3x/Projects/glow-mark/datasets/FairFace/val/1293.jpg,0.818676,1
/home/tr3x/Projects/glow-mark/datasets/FairFace/val/1294.jpg,0.821334,0
/home/tr3x/Projects/glow-mark/datasets/FairFace/val/1295.jpg,0.746885,1
/home/tr3x/Projects/glow-mark/datasets/FairFace/val/1296.jpg,0.874741,0
/home/tr3x/Projects/glow-mark/datasets/FairFace/val/1297.jpg,0.620305,0
/home/tr3x/Projects/glow-mark/datasets/FairFace/val/1298.jpg,0.935106,1
/home/tr3x/Projects/glow-mark/datasets/FairFace/val/1299.jpg,0.708839,0
/home/tr3x/Projects/glow-mark/datasets/FairFace/val/13.jpg,0.812170,1
/home/tr3x/Projects/glow-mark/datasets/FairFace/val/130.jpg,0.658154,0
/home/tr3x/Projects/glow-mark/datasets/FairFace/val/1300.jpg,0.518322,1
/home/tr3x/Projects/glow-mark/datasets/FairFace/val/1301.jpg,0.859495,0
/home/tr3x/Projects/glow-mark/datasets/FairFace/val/1302.jpg,0.796932,1
/home/tr3x/Projects/glow-mark/datasets/FairFace/val/1303.jpg,0.832066,0
/home/tr3x/Projects/glow-mark/datasets/FairFace/val/1304.jpg,0.664940,1
/home/tr3x/Projects/glow-mark/datasets/FairFace/val/1305.jpg,0.889884,0
/home/tr3x/Projects/glow-mark/datasets/FairFace/val/1306.jpg,0.798413,1
/home/tr3x/Projects/glow-mark/datasets/FairFace/val/1307.jpg,0.748668,0
/home/tr3x/Projects/glow-mark/datasets/FairFace/val/1308.jpg,0.892916,1
/home/tr3x/Projects/glow-mark/datasets/FairFace/val/1309.jpg,0.788074,0
/home/tr3x/Projects/glow-mark/datasets/FairFace/val/131.jpg,0.735571,0
/home/tr3x/Projects/glow-mark/datasets/FairFace/val/1310.jpg,0.925640,1
/home/tr3x/Projects/glow-mark/datasets/FairFace/val/1311.jpg,0.763748,0
/home/tr3x/Projects/glow-mark/datasets/FairFace/val/1312.jpg,0.533815,0
/home/tr3x/Projects/glow-mark/datasets/FairFace/val/1313.jpg,0.682324,0
/home/tr3x/Projects/glow-mark/datasets/FairFace/val/1314.jpg,0.870264,1
/home/tr3x/Projects/glow-mark/datasets/FairFace/val/1315.jpg,0.762985,0
/home/tr3x/Projects/glow-mark/datasets/FairFace/val/1316.jpg,0.566180,0
/home/tr3x/Projects/glow-mark/datasets/FairFace/val/1317.jpg,0.765179,1
/home/tr3x/Projects/glow-mark/datasets/FairFace/val/1318.jpg,0.936463,1
/home/tr3x/Projects/glow-mark/datasets/FairFace/val/1319.jpg,0.442456,1
/home/tr3x/Projects/glow-mark/datasets/FairFace/val/132.jpg,0.831434,1
/home/tr3x/Projects/glow-mark/datasets/FairFace/val/1320.jpg,0.903534,0
/home/tr3x/Projects/glow-mark/datasets/FairFace/val/1321.jpg,0.924203,1
/home/tr3x/Projects/glow-mark/datasets/FairFace/val/1322.jpg,0.934797,0
/home/tr3x/Projects/glow-mark/datasets/FairFace/val/1323.jpg,0.882519,0
/home/tr3x/Projects/glow-mark/datasets/FairFace/val/1324.jpg,0.939714,0
/home/tr3x/Projects/glow-mark/datasets/FairFace/val/1325.jpg,0.888158,0
/home/tr3x/Projects/glow-mark/datasets/FairFace/val/1326.jpg,0.804653,1
/home/tr3x/Projects/glow-mark/datasets/FairFace/val/1327.jpg,0.585064,0
/home/tr3x/Projects/glow-mark/datasets/FairFace/val/1328.jpg,0.846055,0
/home/tr3x/Projects/glow-mark/datasets/FairFace/val/1329.jpg,0.691698,0
/home/tr3x/Projects/glow-mark/datasets/FairFace/val/133.jpg,0.332497,0
/home/tr3x/Projects/glow-mark/datasets/FairFace/val/1330.jpg,0.901107,1
/home/tr3x/Projects/glow-mark/datasets/FairFace/val/1331.jpg,0.684903,0
/home/tr3x/Projects/glow-mark/datasets/FairFace/val/1332.jpg,0.942880,0
/home/tr3x/Projects/glow-mark/datasets/FairFace/val/1333.jpg,0.876110,1
/home/tr3x/Projects/glow-mark/datasets/FairFace/val/1334.jpg,0.882715,0
/home/tr3x/Projects/glow-mark/datasets/FairFace/val/1335.jpg,0.886212,1
/home/tr3x/Projects/glow-mark/datasets/FairFace/val/1336.jpg,0.791277,0
/home/tr3x/Projects/glow-mark/datasets/FairFace/val/1337.jpg,0.910746,1
/home/tr3x/Projects/glow-mark/datasets/FairFace/val/1338.jpg,0.770292,1
/home/tr3x/Projects/glow-mark/datasets/FairFace/val/1339.jpg,0.877966,1
/home/tr3x/Projects/glow-mark/datasets/FairFace/val/134.jpg,0.847639,1
/home/tr3x/Projects/glow-mark/datasets/FairFace/val/1340.jpg,0.671823,0
/home/tr3x/Projects/glow-mark/datasets/FairFace/val/1341.jpg,0.877648,1
/home/tr3x/Projects/glow-mark/datasets/FairFace/val/1342.jpg,0.833425,1
/home/tr3x/Projects/glow-mark/datasets/FairFace/val/1343.jpg,0.668605,0
/home/tr3x/Projects/glow-mark/datasets/FairFace/val/1344.jpg,0.903577,1
/home/tr3x/Projects/glow-mark/datasets/FairFace/val/1345.jpg,0.667094,1
/home/tr3x/Projects/glow-mark/datasets/FairFace/val/1346.jpg,0.884433,1
/home/tr3x/Projects/glow-mark/datasets/FairFace/val/1347.jpg,0.821241,1
/home/tr3x/Projects/glow-mark/datasets/FairFace/val/1348.jpg,0.656069,0
/home/tr3x/Projects/glow-mark/datasets/FairFace/val/1349.jpg,0.758532,0
/home/tr3x/Projects/glow-mark/datasets/FairFace/val/135.jpg,0.817771,1
/home/tr3x/Projects/glow-mark/datasets/FairFace/val/1350.jpg,0.876028,1
/home/tr3x/Projects/glow-mark/datasets/FairFace/val/1351.jpg,0.835602,0
/home/tr3x/Projects/glow-mark/datasets/FairFace/val/1352.jpg,0.229186,1
/home/tr3x/Projects/glow-mark/datasets/FairFace/val/1353.jpg,0.861259,0
/home/tr3x/Projects/glow-mark/datasets/FairFace/val/1354.jpg,0.954731,1
/home/tr3x/Projects/glow-mark/datasets/FairFace/val/1355.jpg,0.491612,0
/home/tr3x/Projects/glow-mark/datasets/FairFace/val/1356.jpg,0.820977,1
/home/tr3x/Projects/glow-mark/datasets/FairFace/val/1357.jpg,0.720716,1
/home/tr3x/Projects/glow-mark/datasets/FairFace/val/1358.jpg,0.602854,1
/home/tr3x/Projects/glow-mark/datasets/FairFace/val/1359.jpg,0.659617,0
/home/tr3x/Projects/glow-mark/datasets/FairFace/val/136.jpg,0.864656,0
/home/tr3x/Projects/glow-mark/datasets/FairFace/val/1360.jpg,0.900074,0
/home/tr3x/Projects/glow-mark/datasets/FairFace/val/1361.jpg,0.920739,1
/home/tr3x/Projects/glow-mark/datasets/FairFace/val/1362.jpg,0.880678,0
/home/tr3x/Projects/glow-mark/datasets/FairFace/val/1363.jpg,0.763774,1
/home/tr3x/Projects/glow-mark/datasets/FairFace/val/1364.jpg,0.922697,0
/home/tr3x/Projects/glow-mark/datasets/FairFace/val/1365.jpg,0.841454,0
/home/tr3x/Projects/glow-mark/datasets/FairFace/val/1366.jpg,0.682209,0
/home/tr3x/Projects/glow-mark/datasets/FairFace/val/1367.jpg,0.587386,1
/home/tr3x/Projects/glow-mark/datasets/FairFace/val/1368.jpg,0.598919,0
/home/tr3x/Projects/glow-mark/datasets/FairFace/val/1369.jpg,0.883450,0
/home/tr3x/Projects/glow-mark/datasets/FairFace/val/137.jpg,0.823423,0
/home/tr3x/Projects/glow-mark/datasets/FairFace/val/1370.jpg,0.847150,1
/home/tr3x/Projects/glow-mark/datasets/FairFace/val/1371.jpg,0.797412,1
/home/tr3x/Projects/glow-mark/datasets/FairFace/val/1372.jpg,0.647157,1
/home/tr3x/Projects/glow-mark/datasets/FairFace/val/1373.jpg,0.714076,0
/home/tr3x/Projects/glow-mark/datasets/FairFace/val/1374.jpg,0.832983,1
/home/tr3x/Projects/glow-mark/datasets/FairFace/val/1375.jpg,0.805649,1
/home/tr3x/Projects/glow-mark/datasets/FairFace/val/1376.jpg,0.781811,1
/home/tr3x/Projects/glow-mark/datasets/FairFace/val/1377.jpg,0.876491,1
/home/tr3x/Projects/glow-mark/datasets/FairFace/val/1378.jpg,0.815965,0
/home/tr3x/Projects/glow-mark/datasets/FairFace/val/1379.jpg,0.726817,0
/home/tr3x/Projects/glow-mark/datasets/FairFace/val/138.jpg,0.850121,1
/home/tr3x/Projects/glow-mark/datasets/FairFace/val/1380.jpg,0.748494,0
/home/tr3x/Projects/glow-mark/datasets/FairFace/val/1381.jpg,0.799945,1
/home/tr3x/Projects/glow-mark/datasets/FairFace/val/1382.jpg,0.387882,0
/home/tr3x/Projects/glow-mark/datasets/FairFace/val/1383.jpg,0.908262,1
/home/tr3x/Projects/glow-mark/datasets/FairFace/val/1384.jpg,0.819664,1
/home/tr3x/Projects/glow-mark/datasets/FairFace/val/1385.jpg,0.921694,0
/home/tr3x/Projects/glow-mark/datasets/FairFace/val/1386.jpg,0.808511,1
/home/tr3x/Projects/glow-mark/datasets/FairFace/val/1387.jpg,0.833914,0
/home/tr3x/Projects/glow-mark/datasets/FairFace/val/1388.jpg,0.750682,1
/home/tr3x/Projects/glow-mark/datasets/FairFace/val/1389.jpg,0.782825,1
/home/tr3x/Projects/glow-mark/datasets/FairFace/val/139.jpg,0.943676,1
/home/tr3x/Projects/glow-mark/datasets/FairFace/val/1390.jpg,0.975212,1
/home/tr3x/Projects/glow-mark/datasets/FairFace/val/1391.jpg,0.939277,0
/home/tr3x/Projects/glow-mark/datasets/FairFace/val/1392.jpg,0.840521,0
/home/tr3x/Projects/glow-mark/datasets/FairFace/val/1393.jpg,0.889616,0
/home/tr3x/Projects/glow-mark/datasets/FairFace/val/1394.jpg,0.885075,0
/home/tr3x/Projects/glow-mark/datasets/FairFace/val/1395.jpg,0.639730,0
/home/tr3x/Projects/glow-mark/datasets/FairFace/val/1396.jpg,0.709525,1
/home/tr3x/Projects/glow-mark/datasets/FairFace/val/1397.jpg,0.234885,0
/home/tr3x/Projects/glow-mark/datasets/FairFace/val/1398.jpg,0.794338,1
/home/tr3x/Projects/glow-mark/datasets/FairFace/val/1399.jpg,0.862296,1
/home/tr3x/Projects/glow-mark/datasets/FairFace/val/14.jpg,0.896476,1
/home/tr3x/Projects/glow-mark/datasets/FairFace/val/140.jpg,0.679345,1
/home/tr3x/Projects/glow-mark/datasets/FairFace/val/1400.jpg,0.854922,0
/home/tr3x/Projects/glow-mark/datasets/FairFace/val/1401.jpg,0.627216,1
/home/tr3x/Projects/glow-mark/datasets/FairFace/val/1402.jpg,0.803326,0
/home/tr3x/Projects/glow-mark/datasets/FairFace/val/1403.jpg,0.795221,0
/home/tr3x/Projects/glow-mark/datasets/FairFace/val/1404.jpg,0.713860,1
/home/tr3x/Projects/glow-mark/datasets/FairFace/val/1405.jpg,0.902682,1
/home/tr3x/Projects/glow-mark/datasets/FairFace/val/1406.jpg,0.864197,0
/home/tr3x/Projects/glow-mark/datasets/FairFace/val/1407.jpg,0.522669,0
/home/tr3x/Projects/glow-mark/datasets/FairFace/val/1408.jpg,0.709557,0
/home/tr3x/Projects/glow-mark/datasets/FairFace/val/1409.jpg,0.917627,1
/home/tr3x/Projects/glow-mark/datasets/FairFace/val/141.jpg,0.891984,1
/home/tr3x/Projects/glow-mark/datasets/FairFace/val/1410.jpg,0.925933,0
/home/tr3x/Projects/glow-mark/datasets/FairFace/val/1411.jpg,0.854880,0
/home/tr3x/Projects/glow-mark/datasets/FairFace/val/1412.jpg,0.753092,0
/home/tr3x/Projects/glow-mark/datasets/FairFace/val/1413.jpg,0.894328,1
/home/tr3x/Projects/glow-mark/datasets/FairFace/val/1414.jpg,0.839795,0
/home/tr3x/Projects/glow-mark/datasets/FairFace/val/1415.jpg,0.927935,0
/home/tr3x/Projects/glow-mark/datasets/FairFace/val/1416.jpg,0.807371,1
/home/tr3x/Projects/glow-mark/datasets/FairFace/val/1417.jpg,0.673299,0
/home/tr3x/Projects/glow-mark/datasets/FairFace/val/1418.jpg,0.921760,1
/home/tr3x/Projects/glow-mark/datasets/FairFace/val/1419.jpg,0.675577,0
/home/tr3x/Projects/glow-mark/datasets/FairFace/val/142.jpg,0.912030,1
/home/tr3x/Projects/glow-mark/datasets/FairFace/val/1420.jpg,0.723531,0
/home/tr3x/Projects/glow-mark/datasets/FairFace/val/1421.jpg,0.745724,1
/home/tr3x/Projects/glow-mark/datasets/FairFace/val/1422.jpg,0.712098,0
/home/tr3x/Projects/glow-mark/datasets/FairFace/val/1423.jpg,0.680830,1
/home/tr3x/Projects/glow-mark/datasets/FairFace/val/1424.jpg,0.743699,1
/home/tr3x/Projects/glow-mark/datasets/FairFace/val/1425.jpg,0.785224,0
/home/tr3x/Projects/glow-mark/datasets/FairFace/val/1426.jpg,0.804267,0
/home/tr3x/Projects/glow-mark/datasets/FairFace/val/1427.jpg,0.865529,0
/home/tr3x/Projects/glow-mark/datasets/FairFace/val/1428.jpg,0.795834,1
/home/tr3x/Projects/glow-mark/datasets/FairFace/val/1429.jpg,0.841936,0
/home/tr3x/Projects/glow-mark/datasets/FairFace/val/143.jpg,0.953126,1
/home/tr3x/Projects/glow-mark/datasets/FairFace/val/1430.jpg,0.571764,0
/home/tr3x/Projects/glow-mark/datasets/FairFace/val/1431.jpg,0.917428,1
/home/tr3x/Projects/glow-mark/datasets/FairFace/val/1432.jpg,0.887129,1
/home/tr3x/Projects/glow-mark/datasets/FairFace/val/1433.jpg,0.803453,0
/home/tr3x/Projects/glow-mark/datasets/FairFace/val/1434.jpg,0.921121,0
/home/tr3x/Projects/glow-mark/datasets/FairFace/val/1435.jpg,0.818941,1
/home/tr3x/Projects/glow-mark/datasets/FairFace/val/1436.jpg,0.447544,1
/home/tr3x/Projects/glow-mark/datasets/FairFace/val/1437.jpg,0.899240,0
/home/tr3x/Projects/glow-mark/datasets/FairFace/val/1438.jpg,0.891198,1
/home/tr3x/Projects/glow-mark/datasets/FairFace/val/1439.jpg,0.791659,0
/home/tr3x/Projects/glow-mark/datasets/FairFace/val/144.jpg,0.956807,0
/home/tr3x/Projects/glow-mark/datasets/FairFace/val/1440.jpg,0.551471,0
/home/tr3x/Projects/glow-mark/datasets/FairFace/val/1441.jpg,0.649226,0
/home/tr3x/Projects/glow-mark/datasets/FairFace/val/1442.jpg,0.739812,0
/home/tr3x/Projects/glow-mark/datasets/FairFace/val/1443.jpg,0.882641,1
/home/tr3x/Projects/glow-mark/datasets/FairFace/val/1444.jpg,0.947858,0
/home/tr3x/Projects/glow-mark/datasets/FairFace/val/1445.jpg,0.773295,0
/home/tr3x/Projects/glow-mark/datasets/FairFace/val/1446.jpg,0.936958,1
/home/tr3x/Projects/glow-mark/datasets/FairFace/val/1447.jpg,0.936925,1
/home/tr3x/Projects/glow-mark/datasets/FairFace/val/1448.jpg,0.727456,1
/home/tr3x/Projects/glow-mark/datasets/FairFace/val/1449.jpg,0.810745,0
/home/tr3x/Projects/glow-mark/datasets/FairFace/val/145.jpg,0.231367,1
/home/tr3x/Projects/glow-mark/datasets/FairFace/val/1450.jpg,0.806837,1
/home/tr3x/Projects/glow-mark/datasets/FairFace/val/1451.jpg,0.908479,0
/home/tr3x/Projects/glow-mark/datasets/FairFace/val/1452.jpg,0.636008,1
/home/tr3x/Projects/glow-mark/datasets/FairFace/val/1453.jpg,0.851008,1
/home/tr3x/Projects/glow-mark/datasets/FairFace/val/1454.jpg,0.826482,1
/home/tr3x/Projects/glow-mark/datasets/FairFace/val/1455.jpg,0.947436,1
/home/tr3x/Projects/glow-mark/datasets/FairFace/val/1456.jpg,0.769823,1
/home/tr3x/Projects/glow-mark/datasets/FairFace/val/1457.jpg,0.523089,1
/home/tr3x/Projects/glow-mark/datasets/FairFace/val/1458.jpg,0.839266,1
/home/tr3x/Projects/glow-mark/datasets/FairFace/val/1459.jpg,0.815743,1
/home/tr3x/Projects/glow-mark/datasets/FairFace/val/146.jpg,0.709712,0
/home/tr3x/Projects/glow-mark/datasets/FairFace/val/1460.jpg,0.825064,0
/home/tr3x/Projects/glow-mark/datasets/FairFace/val/1461.jpg,0.768229,1
/home/tr3x/Projects/glow-mark/datasets/FairFace/val/1462.jpg,0.881749,0
/home/tr3x/Projects/glow-mark/datasets/FairFace/val/1463.jpg,0.672922,0
/home/tr3x/Projects/glow-mark/datasets/FairFace/val/1464.jpg,0.885050,0
/home/tr3x/Projects/glow-mark/datasets/FairFace/val/1465.jpg,0.616596,0
/home/tr3x/Projects/glow-mark/datasets/FairFace/val/1466.jpg,0.734545,0
/home/tr3x/Projects/glow-mark/datasets/FairFace/val/1467.jpg,0.903696,1
/home/tr3x/Projects/glow-mark/datasets/FairFace/val/1468.jpg,0.614729,0
/home/tr3x/Projects/glow-mark/datasets/FairFace/val/1469.jpg,0.894416,1
/home/tr3x/Projects/glow-mark/datasets/FairFace/val/147.jpg,0.877360,0
/home/tr3x/Projects/glow-mark/datasets/FairFace/val/1470.jpg,0.927348,0
/home/tr3x/Projects/glow-mark/datasets/FairFace/val/1471.jpg,0.716854,1
/home/tr3x/Projects/glow-mark/datasets/FairFace/val/1472.jpg,0.790281,0
/home/tr3x/Projects/glow-mark/datasets/FairFace/val/1473.jpg,0.852228,0
/home/tr3x/Projects/glow-mark/datasets/FairFace/val/1474.jpg,0.915848,1
/home/tr3x/Projects/glow-mark/datasets/FairFace/val/1475.jpg,0.800501,0
/home/tr3x/Projects/glow-mark/datasets/FairFace/val/1476.jpg,0.947085,0
/home/tr3x/Projects/glow-mark/datasets/FairFace/val/1477.jpg,0.958330,1
/home/tr3x/Projects/glow-mark/datasets/FairFace/val/1478.jpg,0.836457,0
/home/tr3x/Projects/glow-mark/datasets/FairFace/val/1479.jpg,0.950900,1
/home/tr3x/Projects/glow-mark/datasets/FairFace/val/148.jpg,0.958619,1
/home/tr3x/Projects/glow-mark/datasets/FairFace/val/1480.jpg,0.694159,1
/home/tr3x/Projects/glow-mark/datasets/FairFace/val/1481.jpg,0.753150,0
/home/tr3x/Projects/glow-mark/datasets/FairFace/val/1482.jpg,0.926850,1
/home/tr3x/Projects/glow-mark/datasets/FairFace/val/1483.jpg,0.579990,0
/home/tr3x/Projects/glow-mark/datasets/FairFace/val/1484.jpg,0.653612,0
/home/tr3x/Projects/glow-mark/datasets/FairFace/val/1485.jpg,0.512906,1
/home/tr3x/Projects/glow-mark/datasets/FairFace/val/1486.jpg,0.947419,1
/home/tr3x/Projects/glow-mark/datasets/FairFace/val/1487.jpg,0.978487,1
/home/tr3x/Projects/glow-mark/datasets/FairFace/val/1488.jpg,0.902682,1
/home/tr3x/Projects/glow-mark/datasets/FairFace/val/1489.jpg,0.726613,0
/home/tr3x/Projects/glow-mark/datasets/FairFace/val/149.jpg,0.932524,0
/home/tr3x/Projects/glow-mark/datasets/FairFace/val/1490.jpg,0.725473,1
/home/tr3x/Projects/glow-mark/datasets/FairFace/val/1491.jpg,0.634078,0
/home/tr3x/Projects/glow-mark/datasets/FairFace/val/1492.jpg,0.637013,0
/home/tr3x/Projects/glow-mark/datasets/FairFace/val/1493.jpg,0.820742,1
/home/tr3x/Projects/glow-mark/datasets/FairFace/val/1494.jpg,0.863218,1
/home/tr3x/Projects/glow-mark/datasets/FairFace/val/1495.jpg,0.524990,0
/home/tr3x/Projects/glow-mark/datasets/FairFace/val/1496.jpg,0.827852,0
/home/tr3x/Projects/glow-mark/datasets/FairFace/val/1497.jpg,0.536159,0
/home/tr3x/Projects/glow-mark/datasets/FairFace/val/1498.jpg,0.903962,0
/home/tr3x/Projects/glow-mark/datasets/FairFace/val/1499.jpg,0.916887,1
/home/tr3x/Projects/glow-mark/datasets/FairFace/val/15.jpg,0.899745,1
/home/tr3x/Projects/glow-mark/datasets/FairFace/val/150.jpg,0.393972,1
/home/tr3x/Projects/glow-mark/datasets/FairFace/val/1500.jpg,0.736317,1
/home/tr3x/Projects/glow-mark/datasets/FairFace/val/1501.jpg,0.847636,1
/home/tr3x/Projects/glow-mark/datasets/FairFace/val/1502.jpg,0.617233,1
/home/tr3x/Projects/glow-mark/datasets/FairFace/val/1503.jpg,0.849338,1
/home/tr3x/Projects/glow-mark/datasets/FairFace/val/1504.jpg,0.440177,0
/home/tr3x/Projects/glow-mark/datasets/FairFace/val/1505.jpg,0.379075,0
/home/tr3x/Projects/glow-mark/datasets/FairFace/val/1506.jpg,0.743137,0
/home/tr3x/Projects/glow-mark/datasets/FairFace/val/1507.jpg,0.920930,0
/home/tr3x/Projects/glow-mark/datasets/FairFace/val/1508.jpg,0.728026,0
/home/tr3x/Projects/glow-mark/datasets/FairFace/val/1509.jpg,0.937980,0
/home/tr3x/Projects/glow-mark/datasets/FairFace/val/151.jpg,0.888965,1
/home/tr3x/Projects/glow-mark/datasets/FairFace/val/1510.jpg,0.721744,0
/home/tr3x/Projects/glow-mark/datasets/FairFace/val/1511.jpg,0.575263,1
/home/tr3x/Projects/glow-mark/datasets/FairFace/val/1512.jpg,0.784161,0
/home/tr3x/Projects/glow-mark/datasets/FairFace/val/1513.jpg,0.907196,0
/home/tr3x/Projects/glow-mark/datasets/FairFace/val/1514.jpg,0.691615,1
/home/tr3x/Projects/glow-mark/datasets/FairFace/val/1515.jpg,0.629790,0
/home/tr3x/Projects/glow-mark/datasets/FairFace/val/1516.jpg,0.738849,1
/home/tr3x/Projects/glow-mark/datasets/FairFace/val/1517.jpg,0.756906,1
/home/tr3x/Projects/glow-mark/datasets/FairFace/val/1518.jpg,0.540661,1
/home/tr3x/Projects/glow-mark/datasets/FairFace/val/1519.jpg,0.939267,1
/home/tr3x/Projects/glow-mark/datasets/FairFace/val/152.jpg,0.769197,1
/home/tr3x/Projects/glow-mark/datasets/FairFace/val/1520.jpg,0.884675,0
/home/tr3x/Projects/glow-mark/datasets/FairFace/val/1521.jpg,0.956258,1
/home/tr3x/Projects/glow-mark/datasets/FairFace/val/1522.jpg,0.680590,0
/home/tr3x/Projects/glow-mark/datasets/FairFace/val/1523.jpg,0.752356,1
/home/tr3x/Projects/glow-mark/datasets/FairFace/val/1524.jpg,0.673042,1
/home/tr3x/Projects/glow-mark/datasets/FairFace/val/1525.jpg,0.675192,0
/home/tr3x/Projects/glow-mark/datasets/FairFace/val/1526.jpg,0.965640,1
/home/tr3x/Projects/glow-mark/datasets/FairFace/val/1527.jpg,0.752805,0
/home/tr3x/Projects/glow-mark/datasets/FairFace/val/1528.jpg,0.678938,0
/home/tr3x/Projects/glow-mark/datasets/FairFace/val/1529.jpg,0.695542,1
/home/tr3x/Projects/glow-mark/datasets/FairFace/val/153.jpg,0.728837,1
/home/tr3x/Projects/glow-mark/datasets/FairFace/val/1530.jpg,0.907326,1
/home/tr3x/Projects/glow-mark/datasets/FairFace/val/1531.jpg,0.903071,1
/home/tr3x/Projects/glow-mark/datasets/FairFace/val/1532.jpg,0.836620,0
/home/tr3x/Projects/glow-mark/datasets/FairFace/val/1533.jpg,0.833247,1
/home/tr3x/Projects/glow-mark/datasets/FairFace/val/1534.jpg,0.861216,1
/home/tr3x/Projects/glow-mark/datasets/FairFace/val/1535.jpg,0.936948,0
/home/tr3x/Projects/glow-mark/datasets/FairFace/val/1536.jpg,0.952654,1
/home/tr3x/Projects/glow-mark/datasets/FairFace/val/1537.jpg,0.820092,0
/home/tr3x/Projects/glow-mark/datasets/FairFace/val/1538.jpg,0.860110,1
/home/tr3x/Projects/glow-mark/datasets/FairFace/val/1539.jpg,0.844097,0
/home/tr3x/Projects/glow-mark/datasets/FairFace/val/154.jpg,0.885001,1
/home/tr3x/Projects/glow-mark/datasets/FairFace/val/1540.jpg,0.915898,1
/home/tr3x/Projects/glow-mark/datasets/FairFace/val/1541.jpg,0.936603,1
/home/tr3x/Projects/glow-mark/datasets/FairFace/val/1542.jpg,0.809154,1
/home/tr3x/Projects/glow-mark/datasets/FairFace/val/1543.jpg,0.810180,0
/home/tr3x/Projects/glow-mark/datasets/FairFace/val/1544.jpg,0.894409,0
/home/tr3x/Projects/glow-mark/datasets/FairFace/val/1545.jpg,0.924045,1
/home/tr3x/Projects/glow-mark/datasets/FairFace/val/1546.jpg,0.831911,0
/home/tr3x/Projects/glow-mark/datasets/FairFace/val/1547.jpg,0.837461,1
/home/tr3x/Projects/glow-mark/datasets/FairFace/val/1548.jpg,0.699625,0
/home/tr3x/Projects/glow-mark/datasets/FairFace/val/1549.jpg,0.881427,1
/home/tr3x/Projects/glow-mark/datasets/FairFace/val/155.jpg,0.429942,0
/home/tr3x/Projects/glow-mark/datasets/FairFace/val/1550.jpg,0.775452,1
/home/tr3x/Projects/glow-mark/datasets/FairFace/val/1551.jpg,0.436810,0
/home/tr3x/Projects/glow-mark/datasets/FairFace/val/1552.jpg,0.886519,0
/home/tr3x/Projects/glow-mark/datasets/FairFace/val/1553.jpg,0.863075,0
/home/tr3x/Projects/glow-mark/datasets/FairFace/val/1554.jpg,0.823192,1
/home/tr3x/Projects/glow-mark/datasets/FairFace/val/1555.jpg,0.705101,0
/home/tr3x/Projects/glow-mark/datasets/FairFace/val/1556.jpg,0.693095,1
/home/tr3x/Projects/glow-mark/datasets/FairFace/val/1557.jpg,0.879512,1
/home/tr3x/Projects/glow-mark/datasets/FairFace/val/1558.jpg,0.595126,0
/home/tr3x/Projects/glow-mark/datasets/FairFace/val/1559.jpg,0.676908,0
/home/tr3x/Projects/glow-mark/datasets/FairFace/val/156.jpg,0.736035,0
/home/tr3x/Projects/glow-mark/datasets/FairFace/val/1560.jpg,0.944013,0
/home/tr3x/Projects/glow-mark/datasets/FairFace/val/1561.jpg,0.941498,1
/home/tr3x/Projects/glow-mark/datasets/FairFace/val/1562.jpg,0.859352,0
/home/tr3x/Projects/glow-mark/datasets/FairFace/val/1563.jpg,0.897425,1
/home/tr3x/Projects/glow-mark/datasets/FairFace/val/1564.jpg,0.731066,0
/home/tr3x/Projects/glow-mark/datasets/FairFace/val/1565.jpg,0.464079,0
/home/tr3x/Projects/glow-mark/datasets/FairFace/val/1566.jpg,0.911511,1
/home/tr3x/Projects/glow-mark/datasets/FairFace/val/1567.jpg,0.483140,0
/home/tr3x/Projects/glow-mark/datasets/FairFace/val/1568.jpg,0.764710,0
/home/tr3x/Projects/glow-mark/datasets/FairFace/val/1569.jpg,0.918033,1
/home/tr3x/Projects/glow-mark/datasets/FairFace/val/157.jpg,0.906038,1
/home/tr3x/Projects/glow-mark/datasets/FairFace/val/1570.jpg,0.823239,1
/home/tr3x/Projects/glow-mark/datasets/FairFace/val/1571.jpg,0.952745,1
/home/tr3x/Projects/glow-mark/datasets/FairFace/val/1572.jpg,0.833487,1
/home/tr3x/Projects/glow-mark/datasets/FairFace/val/1573.jpg,0.842116,0
/home/tr3x/Projects/glow-mark/datasets/FairFace/val/1574.jpg,0.918473,0
/home/tr3x/Projects/glow-mark/datasets/FairFace/val/1575.jpg,0.715306,0
/home/tr3x/Projects/glow-mark/datasets/FairFace/val/1576.jpg,0.820700,1
/home/tr3x/Projects/glow-mark/datasets/FairFace/val/1577.jpg,0.933061,0
/home/tr3x/Projects/glow-mark/datasets/FairFace/val/1578.jpg,0.688342,0
/home/tr3x/Projects/glow-mark/datasets/FairFace/val/1579.jpg,0.927773,1
/home/tr3x/Projects/glow-mark/datasets/FairFace/val/158.jpg,0.854692,1
/home/tr3x/Projects/glow-mark/datasets/FairFace/val/1580.jpg,0.761515,0
/home/tr3x/Projects/glow-mark/datasets/FairFace/val/1581.jpg,0.758747,1
/home/tr3x/Projects/glow-mark/datasets/FairFace/val/1582.jpg,0.532850,0
/home/tr3x/Projects/glow-mark/datasets/FairFace/val/1583.jpg,0.894492,1
/home/tr3x/Projects/glow-mark/datasets/FairFace/val/1584.jpg,0.756154,1
/home/tr3x/Projects/glow-mark/datasets/FairFace/val/1585.jpg,0.740137,0
/home/tr3x/Projects/glow-mark/datasets/FairFace/val/1586.jpg,0.691204,1
/home/tr3x/Projects/glow-mark/datasets/FairFace/val/1587.jpg,0.873433,0
/home/tr3x/Projects/glow-mark/datasets/FairFace/val/1588.jpg,0.586471,1
/home/tr3x/Projects/glow-mark/datasets/FairFace/val/1589.jpg,0.914836,1
/home/tr3x/Projects/glow-mark/datasets/FairFace/val/159.jpg,0.916211,0
/home/tr3x/Projects/glow-mark/datasets/FairFace/val/1590.jpg,0.959156,1
/home/tr3x/Projects/glow-mark/datasets/FairFace/val/1591.jpg,0.928978,1
/home/tr3x/Projects/glow-mark/datasets/FairFace/val/1592.jpg,0.962223,1
/home/tr3x/Projects/glow-mark/datasets/FairFace/val/1593.jpg,0.594956,0
/home/tr3x/Projects/glow-mark/datasets/FairFace/val/1594.jpg,0.715150,1
/home/tr3x/Projects/glow-mark/datasets/FairFace/val/1595.jpg,0.316190,0
/home/tr3x/Projects/glow-mark/datasets/FairFace/val/1596.jpg,0.964132,0
/home/tr3x/Projects/glow-mark/datasets/FairFace/val/1597.jpg,0.844385,0
/home/tr3x/Projects/glow-mark/datasets/FairFace/val/1598.jpg,0.807234,0
/home/tr3x/Projects/glow-mark/datasets/FairFace/val/1599.jpg,0.616755,1
/home/tr3x/Projects/glow-mark/datasets/FairFace/val/16.jpg,0.848812,0
/home/tr3x/Projects/glow-mark/datasets/FairFace/val/160.jpg,0.794986,0
/home/tr3x/Projects/glow-mark/datasets/FairFace/val/1600.jpg,0.868742,0
/home/tr3x/Projects/glow-mark/datasets/FairFace/val/1601.jpg,0.913780,1
/home/tr3x/Projects/glow-mark/datasets/FairFace/val/1602.jpg,0.813855,1
/home/tr3x/Projects/glow-mark/datasets/FairFace/val/1603.jpg,0.828409,0
/home/tr3x/Projects/glow-mark/datasets/FairFace/val/1604.jpg,0.954823,1
/home/tr3x/Projects/glow-mark/datasets/FairFace/val/1605.jpg,0.835205,1
/home/tr3x/Projects/glow-mark/datasets/FairFace/val/1606.jpg,0.804617,0
/home/tr3x/Projects/glow-mark/datasets/FairFace/val/1607.jpg,0.883519,0
/home/tr3x/Projects/glow-mark/datasets/FairFace/val/1608.jpg,0.220831,0
/home/tr3x/Projects/glow-mark/datasets/FairFace/val/1609.jpg,0.636000,1
/home/tr3x/Projects/glow-mark/datasets/FairFace/val/161.jpg,0.946735,1
/home/tr3x/Projects/glow-mark/datasets/FairFace/val/1610.jpg,0.875520,1
/home/tr3x/Projects/glow-mark/datasets/FairFace/val/1611.jpg,0.547082,0
/home/tr3x/Projects/glow-mark/datasets/FairFace/val/1612.jpg,0.894819,1
/home/tr3x/Projects/glow-mark/datasets/FairFace/val/1613.jpg,0.946109,1
/home/tr3x/Projects/glow-mark/datasets/FairFace/val/1614.jpg,0.382964,1
/home/tr3x/Projects/glow-mark/datasets/FairFace/val/1615.jpg,0.740641,0
/home/tr3x/Projects/glow-mark/datasets/FairFace/val/1616.jpg,0.935728,1
/home/tr3x/Projects/glow-mark/datasets/FairFace/val/1617.jpg,0.540990,0
/home/tr3x/Projects/glow-mark/datasets/FairFace/val/1618.jpg,0.851746,1
/home/tr3x/Projects/glow-mark/datasets/FairFace/val/1619.jpg,0.831761,1
/home/tr3x/Projects/glow-mark/datasets/FairFace/val/162.jpg,0.940140,1
/home/tr3x/Projects/glow-mark/datasets/FairFace/val/1620.jpg,0.925422,1
/home/tr3x/Projects/glow-mark/datasets/FairFace/val/1621.jpg,0.936617,1
/home/tr3x/Projects/glow-mark/datasets/FairFace/val/1622.jpg,0.888830,1
/home/tr3x/Projects/glow-mark/datasets/FairFace/val/1623.jpg,0.876715,1
/home/tr3x/Projects/glow-mark/datasets/FairFace/val/1624.jpg,0.852970,0
/home/tr3x/Projects/glow-mark/datasets/FairFace/val/1625.jpg,0.953482,1
/home/tr3x/Projects/glow-mark/datasets/FairFace/val/1626.jpg,0.977603,1
/home/tr3x/Projects/glow-mark/datasets/FairFace/val/1627.jpg,0.849703,1
/home/tr3x/Projects/glow-mark/datasets/FairFace/val/1628.jpg,0.838919,0
/home/tr3x/Projects/glow-mark/datasets/FairFace/val/1629.jpg,0.633424,0
/home/tr3x/Projects/glow-mark/datasets/FairFace/val/163.jpg,0.868932,0
/home/tr3x/Projects/glow-mark/datasets/FairFace/val/1630.jpg,0.835907,1
/home/tr3x/Projects/glow-mark/datasets/FairFace/val/1631.jpg,0.804083,0
/home/tr3x/Projects/glow-mark/datasets/FairFace/val/1632.jpg,0.885340,1
/home/tr3x/Projects/glow-mark/datasets/FairFace/val/1633.jpg,0.932838,0
/home/tr3x/Projects/glow-mark/datasets/FairFace/val/1634.jpg,0.548763,0
/home/tr3x/Projects/glow-mark/datasets/FairFace/val/1635.jpg,0.859675,0
/home/tr3x/Projects/glow-mark/datasets/FairFace/val/1636.jpg,0.860988,1
/home/tr3x/Projects/glow-mark/datasets/FairFace/val/1637.jpg,0.300116,1
/home/tr3x/Projects/glow-mark/datasets/FairFace/val/1638.jpg,0.857967,0
/home/tr3x/Projects/glow-mark/datasets/FairFace/val/1639.jpg,0.771246,1
/home/tr3x/Projects/glow-mark/datasets/FairFace/val/164.jpg,0.485917,1
/home/tr3x/Projects/glow-mark/datasets/FairFace/val/1640.jpg,0.899703,1
/home/tr3x/Projects/glow-mark/datasets/FairFace/val/1641.jpg,0.742409,0
/home/tr3x/Projects/glow-mark/datasets/FairFace/val/1642.jpg,0.749381,0
/home/tr3x/Projects/glow-mark/datasets/FairFace/val/1643.jpg,0.465320,0
/home/tr3x/Projects/glow-mark/datasets/FairFace/val/1644.jpg,0.803081,0
/home/tr3x/Projects/glow-mark/datasets/FairFace/val/1645.jpg,0.537112,0
/home/tr3x/Projects/glow-mark/datasets/FairFace/val/1646.jpg,0.772277,0
/home/tr3x/Projects/glow-mark/datasets/FairFace/val/1647.jpg,0.877585,0
/home/tr3x/Projects/glow-mark/datasets/FairFace/val/1648.jpg,0.807659,0
/home/tr3x/Projects/glow-mark/datasets/FairFace/val/1649.jpg,0.715004,1
/home/tr3x/Projects/glow-mark/datasets/FairFace/val/165.jpg,0.910184,1
/home/tr3x/Projects/glow-mark/datasets/FairFace/val/1650.jpg,0.937274,1
/home/tr3x/Projects/glow-mark/datasets/FairFace/val/1651.jpg,0.734477,1
/home/tr3x/Projects/glow-mark/datasets/FairFace/val/1652.jpg,0.980259,1
/home/tr3x/Projects/glow-mark/datasets/FairFace/val/1653.jpg,0.818894,1
/home/tr3x/Projects/glow-mark/datasets/FairFace/val/1654.jpg,0.906598,1
/home/tr3x/Projects/glow-mark/datasets/FairFace/val/1655.jpg,0.772000,1
/home/tr3x/Projects/glow-mark/datasets/FairFace/val/1656.jpg,0.678699,0
/home/tr3x/Projects/glow-mark/datasets/FairFace/val/1657.jpg,0.926342,0
/home/tr3x/Projects/glow-mark/datasets/FairFace/val/1658.jpg,0.663995,0
/home/tr3x/Projects/glow-mark/datasets/FairFace/val/1659.jpg,0.954993,1
/home/tr3x/Projects/glow-mark/datasets/FairFace/val/166.jpg,0.587416,1
/home/tr3x/Projects/glow-mark/datasets/FairFace/val/1660.jpg,0.956710,1
/home/tr3x/Projects/glow-mark/datasets/FairFace/val/1661.jpg,0.855892,0
/home/tr3x/Projects/glow-mark/datasets/FairFace/val/1662.jpg,0.843172,1
/home/tr3x/Projects/glow-mark/datasets/FairFace/val/1663.jpg,0.765334,1
/home/tr3x/Projects/glow-mark/datasets/FairFace/val/1664.jpg,0.819713,0
/home/tr3x/Projects/glow-mark/datasets/FairFace/val/1665.jpg,0.639571,0
/home/tr3x/Projects/glow-mark/datasets/FairFace/val/1666.jpg,0.935174,1
/home/tr3x/Projects/glow-mark/datasets/FairFace/val/1667.jpg,0.966961,1
/home/tr3x/Projects/glow-mark/datasets/FairFace/val/1668.jpg,0.474064,1
/home/tr3x/Projects/glow-mark/datasets/FairFace/val/1669.jpg,0.642481,0
/home/tr3x/Projects/glow-mark/datasets/FairFace/val/167.jpg,0.641959,1
/home/tr3x/Projects/glow-mark/datasets/FairFace/val/1670.jpg,0.515590,1
/home/tr3x/Projects/glow-mark/datasets/FairFace/val/1671.jpg,0.905530,1
/home/tr3x/Projects/glow-mark/datasets/FairFace/val/1672.jpg,0.666966,1
/home/tr3x/Projects/glow-mark/datasets/FairFace/val/1673.jpg,0.923785,1
/home/tr3x/Projects/glow-mark/datasets/FairFace/val/1674.jpg,0.927408,1
/home/tr3x/Projects/glow-mark/datasets/FairFace/val/1675.jpg,0.930722,1
/home/tr3x/Projects/glow-mark/datasets/FairFace/val/1676.jpg,0.489075,0
/home/tr3x/Projects/glow-mark/datasets/FairFace/val/1677.jpg,0.701220,1
/home/tr3x/Projects/glow-mark/datasets/FairFace/val/1678.jpg,0.573582,1
/home/tr3x/Projects/glow-mark/datasets/FairFace/val/1679.jpg,0.953025,0
/home/tr3x/Projects/glow-mark/datasets/FairFace/val/168.jpg,0.583820,0
/home/tr3x/Projects/glow-mark/datasets/FairFace/val/1680.jpg,0.907025,1
/home/tr3x/Projects/glow-mark/datasets/FairFace/val/1681.jpg,0.894365,0
/home/tr3x/Projects/glow-mark/datasets/FairFace/val/1682.jpg,0.899510,1
/home/tr3x/Projects/glow-mark/datasets/FairFace/val/1683.jpg,0.952639,1
/home/tr3x/Projects/glow-mark/datasets/FairFace/val/1684.jpg,0.648522,0
/home/tr3x/Projects/glow-mark/datasets/FairFace/val/1685.jpg,0.766997,0
/home/tr3x/Projects/glow-mark/datasets/FairFace/val/1686.jpg,0.880422,1
/home/tr3x/Projects/glow-mark/datasets/FairFace/val/1687.jpg,0.874100,1
/home/tr3x/Projects/glow-mark/datasets/FairFace/val/1688.jpg,0.801503,0
/home/tr3x/Projects/glow-mark/datasets/FairFace/val/1689.jpg,0.762094,1
/home/tr3x/Projects/glow-mark/datasets/FairFace/val/169.jpg,0.980921,0
/home/tr3x/Projects/glow-mark/datasets/FairFace/val/1690.jpg,0.414468,1
/home/tr3x/Projects/glow-mark/datasets/FairFace/val/1691.jpg,0.843648,0
/home/tr3x/Projects/glow-mark/datasets/FairFace/val/1692.jpg,0.766407,0
/home/tr3x/Projects/glow-mark/datasets/FairFace/val/1693.jpg,0.833092,1
/home/tr3x/Projects/glow-mark/datasets/FairFace/val/1694.jpg,0.839444,0
/home/tr3x/Projects/glow-mark/datasets/FairFace/val/1695.jpg,0.454387,1
/home/tr3x/Projects/glow-mark/datasets/FairFace/val/1696.jpg,0.926486,1
/home/tr3x/Projects/glow-mark/datasets/FairFace/val/1697.jpg,0.451679,0
/home/tr3x/Projects/glow-mark/datasets/FairFace/val/1698.jpg,0.923695,1
/home/tr3x/Projects/glow-mark/datasets/FairFace/val/1699.jpg,0.918283,1
/home/tr3x/Projects/glow-mark/datasets/FairFace/val/17.jpg,0.686935,0
/home/tr3x/Projects/glow-mark/datasets/FairFace/val/170.jpg,0.849943,1
/home/tr3x/Projects/glow-mark/datasets/FairFace/val/1700.jpg,0.605691,0
/home/tr3x/Projects/glow-mark/datasets/FairFace/val/1701.jpg,0.861577,1
/home/tr3x/Projects/glow-mark/datasets/FairFace/val/1702.jpg,0.789509,1
/home/tr3x/Projects/glow-mark/datasets/FairFace/val/1703.jpg,0.705578,0
/home/tr3x/Projects/glow-mark/datasets/FairFace/val/1704.jpg,0.549182,1
/home/tr3x/Projects/glow-mark/datasets/FairFace/val/1705.jpg,0.762674,1
/home/tr3x/Projects/glow-mark/datasets/FairFace/val/1706.jpg,0.699343,1
/home/tr3x/Projects/glow-mark/datasets/FairFace/val/1707.jpg,0.704451,1
/home/tr3x/Projects/glow-mark/datasets/FairFace/val/1708.jpg,0.708314,0
/home/tr3x/Projects/glow-mark/datasets/FairFace/val/1709.jpg,0.925363,0
/home/tr3x/Projects/glow-mark/datasets/FairFace/val/171.jpg,0.932351,1
/home/tr3x/Projects/glow-mark/datasets/FairFace/val/1710.jpg,0.884877,1
/home/tr3x/Projects/glow-mark/datasets/FairFace/val/1711.jpg,0.760420,0
/home/tr3x/Projects/glow-mark/datasets/FairFace/val/1712.jpg,0.901170,0
/home/tr3x/Projects/glow-mark/datasets/FairFace/val/1713.jpg,0.946121,1
/home/tr3x/Projects/glow-mark/datasets/FairFace/val/1714.jpg,0.712111,0
/home/tr3x/Projects/glow-mark/datasets/FairFace/val/1715.jpg,0.972586,1
/home/tr3x/Projects/glow-mark/datasets/FairFace/val/1716.jpg,0.680240,0
/home/tr3x/Projects/glow-mark/datasets/FairFace/val/1717.jpg,0.739305,1
/home/tr3x/Projects/glow-mark/datasets/FairFace/val/1718.jpg,0.770828,0
/home/tr3x/Projects/glow-mark/datasets/FairFace/val/1719.jpg,0.844477,0
/home/tr3x/Projects/glow-mark/datasets/FairFace/val/172.jpg,0.851553,0
/home/tr3x/Projects/glow-mark/datasets/FairFace/val/1720.jpg,0.782707,0
/home/tr3x/Projects/glow-mark/datasets/FairFace/val/1721.jpg,0.888341,1
/home/tr3x/Projects/glow-mark/datasets/FairFace/val/1722.jpg,0.861828,0
/home/tr3x/Projects/glow-mark/datasets/FairFace/val/1723.jpg,0.618329,0
/home/tr3x/Projects/glow-mark/datasets/FairFace/val/1724.jpg,0.820911,1
/home/tr3x/Projects/glow-mark/datasets/FairFace/val/1725.jpg,0.665598,0
/home/tr3x/Projects/glow-mark/datasets/FairFace/val/1726.jpg,0.956821,1
/home/tr3x/Projects/glow-mark/datasets/FairFace/val/1727.jpg,0.841522,1
/home/tr3x/Projects/glow-mark/datasets/FairFace/val/1728.jpg,0.863151,0
/home/tr3x/Projects/glow-mark/datasets/FairFace/val/1729.jpg,0.774574,0
/home/tr3x/Projects/glow-mark/datasets/FairFace/val/173.jpg,0.943775,1
/home/tr3x/Projects/glow-mark/datasets/FairFace/val/1730.jpg,0.901684,1
/home/tr3x/Projects/glow-mark/datasets/FairFace/val/1731.jpg,0.886840,0
/home/tr3x/Projects/glow-mark/datasets/FairFace/val/1732.jpg,0.766901,0
/home/tr3x/Projects/glow-mark/datasets/FairFace/val/1733.jpg,0.974624,1
/home/tr3x/Projects/glow-mark/datasets/FairFace/val/1734.jpg,0.924419,0
/home/tr3x/Projects/glow-mark/datasets/FairFace/val/1735.jpg,0.681290,0
/home/tr3x/Projects/glow-mark/datasets/FairFace/val/1736.jpg,0.943602,0
/home/tr3x/Projects/glow-mark/datasets/FairFace/val/1737.jpg,0.600729,1
/home/tr3x/Projects/glow-mark/datasets/FairFace/val/1738.jpg,0.726469,1
/home/tr3x/Projects/glow-mark/datasets/FairFace/val/1739.jpg,0.830170,0
/home/tr3x/Projects/glow-mark/datasets/FairFace/val/174.jpg,0.734648,0
/home/tr3x/Projects/glow-mark/datasets/FairFace/val/1740.jpg,0.923439,1
/home/tr3x/Projects/glow-mark/datasets/FairFace/val/1741.jpg,0.685528,0
/home/tr3x/Projects/glow-mark/datasets/FairFace/val/1742.jpg,0.804993,0
/home/tr3x/Projects/glow-mark/datasets/FairFace/val/1743.jpg,0.859460,0
/home/tr3x/Projects/glow-mark/datasets/FairFace/val/1744.jpg,0.924020,1
/home/tr3x/Projects/glow-mark/datasets/FairFace/val/1745.jpg,0.956811,0
/home/tr3x/Projects/glow-mark/datasets/FairFace/val/1746.jpg,0.778178,1
/home/tr3x/Projects/glow-mark/datasets/FairFace/val/1747.jpg,0.644016,0
/home/tr3x/Projects/glow-mark/datasets/FairFace/val/1748.jpg,0.904679,1
/home/tr3x/Projects/glow-mark/datasets/FairFace/val/1749.jpg,0.917022,1
/home/tr3x/Projects/glow-mark/datasets/FairFace/val/175.jpg,0.736135,0
/home/tr3x/Projects/glow-mark/datasets/FairFace/val/1750.jpg,0.975201,1
/home/tr3x/Projects/glow-mark/datasets/FairFace/val/1751.jpg,0.673218,1
/home/tr3x/Projects/glow-mark/datasets/FairFace/val/1752.jpg,0.922609,1
/home/tr3x/Projects/glow-mark/datasets/FairFace/val/1753.jpg,0.599159,1
/home/tr3x/Projects/glow-mark/datasets/FairFace/val/1754.jpg,0.936310,0
/home/tr3x/Projects/glow-mark/datasets/FairFace/val/1755.jpg,0.730683,0
/home/tr3x/Projects/glow-mark/datasets/FairFace/val/1756.jpg,0.348823,1
/home/tr3x/Projects/glow-mark/datasets/FairFace/val/1757.jpg,0.753176,1
/home/tr3x/Projects/glow-mark/datasets/FairFace/val/1758.jpg,0.708655,0
/home/tr3x/Projects/glow-mark/datasets/FairFace/val/1759.jpg,0.868118,1
/home/tr3x/Projects/glow-mark/datasets/FairFace/val/176.jpg,0.679564,0
/home/tr3x/Projects/glow-mark/datasets/FairFace/val/1760.jpg,0.699138,0
/home/tr3x/Projects/glow-mark/datasets/FairFace/val/1761.jpg,0.847156,0
/home/tr3x/Projects/glow-mark/datasets/FairFace/val/1762.jpg,0.644123,0
/home/tr3x/Projects/glow-mark/datasets/FairFace/val/1763.jpg,0.500788,0
/home/tr3x/Projects/glow-mark/datasets/FairFace/val/1764.jpg,0.702976,0
/home/tr3x/Projects/glow-mark/datasets/FairFace/val/1765.jpg,0.893058,1
/home/tr3x/Projects/glow-mark/datasets/FairFace/val/1766.jpg,0.771987,1
/home/tr3x/Projects/glow-mark/datasets/FairFace/val/1767.jpg,0.513821,1
/home/tr3x/Projects/glow-mark/datasets/FairFace/val/1768.jpg,0.972864,0
/home/tr3x/Projects/glow-mark/datasets/FairFace/val/1769.jpg,0.869271,1
/home/tr3x/Projects/glow-mark/datasets/FairFace/val/177.jpg,0.516756,1
/home/tr3x/Projects/glow-mark/datasets/FairFace/val/1770.jpg,0.913447,1
/home/tr3x/Projects/glow-mark/datasets/FairFace/val/1771.jpg,0.888945,1
/home/tr3x/Projects/glow-mark/datasets/FairFace/val/1772.jpg,0.901327,0
/home/tr3x/Projects/glow-mark/datasets/FairFace/val/1773.jpg,0.800527,1
/home/tr3x/Projects/glow-mark/datasets/FairFace/val/1774.jpg,0.924015,1
/home/tr3x/Projects/glow-mark/datasets/FairFace/val/1775.jpg,0.526319,0
/home/tr3x/Projects/glow-mark/datasets/FairFace/val/1776.jpg,0.785136,1
/home/tr3x/Projects/glow-mark/datasets/FairFace/val/1777.jpg,0.898505,1
/home/tr3x/Projects/glow-mark/datasets/FairFace/val/1778.jpg,0.716391,0
/home/tr3x/Projects/glow-mark/datasets/FairFace/val/1779.jpg,0.828911,0
/home/tr3x/Projects/glow-mark/datasets/FairFace/val/178.jpg,0.920499,1
/home/tr3x/Projects/glow-mark/datasets/FairFace/val/1780.jpg,0.856397,1
/home/tr3x/Projects/glow-mark/datasets/FairFace/val/1781.jpg,0.884095,1
/home/tr3x/Projects/glow-mark/datasets/FairFace/val/1782.jpg,0.801903,0
/home/tr3x/Projects/glow-mark/datasets/FairFace/val/1783.jpg,0.784114,1
/home/tr3x/Projects/glow-mark/datasets/FairFace/val/1784.jpg,0.481581,0
/home/tr3x/Projects/glow-mark/datasets/FairFace/val/1785.jpg,0.976092,1
/home/tr3x/Projects/glow-mark/datasets/FairFace/val/1786.jpg,0.950677,1
/home/tr3x/Projects/glow-mark/datasets/FairFace/val/1787.jpg,0.954483,1
/home/tr3x/Projects/glow-mark/datasets/FairFace/val/1788.jpg,0.865119,1
/home/tr3x/Projects/glow-mark/datasets/FairFace/val/1789.jpg,0.607026,1
/home/tr3x/Projects/glow-mark/datasets/FairFace/val/179.jpg,0.790457,1
/home/tr3x/Projects/glow-mark/datasets/FairFace/val/1790.jpg,0.837100,1
/home/tr3x/Projects/glow-mark/datasets/FairFace/val/1791.jpg,0.711541,1
/home/tr3x/Projects/glow-mark/datasets/FairFace/val/1792.jpg,0.216495,0
/home/tr3x/Projects/glow-mark/datasets/FairFace/val/1793.jpg,0.873269,1
/home/tr3x/Projects/glow-mark/datasets/FairFace/val/1794.jpg,0.848813,1
/home/tr3x/Projects/glow-mark/datasets/FairFace/val/1795.jpg,0.667127,0
/home/tr3x/Projects/glow-mark/datasets/FairFace/val/1796.jpg,0.930991,1
/home/tr3x/Projects/glow-mark/datasets/FairFace/val/1797.jpg,0.816781,1
/home/tr3x/Projects/glow-mark/datasets/FairFace/val/1798.jpg,0.455690,1
/home/tr3x/Projects/glow-mark/datasets/FairFace/val/1799.jpg,0.852956,0
/home/tr3x/Projects/glow-mark/datasets/FairFace/val/18.jpg,0.919025,1
/home/tr3x/Projects/glow-mark/datasets/FairFace/val/180.jpg,0.372818,1
/home/tr3x/Projects/glow-mark/datasets/FairFace/val/1800.jpg,0.936137,1
/home/tr3x/Projects/glow-mark/datasets/FairFace/val/1801.jpg,0.874602,0
/home/tr3x/Projects/glow-mark/datasets/FairFace/val/1802.jpg,0.701351,0
/home/tr3x/Projects/glow-mark/datasets/FairFace/val/1803.jpg,0.881350,1
/home/tr3x/Projects/glow-mark/datasets/FairFace/val/1804.jpg,0.474741,0
/home/tr3x/Projects/glow-mark/datasets/FairFace/val/1805.jpg,0.850762,1
/home/tr3x/Projects/glow-mark/datasets/FairFace/val/1806.jpg,0.886792,0
/home/tr3x/Projects/glow-mark/datasets/FairFace/val/1807.jpg,0.771275,1
/home/tr3x/Projects/glow-mark/datasets/FairFace/val/1808.jpg,0.891804,0
/home/tr3x/Projects/glow-mark/datasets/FairFace/val/1809.jpg,0.914370,0
/home/tr3x/Projects/glow-mark/datasets/FairFace/val/181.jpg,0.871131,1
/home/tr3x/Projects/glow-mark/datasets/FairFace/val/1810.jpg,0.918308,0
/home/tr3x/Projects/glow-mark/datasets/FairFace/val/1811.jpg,0.734866,0
/home/tr3x/Projects/glow-mark/datasets/FairFace/val/1812.jpg,0.754363,1
/home/tr3x/Projects/glow-mark/datasets/FairFace/val/1813.jpg,0.226375,0
/home/tr3x/Projects/glow-mark/datasets/FairFace/val/1814.jpg,0.754298,0
/home/tr3x/Projects/glow-mark/datasets/FairFace/val/1815.jpg,0.686510,1
/home/tr3x/Projects/glow-mark/datasets/FairFace/val/1816.jpg,0.703716,0
/home/tr3x/Projects/glow-mark/datasets/FairFace/val/1817.jpg,0.925494,1
/home/tr3x/Projects/glow-mark/datasets/FairFace/val/1818.jpg,0.959147,1
/home/tr3x/Projects/glow-mark/datasets/FairFace/val/1819.jpg,0.794170,0
/home/tr3x/Projects/glow-mark/datasets/FairFace/val/182.jpg,0.645439,1
/home/tr3x/Projects/glow-mark/datasets/FairFace/val/1820.jpg,0.862859,1
/home/tr3x/Projects/glow-mark/datasets/FairFace/val/1821.jpg,0.912331,1
/home/tr3x/Projects/glow-mark/datasets/FairFace/val/1822.jpg,0.828387,0
/home/tr3x/Projects/glow-mark/datasets/FairFace/val/1823.jpg,0.904651,0
/home/tr3x/Projects/glow-mark/datasets/FairFace/val/1824.jpg,0.837732,1
/home/tr3x/Projects/glow-mark/datasets/FairFace/val/1825.jpg,0.517964,0
/home/tr3x/Projects/glow-mark/datasets/FairFace/val/1826.jpg,0.894960,1
/home/tr3x/Projects/glow-mark/datasets/FairFace/val/1827.jpg,0.567222,1
/home/tr3x/Projects/glow-mark/datasets/FairFace/val/1828.jpg,0.625312,1
/home/tr3x/Projects/glow-mark/datasets/FairFace/val/1829.jpg,0.829695,1
/home/tr3x/Projects/glow-mark/datasets/FairFace/val/183.jpg,0.860504,1
/home/tr3x/Projects/glow-mark/datasets/FairFace/val/1830.jpg,0.891096,1
/home/tr3x/Projects/glow-mark/datasets/FairFace/val/1831.jpg,0.906217,0
/home/tr3x/Projects/glow-mark/datasets/FairFace/val/1832.jpg,0.863518,0
/home/tr3x/Projects/glow-mark/datasets/FairFace/val/1833.jpg,0.912603,1
/home/tr3x/Projects/glow-mark/datasets/FairFace/val/1834.jpg,0.904025,1
/home/tr3x/Projects/glow-mark/datasets/FairFace/val/1835.jpg,0.708251,1
/home/tr3x/Projects/glow-mark/datasets/FairFace/val/1836.jpg,0.483161,1
/home/tr3x/Projects/glow-mark/datasets/FairFace/val/1837.jpg,0.747844,1
/home/tr3x/Projects/glow-mark/datasets/FairFace/val/1838.jpg,0.826462,1
/home/tr3x/Projects/glow-mark/datasets/FairFace/val/1839.jpg,0.793103,1
/home/tr3x/Projects/glow-mark/datasets/FairFace/val/184.jpg,0.738903,0
/home/tr3x/Projects/glow-mark/datasets/FairFace/val/1840.jpg,0.947273,0
/home/tr3x/Projects/glow-mark/datasets/FairFace/val/1841.jpg,0.890793,0
/home/tr3x/Projects/glow-mark/datasets/FairFace/val/1842.jpg,0.315844,1
/home/tr3x/Projects/glow-mark/datasets/FairFace/val/1843.jpg,0.910226,0
/home/tr3x/Projects/glow-mark/datasets/FairFace/val/1844.jpg,0.939310,1
/home/tr3x/Projects/glow-mark/datasets/FairFace/val/1845.jpg,0.719807,0
/home/tr3x/Projects/glow-mark/datasets/FairFace/val/1846.jpg,0.839795,1
/home/tr3x/Projects/glow-mark/datasets/FairFace/val/1847.jpg,0.936382,0
/home/tr3x/Projects/glow-mark/datasets/FairFace/val/1848.jpg,0.891224,0
/home/tr3x/Projects/glow-mark/datasets/FairFace/val/1849.jpg,0.842602,1
/home/tr3x/Projects/glow-mark/datasets/FairFace/val/185.jpg,0.198396,1
/home/tr3x/Projects/glow-mark/datasets/FairFace/val/1850.jpg,0.499632,1
/home/tr3x/Projects/glow-mark/datasets/FairFace/val/1851.jpg,0.851449,1
/home/tr3x/Projects/glow-mark/datasets/FairFace/val/1852.jpg,0.922649,0
/home/tr3x/Projects/glow-mark/datasets/FairFace/val/1853.jpg,0.776159,1
/home/tr3x/Projects/glow-mark/datasets/FairFace/val/1854.jpg,0.942766,0
/home/tr3x/Projects/glow-mark/datasets/FairFace/val/1855.jpg,0.901738,0
/home/tr3x/Projects/glow-mark/datasets/FairFace/val/1856.jpg,0.950249,1
/home/tr3x/Projects/glow-mark/datasets/FairFace/val/1857.jpg,0.956531,1
/home/tr3x/Projects/glow-mark/datasets/FairFace/val/1858.jpg,0.410499,0
/home/tr3x/Projects/glow-mark/datasets/FairFace/val/1859.jpg,0.871906,1
/home/tr3x/Projects/glow-mark/datasets/FairFace/val/186.jpg,0.904343,1
/home/tr3x/Projects/glow-mark/datasets/FairFace/val/1860.jpg,0.893282,1
/home/tr3x/Projects/glow-mark/datasets/FairFace/val/1861.jpg,0.748996,0
/home/tr3x/Projects/glow-mark/datasets/FairFace/val/1862.jpg,0.764597,0
/home/tr3x/Projects/glow-mark/datasets/FairFace/val/1863.jpg,0.774717,0
/home/tr3x/Projects/glow-mark/datasets/FairFace/val/1864.jpg,0.698251,0
/home/tr3x/Projects/glow-mark/datasets/FairFace/val/1865.jpg,0.717188,0
/home/tr3x/Projects/glow-mark/datasets/FairFace/val/1866.jpg,0.898115,1
/home/tr3x/Projects/glow-mark/datasets/FairFace/val/1867.jpg,0.881794,1
/home/tr3x/Projects/glow-mark/datasets/FairFace/val/1868.jpg,0.714093,1
/home/tr3x/Projects/glow-mark/datasets/FairFace/val/1869.jpg,0.437335,0
/home/tr3x/Projects/glow-mark/datasets/FairFace/val/187.jpg,0.873353,0
/home/tr3x/Projects/glow-mark/datasets/FairFace/val/1870.jpg,0.655001,0
/home/tr3x/Projects/glow-mark/datasets/FairFace/val/1871.jpg,0.625350,0
/home/tr3x/Projects/glow-mark/datasets/FairFace/val/1872.jpg,0.845542,0
/home/tr3x/Projects/glow-mark/datasets/FairFace/val/1873.jpg,0.730267,0
/home/tr3x/Projects/glow-mark/datasets/FairFace/val/1874.jpg,0.834379,1
/home/tr3x/Projects/glow-mark/datasets/FairFace/val/1875.jpg,0.675557,1
/home/tr3x/Projects/glow-mark/datasets/FairFace/val/1876.jpg,0.871767,0
/home/tr3x/Projects/glow-mark/datasets/FairFace/val/1877.jpg,0.538288,0
/home/tr3x/Projects/glow-mark/datasets/FairFace/val/1878.jpg,0.924418,0
/home/tr3x/Projects/glow-mark/datasets/FairFace/val/1879.jpg,0.611113,1
/home/tr3x/Projects/glow-mark/datasets/FairFace/val/188.jpg,0.859648,1
/home/tr3x/Projects/glow-mark/datasets/FairFace/val/1880.jpg,0.924052,0
/home/tr3x/Projects/glow-mark/datasets/FairFace/val/1881.jpg,0.882672,1
/home/tr3x/Projects/glow-mark/datasets/FairFace/val/1882.jpg,0.751118,0
/home/tr3x/Projects/glow-mark/datasets/FairFace/val/1883.jpg,0.932918,1
/home/tr3x/Projects/glow-mark/datasets/FairFace/val/1884.jpg,0.847298,1
/home/tr3x/Projects/glow-mark/datasets/FairFace/val/1885.jpg,0.953680,1
/home/tr3x/Projects/glow-mark/datasets/FairFace/val/1886.jpg,0.647522,0
/home/tr3x/Projects/glow-mark/datasets/FairFace/val/1887.jpg,0.869873,0
/home/tr3x/Projects/glow-mark/datasets/FairFace/val/1888.jpg,0.662250,0
/home/tr3x/Projects/glow-mark/datasets/FairFace/val/1889.jpg,0.738165,0
/home/tr3x/Projects/glow-mark/datasets/FairFace/val/189.jpg,0.795609,0
/home/tr3x/Projects/glow-mark/datasets/FairFace/val/1890.jpg,0.625172,0
/home/tr3x/Projects/glow-mark/datasets/FairFace/val/1891.jpg,0.785407,1
/home/tr3x/Projects/glow-mark/datasets/FairFace/val/1892.jpg,0.860324,1
/home/tr3x/Projects/glow-mark/datasets/FairFace/val/1893.jpg,0.935089,1
/home/tr3x/Projects/glow-mark/datasets/FairFace/val/1894.jpg,0.881196,1
/home/tr3x/Projects/glow-mark/datasets/FairFace/val/1895.jpg,0.631759,1
/home/tr3x/Projects/glow-mark/datasets/FairFace/val/1896.jpg,0.649762,0
/home/tr3x/Projects/glow-mark/datasets/FairFace/val/1897.jpg,0.901546,1
/home/tr3x/Projects/glow-mark/datasets/FairFace/val/1898.jpg,0.714694,1
/home/tr3x/Projects/glow-mark/datasets/FairFace/val/1899.jpg,0.949218,0
/home/tr3x/Projects/glow-mark/datasets/FairFace/val/19.jpg,0.938196,1
/home/tr3x/Projects/glow-mark/datasets/FairFace/val/190.jpg,0.453047,0
/home/tr3x/Projects/glow-mark/datasets/FairFace/val/1900.jpg,0.764146,1
/home/tr3x/Projects/glow-mark/datasets/FairFace/val/1901.jpg,0.850155,1
/home/tr3x/Projects/glow-mark/datasets/FairFace/val/1902.jpg,0.613212,0
/home/tr3x/Projects/glow-mark/datasets/FairFace/val/1903.jpg,0.636533,0
/home/tr3x/Projects/glow-mark/datasets/FairFace/val/1904.jpg,0.903563,1
/home/tr3x/Projects/glow-mark/datasets/FairFace/val/1905.jpg,0.911622,0
/home/tr3x/Projects/glow-mark/datasets/FairFace/val/1906.jpg,0.944028,0
/home/tr3x/Projects/glow-mark/datasets/FairFace/val/1907.jpg,0.897951,1
/home/tr3x/Projects/glow-mark/datasets/FairFace/val/1908.jpg,0.965341,1
/home/tr3x/Projects/glow-mark/datasets/FairFace/val/1909.jpg,0.860859,1
/home/tr3x/Projects/glow-mark/datasets/FairFace/val/191.jpg,0.854835,0
/home/tr3x/Projects/glow-mark/datasets/FairFace/val/1910.jpg,0.709916,0
/home/tr3x/Projects/glow-mark/datasets/FairFace/val/1911.jpg,0.783881,1
/home/tr3x/Projects/glow-mark/datasets/FairFace/val/1912.jpg,0.634921,0
/home/tr3x/Projects/glow-mark/datasets/FairFace/val/1913.jpg,0.676042,1
/home/tr3x/Projects/glow-mark/datasets/FairFace/val/1914.jpg,0.899667,1
/home/tr3x/Projects/glow-mark/datasets/FairFace/val/1915.jpg,0.590165,0
/home/tr3x/Projects/glow-mark/datasets/FairFace/val/1916.jpg,0.921848,1
/home/tr3x/Projects/glow-mark/datasets/FairFace/val/1917.jpg,0.915860,1
/home/tr3x/Projects/glow-mark/datasets/FairFace/val/1918.jpg,0.846303,0
/home/tr3x/Projects/glow-mark/datasets/FairFace/val/1919.jpg,0.404040,0
/home/tr3x/Projects/glow-mark/datasets/FairFace/val/192.jpg,0.834672,1
/home/tr3x/Projects/glow-mark/datasets/FairFace/val/1920.jpg,0.686074,0
/home/tr3x/Projects/glow-mark/datasets/FairFace/val/1921.jpg,0.811618,1
/home/tr3x/Projects/glow-mark/datasets/FairFace/val/1922.jpg,0.726548,0
/home/tr3x/Projects/glow-mark/datasets/FairFace/val/1923.jpg,0.977964,1
/home/tr3x/Projects/glow-mark/datasets/FairFace/val/1924.jpg,0.725627,1
/home/tr3x/Projects/glow-mark/datasets/FairFace/val/1925.jpg,0.898367,1
/home/tr3x/Projects/glow-mark/datasets/FairFace/val/1926.jpg,0.860865,1
/home/tr3x/Projects/glow-mark/datasets/FairFace/val/1927.jpg,0.851905,1
/home/tr3x/Projects/glow-mark/datasets/FairFace/val/1928.jpg,0.980462,0
/home/tr3x/Projects/glow-mark/datasets/FairFace/val/1929.jpg,0.807711,1
/home/tr3x/Projects/glow-mark/datasets/FairFace/val/193.jpg,0.915239,1
/home/tr3x/Projects/glow-mark/datasets/FairFace/val/1930.jpg,0.498865,0
/home/tr3x/Projects/glow-mark/datasets/FairFace/val/1931.jpg,0.952488,1
/home/tr3x/Projects/glow-mark/datasets/FairFace/val/1932.jpg,0.922487,1
/home/tr3x/Projects/glow-mark/datasets/FairFace/val/1933.jpg,0.656020,0
/home/tr3x/Projects/glow-mark/datasets/FairFace/val/1934.jpg,0.705577,0
/home/tr3x/Projects/glow-mark/datasets/FairFace/val/1935.jpg,0.901694,0
/home/tr3x/Projects/glow-mark/datasets/FairFace/val/1936.jpg,0.828516,0
/home/tr3x/Projects/glow-mark/datasets/FairFace/val/1937.jpg,0.757317,0
/home/tr3x/Projects/glow-mark/datasets/FairFace/val/1938.jpg,0.802172,0
/home/tr3x/Projects/glow-mark/datasets/FairFace/val/1939.jpg,0.780560,0
/home/tr3x/Projects/glow-mark/datasets/FairFace/val/194.jpg,0.923270,1
/home/tr3x/Projects/glow-mark/datasets/FairFace/val/1940.jpg,0.852426,0
/home/tr3x/Projects/glow-mark/datasets/FairFace/val/1941.jpg,0.762560,0
/home/tr3x/Projects/glow-mark/datasets/FairFace/val/1942.jpg,0.833938,0
/home/tr3x/Projects/glow-mark/datasets/FairFace/val/1943.jpg,0.863798,1
/home/tr3x/Projects/glow-mark/datasets/FairFace/val/1944.jpg,0.813235,0
/home/tr3x/Projects/glow-mark/datasets/FairFace/val/1945.jpg,0.624062,1
/home/tr3x/Projects/glow-mark/datasets/FairFace/val/1946.jpg,0.923032,1
/home/tr3x/Projects/glow-mark/datasets/FairFace/val/1947.jpg,0.690379,1
/home/tr3x/Projects/glow-mark/datasets/FairFace/val/1948.jpg,0.779571,1
/home/tr3x/Projects/glow-mark/datasets/FairFace/val/1949.jpg,0.727699,1
/home/tr3x/Projects/glow-mark/datasets/FairFace/val/195.jpg,0.749679,1
/home/tr3x/Projects/glow-mark/datasets/FairFace/val/1950.jpg,0.738770,0
/home/tr3x/Projects/glow-mark/datasets/FairFace/val/1951.jpg,0.878757,0
/home/tr3x/Projects/glow-mark/datasets/FairFace/val/1952.jpg,0.841407,1
/home/tr3x/Projects/glow-mark/datasets/FairFace/val/1953.jpg,0.918072,0
/home/tr3x/Projects/glow-mark/datasets/FairFace/val/1954.jpg,0.924679,1
/home/tr3x/Projects/glow-mark/datasets/FairFace/val/1955.jpg,0.871549,0
/home/tr3x/Projects/glow-mark/datasets/FairFace/val/1956.jpg,0.909183,1
/home/tr3x/Projects/glow-mark/datasets/FairFace/val/1957.jpg,0.912777,0
/home/tr3x/Projects/glow-mark/datasets/FairFace/val/1958.jpg,0.533930,0
/home/tr3x/Projects/glow-mark/datasets/FairFace/val/1959.jpg,0.952802,1
/home/tr3x/Projects/glow-mark/datasets/FairFace/val/196.jpg,0.824448,1
/home/tr3x/Projects/glow-mark/datasets/FairFace/val/1960.jpg,0.734496,1
/home/tr3x/Projects/glow-mark/datasets/FairFace/val/1961.jpg,0.451083,1
/home/tr3x/Projects/glow-mark/datasets/FairFace/val/1962.jpg,0.669772,1
/home/tr3x/Projects/glow-mark/datasets/FairFace/val/1963.jpg,0.483961,1
/home/tr3x/Projects/glow-mark/datasets/FairFace/val/1964.jpg,0.769178,0
/home/tr3x/Projects/glow-mark/datasets/FairFace/val/1965.jpg,0.844924,1
/home/tr3x/Projects/glow-mark/datasets/FairFace/val/1966.jpg,0.819411,0
/home/tr3x/Projects/glow-mark/datasets/FairFace/val/1967.jpg,0.784209,1
/home/tr3x/Projects/glow-mark/datasets/FairFace/val/1968.jpg,0.862761,0
/home/tr3x/Projects/glow-mark/datasets/FairFace/val/1969.jpg,0.483367,1
/home/tr3x/Projects/glow-mark/datasets/FairFace/val/197.jpg,0.901394,1
/home/tr3x/Projects/glow-mark/datasets/FairFace/val/1970.jpg,0.702226,1
/home/tr3x/Projects/glow-mark/datasets/FairFace/val/1971.jpg,0.837253,1
/home/tr3x/Projects/glow-mark/datasets/FairFace/val/1972.jpg,0.917332,1
/home/tr3x/Projects/glow-mark/datasets/FairFace/val/1973.jpg,0.914542,1
/home/tr3x/Projects/glow-mark/datasets/FairFace/val/1974.jpg,0.610628,1
/home/tr3x/Projects/glow-mark/datasets/FairFace/val/1975.jpg,0.887294,1
/home/tr3x/Projects/glow-mark/datasets/FairFace/val/1976.jpg,0.961720,1
/home/tr3x/Projects/glow-mark/datasets/FairFace/val/1977.jpg,0.896808,0
/home/tr3x/Projects/glow-mark/datasets/FairFace/val/1978.jpg,0.595180,0
/home/tr3x/Projects/glow-mark/datasets/FairFace/val/1979.jpg,0.949559,0
/home/tr3x/Projects/glow-mark/datasets/FairFace/val/198.jpg,0.811865,0
/home/tr3x/Projects/glow-mark/datasets/FairFace/val/1980.jpg,0.315460,0
/home/tr3x/Projects/glow-mark/datasets/FairFace/val/1981.jpg,0.832799,1
/home/tr3x/Projects/glow-mark/datasets/FairFace/val/1982.jpg,0.895378,1
/home/tr3x/Projects/glow-mark/datasets/FairFace/val/1983.jpg,0.903279,0
/home/tr3x/Projects/glow-mark/datasets/FairFace/val/1984.jpg,0.580131,0
/home/tr3x/Projects/glow-mark/datasets/FairFace/val/1985.jpg,0.806036,1
/home/tr3x/Projects/glow-mark/datasets/FairFace/val/1986.jpg,0.873691,1
/home/tr3x/Projects/glow-mark/datasets/FairFace/val/1987.jpg,0.794517,1
/home/tr3x/Projects/glow-mark/datasets/FairFace/val/1988.jpg,0.899619,0
/home/tr3x/Projects/glow-mark/datasets/FairFace/val/1989.jpg,0.609707,1
/home/tr3x/Projects/glow-mark/datasets/FairFace/val/199.jpg,0.924250,0
/home/tr3x/Projects/glow-mark/datasets/FairFace/val/1990.jpg,0.926479,1
/home/tr3x/Projects/glow-mark/datasets/FairFace/val/1991.jpg,0.750848,1
/home/tr3x/Projects/glow-mark/datasets/FairFace/val/1992.jpg,0.650291,0
/home/tr3x/Projects/glow-mark/datasets/FairFace/val/1993.jpg,0.428685,1
/home/tr3x/Projects/glow-mark/datasets/FairFace/val/1994.jpg,0.434752,1
/home/tr3x/Projects/glow-mark/datasets/FairFace/val/1995.jpg,0.886136,1
/home/tr3x/Projects/glow-mark/datasets/FairFace/val/1996.jpg,0.837869,1
/home/tr3x/Projects/glow-mark/datasets/FairFace/val/1997.jpg,0.883817,1
/home/tr3x/Projects/glow-mark/datasets/FairFace/val/1998.jpg,0.774652,1
/home/tr3x/Projects/glow-mark/datasets/FairFace/val/1999.jpg,0.923600,1
/home/tr3x/Projects/glow-mark/datasets/FairFace/val/2.jpg,0.776504,0
/home/tr3x/Projects/glow-mark/datasets/FairFace/val/20.jpg,0.881983,1
/home/tr3x/Projects/glow-mark/datasets/FairFace/val/200.jpg,0.847741,1
/home/tr3x/Projects/glow-mark/datasets/FairFace/val/2000.jpg,0.916494,0
/home/tr3x/Projects/glow-mark/datasets/FairFace/val/2001.jpg,0.933196,1
/home/tr3x/Projects/glow-mark/datasets/FairFace/val/2002.jpg,0.945745,0
/home/tr3x/Projects/glow-mark/datasets/FairFace/val/2003.jpg,0.838685,0
/home/tr3x/Projects/glow-mark/datasets/FairFace/val/2004.jpg,0.635069,0
/home/tr3x/Projects/glow-mark/datasets/FairFace/val/2005.jpg,0.779992,1
/home/tr3x/Projects/glow-mark/datasets/FairFace/val/2006.jpg,0.852861,0
/home/tr3x/Projects/glow-mark/datasets/FairFace/val/2007.jpg,0.598255,0
/home/tr3x/Projects/glow-mark/datasets/FairFace/val/2008.jpg,0.822519,1
/home/tr3x/Projects/glow-mark/datasets/FairFace/val/2009.jpg,0.913986,1
/home/tr3x/Projects/glow-mark/datasets/FairFace/val/201.jpg,0.674682,1
/home/tr3x/Projects/glow-mark/datasets/FairFace/val/2010.jpg,0.967273,1
/home/tr3x/Projects/glow-mark/datasets/FairFace/val/2011.jpg,0.896102,1
/home/tr3x/Projects/glow-mark/datasets/FairFace/val/2012.jpg,0.870355,1
/home/tr3x/Projects/glow-mark/datasets/FairFace/val/2013.jpg,0.718771,1
/home/tr3x/Projects/glow-mark/datasets/FairFace/val/2014.jpg,0.840176,1
/home/tr3x/Projects/glow-mark/datasets/FairFace/val/2015.jpg,0.803650,0
/home/tr3x/Projects/glow-mark/datasets/FairFace/val/2016.jpg,0.902382,1
/home/tr3x/Projects/glow-mark/datasets/FairFace/val/2017.jpg,0.588932,1
/home/tr3x/Projects/glow-mark/datasets/FairFace/val/2018.jpg,0.510466,0
/home/tr3x/Projects/glow-mark/datasets/FairFace/val/2019.jpg,0.552519,1
/home/tr3x/Projects/glow-mark/datasets/FairFace/val/202.jpg,0.600595,1
/home/tr3x/Projects/glow-mark/datasets/FairFace/val/2020.jpg,0.949252,1
/home/tr3x/Projects/glow-mark/datasets/FairFace/val/2021.jpg,0.899244,1
/home/tr3x/Projects/glow-mark/datasets/FairFace/val/2022.jpg,0.938611,1
/home/tr3x/Projects/glow-mark/datasets/FairFace/val/2023.jpg,0.897218,1
/home/tr3x/Projects/glow-mark/datasets/FairFace/val/2024.jpg,0.810940,0
/home/tr3x/Projects/glow-mark/datasets/FairFace/val/2025.jpg,0.837509,1
/home/tr3x/Projects/glow-mark/datasets/FairFace/val/2026.jpg,0.688472,1
/home/tr3x/Projects/glow-mark/datasets/FairFace/val/2027.jpg,0.918460,1
/home/tr3x/Projects/glow-mark/datasets/FairFace/val/2028.jpg,0.724283,1
/home/tr3x/Projects/glow-mark/datasets/FairFace/val/2029.jpg,0.871386,1
/home/tr3x/Projects/glow-mark/datasets/FairFace/val/203.jpg,0.905997,1
/home/tr3x/Projects/glow-mark/datasets/FairFace/val/2030.jpg,0.474074,0
/home/tr3x/Projects/glow-mark/datasets/FairFace/val/2031.jpg,0.686414,0
/home/tr3x/Projects/glow-mark/datasets/FairFace/val/2032.jpg,0.890331,1
/home/tr3x/Projects/glow-mark/datasets/FairFace/val/2033.jpg,0.638450,0
/home/tr3x/Projects/glow-mark/datasets/FairFace/val/2034.jpg,0.934157,1
/home/tr3x/Projects/glow-mark/datasets/FairFace/val/2035.jpg,0.471741,0
/home/tr3x/Projects/glow-mark/datasets/FairFace/val/2036.jpg,0.964891,0
/home/tr3x/Projects/glow-mark/datasets/FairFace/val/2037.jpg,0.787638,0
/home/tr3x/Projects/glow-mark/datasets/FairFace/val/2038.jpg,0.660356,0
/home/tr3x/Projects/glow-mark/datasets/FairFace/val/2039.jpg,0.925232,1
/home/tr3x/Projects/glow-mark/datasets/FairFace/val/204.jpg,0.968040,1
/home/tr3x/Projects/glow-mark/datasets/FairFace/val/2040.jpg,0.686602,0
/home/tr3x/Projects/glow-mark/datasets/FairFace/val/2041.jpg,0.644415,1
/home/tr3x/Projects/glow-mark/datasets/FairFace/val/2042.jpg,0.968947,1
/home/tr3x/Projects/glow-mark/datasets/FairFace/val/2043.jpg,0.685774,0
/home/tr3x/Projects/glow-mark/datasets/FairFace/val/2044.jpg,0.561716,1
/home/tr3x/Projects/glow-mark/datasets/FairFace/val/2045.jpg,0.625079,0
/home/tr3x/Projects/glow-mark/datasets/FairFace/val/2046.jpg,0.830718,1
/home/tr3x/Projects/glow-mark/datasets/FairFace/val/2047.jpg,0.688004,0
/home/tr3x/Projects/glow-mark/datasets/FairFace/val/2048.jpg,0.568764,0
/home/tr3x/Projects/glow-mark/datasets/FairFace/val/2049.jpg,0.895087,1
/home/tr3x/Projects/glow-mark/datasets/FairFace/val/205.jpg,0.497422,1
/home/tr3x/Projects/glow-mark/datasets/FairFace/val/2050.jpg,0.669008,0
/home/tr3x/Projects/glow-mark/datasets/FairFace/val/2051.jpg,0.850121,0
/home/tr3x/Projects/glow-mark/datasets/FairFace/val/2052.jpg,0.948169,0
/home/tr3x/Projects/glow-mark/datasets/FairFace/val/2053.jpg,0.867028,1
/home/tr3x/Projects/glow-mark/datasets/FairFace/val/2054.jpg,0.533356,1
/home/tr3x/Projects/glow-mark/datasets/FairFace/val/2055.jpg,0.880609,0
/home/tr3x/Projects/glow-mark/datasets/FairFace/val/2056.jpg,0.916401,0
/home/tr3x/Projects/glow-mark/datasets/FairFace/val/2057.jpg,0.758995,0
/home/tr3x/Projects/glow-mark/datasets/FairFace/val/2058.jpg,0.813736,1
/home/tr3x/Projects/glow-mark/datasets/FairFace/val/2059.jpg,0.692572,0
/home/tr3x/Projects/glow-mark/datasets/FairFace/val/206.jpg,0.940446,1
/home/tr3x/Projects/glow-mark/datasets/FairFace/val/2060.jpg,0.870640,1
/home/tr3x/Projects/glow-mark/datasets/FairFace/val/2061.jpg,0.944586,0
/home/tr3x/Projects/glow-mark/datasets/FairFace/val/2062.jpg,0.842701,1
/home/tr3x/Projects/glow-mark/datasets/FairFace/val/2063.jpg,0.874454,1
/home/tr3x/Projects/glow-mark/datasets/FairFace/val/2064.jpg,0.822584,0
/home/tr3x/Projects/glow-mark/datasets/FairFace/val/2065.jpg,0.439257,0
/home/tr3x/Projects/glow-mark/datasets/FairFace/val/2066.jpg,0.945850,1
/home/tr3x/Projects/glow-mark/datasets/FairFace/val/2067.jpg,0.734360,0
/home/tr3x/Projects/glow-mark/datasets/FairFace/val/2068.jpg,0.781199,1
/home/tr3x/Projects/glow-mark/datasets/FairFace/val/2069.jpg,0.924263,1
/home/tr3x/Projects/glow-mark/datasets/FairFace/val/207.jpg,0.727924,1
/home/tr3x/Projects/glow-mark/datasets/FairFace/val/2070.jpg,0.395435,0
/home/tr3x/Projects/glow-mark/datasets/FairFace/val/2071.jpg,0.934263,1
/home/tr3x/Projects/glow-mark/datasets/FairFace/val/2072.jpg,0.920438,1
/home/tr3x/Projects/glow-mark/datasets/FairFace/val/2073.jpg,0.823663,0
/home/tr3x/Projects/glow-mark/datasets/FairFace/val/2074.jpg,0.744146,1
/home/tr3x/Projects/glow-mark/datasets/FairFace/val/2075.jpg,0.719970,0
/home/tr3x/Projects/glow-mark/datasets/FairFace/val/2076.jpg,0.889426,1
/home/tr3x/Projects/glow-mark/datasets/FairFace/val/2077.jpg,0.831020,1
/home/tr3x/Projects/glow-mark/datasets/FairFace/val/2078.jpg,0.715364,0
/home/tr3x/Projects/glow-mark/datasets/FairFace/val/2079.jpg,0.786428,0
/home/tr3x/Projects/glow-mark/datasets/FairFace/val/208.jpg,0.697273,1
/home/tr3x/Projects/glow-mark/datasets/FairFace/val/2080.jpg,0.839805,1
/home/tr3x/Projects/glow-mark/datasets/FairFace/val/2081.jpg,0.651916,1
/home/tr3x/Projects/glow-mark/datasets/FairFace/val/2082.jpg,0.672265,1
/home/tr3x/Projects/glow-mark/datasets/FairFace/val/2083.jpg,0.985930,1
/home/tr3x/Projects/glow-mark/datasets/FairFace/val/2084.jpg,0.963600,0
/home/tr3x/Projects/glow-mark/datasets/FairFace/val/2085.jpg,0.942090,1
/home/tr3x/Projects/glow-mark/datasets/FairFace/val/2086.jpg,0.809893,1
/home/tr3x/Projects/glow-mark/datasets/FairFace/val/2087.jpg,0.630640,1
/home/tr3x/Projects/glow-mark/datasets/FairFace/val/2088.jpg,0.811213,1
/home/tr3x/Projects/glow-mark/datasets/FairFace/val/2089.jpg,0.876181,1
/home/tr3x/Projects/glow-mark/datasets/FairFace/val/209.jpg,0.948295,1
/home/tr3x/Projects/glow-mark/datasets/FairFace/val/2090.jpg,0.946754,1
/home/tr3x/Projects/glow-mark/datasets/FairFace/val/2091.jpg,0.752422,0
/home/tr3x/Projects/glow-mark/datasets/FairFace/val/2092.jpg,0.878147,1
/home/tr3x/Projects/glow-mark/datasets/FairFace/val/2093.jpg,0.656249,1
/home/tr3x/Projects/glow-mark/datasets/FairFace/val/2094.jpg,0.648660,0
/home/tr3x/Projects/glow-mark/datasets/FairFace/val/2095.jpg,0.845268,0
/home/tr3x/Projects/glow-mark/datasets/FairFace/val/2096.jpg,0.416101,0
/home/tr3x/Projects/glow-mark/datasets/FairFace/val/2097.jpg,0.646570,1
/home/tr3x/Projects/glow-mark/datasets/FairFace/val/2098.jpg,0.796284,1
/home/tr3x/Projects/glow-mark/datasets/FairFace/val/2099.jpg,0.950410,1
/home/tr3x/Projects/glow-mark/datasets/FairFace/val/21.jpg,0.415845,0
/home/tr3x/Projects/glow-mark/datasets/FairFace/val/210.jpg,0.416053,0
/home/tr3x/Projects/glow-mark/datasets/FairFace/val/2100.jpg,0.852283,0
/home/tr3x/Projects/glow-mark/datasets/FairFace/val/2101.jpg,0.930203,1
/home/tr3x/Projects/glow-mark/datasets/FairFace/val/2102.jpg,0.937777,1
/home/tr3x/Projects/glow-mark/datasets/FairFace/val/2103.jpg,0.614937,1
/home/tr3x/Projects/glow-mark/datasets/FairFace/val/2104.jpg,0.905540,1
/home/tr3x/Projects/glow-mark/datasets/FairFace/val/2105.jpg,0.956284,1
/home/tr3x/Projects/glow-mark/datasets/FairFace/val/2106.jpg,0.907804,1
/home/tr3x/Projects/glow-mark/datasets/FairFace/val/2107.jpg,0.984372,1
/home/tr3x/Projects/glow-mark/datasets/FairFace/val/2108.jpg,0.584382,0
/home/tr3x/Projects/glow-mark/datasets/FairFace/val/2109.jpg,0.776477,0
/home/tr3x/Projects/glow-mark/datasets/FairFace/val/211.jpg,0.765472,0
/home/tr3x/Projects/glow-mark/datasets/FairFace/val/2110.jpg,0.729679,0
/home/tr3x/Projects/glow-mark/datasets/FairFace/val/2111.jpg,0.796602,0
/home/tr3x/Projects/glow-mark/datasets/FairFace/val/2112.jpg,0.646935,1
/home/tr3x/Projects/glow-mark/datasets/FairFace/val/2113.jpg,0.863284,1
/home/tr3x/Projects/glow-mark/datasets/FairFace/val/2114.jpg,0.648809,1
/home/tr3x/Projects/glow-mark/datasets/FairFace/val/2115.jpg,0.754900,1
/home/tr3x/Projects/glow-mark/datasets/FairFace/val/2116.jpg,0.718336,0
/home/tr3x/Projects/glow-mark/datasets/FairFace/val/2117.jpg,0.824446,1
/home/tr3x/Projects/glow-mark/datasets/FairFace/val/2118.jpg,0.885742,0
/home/tr3x/Projects/glow-mark/datasets/FairFace/val/2119.jpg,0.683107,0
/home/tr3x/Projects/glow-mark/datasets/FairFace/val/212.jpg,0.782310,1
/home/tr3x/Projects/glow-mark/datasets/FairFace/val/2120.jpg,0.925075,1
/home/tr3x/Projects/glow-mark/datasets/FairFace/val/2121.jpg,0.770404,1
/home/tr3x/Projects/glow-mark/datasets/FairFace/val/2122.jpg,0.742390,0
/home/tr3x/Projects/glow-mark/datasets/FairFace/val/2123.jpg,0.903489,1
/home/tr3x/Projects/glow-mark/datasets/FairFace/val/2124.jpg,0.711516,1
/home/tr3x/Projects/glow-mark/datasets/FairFace/val/2125.jpg,0.892166,1
/home/tr3x/Projects/glow-mark/datasets/FairFace/val/2126.jpg,0.647291,1
/home/tr3x/Projects/glow-mark/datasets/FairFace/val/2127.jpg,0.524149,1
/home/tr3x/Projects/glow-mark/datasets/FairFace/val/2128.jpg,0.833333,0
/home/tr3x/Projects/glow-mark/datasets/FairFace/val/2129.jpg,0.825219,1
/home/tr3x/Projects/glow-mark/datasets/FairFace/val/213.jpg,0.958971,1
/home/tr3x/Projects/glow-mark/datasets/FairFace/val/2130.jpg,0.858737,0
/home/tr3x/Projects/glow-mark/datasets/FairFace/val/2131.jpg,0.863128,0
/home/tr3x/Projects/glow-mark/datasets/FairFace/val/2132.jpg,0.770552,0
/home/tr3x/Projects/glow-mark/datasets/FairFace/val/2133.jpg,0.527934,1
/home/tr3x/Projects/glow-mark/datasets/FairFace/val/2134.jpg,0.936814,1
/home/tr3x/Projects/glow-mark/datasets/FairFace/val/2135.jpg,0.780423,0
/home/tr3x/Projects/glow-mark/datasets/FairFace/val/2136.jpg,0.782669,0
/home/tr3x/Projects/glow-mark/datasets/FairFace/val/2137.jpg,0.894267,0
/home/tr3x/Projects/glow-mark/datasets/FairFace/val/2138.jpg,0.798032,0
/home/tr3x/Projects/glow-mark/datasets/FairFace/val/2139.jpg,0.887668,1
/home/tr3x/Projects/glow-mark/datasets/FairFace/val/214.jpg,0.938922,1
/home/tr3x/Projects/glow-mark/datasets/FairFace/val/2140.jpg,0.797924,1
/home/tr3x/Projects/glow-mark/datasets/FairFace/val/2141.jpg,0.737895,1
/home/tr3x/Projects/glow-mark/datasets/FairFace/val/2142.jpg,0.681985,0
/home/tr3x/Projects/glow-mark/datasets/FairFace/val/2143.jpg,0.693768,0
/home/tr3x/Projects/glow-mark/datasets/FairFace/val/2144.jpg,0.787878,0
/home/tr3x/Projects/glow-mark/datasets/FairFace/val/2145.jpg,0.854816,0
/home/tr3x/Projects/glow-mark/datasets/FairFace/val/2146.jpg,0.675259,1
/home/tr3x/Projects/glow-mark/datasets/FairFace/val/2147.jpg,0.794073,1
/home/tr3x/Projects/glow-mark/datasets/FairFace/val/2148.jpg,0.925747,0
/home/tr3x/Projects/glow-mark/datasets/FairFace/val/2149.jpg,0.377693,1
/home/tr3x/Projects/glow-mark/datasets/FairFace/val/215.jpg,0.755109,0
/home/tr3x/Projects/glow-mark/datasets/FairFace/val/2150.jpg,0.635002,0
/home/tr3x/Projects/glow-mark/datasets/FairFace/val/2151.jpg,0.887647,1
/home/tr3x/Projects/glow-mark/datasets/FairFace/val/2152.jpg,0.624086,1
/home/tr3x/Projects/glow-mark/datasets/FairFace/val/2153.jpg,0.522976,0
/home/tr3x/Projects/glow-mark/datasets/FairFace/val/2154.jpg,0.817327,0
/home/tr3x/Projects/glow-mark/datasets/FairFace/val/2155.jpg,0.716000,0
/home/tr3x/Projects/glow-mark/datasets/FairFace/val/2156.jpg,0.584881,0
/home/tr3x/Projects/glow-mark/datasets/FairFace/val/2157.jpg,0.953663,1
/home/tr3x/Projects/glow-mark/datasets/FairFace/val/2158.jpg,0.741987,0
/home/tr3x/Projects/glow-mark/datasets/FairFace/val/2159.jpg,0.511246,0
/home/tr3x/Projects/glow-mark/datasets/FairFace/val/216.jpg,0.682789,0
/home/tr3x/Projects/glow-mark/datasets/FairFace/val/2160.jpg,0.644691,0
/home/tr3x/Projects/glow-mark/datasets/FairFace/val/2161.jpg,0.919736,1
/home/tr3x/Projects/glow-mark/datasets/FairFace/val/2162.jpg,0.900659,0
/home/tr3x/Projects/glow-mark/datasets/FairFace/val/2163.jpg,0.833997,0
/home/tr3x/Projects/glow-mark/datasets/FairFace/val/2164.jpg,0.824079,0
/home/tr3x/Projects/glow-mark/datasets/FairFace/val/2165.jpg,0.938651,0
/home/tr3x/Projects/glow-mark/datasets/FairFace/val/2166.jpg,0.868695,0
/home/tr3x/Projects/glow-mark/datasets/FairFace/val/2167.jpg,0.927500,1
/home/tr3x/Projects/glow-mark/datasets/FairFace/val/2168.jpg,0.890620,0
/home/tr3x/Projects/glow-mark/datasets/FairFace/val/2169.jpg,0.887500,0
/home/tr3x/Projects/glow-mark/datasets/FairFace/val/217.jpg,0.947369,1
/home/tr3x/Projects/glow-mark/datasets/FairFace/val/2170.jpg,0.783931,1
/home/tr3x/Projects/glow-mark/datasets/FairFace/val/2171.jpg,0.962614,1
/home/tr3x/Projects/glow-mark/datasets/FairFace/val/2172.jpg,0.585144,1
/home/tr3x/Projects/glow-mark/datasets/FairFace/val/2173.jpg,0.748771,0
/home/tr3x/Projects/glow-mark/datasets/FairFace/val/2174.jpg,0.739770,0
/home/tr3x/Projects/glow-mark/datasets/FairFace/val/2175.jpg,0.404912,1
/home/tr3x/Projects/glow-mark/datasets/FairFace/val/2176.jpg,0.926246,1
/home/tr3x/Projects/glow-mark/datasets/FairFace/val/2177.jpg,0.964727,1
/home/tr3x/Projects/glow-mark/datasets/FairFace/val/2178.jpg,0.798135,1
/home/tr3x/Projects/glow-mark/datasets/FairFace/val/2179.jpg,0.844117,1
/home/tr3x/Projects/glow-mark/datasets/FairFace/val/218.jpg,0.901633,0
/home/tr3x/Projects/glow-mark/datasets/FairFace/val/2180.jpg,0.582937,0
/home/tr3x/Projects/glow-mark/datasets/FairFace/val/2181.jpg,0.917466,1
/home/tr3x/Projects/glow-mark/datasets/FairFace/val/2182.jpg,0.844004,0
/home/tr3x/Projects/glow-mark/datasets/FairFace/val/2183.jpg,0.731954,0
/home/tr3x/Projects/glow-mark/datasets/FairFace/val/2184.jpg,0.887334,1
/home/tr3x/Projects/glow-mark/datasets/FairFace/val/2185.jpg,0.913381,1
/home/tr3x/Projects/glow-mark/datasets/FairFace/val/2186.jpg,0.847400,1
/home/tr3x/Projects/glow-mark/datasets/FairFace/val/2187.jpg,0.954827,1
/home/tr3x/Projects/glow-mark/datasets/FairFace/val/2188.jpg,0.852507,0
/home/tr3x/Projects/glow-mark/datasets/FairFace/val/2189.jpg,0.592856,0
/home/tr3x/Projects/glow-mark/datasets/FairFace/val/219.jpg,0.700822,1
/home/tr3x/Projects/glow-mark/datasets/FairFace/val/2190.jpg,0.941168,0
/home/tr3x/Projects/glow-mark/datasets/FairFace/val/2191.jpg,0.906190,1
/home/tr3x/Projects/glow-mark/datasets/FairFace/val/2192.jpg,0.855212,0
/home/tr3x/Projects/glow-mark/datasets/FairFace/val/2193.jpg,0.941233,1
/home/tr3x/Projects/glow-mark/datasets/FairFace/val/2194.jpg,0.801765,1
/home/tr3x/Projects/glow-mark/datasets/FairFace/val/2195.jpg,0.712307,1
/home/tr3x/Projects/glow-mark/datasets/FairFace/val/2196.jpg,0.795543,0
/home/tr3x/Projects/glow-mark/datasets/FairFace/val/2197.jpg,0.935729,1
/home/tr3x/Projects/glow-mark/datasets/FairFace/val/2198.jpg,0.949997,1
/home/tr3x/Projects/glow-mark/datasets/FairFace/val/2199.jpg,0.845928,1
/home/tr3x/Projects/glow-mark/datasets/FairFace/val/22.jpg,0.756647,1
/home/tr3x/Projects/glow-mark/datasets/FairFace/val/220.jpg,0.786210,0
/home/tr3x/Projects/glow-mark/datasets/FairFace/val/2200.jpg,0.925882,1
/home/tr3x/Projects/glow-mark/datasets/FairFace/val/2201.jpg,0.757139,1
/home/tr3x/Projects/glow-mark/datasets/FairFace/val/2202.jpg,0.856651,1
/home/tr3x/Projects/glow-mark/datasets/FairFace/val/2203.jpg,0.772397,1
/home/tr3x/Projects/glow-mark/datasets/FairFace/val/2204.jpg,0.845170,0
/home/tr3x/Projects/glow-mark/datasets/FairFace/val/2205.jpg,0.864207,1
/home/tr3x/Projects/glow-mark/datasets/FairFace/val/2206.jpg,0.851490,0
/home/tr3x/Projects/glow-mark/datasets/FairFace/val/2207.jpg,0.572479,1
/home/tr3x/Projects/glow-mark/datasets/FairFace/val/2208.jpg,0.594412,1
/home/tr3x/Projects/glow-mark/datasets/FairFace/val/2209.jpg,0.660334,1
/home/tr3x/Projects/glow-mark/datasets/FairFace/val/221.jpg,0.949408,0
/home/tr3x/Projects/glow-mark/datasets/FairFace/val/2210.jpg,0.608618,0
/home/tr3x/Projects/glow-mark/datasets/FairFace/val/2211.jpg,0.607437,0
/home/tr3x/Projects/glow-mark/datasets/FairFace/val/2212.jpg,0.697644,0
/home/tr3x/Projects/glow-mark/datasets/FairFace/val/2213.jpg,0.911404,0
/home/tr3x/Projects/glow-mark/datasets/FairFace/val/2214.jpg,0.834015,1
/home/tr3x/Projects/glow-mark/datasets/FairFace/val/2215.jpg,0.865798,0
/home/tr3x/Projects/glow-mark/datasets/FairFace/val/2216.jpg,0.421666,1
/home/tr3x/Projects/glow-mark/datasets/FairFace/val/2217.jpg,0.841161,0
/home/tr3x/Projects/glow-mark/datasets/FairFace/val/2218.jpg,0.463982,1
/home/tr3x/Projects/glow-mark/datasets/FairFace/val/2219.jpg,0.869944,1
/home/tr3x/Projects/glow-mark/datasets/FairFace/val/222.jpg,0.954726,1
/home/tr3x/Projects/glow-mark/datasets/FairFace/val/2220.jpg,0.807936,1
/home/tr3x/Projects/glow-mark/datasets/FairFace/val/2221.jpg,0.959925,1
/home/tr3x/Projects/glow-mark/datasets/FairFace/val/2222.jpg,0.897177,0
/home/tr3x/Projects/glow-mark/datasets/FairFace/val/2223.jpg,0.696294,0
/home/tr3x/Projects/glow-mark/datasets/FairFace/val/2224.jpg,0.913076,1
/home/tr3x/Projects/glow-mark/datasets/FairFace/val/2225.jpg,0.885220,1
/home/tr3x/Projects/glow-mark/datasets/FairFace/val/2226.jpg,0.473928,0
/home/tr3x/Projects/glow-mark/datasets/FairFace/val/2227.jpg,0.889974,0
/home/tr3x/Projects/glow-mark/datasets/FairFace/val/2228.jpg,0.929075,1
/home/tr3x/Projects/glow-mark/datasets/FairFace/val/2229.jpg,0.915224,0
/home/tr3x/Projects/glow-mark/datasets/FairFace/val/223.jpg,0.028921,0
/home/tr3x/Projects/glow-mark/datasets/FairFace/val/2230.jpg,0.539622,1
/home/tr3x/Projects/glow-mark/datasets/FairFace/val/2231.jpg,0.552072,0
/home/tr3x/Projects/glow-mark/datasets/FairFace/val/2232.jpg,0.864165,1
/home/tr3x/Projects/glow-mark/datasets/FairFace/val/2233.jpg,0.866930,1
/home/tr3x/Projects/glow-mark/datasets/FairFace/val/2234.jpg,0.804748,0
/home/tr3x/Projects/glow-mark/datasets/FairFace/val/2235.jpg,0.756452,1
/home/tr3x/Projects/glow-mark/datasets/FairFace/val/2236.jpg,0.729078,1
/home/tr3x/Projects/glow-mark/datasets/FairFace/val/2237.jpg,0.811425,0
/home/tr3x/Projects/glow-mark/datasets/FairFace/val/2238.jpg,0.689343,1
/home/tr3x/Projects/glow-mark/datasets/FairFace/val/2239.jpg,0.879595,0
/home/tr3x/Projects/glow-mark/datasets/FairFace/val/224.jpg,0.807133,1
/home/tr3x/Projects/glow-mark/datasets/FairFace/val/2240.jpg,0.937486,1
/home/tr3x/Projects/glow-mark/datasets/FairFace/val/2241.jpg,0.969669,1
/home/tr3x/Projects/glow-mark/datasets/FairFace/val/2242.jpg,0.896942,0
/home/tr3x/Projects/glow-mark/datasets/FairFace/val/2243.jpg,0.932045,1
/home/tr3x/Projects/glow-mark/datasets/FairFace/val/2244.jpg,0.779335,1
/home/tr3x/Projects/glow-mark/datasets/FairFace/val/2245.jpg,0.922377,1
/home/tr3x/Projects/glow-mark/datasets/FairFace/val/2246.jpg,0.699029,0
/home/tr3x/Projects/glow-mark/datasets/FairFace/val/2247.jpg,0.745595,1
/home/tr3x/Projects/glow-mark/datasets/FairFace/val/2248.jpg,0.912646,0
/home/tr3x/Projects/glow-mark/datasets/FairFace/val/2249.jpg,0.860581,1
/home/tr3x/Projects/glow-mark/datasets/FairFace/val/225.jpg,0.866776,1
/home/tr3x/Projects/glow-mark/datasets/FairFace/val/2250.jpg,0.866313,0
/home/tr3x/Projects/glow-mark/datasets/FairFace/val/2251.jpg,0.776366,1
/home/tr3x/Projects/glow-mark/datasets/FairFace/val/2252.jpg,0.909510,1
/home/tr3x/Projects/glow-mark/datasets/FairFace/val/2253.jpg,0.936173,1
/home/tr3x/Projects/glow-mark/datasets/FairFace/val/2254.jpg,0.788938,0
/home/tr3x/Projects/glow-mark/datasets/FairFace/val/2255.jpg,0.647110,1
/home/tr3x/Projects/glow-mark/datasets/FairFace/val/2256.jpg,0.927900,0
/home/tr3x/Projects/glow-mark/datasets/FairFace/val/2257.jpg,0.699684,0
/home/tr3x/Projects/glow-mark/datasets/FairFace/val/2258.jpg,0.889103,1
/home/tr3x/Projects/glow-mark/datasets/FairFace/val/2259.jpg,0.872107,0
/home/tr3x/Projects/glow-mark/datasets/FairFace/val/226.jpg,0.570518,0
/home/tr3x/Projects/glow-mark/datasets/FairFace/val/2260.jpg,0.664107,0
/home/tr3x/Projects/glow-mark/datasets/FairFace/val/2261.jpg,0.766080,1
/home/tr3x/Projects/glow-mark/datasets/FairFace/val/2262.jpg,0.800992,1
/home/tr3x/Projects/glow-mark/datasets/FairFace/val/2263.jpg,0.799847,0
/home/tr3x/Projects/glow-mark/datasets/FairFace/val/2264.jpg,0.607035,1
/home/tr3x/Projects/glow-mark/datasets/FairFace/val/2265.jpg,0.734547,0
/home/tr3x/Projects/glow-mark/datasets/FairFace/val/2266.jpg,0.805763,1
/home/tr3x/Projects/glow-mark/datasets/FairFace/val/2267.jpg,0.748369,1
/home/tr3x/Projects/glow-mark/datasets/FairFace/val/2268.jpg,0.942722,1
/home/tr3x/Projects/glow-mark/datasets/FairFace/val/2269.jpg,0.837533,1
/home/tr3x/Projects/glow-mark/datasets/FairFace/val/227.jpg,0.677326,1
/home/tr3x/Projects/glow-mark/datasets/FairFace/val/2270.jpg,0.884185,0
/home/tr3x/Projects/glow-mark/datasets/FairFace/val/2271.jpg,0.960605,1
/home/tr3x/Projects/glow-mark/datasets/FairFace/val/2272.jpg,0.930843,1
/home/tr3x/Projects/glow-mark/datasets/FairFace/val/2273.jpg,0.818943,0
/home/tr3x/Projects/glow-mark/datasets/FairFace/val/2274.jpg,0.881844,0
/home/tr3x/Projects/glow-mark/datasets/FairFace/val/2275.jpg,0.963539,0
/home/tr3x/Projects/glow-mark/datasets/FairFace/val/2276.jpg,0.891040,1
/home/tr3x/Projects/glow-mark/datasets/FairFace/val/2277.jpg,0.896245,1
/home/tr3x/Projects/glow-mark/datasets/FairFace/val/2278.jpg,0.465577,0
/home/tr3x/Projects/glow-mark/datasets/FairFace/val/2279.jpg,0.847241,1
/home/tr3x/Projects/glow-mark/datasets/FairFace/val/228.jpg,0.879766,1
/home/tr3x/Projects/glow-mark/datasets/FairFace/val/2280.jpg,0.963006,1
/home/tr3x/Projects/glow-mark/datasets/FairFace/val/2281.jpg,0.864230,0
/home/tr3x/Projects/glow-mark/datasets/FairFace/val/2282.jpg,0.819579,1
/home/tr3x/Projects/glow-mark/datasets/FairFace/val/2283.jpg,0.852149,0
/home/tr3x/Projects/glow-mark/datasets/FairFace/val/2284.jpg,0.936850,1
/home/tr3x/Projects/glow-mark/datasets/FairFace/val/2285.jpg,0.625519,0
/home/tr3x/Projects/glow-mark/datasets/FairFace/val/2286.jpg,0.796256,0
/home/tr3x/Projects/glow-mark/datasets/FairFace/val/2287.jpg,0.917663,1
/home/tr3x/Projects/glow-mark/datasets/FairFace/val/2288.jpg,0.951493,1
/home/tr3x/Projects/glow-mark/datasets/FairFace/val/2289.jpg,0.528317,0
/home/tr3x/Projects/glow-mark/datasets/FairFace/val/229.jpg,0.889972,1
/home/tr3x/Projects/glow-mark/datasets/FairFace/val/2290.jpg,0.908659,1
/home/tr3x/Projects/glow-mark/datasets/FairFace/val/2291.jpg,0.673744,0
/home/tr3x/Projects/glow-mark/datasets/FairFace/val/2292.jpg,0.815496,1
/home/tr3x/Projects/glow-mark/datasets/FairFace/val/2293.jpg,0.669352,0
/home/tr3x/Projects/glow-mark/datasets/FairFace/val/2294.jpg,0.561290,0
/home/tr3x/Projects/glow-mark/datasets/FairFace/val/2295.jpg,0.851691,1
/home/tr3x/Projects/glow-mark/datasets/FairFace/val/2296.jpg,0.652341,0
/home/tr3x/Projects/glow-mark/datasets/FairFace/val/2297.jpg,0.891490,0
/home/tr3x/Projects/glow-mark/datasets/FairFace/val/2298.jpg,0.775004,0
/home/tr3x/Projects/glow-mark/datasets/FairFace/val/2299.jpg,0.848666,0
/home/tr3x/Projects/glow-mark/datasets/FairFace/val/23.jpg,0.913646,0
/home/tr3x/Projects/glow-mark/datasets/FairFace/val/230.jpg,0.650864,1
/home/tr3x/Projects/glow-mark/datasets/FairFace/val/2300.jpg,0.734625,1
/home/tr3x/Projects/glow-mark/datasets/FairFace/val/2301.jpg,0.916994,1
/home/tr3x/Projects/glow-mark/datasets/FairFace/val/2302.jpg,0.765526,0
/home/tr3x/Projects/glow-mark/datasets/FairFace/val/2303.jpg,0.858631,0
/home/tr3x/Projects/glow-mark/datasets/FairFace/val/2304.jpg,0.633710,0
/home/tr3x/Projects/glow-mark/datasets/FairFace/val/2305.jpg,0.910852,0
/home/tr3x/Projects/glow-mark/datasets/FairFace/val/2306.jpg,0.069482,1
/home/tr3x/Projects/glow-mark/datasets/FairFace/val/2307.jpg,0.832264,0
/home/tr3x/Projects/glow-mark/datasets/FairFace/val/2308.jpg,0.660032,0
/home/tr3x/Projects/glow-mark/datasets/FairFace/val/2309.jpg,0.883656,1
/home/tr3x/Projects/glow-mark/datasets/FairFace/val/231.jpg,0.834946,0
/home/tr3x/Projects/glow-mark/datasets/FairFace/val/2310.jpg,0.916838,0
/home/tr3x/Projects/glow-mark/datasets/FairFace/val/2311.jpg,0.911229,1
/home/tr3x/Projects/glow-mark/datasets/FairFace/val/2312.jpg,0.914805,1
/home/tr3x/Projects/glow-mark/datasets/FairFace/val/2313.jpg,0.919146,1
/home/tr3x/Projects/glow-mark/datasets/FairFace/val/2314.jpg,0.976089,1
/home/tr3x/Projects/glow-mark/datasets/FairFace/val/2315.jpg,0.823635,0
/home/tr3x/Projects/glow-mark/datasets/FairFace/val/2316.jpg,0.894755,1
/home/tr3x/Projects/glow-mark/datasets/FairFace/val/2317.jpg,0.875566,1
/home/tr3x/Projects/glow-mark/datasets/FairFace/val/2318.jpg,0.790584,1
/home/tr3x/Projects/glow-mark/datasets/FairFace/val/2319.jpg,0.869606,1
/home/tr3x/Projects/glow-mark/datasets/FairFace/val/232.jpg,0.926609,0
/home/tr3x/Projects/glow-mark/datasets/FairFace/val/2320.jpg,0.971930,1
/home/tr3x/Projects/glow-mark/datasets/FairFace/val/2321.jpg,0.767654,1
/home/tr3x/Projects/glow-mark/datasets/FairFace/val/2322.jpg,0.708256,0
/home/tr3x/Projects/glow-mark/datasets/FairFace/val/2323.jpg,0.922696,0
/home/tr3x/Projects/glow-mark/datasets/FairFace/val/2324.jpg,0.568270,0
/home/tr3x/Projects/glow-mark/datasets/FairFace/val/2325.jpg,0.699440,1
/home/tr3x/Projects/glow-mark/datasets/FairFace/val/2326.jpg,0.935713,1
/home/tr3x/Projects/glow-mark/datasets/FairFace/val/2327.jpg,0.861702,0
/home/tr3x/Projects/glow-mark/datasets/FairFace/val/2328.jpg,0.907801,1
/home/tr3x/Projects/glow-mark/datasets/FairFace/val/2329.jpg,0.876631,0
/home/tr3x/Projects/glow-mark/datasets/FairFace/val/233.jpg,0.786506,1
/home/tr3x/Projects/glow-mark/datasets/FairFace/val/2330.jpg,0.869084,1
/home/tr3x/Projects/glow-mark/datasets/FairFace/val/2331.jpg,0.889385,1
/home/tr3x/Projects/glow-mark/datasets/FairFace/val/2332.jpg,0.738433,1
/home/tr3x/Projects/glow-mark/datasets/FairFace/val/2333.jpg,0.818861,0
/home/tr3x/Projects/glow-mark/datasets/FairFace/val/2334.jpg,0.768372,1
/home/tr3x/Projects/glow-mark/datasets/FairFace/val/2335.jpg,0.945765,1
/home/tr3x/Projects/glow-mark/datasets/FairFace/val/2336.jpg,0.897655,1
/home/tr3x/Projects/glow-mark/datasets/FairFace/val/2337.jpg,0.616746,0
/home/tr3x/Projects/glow-mark/datasets/FairFace/val/2338.jpg,0.953024,1
/home/tr3x/Projects/glow-mark/datasets/FairFace/val/2339.jpg,0.882448,0
/home/tr3x/Projects/glow-mark/datasets/FairFace/val/234.jpg,0.182269,1
/home/tr3x/Projects/glow-mark/datasets/FairFace/val/2340.jpg,0.828806,1
/home/tr3x/Projects/glow-mark/datasets/FairFace/val/2341.jpg,0.600480,0
/home/tr3x/Projects/glow-mark/datasets/FairFace/val/2342.jpg,0.693773,0
/home/tr3x/Projects/glow-mark/datasets/FairFace/val/2343.jpg,0.870980,1
/home/tr3x/Projects/glow-mark/datasets/FairFace/val/2344.jpg,0.790109,0
/home/tr3x/Projects/glow-mark/datasets/FairFace/val/2345.jpg,0.808873,0
/home/tr3x/Projects/glow-mark/datasets/FairFace/val/2346.jpg,0.909457,1
/home/tr3x/Projects/glow-mark/datasets/FairFace/val/2347.jpg,0.711174,0
/home/tr3x/Projects/glow-mark/datasets/FairFace/val/2348.jpg,0.915192,1
/home/tr3x/Projects/glow-mark/datasets/FairFace/val/2349.jpg,0.826037,0
/home/tr3x/Projects/glow-mark/datasets/FairFace/val/235.jpg,0.881130,1
/home/tr3x/Projects/glow-mark/datasets/FairFace/val/2350.jpg,0.496478,1
/home/tr3x/Projects/glow-mark/datasets/FairFace/val/2351.jpg,0.912759,0
/home/tr3x/Projects/glow-mark/datasets/FairFace/val/2352.jpg,0.889518,1
/home/tr3x/Projects/glow-mark/datasets/FairFace/val/2353.jpg,0.902124,1
/home/tr3x/Projects/glow-mark/datasets/FairFace/val/2354.jpg,0.798228,1
/home/tr3x/Projects/glow-mark/datasets/FairFace/val/2355.jpg,0.348428,1
/home/tr3x/Projects/glow-mark/datasets/FairFace/val/2356.jpg,0.453558,0
/home/tr3x/Projects/glow-mark/datasets/FairFace/val/2357.jpg,0.882403,0
/home/tr3x/Projects/glow-mark/datasets/FairFace/val/2358.jpg,0.661530,1
/home/tr3x/Projects/glow-mark/datasets/FairFace/val/2359.jpg,0.917143,1
/home/tr3x/Projects/glow-mark/datasets/FairFace/val/236.jpg,0.940123,1
/home/tr3x/Projects/glow-mark/datasets/FairFace/val/2360.jpg,0.755296,0
/home/tr3x/Projects/glow-mark/datasets/FairFace/val/2361.jpg,0.722482,1
/home/tr3x/Projects/glow-mark/datasets/FairFace/val/2362.jpg,0.662505,0
/home/tr3x/Projects/glow-mark/datasets/FairFace/val/2363.jpg,0.695459,1
/home/tr3x/Projects/glow-mark/datasets/FairFace/val/2364.jpg,0.770410,1
/home/tr3x/Projects/glow-mark/datasets/FairFace/val/2365.jpg,0.801202,0
/home/tr3x/Projects/glow-mark/datasets/FairFace/val/2366.jpg,0.742949,1
/home/tr3x/Projects/glow-mark/datasets/FairFace/val/2367.jpg,0.924879,1
/home/tr3x/Projects/glow-mark/datasets/FairFace/val/2368.jpg,0.868033,1
/home/tr3x/Projects/glow-mark/datasets/FairFace/val/2369.jpg,0.705535,0
/home/tr3x/Projects/glow-mark/datasets/FairFace/val/237.jpg,0.550636,0
/home/tr3x/Projects/glow-mark/datasets/FairFace/val/2370.jpg,0.851758,1
/home/tr3x/Projects/glow-mark/datasets/FairFace/val/2371.jpg,0.879836,1
/home/tr3x/Projects/glow-mark/datasets/FairFace/val/2372.jpg,0.870423,0
/home/tr3x/Projects/glow-mark/datasets/FairFace/val/2373.jpg,0.722955,1
/home/tr3x/Projects/glow-mark/datasets/FairFace/val/2374.jpg,0.790351,1
/home/tr3x/Projects/glow-mark/datasets/FairFace/val/2375.jpg,0.019850,0
/home/tr3x/Projects/glow-mark/datasets/FairFace/val/2376.jpg,0.913137,1
/home/tr3x/Projects/glow-mark/datasets/FairFace/val/2377.jpg,0.890439,1
/home/tr3x/Projects/glow-mark/datasets/FairFace/val/2378.jpg,0.911160,0
/home/tr3x/Projects/glow-mark/datasets/FairFace/val/2379.jpg,0.710465,0
/home/tr3x/Projects/glow-mark/datasets/FairFace/val/238.jpg,0.703884,1
/home/tr3x/Projects/glow-mark/datasets/FairFace/val/2380.jpg,0.777490,1
/home/tr3x/Projects/glow-mark/datasets/FairFace/val/2381.jpg,0.851293,1
/home/tr3x/Projects/glow-mark/datasets/FairFace/val/2382.jpg,0.868895,1
/home/tr3x/Projects/glow-mark/datasets/FairFace/val/2383.jpg,0.903421,0
/home/tr3x/Projects/glow-mark/datasets/FairFace/val/2384.jpg,0.834907,1
/home/tr3x/Projects/glow-mark/datasets/FairFace/val/2385.jpg,0.701066,0
/home/tr3x/Projects/glow-mark/datasets/FairFace/val/2386.jpg,0.927821,1
/home/tr3x/Projects/glow-mark/datasets/FairFace/val/2387.jpg,0.961061,0
/home/tr3x/Projects/glow-mark/datasets/FairFace/val/2388.jpg,0.785779,0
/home/tr3x/Projects/glow-mark/datasets/FairFace/val/2389.jpg,0.903587,1
/tmp/claude-1000/-home-tr3x-Projects-glow-mark/59174869-7079-4ea0-9736-6879c8c9f2a6/scratchpad/negatives/animal_afhq/a00.jpg,0.220408,0
/tmp/claude-1000/-home-tr3x-Projects-glow-mark/59174869-7079-4ea0-9736-6879c8c9f2a6/scratchpad/negatives/animal_afhq/a01.jpg,0.031741,1
/tmp/claude-1000/-home-tr3x-Projects-glow-mark/59174869-7079-4ea0-9736-6879c8c9f2a6/scratchpad/negatives/animal_afhq/a02.jpg,0.056912,0
/tmp/claude-1000/-home-tr3x-Projects-glow-mark/59174869-7079-4ea0-9736-6879c8c9f2a6/scratchpad/negatives/animal_afhq/a03.jpg,0.024047,0
/tmp/claude-1000/-home-tr3x-Projects-glow-mark/59174869-7079-4ea0-9736-6879c8c9f2a6/scratchpad/negatives/animal_afhq/a04.jpg,0.021882,0
/tmp/claude-1000/-home-tr3x-Projects-glow-mark/59174869-7079-4ea0-9736-6879c8c9f2a6/scratchpad/negatives/animal_afhq/a05.jpg,0.038260,1
/tmp/claude-1000/-home-tr3x-Projects-glow-mark/59174869-7079-4ea0-9736-6879c8c9f2a6/scratchpad/negatives/animal_afhq/a06.jpg,0.681803,0
/tmp/claude-1000/-home-tr3x-Projects-glow-mark/59174869-7079-4ea0-9736-6879c8c9f2a6/scratchpad/negatives/animal_afhq/a07.jpg,0.086611,0
/tmp/claude-1000/-home-tr3x-Projects-glow-mark/59174869-7079-4ea0-9736-6879c8c9f2a6/scratchpad/negatives/animal_afhq/a08.jpg,0.055294,0
/tmp/claude-1000/-home-tr3x-Projects-glow-mark/59174869-7079-4ea0-9736-6879c8c9f2a6/scratchpad/negatives/animal_afhq/a09.jpg,0.151162,0
/tmp/claude-1000/-home-tr3x-Projects-glow-mark/59174869-7079-4ea0-9736-6879c8c9f2a6/scratchpad/negatives/animal_afhq/a10.jpg,0.571893,0
/tmp/claude-1000/-home-tr3x-Projects-glow-mark/59174869-7079-4ea0-9736-6879c8c9f2a6/scratchpad/negatives/animal_afhq/a11.jpg,0.054088,0
/tmp/claude-1000/-home-tr3x-Projects-glow-mark/59174869-7079-4ea0-9736-6879c8c9f2a6/scratchpad/negatives/animal_afhq/a12.jpg,0.017696,0
/tmp/claude-1000/-home-tr3x-Projects-glow-mark/59174869-7079-4ea0-9736-6879c8c9f2a6/scratchpad/negatives/animal_afhq/a13.jpg,0.037493,0
/tmp/claude-1000/-home-tr3x-Projects-glow-mark/59174869-7079-4ea0-9736-6879c8c9f2a6/scratchpad/negatives/animal_afhq/a14.jpg,0.035850,0
/tmp/claude-1000/-home-tr3x-Projects-glow-mark/59174869-7079-4ea0-9736-6879c8c9f2a6/scratchpad/negatives/animal_afhq/a15.jpg,0.041897,0
/tmp/claude-1000/-home-tr3x-Projects-glow-mark/59174869-7079-4ea0-9736-6879c8c9f2a6/scratchpad/negatives/animal_afhq/a16.jpg,0.040670,0
/tmp/claude-1000/-home-tr3x-Projects-glow-mark/59174869-7079-4ea0-9736-6879c8c9f2a6/scratchpad/negatives/animal_afhq/a17.jpg,0.012192,0
/tmp/claude-1000/-home-tr3x-Projects-glow-mark/59174869-7079-4ea0-9736-6879c8c9f2a6/scratchpad/negatives/animal_afhq/a18.jpg,0.093482,0
/tmp/claude-1000/-home-tr3x-Projects-glow-mark/59174869-7079-4ea0-9736-6879c8c9f2a6/scratchpad/negatives/animal_afhq/a19.jpg,0.062816,0
/tmp/claude-1000/-home-tr3x-Projects-glow-mark/59174869-7079-4ea0-9736-6879c8c9f2a6/scratchpad/negatives/animal_afhq/a20.jpg,0.203043,0
/tmp/claude-1000/-home-tr3x-Projects-glow-mark/59174869-7079-4ea0-9736-6879c8c9f2a6/scratchpad/negatives/animal_afhq/a21.jpg,0.262436,0
/tmp/claude-1000/-home-tr3x-Projects-glow-mark/59174869-7079-4ea0-9736-6879c8c9f2a6/scratchpad/negatives/animal_afhq/a22.jpg,0.452266,0
/tmp/claude-1000/-home-tr3x-Projects-glow-mark/59174869-7079-4ea0-9736-6879c8c9f2a6/scratchpad/negatives/animal_afhq/a23.jpg,0.047720,0
/tmp/claude-1000/-home-tr3x-Projects-glow-mark/59174869-7079-4ea0-9736-6879c8c9f2a6/scratchpad/negatives/animal_afhq/a24.jpg,0.610859,0
/tmp/claude-1000/-home-tr3x-Projects-glow-mark/59174869-7079-4ea0-9736-6879c8c9f2a6/scratchpad/negatives/anime/00.png,0.050016,0
/tmp/claude-1000/-home-tr3x-Projects-glow-mark/59174869-7079-4ea0-9736-6879c8c9f2a6/scratchpad/negatives/anime/01.png,0.048614,0
/tmp/claude-1000/-home-tr3x-Projects-glow-mark/59174869-7079-4ea0-9736-6879c8c9f2a6/scratchpad/negatives/anime/02.png,0.038330,0
/tmp/claude-1000/-home-tr3x-Projects-glow-mark/59174869-7079-4ea0-9736-6879c8c9f2a6/scratchpad/negatives/anime/03.png,0.021189,0
/tmp/claude-1000/-home-tr3x-Projects-glow-mark/59174869-7079-4ea0-9736-6879c8c9f2a6/scratchpad/negatives/anime/04.png,0.055534,0
/tmp/claude-1000/-home-tr3x-Projects-glow-mark/59174869-7079-4ea0-9736-6879c8c9f2a6/scratchpad/negatives/anime/05.png,0.023432,0
/tmp/claude-1000/-home-tr3x-Projects-glow-mark/59174869-7079-4ea0-9736-6879c8c9f2a6/scratchpad/negatives/anime/06.png,0.044126,0
/tmp/claude-1000/-home-tr3x-Projects-glow-mark/59174869-7079-4ea0-9736-6879c8c9f2a6/scratchpad/negatives/anime/07.png,0.029874,0
/tmp/claude-1000/-home-tr3x-Projects-glow-mark/59174869-7079-4ea0-9736-6879c8c9f2a6/scratchpad/negatives/anime/b00.jpg,0.069362,0
/tmp/claude-1000/-home-tr3x-Projects-glow-mark/59174869-7079-4ea0-9736-6879c8c9f2a6/scratchpad/negatives/anime/b01.jpg,0.070385,0
/tmp/claude-1000/-home-tr3x-Projects-glow-mark/59174869-7079-4ea0-9736-6879c8c9f2a6/scratchpad/negatives/anime/b02.jpg,0.088162,0
/tmp/claude-1000/-home-tr3x-Projects-glow-mark/59174869-7079-4ea0-9736-6879c8c9f2a6/scratchpad/negatives/anime/b03.jpg,0.004875,0
/tmp/claude-1000/-home-tr3x-Projects-glow-mark/59174869-7079-4ea0-9736-6879c8c9f2a6/scratchpad/negatives/anime/b04.jpg,0.064416,0
/tmp/claude-1000/-home-tr3x-Projects-glow-mark/59174869-7079-4ea0-9736-6879c8c9f2a6/scratchpad/negatives/anime/b05.jpg,0.050461,0
/tmp/claude-1000/-home-tr3x-Projects-glow-mark/59174869-7079-4ea0-9736-6879c8c9f2a6/scratchpad/negatives/anime/b06.jpg,0.010467,0
/tmp/claude-1000/-home-tr3x-Projects-glow-mark/59174869-7079-4ea0-9736-6879c8c9f2a6/scratchpad/negatives/anime/b07.jpg,0.046843,1
/tmp/claude-1000/-home-tr3x-Projects-glow-mark/59174869-7079-4ea0-9736-6879c8c9f2a6/scratchpad/negatives/anime/b08.jpg,0.067060,0
/tmp/claude-1000/-home-tr3x-Projects-glow-mark/59174869-7079-4ea0-9736-6879c8c9f2a6/scratchpad/negatives/anime/b09.jpg,0.044712,1
/tmp/claude-1000/-home-tr3x-Projects-glow-mark/59174869-7079-4ea0-9736-6879c8c9f2a6/scratchpad/negatives/anime/b10.jpg,0.033031,0
/tmp/claude-1000/-home-tr3x-Projects-glow-mark/59174869-7079-4ea0-9736-6879c8c9f2a6/scratchpad/negatives/anime/b11.jpg,0.079323,0
/tmp/claude-1000/-home-tr3x-Projects-glow-mark/59174869-7079-4ea0-9736-6879c8c9f2a6/scratchpad/negatives/anime/b12.jpg,0.035310,0
/tmp/claude-1000/-home-tr3x-Projects-glow-mark/59174869-7079-4ea0-9736-6879c8c9f2a6/scratchpad/negatives/anime/b13.jpg,0.026896,1
/tmp/claude-1000/-home-tr3x-Projects-glow-mark/59174869-7079-4ea0-9736-6879c8c9f2a6/scratchpad/negatives/anime/b14.jpg,0.013372,0
/tmp/claude-1000/-home-tr3x-Projects-glow-mark/59174869-7079-4ea0-9736-6879c8c9f2a6/scratchpad/negatives/anime/b15.jpg,0.046650,0
/tmp/claude-1000/-home-tr3x-Projects-glow-mark/59174869-7079-4ea0-9736-6879c8c9f2a6/scratchpad/negatives/anime/b16.jpg,0.025354,0
/tmp/claude-1000/-home-tr3x-Projects-glow-mark/59174869-7079-4ea0-9736-6879c8c9f2a6/scratchpad/negatives/anime/b17.jpg,0.037787,0
/tmp/claude-1000/-home-tr3x-Projects-glow-mark/59174869-7079-4ea0-9736-6879c8c9f2a6/scratchpad/negatives/anime/b18.jpg,0.057075,0
/tmp/claude-1000/-home-tr3x-Projects-glow-mark/59174869-7079-4ea0-9736-6879c8c9f2a6/scratchpad/negatives/anime/b19.jpg,0.036769,0
/tmp/claude-1000/-home-tr3x-Projects-glow-mark/59174869-7079-4ea0-9736-6879c8c9f2a6/scratchpad/negatives/cartoon/00.jpg,0.117228,1
/tmp/claude-1000/-home-tr3x-Projects-glow-mark/59174869-7079-4ea0-9736-6879c8c9f2a6/scratchpad/negatives/cartoon/01.jpg,0.017253,1
/tmp/claude-1000/-home-tr3x-Projects-glow-mark/59174869-7079-4ea0-9736-6879c8c9f2a6/scratchpad/negatives/cartoon/02.jpg,0.127761,1
/tmp/claude-1000/-home-tr3x-Projects-glow-mark/59174869-7079-4ea0-9736-6879c8c9f2a6/scratchpad/negatives/cartoon/03.jpg,0.038647,1
/tmp/claude-1000/-home-tr3x-Projects-glow-mark/59174869-7079-4ea0-9736-6879c8c9f2a6/scratchpad/negatives/cartoon/04.jpg,0.025483,0
/tmp/claude-1000/-home-tr3x-Projects-glow-mark/59174869-7079-4ea0-9736-6879c8c9f2a6/scratchpad/negatives/cartoon/05.jpg,0.158488,1
/tmp/claude-1000/-home-tr3x-Projects-glow-mark/59174869-7079-4ea0-9736-6879c8c9f2a6/scratchpad/negatives/cartoon/06.jpg,0.147577,0
/tmp/claude-1000/-home-tr3x-Projects-glow-mark/59174869-7079-4ea0-9736-6879c8c9f2a6/scratchpad/negatives/cartoon/07.jpg,0.721757,1
/tmp/claude-1000/-home-tr3x-Projects-glow-mark/59174869-7079-4ea0-9736-6879c8c9f2a6/scratchpad/negatives/cartoon/08.jpg,0.026947,0
/tmp/claude-1000/-home-tr3x-Projects-glow-mark/59174869-7079-4ea0-9736-6879c8c9f2a6/scratchpad/negatives/cartoon/09.jpg,0.115206,1
/tmp/claude-1000/-home-tr3x-Projects-glow-mark/59174869-7079-4ea0-9736-6879c8c9f2a6/scratchpad/negatives/cartoon/10.jpg,0.328699,1
/tmp/claude-1000/-home-tr3x-Projects-glow-mark/59174869-7079-4ea0-9736-6879c8c9f2a6/scratchpad/negatives/cartoon/11.jpg,0.073201,1
/tmp/claude-1000/-home-tr3x-Projects-glow-mark/59174869-7079-4ea0-9736-6879c8c9f2a6/scratchpad/negatives/cartoon/12.jpg,0.214161,1
/tmp/claude-1000/-home-tr3x-Projects-glow-mark/59174869-7079-4ea0-9736-6879c8c9f2a6/scratchpad/negatives/cartoon/13.jpg,0.081066,1
/tmp/claude-1000/-home-tr3x-Projects-glow-mark/59174869-7079-4ea0-9736-6879c8c9f2a6/scratchpad/negatives/cartoon/14.jpg,0.358127,1
/tmp/claude-1000/-home-tr3x-Projects-glow-mark/59174869-7079-4ea0-9736-6879c8c9f2a6/scratchpad/negatives/cartoon/15.jpg,0.060020,1
/tmp/claude-1000/-home-tr3x-Projects-glow-mark/59174869-7079-4ea0-9736-6879c8c9f2a6/scratchpad/negatives/cartoon/16.jpg,0.291097,1
/tmp/claude-1000/-home-tr3x-Projects-glow-mark/59174869-7079-4ea0-9736-6879c8c9f2a6/scratchpad/negatives/cartoon/17.jpg,0.056983,1
/tmp/claude-1000/-home-tr3x-Projects-glow-mark/59174869-7079-4ea0-9736-6879c8c9f2a6/scratchpad/negatives/cartoon/18.jpg,0.230098,1
/tmp/claude-1000/-home-tr3x-Projects-glow-mark/59174869-7079-4ea0-9736-6879c8c9f2a6/scratchpad/negatives/cartoon/19.jpg,0.284824,1
/tmp/claude-1000/-home-tr3x-Projects-glow-mark/59174869-7079-4ea0-9736-6879c8c9f2a6/scratchpad/negatives/cat/00.jpg,0.004349,0
/tmp/claude-1000/-home-tr3x-Projects-glow-mark/59174869-7079-4ea0-9736-6879c8c9f2a6/scratchpad/negatives/cat/01.jpg,0.003302,0
/tmp/claude-1000/-home-tr3x-Projects-glow-mark/59174869-7079-4ea0-9736-6879c8c9f2a6/scratchpad/negatives/cat/02.jpg,0.002904,0
/tmp/claude-1000/-home-tr3x-Projects-glow-mark/59174869-7079-4ea0-9736-6879c8c9f2a6/scratchpad/negatives/cat/03.jpg,0.007137,0
/tmp/claude-1000/-home-tr3x-Projects-glow-mark/59174869-7079-4ea0-9736-6879c8c9f2a6/scratchpad/negatives/cat/04.jpg,0.024160,0
/tmp/claude-1000/-home-tr3x-Projects-glow-mark/59174869-7079-4ea0-9736-6879c8c9f2a6/scratchpad/negatives/cat/05.jpg,0.002176,0
/tmp/claude-1000/-home-tr3x-Projects-glow-mark/59174869-7079-4ea0-9736-6879c8c9f2a6/scratchpad/negatives/dog/00.jpg,0.003708,0
/tmp/claude-1000/-home-tr3x-Projects-glow-mark/59174869-7079-4ea0-9736-6879c8c9f2a6/scratchpad/negatives/dog/01.jpg,0.009292,0
/tmp/claude-1000/-home-tr3x-Projects-glow-mark/59174869-7079-4ea0-9736-6879c8c9f2a6/scratchpad/negatives/dog/02.jpg,0.002115,0
/tmp/claude-1000/-home-tr3x-Projects-glow-mark/59174869-7079-4ea0-9736-6879c8c9f2a6/scratchpad/negatives/dog/03.jpg,0.003243,0
/tmp/claude-1000/-home-tr3x-Projects-glow-mark/59174869-7079-4ea0-9736-6879c8c9f2a6/scratchpad/negatives/dog/04.jpg,0.001468,0
/tmp/claude-1000/-home-tr3x-Projects-glow-mark/59174869-7079-4ea0-9736-6879c8c9f2a6/scratchpad/negatives/dog/05.jpg,0.002024,0
/tmp/claude-1000/-home-tr3x-Projects-glow-mark/59174869-7079-4ea0-9736-6879c8c9f2a6/scratchpad/negatives/painting/00.jpg,0.018146,0
/tmp/claude-1000/-home-tr3x-Projects-glow-mark/59174869-7079-4ea0-9736-6879c8c9f2a6/scratchpad/negatives/painting/01.jpg,0.002006,0
/tmp/claude-1000/-home-tr3x-Projects-glow-mark/59174869-7079-4ea0-9736-6879c8c9f2a6/scratchpad/negatives/painting/02.jpg,0.032398,0
/tmp/claude-1000/-home-tr3x-Projects-glow-mark/59174869-7079-4ea0-9736-6879c8c9f2a6/scratchpad/negatives/painting/03.jpg,0.105011,1
/tmp/claude-1000/-home-tr3x-Projects-glow-mark/59174869-7079-4ea0-9736-6879c8c9f2a6/scratchpad/negatives/painting/04.jpg,0.152230,0
/tmp/claude-1000/-home-tr3x-Projects-glow-mark/59174869-7079-4ea0-9736-6879c8c9f2a6/scratchpad/negatives/painting/05.jpg,0.018558,0
/tmp/claude-1000/-home-tr3x-Projects-glow-mark/59174869-7079-4ea0-9736-6879c8c9f2a6/scratchpad/negatives/painting/06.jpg,0.090508,0
/tmp/claude-1000/-home-tr3x-Projects-glow-mark/59174869-7079-4ea0-9736-6879c8c9f2a6/scratchpad/negatives/painting/07.jpg,0.040528,0
/tmp/claude-1000/-home-tr3x-Projects-glow-mark/59174869-7079-4ea0-9736-6879c8c9f2a6/scratchpad/negatives/painting/b00.jpg,0.002746,0
/tmp/claude-1000/-home-tr3x-Projects-glow-mark/59174869-7079-4ea0-9736-6879c8c9f2a6/scratchpad/negatives/painting/b01.jpg,0.007028,0
/tmp/claude-1000/-home-tr3x-Projects-glow-mark/59174869-7079-4ea0-9736-6879c8c9f2a6/scratchpad/negatives/painting/b02.jpg,0.007824,0
/tmp/claude-1000/-home-tr3x-Projects-glow-mark/59174869-7079-4ea0-9736-6879c8c9f2a6/scratchpad/negatives/painting/b03.jpg,0.010378,0
/tmp/claude-1000/-home-tr3x-Projects-glow-mark/59174869-7079-4ea0-9736-6879c8c9f2a6/scratchpad/negatives/painting/b04.jpg,0.008876,0
/tmp/claude-1000/-home-tr3x-Projects-glow-mark/59174869-7079-4ea0-9736-6879c8c9f2a6/scratchpad/negatives/painting/b05.jpg,0.000893,0
/tmp/claude-1000/-home-tr3x-Projects-glow-mark/59174869-7079-4ea0-9736-6879c8c9f2a6/scratchpad/negatives/painting/b06.jpg,0.064642,0
/tmp/claude-1000/-home-tr3x-Projects-glow-mark/59174869-7079-4ea0-9736-6879c8c9f2a6/scratchpad/negatives/painting/b07.jpg,0.016337,0
/tmp/claude-1000/-home-tr3x-Projects-glow-mark/59174869-7079-4ea0-9736-6879c8c9f2a6/scratchpad/negatives/painting/b08.jpg,0.026793,0
/tmp/claude-1000/-home-tr3x-Projects-glow-mark/59174869-7079-4ea0-9736-6879c8c9f2a6/scratchpad/negatives/painting/b09.jpg,0.007675,0
/tmp/claude-1000/-home-tr3x-Projects-glow-mark/59174869-7079-4ea0-9736-6879c8c9f2a6/scratchpad/negatives/painting/b10.jpg,0.008831,0
/tmp/claude-1000/-home-tr3x-Projects-glow-mark/59174869-7079-4ea0-9736-6879c8c9f2a6/scratchpad/negatives/painting/b11.jpg,0.030756,0
/tmp/claude-1000/-home-tr3x-Projects-glow-mark/59174869-7079-4ea0-9736-6879c8c9f2a6/scratchpad/negatives/painting/b12.jpg,0.310837,1
/tmp/claude-1000/-home-tr3x-Projects-glow-mark/59174869-7079-4ea0-9736-6879c8c9f2a6/scratchpad/negatives/painting/b13.jpg,0.014734,0
/tmp/claude-1000/-home-tr3x-Projects-glow-mark/59174869-7079-4ea0-9736-6879c8c9f2a6/scratchpad/negatives/painting/b14.jpg,0.005570,0
/tmp/claude-1000/-home-tr3x-Projects-glow-mark/59174869-7079-4ea0-9736-6879c8c9f2a6/scratchpad/negatives/painting/b15.jpg,0.001620,0
/tmp/claude-1000/-home-tr3x-Projects-glow-mark/59174869-7079-4ea0-9736-6879c8c9f2a6/scratchpad/negatives/painting/b16.jpg,0.017729,0
/tmp/claude-1000/-home-tr3x-Projects-glow-mark/59174869-7079-4ea0-9736-6879c8c9f2a6/scratchpad/negatives/painting/b17.jpg,0.014963,0
/tmp/claude-1000/-home-tr3x-Projects-glow-mark/59174869-7079-4ea0-9736-6879c8c9f2a6/scratchpad/negatives/painting/b18.jpg,0.003869,0
/tmp/claude-1000/-home-tr3x-Projects-glow-mark/59174869-7079-4ea0-9736-6879c8c9f2a6/scratchpad/negatives/painting/b19.jpg,0.003514,0
/tmp/claude-1000/-home-tr3x-Projects-glow-mark/59174869-7079-4ea0-9736-6879c8c9f2a6/scratchpad/negatives/primate/00.jpg,0.007536,0
/tmp/claude-1000/-home-tr3x-Projects-glow-mark/59174869-7079-4ea0-9736-6879c8c9f2a6/scratchpad/negatives/primate/01.jpg,0.000257,0
/tmp/claude-1000/-home-tr3x-Projects-glow-mark/59174869-7079-4ea0-9736-6879c8c9f2a6/scratchpad/negatives/primate/02.jpg,0.003377,0
/tmp/claude-1000/-home-tr3x-Projects-glow-mark/59174869-7079-4ea0-9736-6879c8c9f2a6/scratchpad/negatives/primate/03.jpg,0.002855,1
/tmp/claude-1000/-home-tr3x-Projects-glow-mark/59174869-7079-4ea0-9736-6879c8c9f2a6/scratchpad/negatives/primate/04.jpg,0.003981,0
/tmp/claude-1000/-home-tr3x-Projects-glow-mark/59174869-7079-4ea0-9736-6879c8c9f2a6/scratchpad/negatives/primate/05.jpg,0.004710,1
/tmp/claude-1000/-home-tr3x-Projects-glow-mark/59174869-7079-4ea0-9736-6879c8c9f2a6/scratchpad/negatives/primate/06.jpg,0.014282,1
/tmp/claude-1000/-home-tr3x-Projects-glow-mark/59174869-7079-4ea0-9736-6879c8c9f2a6/scratchpad/negatives/primate/07.jpg,0.007214,0
/tmp/claude-1000/-home-tr3x-Projects-glow-mark/59174869-7079-4ea0-9736-6879c8c9f2a6/scratchpad/negatives/primate/08.jpg,0.000138,0
/tmp/claude-1000/-home-tr3x-Projects-glow-mark/59174869-7079-4ea0-9736-6879c8c9f2a6/scratchpad/negatives/primate/09.jpg,0.002654,1
/tmp/claude-1000/-home-tr3x-Projects-glow-mark/59174869-7079-4ea0-9736-6879c8c9f2a6/scratchpad/negatives/primate/b00.jpg,0.002252,1
/tmp/claude-1000/-home-tr3x-Projects-glow-mark/59174869-7079-4ea0-9736-6879c8c9f2a6/scratchpad/negatives/primate/b01.jpg,0.000358,0
/tmp/claude-1000/-home-tr3x-Projects-glow-mark/59174869-7079-4ea0-9736-6879c8c9f2a6/scratchpad/negatives/primate/b02.jpg,0.001912,1
/tmp/claude-1000/-home-tr3x-Projects-glow-mark/59174869-7079-4ea0-9736-6879c8c9f2a6/scratchpad/negatives/primate/b03.jpg,0.000236,0
/tmp/claude-1000/-home-tr3x-Projects-glow-mark/59174869-7079-4ea0-9736-6879c8c9f2a6/scratchpad/negatives/primate/b04.jpg,0.005084,1
/tmp/claude-1000/-home-tr3x-Projects-glow-mark/59174869-7079-4ea0-9736-6879c8c9f2a6/scratchpad/negatives/primate/b05.jpg,0.000097,0
/tmp/claude-1000/-home-tr3x-Projects-glow-mark/59174869-7079-4ea0-9736-6879c8c9f2a6/scratchpad/negatives/primate/b06.jpg,0.000087,0
/tmp/claude-1000/-home-tr3x-Projects-glow-mark/59174869-7079-4ea0-9736-6879c8c9f2a6/scratchpad/negatives/primate/b07.jpg,0.052948,0
/tmp/claude-1000/-home-tr3x-Projects-glow-mark/59174869-7079-4ea0-9736-6879c8c9f2a6/scratchpad/negatives/primate/b08.jpg,0.016483,0
/tmp/claude-1000/-home-tr3x-Projects-glow-mark/59174869-7079-4ea0-9736-6879c8c9f2a6/scratchpad/negatives/primate/b09.jpg,0.119188,0
/tmp/claude-1000/-home-tr3x-Projects-glow-mark/59174869-7079-4ea0-9736-6879c8c9f2a6/scratchpad/negatives/primate/b10.jpg,0.000006,0
/tmp/claude-1000/-home-tr3x-Projects-glow-mark/59174869-7079-4ea0-9736-6879c8c9f2a6/scratchpad/negatives/primate/b11.jpg,0.000018,0
/tmp/claude-1000/-home-tr3x-Projects-glow-mark/59174869-7079-4ea0-9736-6879c8c9f2a6/scratchpad/negatives/primate/b12.jpg,0.027264,0
/tmp/claude-1000/-home-tr3x-Projects-glow-mark/59174869-7079-4ea0-9736-6879c8c9f2a6/scratchpad/negatives/primate/b13.jpg,0.004143,0
/tmp/claude-1000/-home-tr3x-Projects-glow-mark/59174869-7079-4ea0-9736-6879c8c9f2a6/scratchpad/negatives/primate/b14.jpg,0.001974,0
/tmp/claude-1000/-home-tr3x-Projects-glow-mark/59174869-7079-4ea0-9736-6879c8c9f2a6/scratchpad/negatives/primate/b15.jpg,0.002784,1
/tmp/claude-1000/-home-tr3x-Projects-glow-mark/59174869-7079-4ea0-9736-6879c8c9f2a6/scratchpad/negatives/primate/b16.jpg,0.003024,0
/tmp/claude-1000/-home-tr3x-Projects-glow-mark/59174869-7079-4ea0-9736-6879c8c9f2a6/scratchpad/negatives/primate/b17.jpg,0.070284,0
/tmp/claude-1000/-home-tr3x-Projects-glow-mark/59174869-7079-4ea0-9736-6879c8c9f2a6/scratchpad/negatives/primate/b18.jpg,0.001387,0
/tmp/claude-1000/-home-tr3x-Projects-glow-mark/59174869-7079-4ea0-9736-6879c8c9f2a6/scratchpad/negatives/primate/b19.jpg,0.005315,0
/tmp/claude-1000/-home-tr3x-Projects-glow-mark/59174869-7079-4ea0-9736-6879c8c9f2a6/scratchpad/negatives/render3d/00.png,0.836517,1
/tmp/claude-1000/-home-tr3x-Projects-glow-mark/59174869-7079-4ea0-9736-6879c8c9f2a6/scratchpad/negatives/render3d/01.png,0.768338,0
/tmp/claude-1000/-home-tr3x-Projects-glow-mark/59174869-7079-4ea0-9736-6879c8c9f2a6/scratchpad/negatives/render3d/02.png,0.879567,1
/tmp/claude-1000/-home-tr3x-Projects-glow-mark/59174869-7079-4ea0-9736-6879c8c9f2a6/scratchpad/negatives/render3d/03.png,0.203413,0
/tmp/claude-1000/-home-tr3x-Projects-glow-mark/59174869-7079-4ea0-9736-6879c8c9f2a6/scratchpad/negatives/render3d/04.png,0.690009,0
/tmp/claude-1000/-home-tr3x-Projects-glow-mark/59174869-7079-4ea0-9736-6879c8c9f2a6/scratchpad/negatives/render3d/05.png,0.928280,0
/tmp/claude-1000/-home-tr3x-Projects-glow-mark/59174869-7079-4ea0-9736-6879c8c9f2a6/scratchpad/negatives/render3d/06.png,0.552143,1
/tmp/claude-1000/-home-tr3x-Projects-glow-mark/59174869-7079-4ea0-9736-6879c8c9f2a6/scratchpad/negatives/render3d/07.png,0.887050,1
/tmp/claude-1000/-home-tr3x-Projects-glow-mark/59174869-7079-4ea0-9736-6879c8c9f2a6/scratchpad/negatives/render3d/08.png,0.534435,1
/tmp/claude-1000/-home-tr3x-Projects-glow-mark/59174869-7079-4ea0-9736-6879c8c9f2a6/scratchpad/negatives/render3d/09.png,0.416114,1
/tmp/claude-1000/-home-tr3x-Projects-glow-mark/59174869-7079-4ea0-9736-6879c8c9f2a6/scratchpad/negatives/render3d/10.png,0.597755,1
/tmp/claude-1000/-home-tr3x-Projects-glow-mark/59174869-7079-4ea0-9736-6879c8c9f2a6/scratchpad/negatives/render3d/11.png,0.809924,0
/tmp/claude-1000/-home-tr3x-Projects-glow-mark/59174869-7079-4ea0-9736-6879c8c9f2a6/scratchpad/negatives/render3d/12.png,0.642558,1
/tmp/claude-1000/-home-tr3x-Projects-glow-mark/59174869-7079-4ea0-9736-6879c8c9f2a6/scratchpad/negatives/render3d/13.png,0.801777,0
/tmp/claude-1000/-home-tr3x-Projects-glow-mark/59174869-7079-4ea0-9736-6879c8c9f2a6/scratchpad/negatives/render3d/14.png,0.947134,1
/tmp/claude-1000/-home-tr3x-Projects-glow-mark/59174869-7079-4ea0-9736-6879c8c9f2a6/scratchpad/negatives/render3d/15.png,0.777675,1
/tmp/claude-1000/-home-tr3x-Projects-glow-mark/59174869-7079-4ea0-9736-6879c8c9f2a6/scratchpad/negatives/render3d/16.png,0.888302,1
/tmp/claude-1000/-home-tr3x-Projects-glow-mark/59174869-7079-4ea0-9736-6879c8c9f2a6/scratchpad/negatives/render3d/17.png,0.960784,1
/tmp/claude-1000/-home-tr3x-Projects-glow-mark/59174869-7079-4ea0-9736-6879c8c9f2a6/scratchpad/negatives/render3d/18.png,0.131570,0
/tmp/claude-1000/-home-tr3x-Projects-glow-mark/59174869-7079-4ea0-9736-6879c8c9f2a6/scratchpad/negatives/render3d/19.png,0.732234,0
/tmp/claude-1000/-home-tr3x-Projects-glow-mark/59174869-7079-4ea0-9736-6879c8c9f2a6/scratchpad/negatives/render3d/20.png,0.607250,0
/tmp/claude-1000/-home-tr3x-Projects-glow-mark/59174869-7079-4ea0-9736-6879c8c9f2a6/scratchpad/negatives/render3d/21.png,0.631112,1
/tmp/claude-1000/-home-tr3x-Projects-glow-mark/59174869-7079-4ea0-9736-6879c8c9f2a6/scratchpad/negatives/render3d/22.png,0.952387,0
/tmp/claude-1000/-home-tr3x-Projects-glow-mark/59174869-7079-4ea0-9736-6879c8c9f2a6/scratchpad/negatives/render3d/23.png,0.334040,0
/tmp/claude-1000/-home-tr3x-Projects-glow-mark/59174869-7079-4ea0-9736-6879c8c9f2a6/scratchpad/negatives/render3d/24.png,0.545784,1
/tmp/claude-1000/-home-tr3x-Projects-glow-mark/59174869-7079-4ea0-9736-6879c8c9f2a6/scratchpad/negatives/render3d/25.png,0.987999,1
/tmp/claude-1000/-home-tr3x-Projects-glow-mark/59174869-7079-4ea0-9736-6879c8c9f2a6/scratchpad/negatives/render3d/26.png,0.357541,0
/tmp/claude-1000/-home-tr3x-Projects-glow-mark/59174869-7079-4ea0-9736-6879c8c9f2a6/scratchpad/negatives/render3d/27.png,0.961175,0
/tmp/claude-1000/-home-tr3x-Projects-glow-mark/59174869-7079-4ea0-9736-6879c8c9f2a6/scratchpad/negatives/render3d/28.png,0.398048,0
/tmp/claude-1000/-home-tr3x-Projects-glow-mark/59174869-7079-4ea0-9736-6879c8c9f2a6/scratchpad/negatives/render3d/29.png,0.453985,1
/tmp/claude-1000/-home-tr3x-Projects-glow-mark/59174869-7079-4ea0-9736-6879c8c9f2a6/scratchpad/negatives/render3d/m00.jpg,0.829351,1
/tmp/claude-1000/-home-tr3x-Projects-glow-mark/59174869-7079-4ea0-9736-6879c8c9f2a6/scratchpad/negatives/render3d/m01.jpg,0.569890,1
/tmp/claude-1000/-home-tr3x-Projects-glow-mark/59174869-7079-4ea0-9736-6879c8c9f2a6/scratchpad/negatives/render3d/m02.jpg,0.641068,1
/tmp/claude-1000/-home-tr3x-Projects-glow-mark/59174869-7079-4ea0-9736-6879c8c9f2a6/scratchpad/negatives/render3d/m03.jpg,0.619065,1
/tmp/claude-1000/-home-tr3x-Projects-glow-mark/59174869-7079-4ea0-9736-6879c8c9f2a6/scratchpad/negatives/render3d/m04.jpg,0.755357,1
/tmp/claude-1000/-home-tr3x-Projects-glow-mark/59174869-7079-4ea0-9736-6879c8c9f2a6/scratchpad/negatives/render3d/m05.jpg,0.777040,1
/tmp/claude-1000/-home-tr3x-Projects-glow-mark/59174869-7079-4ea0-9736-6879c8c9f2a6/scratchpad/negatives/render3d/m06.jpg,0.480037,1
/tmp/claude-1000/-home-tr3x-Projects-glow-mark/59174869-7079-4ea0-9736-6879c8c9f2a6/scratchpad/negatives/render3d/m07.jpg,0.492333,1
/tmp/claude-1000/-home-tr3x-Projects-glow-mark/59174869-7079-4ea0-9736-6879c8c9f2a6/scratchpad/negatives/render3d/m08.jpg,0.797614,1
/tmp/claude-1000/-home-tr3x-Projects-glow-mark/59174869-7079-4ea0-9736-6879c8c9f2a6/scratchpad/negatives/render3d/m09.jpg,0.907500,1
/tmp/claude-1000/-home-tr3x-Projects-glow-mark/59174869-7079-4ea0-9736-6879c8c9f2a6/scratchpad/negatives/render3d/m10.jpg,0.720431,1
/tmp/claude-1000/-home-tr3x-Projects-glow-mark/59174869-7079-4ea0-9736-6879c8c9f2a6/scratchpad/negatives/render3d/m11.jpg,0.855141,1
/tmp/claude-1000/-home-tr3x-Projects-glow-mark/59174869-7079-4ea0-9736-6879c8c9f2a6/scratchpad/negatives/render3d/m12.jpg,0.943958,1
/tmp/claude-1000/-home-tr3x-Projects-glow-mark/59174869-7079-4ea0-9736-6879c8c9f2a6/scratchpad/negatives/render3d/m13.jpg,0.817190,1
/tmp/claude-1000/-home-tr3x-Projects-glow-mark/59174869-7079-4ea0-9736-6879c8c9f2a6/scratchpad/negatives/render3d/m14.jpg,0.868584,1
/tmp/claude-1000/-home-tr3x-Projects-glow-mark/59174869-7079-4ea0-9736-6879c8c9f2a6/scratchpad/negatives/render3d/m15.jpg,0.794167,1
/tmp/claude-1000/-home-tr3x-Projects-glow-mark/59174869-7079-4ea0-9736-6879c8c9f2a6/scratchpad/negatives/render3d/m16.jpg,0.583034,1
/tmp/claude-1000/-home-tr3x-Projects-glow-mark/59174869-7079-4ea0-9736-6879c8c9f2a6/scratchpad/negatives/render3d/m17.jpg,0.463986,1
/tmp/claude-1000/-home-tr3x-Projects-glow-mark/59174869-7079-4ea0-9736-6879c8c9f2a6/scratchpad/negatives/render3d/m18.jpg,0.622935,1
/tmp/claude-1000/-home-tr3x-Projects-glow-mark/59174869-7079-4ea0-9736-6879c8c9f2a6/scratchpad/negatives/render3d/m19.jpg,0.499305,1
/tmp/claude-1000/-home-tr3x-Projects-glow-mark/59174869-7079-4ea0-9736-6879c8c9f2a6/scratchpad/negatives/render3d/m20.jpg,0.712019,1
/tmp/claude-1000/-home-tr3x-Projects-glow-mark/59174869-7079-4ea0-9736-6879c8c9f2a6/scratchpad/negatives/render3d/m21.jpg,0.929682,1
/tmp/claude-1000/-home-tr3x-Projects-glow-mark/59174869-7079-4ea0-9736-6879c8c9f2a6/scratchpad/negatives/render3d/m22.jpg,0.638916,1
/tmp/claude-1000/-home-tr3x-Projects-glow-mark/59174869-7079-4ea0-9736-6879c8c9f2a6/scratchpad/negatives/render3d/m23.jpg,0.423370,1
/tmp/claude-1000/-home-tr3x-Projects-glow-mark/59174869-7079-4ea0-9736-6879c8c9f2a6/scratchpad/negatives/render3d/m24.jpg,0.615872,1
/tmp/claude-1000/-home-tr3x-Projects-glow-mark/59174869-7079-4ea0-9736-6879c8c9f2a6/scratchpad/negatives/render3d/m25.jpg,0.525715,1
/tmp/claude-1000/-home-tr3x-Projects-glow-mark/59174869-7079-4ea0-9736-6879c8c9f2a6/scratchpad/negatives/render3d/m26.jpg,0.816322,1
/tmp/claude-1000/-home-tr3x-Projects-glow-mark/59174869-7079-4ea0-9736-6879c8c9f2a6/scratchpad/negatives/render3d/m27.jpg,0.846885,1
/tmp/claude-1000/-home-tr3x-Projects-glow-mark/59174869-7079-4ea0-9736-6879c8c9f2a6/scratchpad/negatives/render3d/m28.jpg,0.685716,1
/tmp/claude-1000/-home-tr3x-Projects-glow-mark/59174869-7079-4ea0-9736-6879c8c9f2a6/scratchpad/negatives/render3d/m29.jpg,0.660686,1
/tmp/claude-1000/-home-tr3x-Projects-glow-mark/59174869-7079-4ea0-9736-6879c8c9f2a6/scratchpad/negatives/statue/00.jpg,0.029873,0
/tmp/claude-1000/-home-tr3x-Projects-glow-mark/59174869-7079-4ea0-9736-6879c8c9f2a6/scratchpad/negatives/statue/01.jpg,0.027749,0
/tmp/claude-1000/-home-tr3x-Projects-glow-mark/59174869-7079-4ea0-9736-6879c8c9f2a6/scratchpad/negatives/statue/02.jpg,0.377088,0
/tmp/claude-1000/-home-tr3x-Projects-glow-mark/59174869-7079-4ea0-9736-6879c8c9f2a6/scratchpad/negatives/statue/03.jpg,0.414886,0
/tmp/claude-1000/-home-tr3x-Projects-glow-mark/59174869-7079-4ea0-9736-6879c8c9f2a6/scratchpad/negatives/statue/04.jpg,0.109858,0
/tmp/claude-1000/-home-tr3x-Projects-glow-mark/59174869-7079-4ea0-9736-6879c8c9f2a6/scratchpad/negatives/statue/05.jpg,0.004423,0
/tmp/claude-1000/-home-tr3x-Projects-glow-mark/59174869-7079-4ea0-9736-6879c8c9f2a6/scratchpad/negatives/statue/06.jpg,0.026085,0
/tmp/claude-1000/-home-tr3x-Projects-glow-mark/59174869-7079-4ea0-9736-6879c8c9f2a6/scratchpad/negatives/statue/07.jpg,0.023890,0
/tmp/claude-1000/-home-tr3x-Projects-glow-mark/59174869-7079-4ea0-9736-6879c8c9f2a6/scratchpad/negatives/statue/08.jpg,0.070415,0
/tmp/claude-1000/-home-tr3x-Projects-glow-mark/59174869-7079-4ea0-9736-6879c8c9f2a6/scratchpad/negatives/statue/09.jpg,0.007104,0
/tmp/claude-1000/-home-tr3x-Projects-glow-mark/59174869-7079-4ea0-9736-6879c8c9f2a6/scratchpad/negatives/statue/b00.jpg,0.181852,0
/tmp/claude-1000/-home-tr3x-Projects-glow-mark/59174869-7079-4ea0-9736-6879c8c9f2a6/scratchpad/negatives/statue/b01.jpg,0.080586,0
/tmp/claude-1000/-home-tr3x-Projects-glow-mark/59174869-7079-4ea0-9736-6879c8c9f2a6/scratchpad/negatives/statue/b02.jpg,0.047995,0
/tmp/claude-1000/-home-tr3x-Projects-glow-mark/59174869-7079-4ea0-9736-6879c8c9f2a6/scratchpad/negatives/statue/b03.jpg,0.031414,0
/tmp/claude-1000/-home-tr3x-Projects-glow-mark/59174869-7079-4ea0-9736-6879c8c9f2a6/scratchpad/negatives/statue/b04.jpg,0.058883,0
/tmp/claude-1000/-home-tr3x-Projects-glow-mark/59174869-7079-4ea0-9736-6879c8c9f2a6/scratchpad/negatives/statue/b05.jpg,0.005348,0
/tmp/claude-1000/-home-tr3x-Projects-glow-mark/59174869-7079-4ea0-9736-6879c8c9f2a6/scratchpad/negatives/statue/b06.jpg,0.029229,0
/tmp/claude-1000/-home-tr3x-Projects-glow-mark/59174869-7079-4ea0-9736-6879c8c9f2a6/scratchpad/negatives/statue/b07.jpg,0.050079,0
/tmp/claude-1000/-home-tr3x-Projects-glow-mark/59174869-7079-4ea0-9736-6879c8c9f2a6/scratchpad/negatives/statue/b08.jpg,0.097467,0
/tmp/claude-1000/-home-tr3x-Projects-glow-mark/59174869-7079-4ea0-9736-6879c8c9f2a6/scratchpad/negatives/statue/b09.jpg,0.041738,0
/tmp/claude-1000/-home-tr3x-Projects-glow-mark/59174869-7079-4ea0-9736-6879c8c9f2a6/scratchpad/negatives/statue/b10.jpg,0.017207,0
/tmp/claude-1000/-home-tr3x-Projects-glow-mark/59174869-7079-4ea0-9736-6879c8c9f2a6/scratchpad/negatives/statue/b11.jpg,0.009089,0
/tmp/claude-1000/-home-tr3x-Projects-glow-mark/59174869-7079-4ea0-9736-6879c8c9f2a6/scratchpad/negatives/statue/b12.jpg,0.077435,0
/tmp/claude-1000/-home-tr3x-Projects-glow-mark/59174869-7079-4ea0-9736-6879c8c9f2a6/scratchpad/negatives/statue/b13.jpg,0.103886,0
/tmp/claude-1000/-home-tr3x-Projects-glow-mark/59174869-7079-4ea0-9736-6879c8c9f2a6/scratchpad/negatives/statue/b14.jpg,0.009939,0
