sample_id,image_path,code,details
lfw_00001,data/raw/images/lfw_00001.jpg,FACE_TOO_ANGLED_OR_SMALL,"Pose out of frontal band (|yaw|<=15.0, |pitch|<=15.0): yaw=-31.6, pitch=-33.3"
lfw_00002,data/raw/images/lfw_00002.jpg,FACE_TOO_ANGLED_OR_SMALL,"Pose out of frontal band (|yaw|<=15.0, |pitch|<=15.0): yaw=19.5, pitch=-38.0"
lfw_00004,data/raw/images/lfw_00004.jpg,FACE_TOO_ANGLED_OR_SMALL,"Pose out of frontal band (|yaw|<=15.0, |pitch|<=15.0): yaw=10.0, pitch=-26.5"
lfw_00005,data/raw/images/lfw_00005.jpg,FACE_TOO_ANGLED_OR_SMALL,"Pose out of frontal band (|yaw|<=15.0, |pitch|<=15.0): yaw=-17.1, pitch=-30.1"
lfw_00007,data/raw/images/lfw_00007.jpg,FACE_TOO_ANGLED_OR_SMALL,"Pose out of frontal band (|yaw|<=15.0, |pitch|<=15.0): yaw=18.9, pitch=-18.2"
lfw_00008,data/raw/images/lfw_00008.jpg,FACE_TOO_ANGLED_OR_SMALL,"Pose out of frontal band (|yaw|<=15.0, |pitch|<=15.0): yaw=6.1, pitch=-19.5"
lfw_00009,data/raw/images/lfw_00009.jpg,FACE_TOO_ANGLED_OR_SMALL,"Pose out of frontal band (|yaw|<=15.0, |pitch|<=15.0): yaw=-24.8, pitch=-21.9"
lfw_00010,data/raw/images/lfw_00010.jpg,FACE_TOO_ANGLED_OR_SMALL,"Pose out of frontal band (|yaw|<=15.0, |pitch|<=15.0): yaw=-18.6, pitch=-21.6"
lfw_00011,data/raw/images/lfw_00011.jpg,FACE_TOO_ANGLED_OR_SMALL,"Pose out of frontal band (|yaw|<=15.0, |pitch|<=15.0): yaw=33.2, pitch=-26.5"
lfw_00012,data/raw/images/lfw_00012.jpg,FACE_TOO_ANGLED_OR_SMALL,"Pose out of frontal band (|yaw|<=15.0, |pitch|<=15.0): yaw=-6.7, pitch=-27.7"
lfw_00013,data/raw/images/lfw_00013.jpg,FACE_TOO_ANGLED_OR_SMALL,"Pose out of frontal band (|yaw|<=15.0, |pitch|<=15.0): yaw=32.6, pitch=-24.2"
lfw_00014,data/raw/images/lfw_00014.jpg,FACE_TOO_ANGLED_OR_SMALL,"Pose out of frontal band (|yaw|<=15.0, |pitch|<=15.0): yaw=29.5, pitch=-30.9"
lfw_00015,data/raw/images/lfw_00015.jpg,FACE_TOO_ANGLED_OR_SMALL,"Pose out of frontal band (|yaw|<=15.0, |pitch|<=15.0): yaw=26.0, pitch=-38.7"
lfw_00016,data/raw/images/lfw_00016.jpg,MULTIPLE_FACES_DETECTED,
lfw_00018,data/raw/images/lfw_00018.jpg,MULTIPLE_FACES_DETECTED,
lfw_00019,data/raw/images/lfw_00019.jpg,MULTIPLE_FACES_DETECTED,
lfw_00020,data/raw/images/lfw_00020.jpg,FACE_TOO_ANGLED_OR_SMALL,"Pose out of frontal band (|yaw|<=15.0, |pitch|<=15.0): yaw=-25.3, pitch=-37.6"
lfw_00021,data/raw/images/lfw_00021.jpg,FACE_TOO_ANGLED_OR_SMALL,"Pose out of frontal band (|yaw|<=15.0, |pitch|<=15.0): yaw=-17.4, pitch=-4.4"
lfw_00022,data/raw/images/lfw_00022.jpg,FACE_TOO_ANGLED_OR_SMALL,"Pose out of frontal band (|yaw|<=15.0, |pitch|<=15.0): yaw=70.1, pitch=-13.9"
lfw_00023,data/raw/images/lfw_00023.jpg,FACE_TOO_ANGLED_OR_SMALL,"Pose out of frontal band (|yaw|<=15.0, |pitch|<=15.0): yaw=27.0, pitch=-4.0"
lfw_00024,data/raw/images/lfw_00024.jpg,FACE_TOO_ANGLED_OR_SMALL,"Pose out of frontal band (|yaw|<=15.0, |pitch|<=15.0): yaw=70.1, pitch=-8.9"
lfw_00025,data/raw/images/lfw_00025.jpg,FACE_TOO_ANGLED_OR_SMALL,"Pose out of frontal band (|yaw|<=15.0, |pitch|<=15.0): yaw=-8.5, pitch=-29.8"
lfw_00026,data/raw/images/lfw_00026.jpg,MULTIPLE_FACES_DETECTED,
lfw_00027,data/raw/images/lfw_00027.jpg,FACE_TOO_ANGLED_OR_SMALL,"Pose out of frontal band (|yaw|<=15.0, |pitch|<=15.0): yaw=7.0, pitch=-33.1"
lfw_00028,data/raw/images/lfw_00028.jpg,FACE_TOO_ANGLED_OR_SMALL,"Pose out of frontal band (|yaw|<=15.0, |pitch|<=15.0): yaw=-12.2, pitch=-48.7"
lfw_00029,data/raw/images/lfw_00029.jpg,FACE_TOO_ANGLED_OR_SMALL,"Pose out of frontal band (|yaw|<=15.0, |pitch|<=15.0): yaw=-19.1, pitch=-12.4"
lfw_00030,data/raw/images/lfw_00030.jpg,FACE_TOO_ANGLED_OR_SMALL,"Pose out of frontal band (|yaw|<=15.0, |pitch|<=15.0): yaw=-49.0, pitch=-20.7"
lfw_00031,data/raw/images/lfw_00031.jpg,FACE_TOO_ANGLED_OR_SMALL,"Pose out of frontal band (|yaw|<=15.0, |pitch|<=15.0): yaw=-9.8, pitch=-23.9"
lfw_00032,data/raw/images/lfw_00032.jpg,FACE_TOO_ANGLED_OR_SMALL,"Pose out of frontal band (|yaw|<=15.0, |pitch|<=15.0): yaw=-28.7, pitch=-25.4"
lfw_00033,data/raw/images/lfw_00033.jpg,FACE_TOO_ANGLED_OR_SMALL,"Pose out of frontal band (|yaw|<=15.0, |pitch|<=15.0): yaw=12.8, pitch=-45.3"
lfw_00034,data/raw/images/lfw_00034.jpg,FACE_TOO_ANGLED_OR_SMALL,"Pose out of frontal band (|yaw|<=15.0, |pitch|<=15.0): yaw=32.4, pitch=-20.6"
lfw_00035,data/raw/images/lfw_00035.jpg,FACE_TOO_ANGLED_OR_SMALL,"Pose out of frontal band (|yaw|<=15.0, |pitch|<=15.0): yaw=9.8, pitch=-41.7"
lfw_00036,data/raw/images/lfw_00036.jpg,FACE_TOO_ANGLED_OR_SMALL,"Pose out of frontal band (|yaw|<=15.0, |pitch|<=15.0): yaw=-20.0, pitch=-25.5"
lfw_00037,data/raw/images/lfw_00037.jpg,FACE_TOO_ANGLED_OR_SMALL,"Pose out of frontal band (|yaw|<=15.0, |pitch|<=15.0): yaw=12.6, pitch=-24.6"
lfw_00038,data/raw/images/lfw_00038.jpg,FACE_TOO_ANGLED_OR_SMALL,"Pose out of frontal band (|yaw|<=15.0, |pitch|<=15.0): yaw=-29.8, pitch=-18.1"
lfw_00039,data/raw/images/lfw_00039.jpg,MULTIPLE_FACES_DETECTED,
lfw_00040,data/raw/images/lfw_00040.jpg,MULTIPLE_FACES_DETECTED,
lfw_00041,data/raw/images/lfw_00041.jpg,FACE_TOO_ANGLED_OR_SMALL,"Pose out of frontal band (|yaw|<=15.0, |pitch|<=15.0): yaw=7.3, pitch=-42.5"
lfw_00042,data/raw/images/lfw_00042.jpg,MULTIPLE_FACES_DETECTED,
lfw_00043,data/raw/images/lfw_00043.jpg,FACE_TOO_ANGLED_OR_SMALL,"Pose out of frontal band (|yaw|<=15.0, |pitch|<=15.0): yaw=-23.9, pitch=-37.1"
lfw_00044,data/raw/images/lfw_00044.jpg,FACE_TOO_ANGLED_OR_SMALL,"Pose out of frontal band (|yaw|<=15.0, |pitch|<=15.0): yaw=-21.4, pitch=-36.6"
lfw_00045,data/raw/images/lfw_00045.jpg,FACE_TOO_ANGLED_OR_SMALL,"Pose out of frontal band (|yaw|<=15.0, |pitch|<=15.0): yaw=-16.8, pitch=-27.5"
lfw_00046,data/raw/images/lfw_00046.jpg,FACE_TOO_ANGLED_OR_SMALL,"Pose out of frontal band (|yaw|<=15.0, |pitch|<=15.0): yaw=-60.8, pitch=-27.1"
lfw_00047,data/raw/images/lfw_00047.jpg,MULTIPLE_FACES_DETECTED,
lfw_00048,data/raw/images/lfw_00048.jpg,FACE_TOO_ANGLED_OR_SMALL,"Pose out of frontal band (|yaw|<=15.0, |pitch|<=15.0): yaw=-30.9, pitch=-41.7"
lfw_00049,data/raw/images/lfw_00049.jpg,FACE_TOO_ANGLED_OR_SMALL,"Pose out of frontal band (|yaw|<=15.0, |pitch|<=15.0): yaw=27.5, pitch=-26.0"
lfw_00050,data/raw/images/lfw_00050.jpg,FACE_TOO_ANGLED_OR_SMALL,"Pose out of frontal band (|yaw|<=15.0, |pitch|<=15.0): yaw=-38.9, pitch=-32.6"
lfw_00051,data/raw/images/lfw_00051.jpg,FACE_TOO_ANGLED_OR_SMALL,"Pose out of frontal band (|yaw|<=15.0, |pitch|<=15.0): yaw=41.1, pitch=-28.0"
lfw_00052,data/raw/images/lfw_00052.jpg,FACE_TOO_ANGLED_OR_SMALL,"Pose out of frontal band (|yaw|<=15.0, |pitch|<=15.0): yaw=-39.3, pitch=-21.1"
lfw_00053,data/raw/images/lfw_00053.jpg,FACE_TOO_ANGLED_OR_SMALL,"Pose out of frontal band (|yaw|<=15.0, |pitch|<=15.0): yaw=1.8, pitch=-46.3"
lfw_00054,data/raw/images/lfw_00054.jpg,FACE_TOO_ANGLED_OR_SMALL,"Pose out of frontal band (|yaw|<=15.0, |pitch|<=15.0): yaw=-20.1, pitch=-29.1"
lfw_00055,data/raw/images/lfw_00055.jpg,FACE_TOO_ANGLED_OR_SMALL,"Pose out of frontal band (|yaw|<=15.0, |pitch|<=15.0): yaw=-34.6, pitch=-16.1"
lfw_00056,data/raw/images/lfw_00056.jpg,MULTIPLE_FACES_DETECTED,
lfw_00057,data/raw/images/lfw_00057.jpg,FACE_TOO_ANGLED_OR_SMALL,"Pose out of frontal band (|yaw|<=15.0, |pitch|<=15.0): yaw=19.8, pitch=-11.5"
lfw_00058,data/raw/images/lfw_00058.jpg,FACE_TOO_ANGLED_OR_SMALL,"Pose out of frontal band (|yaw|<=15.0, |pitch|<=15.0): yaw=-33.7, pitch=-18.5"
lfw_00059,data/raw/images/lfw_00059.jpg,FACE_TOO_ANGLED_OR_SMALL,"Pose out of frontal band (|yaw|<=15.0, |pitch|<=15.0): yaw=-8.0, pitch=-26.8"
lfw_00060,data/raw/images/lfw_00060.jpg,FACE_TOO_ANGLED_OR_SMALL,"Pose out of frontal band (|yaw|<=15.0, |pitch|<=15.0): yaw=-18.2, pitch=-21.2"
lfw_00061,data/raw/images/lfw_00061.jpg,FACE_TOO_ANGLED_OR_SMALL,"Pose out of frontal band (|yaw|<=15.0, |pitch|<=15.0): yaw=-12.2, pitch=-18.5"
lfw_00062,data/raw/images/lfw_00062.jpg,FACE_TOO_ANGLED_OR_SMALL,"Pose out of frontal band (|yaw|<=15.0, |pitch|<=15.0): yaw=-17.3, pitch=-24.1"
lfw_00063,data/raw/images/lfw_00063.jpg,FACE_TOO_ANGLED_OR_SMALL,"Pose out of frontal band (|yaw|<=15.0, |pitch|<=15.0): yaw=40.8, pitch=-19.2"
lfw_00065,data/raw/images/lfw_00065.jpg,FACE_TOO_ANGLED_OR_SMALL,"Pose out of frontal band (|yaw|<=15.0, |pitch|<=15.0): yaw=-5.7, pitch=-25.6"
lfw_00066,data/raw/images/lfw_00066.jpg,FACE_TOO_ANGLED_OR_SMALL,"Pose out of frontal band (|yaw|<=15.0, |pitch|<=15.0): yaw=4.1, pitch=-24.0"
lfw_00067,data/raw/images/lfw_00067.jpg,FACE_TOO_ANGLED_OR_SMALL,"Pose out of frontal band (|yaw|<=15.0, |pitch|<=15.0): yaw=-9.5, pitch=-23.5"
lfw_00069,data/raw/images/lfw_00069.jpg,FACE_TOO_ANGLED_OR_SMALL,"Pose out of frontal band (|yaw|<=15.0, |pitch|<=15.0): yaw=36.6, pitch=-6.6"
lfw_00071,data/raw/images/lfw_00071.jpg,FACE_TOO_ANGLED_OR_SMALL,"Pose out of frontal band (|yaw|<=15.0, |pitch|<=15.0): yaw=24.9, pitch=-31.1"
lfw_00072,data/raw/images/lfw_00072.jpg,FACE_TOO_ANGLED_OR_SMALL,"Pose out of frontal band (|yaw|<=15.0, |pitch|<=15.0): yaw=10.1, pitch=15.3"
lfw_00073,data/raw/images/lfw_00073.jpg,FACE_TOO_ANGLED_OR_SMALL,"Pose out of frontal band (|yaw|<=15.0, |pitch|<=15.0): yaw=-12.5, pitch=-22.6"
lfw_00075,data/raw/images/lfw_00075.jpg,FACE_TOO_ANGLED_OR_SMALL,"Pose out of frontal band (|yaw|<=15.0, |pitch|<=15.0): yaw=-54.3, pitch=-23.0"
lfw_00076,data/raw/images/lfw_00076.jpg,FACE_TOO_ANGLED_OR_SMALL,"Pose out of frontal band (|yaw|<=15.0, |pitch|<=15.0): yaw=37.5, pitch=-31.6"
lfw_00077,data/raw/images/lfw_00077.jpg,FACE_TOO_ANGLED_OR_SMALL,"Pose out of frontal band (|yaw|<=15.0, |pitch|<=15.0): yaw=37.8, pitch=-16.4"
lfw_00078,data/raw/images/lfw_00078.jpg,FACE_TOO_ANGLED_OR_SMALL,"Pose out of frontal band (|yaw|<=15.0, |pitch|<=15.0): yaw=-19.2, pitch=7.8"
lfw_00079,data/raw/images/lfw_00079.jpg,FACE_TOO_ANGLED_OR_SMALL,"Pose out of frontal band (|yaw|<=15.0, |pitch|<=15.0): yaw=-9.1, pitch=-49.2"
lfw_00080,data/raw/images/lfw_00080.jpg,FACE_TOO_ANGLED_OR_SMALL,"Pose out of frontal band (|yaw|<=15.0, |pitch|<=15.0): yaw=22.6, pitch=-15.9"
lfw_00081,data/raw/images/lfw_00081.jpg,FACE_TOO_ANGLED_OR_SMALL,"Pose out of frontal band (|yaw|<=15.0, |pitch|<=15.0): yaw=14.6, pitch=-25.1"
lfw_00082,data/raw/images/lfw_00082.jpg,FACE_TOO_ANGLED_OR_SMALL,"Pose out of frontal band (|yaw|<=15.0, |pitch|<=15.0): yaw=30.2, pitch=-14.2"
lfw_00083,data/raw/images/lfw_00083.jpg,FACE_TOO_ANGLED_OR_SMALL,"Pose out of frontal band (|yaw|<=15.0, |pitch|<=15.0): yaw=12.3, pitch=-18.4"
lfw_00084,data/raw/images/lfw_00084.jpg,FACE_TOO_ANGLED_OR_SMALL,"Pose out of frontal band (|yaw|<=15.0, |pitch|<=15.0): yaw=17.5, pitch=-29.7"
lfw_00085,data/raw/images/lfw_00085.jpg,FACE_TOO_ANGLED_OR_SMALL,"Pose out of frontal band (|yaw|<=15.0, |pitch|<=15.0): yaw=22.7, pitch=-9.7"
lfw_00086,data/raw/images/lfw_00086.jpg,MULTIPLE_FACES_DETECTED,
lfw_00087,data/raw/images/lfw_00087.jpg,FACE_TOO_ANGLED_OR_SMALL,"Pose out of frontal band (|yaw|<=15.0, |pitch|<=15.0): yaw=-0.2, pitch=-34.1"
lfw_00088,data/raw/images/lfw_00088.jpg,FACE_TOO_ANGLED_OR_SMALL,"Pose out of frontal band (|yaw|<=15.0, |pitch|<=15.0): yaw=3.8, pitch=-25.3"
lfw_00089,data/raw/images/lfw_00089.jpg,FACE_TOO_ANGLED_OR_SMALL,"Pose out of frontal band (|yaw|<=15.0, |pitch|<=15.0): yaw=13.7, pitch=-77.7"
lfw_00090,data/raw/images/lfw_00090.jpg,FACE_TOO_ANGLED_OR_SMALL,"Pose out of frontal band (|yaw|<=15.0, |pitch|<=15.0): yaw=7.3, pitch=-19.4"
lfw_00091,data/raw/images/lfw_00091.jpg,FACE_TOO_ANGLED_OR_SMALL,"Pose out of frontal band (|yaw|<=15.0, |pitch|<=15.0): yaw=35.1, pitch=-25.4"
lfw_00092,data/raw/images/lfw_00092.jpg,FACE_TOO_ANGLED_OR_SMALL,"Pose out of frontal band (|yaw|<=15.0, |pitch|<=15.0): yaw=14.4, pitch=-33.2"
lfw_00093,data/raw/images/lfw_00093.jpg,FACE_TOO_ANGLED_OR_SMALL,"Pose out of frontal band (|yaw|<=15.0, |pitch|<=15.0): yaw=17.3, pitch=6.8"
lfw_00094,data/raw/images/lfw_00094.jpg,FACE_TOO_ANGLED_OR_SMALL,"Pose out of frontal band (|yaw|<=15.0, |pitch|<=15.0): yaw=-25.3, pitch=-36.4"
lfw_00095,data/raw/images/lfw_00095.jpg,FACE_TOO_ANGLED_OR_SMALL,"Pose out of frontal band (|yaw|<=15.0, |pitch|<=15.0): yaw=-11.5, pitch=-26.1"
lfw_00096,data/raw/images/lfw_00096.jpg,FACE_TOO_ANGLED_OR_SMALL,"Pose out of frontal band (|yaw|<=15.0, |pitch|<=15.0): yaw=28.3, pitch=-26.5"
lfw_00097,data/raw/images/lfw_00097.jpg,FACE_TOO_ANGLED_OR_SMALL,"Pose out of frontal band (|yaw|<=15.0, |pitch|<=15.0): yaw=53.4, pitch=-34.5"
lfw_00100,data/raw/images/lfw_00100.jpg,FACE_TOO_ANGLED_OR_SMALL,"Pose out of frontal band (|yaw|<=15.0, |pitch|<=15.0): yaw=27.6, pitch=-5.1"
lfw_00101,data/raw/images/lfw_00101.jpg,FACE_TOO_ANGLED_OR_SMALL,"Pose out of frontal band (|yaw|<=15.0, |pitch|<=15.0): yaw=19.4, pitch=-21.7"
lfw_00102,data/raw/images/lfw_00102.jpg,MULTIPLE_FACES_DETECTED,
lfw_00104,data/raw/images/lfw_00104.jpg,FACE_TOO_ANGLED_OR_SMALL,"Pose out of frontal band (|yaw|<=15.0, |pitch|<=15.0): yaw=25.5, pitch=-19.8"
lfw_00105,data/raw/images/lfw_00105.jpg,FACE_TOO_ANGLED_OR_SMALL,"Pose out of frontal band (|yaw|<=15.0, |pitch|<=15.0): yaw=36.5, pitch=-22.6"
lfw_00106,data/raw/images/lfw_00106.jpg,FACE_TOO_ANGLED_OR_SMALL,"Pose out of frontal band (|yaw|<=15.0, |pitch|<=15.0): yaw=-23.5, pitch=-19.9"
lfw_00107,data/raw/images/lfw_00107.jpg,FACE_TOO_ANGLED_OR_SMALL,"Pose out of frontal band (|yaw|<=15.0, |pitch|<=15.0): yaw=48.7, pitch=-16.0"
lfw_00108,data/raw/images/lfw_00108.jpg,FACE_TOO_ANGLED_OR_SMALL,"Pose out of frontal band (|yaw|<=15.0, |pitch|<=15.0): yaw=30.3, pitch=-27.6"
lfw_00109,data/raw/images/lfw_00109.jpg,FACE_TOO_ANGLED_OR_SMALL,"Pose out of frontal band (|yaw|<=15.0, |pitch|<=15.0): yaw=-8.0, pitch=-38.6"
lfw_00110,data/raw/images/lfw_00110.jpg,FACE_TOO_ANGLED_OR_SMALL,"Pose out of frontal band (|yaw|<=15.0, |pitch|<=15.0): yaw=-11.5, pitch=-24.3"
lfw_00111,data/raw/images/lfw_00111.jpg,FACE_TOO_ANGLED_OR_SMALL,"Pose out of frontal band (|yaw|<=15.0, |pitch|<=15.0): yaw=1.1, pitch=-22.5"
lfw_00112,data/raw/images/lfw_00112.jpg,FACE_TOO_ANGLED_OR_SMALL,"Pose out of frontal band (|yaw|<=15.0, |pitch|<=15.0): yaw=-44.0, pitch=-29.5"
lfw_00113,data/raw/images/lfw_00113.jpg,FACE_TOO_ANGLED_OR_SMALL,"Pose out of frontal band (|yaw|<=15.0, |pitch|<=15.0): yaw=-18.8, pitch=-26.0"
lfw_00114,data/raw/images/lfw_00114.jpg,FACE_TOO_ANGLED_OR_SMALL,"Pose out of frontal band (|yaw|<=15.0, |pitch|<=15.0): yaw=-30.8, pitch=-16.1"
lfw_00115,data/raw/images/lfw_00115.jpg,FACE_TOO_ANGLED_OR_SMALL,"Pose out of frontal band (|yaw|<=15.0, |pitch|<=15.0): yaw=-50.2, pitch=-31.3"
lfw_00116,data/raw/images/lfw_00116.jpg,FACE_TOO_ANGLED_OR_SMALL,"Pose out of frontal band (|yaw|<=15.0, |pitch|<=15.0): yaw=-27.7, pitch=-6.9"
lfw_00118,data/raw/images/lfw_00118.jpg,FACE_TOO_ANGLED_OR_SMALL,"Pose out of frontal band (|yaw|<=15.0, |pitch|<=15.0): yaw=20.8, pitch=-45.1"
lfw_00119,data/raw/images/lfw_00119.jpg,FACE_TOO_ANGLED_OR_SMALL,"Pose out of frontal band (|yaw|<=15.0, |pitch|<=15.0): yaw=-68.8, pitch=-11.4"
lfw_00120,data/raw/images/lfw_00120.jpg,FACE_TOO_ANGLED_OR_SMALL,"Pose out of frontal band (|yaw|<=15.0, |pitch|<=15.0): yaw=20.9, pitch=-15.9"
lfw_00121,data/raw/images/lfw_00121.jpg,FACE_TOO_ANGLED_OR_SMALL,"Pose out of frontal band (|yaw|<=15.0, |pitch|<=15.0): yaw=8.1, pitch=-28.6"
lfw_00122,data/raw/images/lfw_00122.jpg,FACE_TOO_ANGLED_OR_SMALL,"Pose out of frontal band (|yaw|<=15.0, |pitch|<=15.0): yaw=40.2, pitch=-15.6"
lfw_00124,data/raw/images/lfw_00124.jpg,FACE_TOO_ANGLED_OR_SMALL,"Pose out of frontal band (|yaw|<=15.0, |pitch|<=15.0): yaw=-15.5, pitch=-22.2"
lfw_00125,data/raw/images/lfw_00125.jpg,FACE_TOO_ANGLED_OR_SMALL,"Pose out of frontal band (|yaw|<=15.0, |pitch|<=15.0): yaw=16.3, pitch=-5.4"
lfw_00126,data/raw/images/lfw_00126.jpg,FACE_TOO_ANGLED_OR_SMALL,"Pose out of frontal band (|yaw|<=15.0, |pitch|<=15.0): yaw=23.4, pitch=-22.2"
lfw_00127,data/raw/images/lfw_00127.jpg,FACE_TOO_ANGLED_OR_SMALL,"Pose out of frontal band (|yaw|<=15.0, |pitch|<=15.0): yaw=4.3, pitch=-32.7"
lfw_00128,data/raw/images/lfw_00128.jpg,FACE_TOO_ANGLED_OR_SMALL,"Pose out of frontal band (|yaw|<=15.0, |pitch|<=15.0): yaw=-6.0, pitch=-21.0"
lfw_00130,data/raw/images/lfw_00130.jpg,MULTIPLE_FACES_DETECTED,
lfw_00131,data/raw/images/lfw_00131.jpg,FACE_TOO_ANGLED_OR_SMALL,"Pose out of frontal band (|yaw|<=15.0, |pitch|<=15.0): yaw=-19.8, pitch=-13.4"
lfw_00132,data/raw/images/lfw_00132.jpg,FACE_TOO_ANGLED_OR_SMALL,"Pose out of frontal band (|yaw|<=15.0, |pitch|<=15.0): yaw=-4.3, pitch=-21.9"
lfw_00133,data/raw/images/lfw_00133.jpg,FACE_TOO_ANGLED_OR_SMALL,"Pose out of frontal band (|yaw|<=15.0, |pitch|<=15.0): yaw=-32.4, pitch=-13.9"
lfw_00134,data/raw/images/lfw_00134.jpg,FACE_TOO_ANGLED_OR_SMALL,"Pose out of frontal band (|yaw|<=15.0, |pitch|<=15.0): yaw=27.6, pitch=-20.5"
lfw_00135,data/raw/images/lfw_00135.jpg,FACE_TOO_ANGLED_OR_SMALL,"Pose out of frontal band (|yaw|<=15.0, |pitch|<=15.0): yaw=-27.8, pitch=-21.1"
lfw_00136,data/raw/images/lfw_00136.jpg,FACE_TOO_ANGLED_OR_SMALL,"Pose out of frontal band (|yaw|<=15.0, |pitch|<=15.0): yaw=-2.8, pitch=-44.3"
lfw_00137,data/raw/images/lfw_00137.jpg,FACE_TOO_ANGLED_OR_SMALL,"Pose out of frontal band (|yaw|<=15.0, |pitch|<=15.0): yaw=-14.7, pitch=-38.9"
lfw_00138,data/raw/images/lfw_00138.jpg,FACE_TOO_ANGLED_OR_SMALL,"Pose out of frontal band (|yaw|<=15.0, |pitch|<=15.0): yaw=-3.5, pitch=-28.8"
lfw_00139,data/raw/images/lfw_00139.jpg,FACE_TOO_ANGLED_OR_SMALL,"Pose out of frontal band (|yaw|<=15.0, |pitch|<=15.0): yaw=-0.1, pitch=-18.6"
lfw_00140,data/raw/images/lfw_00140.jpg,FACE_TOO_ANGLED_OR_SMALL,"Pose out of frontal band (|yaw|<=15.0, |pitch|<=15.0): yaw=14.6, pitch=-27.1"
lfw_00143,data/raw/images/lfw_00143.jpg,FACE_TOO_ANGLED_OR_SMALL,"Pose out of frontal band (|yaw|<=15.0, |pitch|<=15.0): yaw=-14.7, pitch=-25.1"
lfw_00144,data/raw/images/lfw_00144.jpg,FACE_TOO_ANGLED_OR_SMALL,"Pose out of frontal band (|yaw|<=15.0, |pitch|<=15.0): yaw=-10.0, pitch=-29.1"
lfw_00145,data/raw/images/lfw_00145.jpg,MULTIPLE_FACES_DETECTED,
lfw_00147,data/raw/images/lfw_00147.jpg,FACE_TOO_ANGLED_OR_SMALL,"Pose out of frontal band (|yaw|<=15.0, |pitch|<=15.0): yaw=-5.2, pitch=-25.7"
lfw_00148,data/raw/images/lfw_00148.jpg,FACE_TOO_ANGLED_OR_SMALL,"Pose out of frontal band (|yaw|<=15.0, |pitch|<=15.0): yaw=70.4, pitch=-15.8"
lfw_00149,data/raw/images/lfw_00149.jpg,FACE_TOO_ANGLED_OR_SMALL,"Pose out of frontal band (|yaw|<=15.0, |pitch|<=15.0): yaw=-23.3, pitch=-15.2"
lfw_00150,data/raw/images/lfw_00150.jpg,FACE_TOO_ANGLED_OR_SMALL,"Pose out of frontal band (|yaw|<=15.0, |pitch|<=15.0): yaw=26.4, pitch=-18.9"
lfw_00151,data/raw/images/lfw_00151.jpg,FACE_TOO_ANGLED_OR_SMALL,"Pose out of frontal band (|yaw|<=15.0, |pitch|<=15.0): yaw=21.5, pitch=-15.6"
lfw_00152,data/raw/images/lfw_00152.jpg,FACE_TOO_ANGLED_OR_SMALL,"Pose out of frontal band (|yaw|<=15.0, |pitch|<=15.0): yaw=30.9, pitch=-43.5"
lfw_00153,data/raw/images/lfw_00153.jpg,FACE_TOO_ANGLED_OR_SMALL,"Pose out of frontal band (|yaw|<=15.0, |pitch|<=15.0): yaw=37.4, pitch=-38.2"
lfw_00155,data/raw/images/lfw_00155.jpg,FACE_TOO_ANGLED_OR_SMALL,"Pose out of frontal band (|yaw|<=15.0, |pitch|<=15.0): yaw=-25.1, pitch=-14.4"
lfw_00156,data/raw/images/lfw_00156.jpg,FACE_TOO_ANGLED_OR_SMALL,"Pose out of frontal band (|yaw|<=15.0, |pitch|<=15.0): yaw=-8.1, pitch=-18.7"
lfw_00157,data/raw/images/lfw_00157.jpg,FACE_TOO_ANGLED_OR_SMALL,"Pose out of frontal band (|yaw|<=15.0, |pitch|<=15.0): yaw=-33.2, pitch=-9.3"
lfw_00158,data/raw/images/lfw_00158.jpg,FACE_TOO_ANGLED_OR_SMALL,"Pose out of frontal band (|yaw|<=15.0, |pitch|<=15.0): yaw=-22.1, pitch=-19.3"
lfw_00159,data/raw/images/lfw_00159.jpg,FACE_TOO_ANGLED_OR_SMALL,"Pose out of frontal band (|yaw|<=15.0, |pitch|<=15.0): yaw=25.1, pitch=-23.2"
lfw_00160,data/raw/images/lfw_00160.jpg,FACE_TOO_ANGLED_OR_SMALL,"Pose out of frontal band (|yaw|<=15.0, |pitch|<=15.0): yaw=20.0, pitch=-20.3"
lfw_00161,data/raw/images/lfw_00161.jpg,FACE_TOO_ANGLED_OR_SMALL,"Pose out of frontal band (|yaw|<=15.0, |pitch|<=15.0): yaw=-16.5, pitch=-33.5"
lfw_00162,data/raw/images/lfw_00162.jpg,FACE_TOO_ANGLED_OR_SMALL,"Pose out of frontal band (|yaw|<=15.0, |pitch|<=15.0): yaw=-38.1, pitch=-9.6"
lfw_00163,data/raw/images/lfw_00163.jpg,FACE_TOO_ANGLED_OR_SMALL,"Pose out of frontal band (|yaw|<=15.0, |pitch|<=15.0): yaw=-34.5, pitch=-24.9"
lfw_00164,data/raw/images/lfw_00164.jpg,MULTIPLE_FACES_DETECTED,
lfw_00165,data/raw/images/lfw_00165.jpg,FACE_TOO_ANGLED_OR_SMALL,"Pose out of frontal band (|yaw|<=15.0, |pitch|<=15.0): yaw=-13.4, pitch=-17.7"
lfw_00166,data/raw/images/lfw_00166.jpg,FACE_TOO_ANGLED_OR_SMALL,"Pose out of frontal band (|yaw|<=15.0, |pitch|<=15.0): yaw=10.3, pitch=-37.4"
lfw_00167,data/raw/images/lfw_00167.jpg,FACE_TOO_ANGLED_OR_SMALL,"Pose out of frontal band (|yaw|<=15.0, |pitch|<=15.0): yaw=-2.1, pitch=-18.2"
lfw_00168,data/raw/images/lfw_00168.jpg,FACE_TOO_ANGLED_OR_SMALL,"Pose out of frontal band (|yaw|<=15.0, |pitch|<=15.0): yaw=11.9, pitch=-27.5"
lfw_00169,data/raw/images/lfw_00169.jpg,FACE_TOO_ANGLED_OR_SMALL,"Pose out of frontal band (|yaw|<=15.0, |pitch|<=15.0): yaw=-6.9, pitch=-18.9"
lfw_00170,data/raw/images/lfw_00170.jpg,FACE_TOO_ANGLED_OR_SMALL,"Pose out of frontal band (|yaw|<=15.0, |pitch|<=15.0): yaw=-33.7, pitch=-22.5"
lfw_00171,data/raw/images/lfw_00171.jpg,FACE_TOO_ANGLED_OR_SMALL,"Pose out of frontal band (|yaw|<=15.0, |pitch|<=15.0): yaw=-5.4, pitch=-15.5"
lfw_00172,data/raw/images/lfw_00172.jpg,FACE_TOO_ANGLED_OR_SMALL,"Pose out of frontal band (|yaw|<=15.0, |pitch|<=15.0): yaw=-39.4, pitch=-15.1"
lfw_00173,data/raw/images/lfw_00173.jpg,FACE_TOO_ANGLED_OR_SMALL,"Pose out of frontal band (|yaw|<=15.0, |pitch|<=15.0): yaw=-7.0, pitch=-18.4"
lfw_00174,data/raw/images/lfw_00174.jpg,FACE_TOO_ANGLED_OR_SMALL,"Pose out of frontal band (|yaw|<=15.0, |pitch|<=15.0): yaw=-13.4, pitch=-35.5"
lfw_00175,data/raw/images/lfw_00175.jpg,FACE_TOO_ANGLED_OR_SMALL,"Pose out of frontal band (|yaw|<=15.0, |pitch|<=15.0): yaw=-7.2, pitch=-30.5"
lfw_00176,data/raw/images/lfw_00176.jpg,FACE_TOO_ANGLED_OR_SMALL,"Pose out of frontal band (|yaw|<=15.0, |pitch|<=15.0): yaw=-16.7, pitch=-35.1"
lfw_00177,data/raw/images/lfw_00177.jpg,FACE_TOO_ANGLED_OR_SMALL,"Pose out of frontal band (|yaw|<=15.0, |pitch|<=15.0): yaw=29.7, pitch=-37.1"
lfw_00178,data/raw/images/lfw_00178.jpg,FACE_TOO_ANGLED_OR_SMALL,"Pose out of frontal band (|yaw|<=15.0, |pitch|<=15.0): yaw=-7.0, pitch=-34.5"
lfw_00179,data/raw/images/lfw_00179.jpg,FACE_TOO_ANGLED_OR_SMALL,"Pose out of frontal band (|yaw|<=15.0, |pitch|<=15.0): yaw=-2.4, pitch=-21.3"
lfw_00180,data/raw/images/lfw_00180.jpg,FACE_TOO_ANGLED_OR_SMALL,"Pose out of frontal band (|yaw|<=15.0, |pitch|<=15.0): yaw=-22.5, pitch=-40.7"
lfw_00181,data/raw/images/lfw_00181.jpg,FACE_TOO_ANGLED_OR_SMALL,"Pose out of frontal band (|yaw|<=15.0, |pitch|<=15.0): yaw=-42.8, pitch=-23.1"
lfw_00184,data/raw/images/lfw_00184.jpg,FACE_TOO_ANGLED_OR_SMALL,"Pose out of frontal band (|yaw|<=15.0, |pitch|<=15.0): yaw=-14.2, pitch=-24.2"
lfw_00186,data/raw/images/lfw_00186.jpg,FACE_TOO_ANGLED_OR_SMALL,"Pose out of frontal band (|yaw|<=15.0, |pitch|<=15.0): yaw=32.6, pitch=-30.6"
lfw_00189,data/raw/images/lfw_00189.jpg,FACE_TOO_ANGLED_OR_SMALL,"Pose out of frontal band (|yaw|<=15.0, |pitch|<=15.0): yaw=-4.0, pitch=-19.3"
lfw_00191,data/raw/images/lfw_00191.jpg,FACE_TOO_ANGLED_OR_SMALL,"Pose out of frontal band (|yaw|<=15.0, |pitch|<=15.0): yaw=-33.4, pitch=-6.8"
lfw_00192,data/raw/images/lfw_00192.jpg,FACE_TOO_ANGLED_OR_SMALL,"Pose out of frontal band (|yaw|<=15.0, |pitch|<=15.0): yaw=-30.5, pitch=-18.4"
lfw_00193,data/raw/images/lfw_00193.jpg,FACE_TOO_ANGLED_OR_SMALL,"Pose out of frontal band (|yaw|<=15.0, |pitch|<=15.0): yaw=-15.7, pitch=-56.7"
lfw_00194,data/raw/images/lfw_00194.jpg,FACE_TOO_ANGLED_OR_SMALL,"Pose out of frontal band (|yaw|<=15.0, |pitch|<=15.0): yaw=-2.8, pitch=-30.8"
lfw_00195,data/raw/images/lfw_00195.jpg,FACE_TOO_ANGLED_OR_SMALL,"Pose out of frontal band (|yaw|<=15.0, |pitch|<=15.0): yaw=-54.4, pitch=-24.8"
lfw_00196,data/raw/images/lfw_00196.jpg,FACE_TOO_ANGLED_OR_SMALL,"Pose out of frontal band (|yaw|<=15.0, |pitch|<=15.0): yaw=-18.2, pitch=-3.3"
lfw_00197,data/raw/images/lfw_00197.jpg,FACE_TOO_ANGLED_OR_SMALL,"Pose out of frontal band (|yaw|<=15.0, |pitch|<=15.0): yaw=27.3, pitch=-17.2"
lfw_00198,data/raw/images/lfw_00198.jpg,FACE_TOO_ANGLED_OR_SMALL,"Pose out of frontal band (|yaw|<=15.0, |pitch|<=15.0): yaw=4.5, pitch=-22.7"
lfw_00199,data/raw/images/lfw_00199.jpg,FACE_TOO_ANGLED_OR_SMALL,"Pose out of frontal band (|yaw|<=15.0, |pitch|<=15.0): yaw=-20.6, pitch=-24.1"
lfw_00200,data/raw/images/lfw_00200.jpg,FACE_TOO_ANGLED_OR_SMALL,"Pose out of frontal band (|yaw|<=15.0, |pitch|<=15.0): yaw=-35.0, pitch=-26.8"
lfw_00201,data/raw/images/lfw_00201.jpg,FACE_TOO_ANGLED_OR_SMALL,"Pose out of frontal band (|yaw|<=15.0, |pitch|<=15.0): yaw=34.5, pitch=-21.6"
lfw_00203,data/raw/images/lfw_00203.jpg,FACE_TOO_ANGLED_OR_SMALL,"Pose out of frontal band (|yaw|<=15.0, |pitch|<=15.0): yaw=-70.7, pitch=-22.8"
lfw_00204,data/raw/images/lfw_00204.jpg,FACE_TOO_ANGLED_OR_SMALL,"Pose out of frontal band (|yaw|<=15.0, |pitch|<=15.0): yaw=19.2, pitch=-13.1"
lfw_00205,data/raw/images/lfw_00205.jpg,FACE_TOO_ANGLED_OR_SMALL,"Pose out of frontal band (|yaw|<=15.0, |pitch|<=15.0): yaw=31.4, pitch=-6.6"
lfw_00206,data/raw/images/lfw_00206.jpg,FACE_TOO_ANGLED_OR_SMALL,"Pose out of frontal band (|yaw|<=15.0, |pitch|<=15.0): yaw=53.3, pitch=-11.1"
lfw_00207,data/raw/images/lfw_00207.jpg,FACE_TOO_ANGLED_OR_SMALL,"Pose out of frontal band (|yaw|<=15.0, |pitch|<=15.0): yaw=-12.7, pitch=-41.7"
lfw_00208,data/raw/images/lfw_00208.jpg,FACE_TOO_ANGLED_OR_SMALL,"Pose out of frontal band (|yaw|<=15.0, |pitch|<=15.0): yaw=10.8, pitch=-22.3"
lfw_00209,data/raw/images/lfw_00209.jpg,FACE_TOO_ANGLED_OR_SMALL,"Pose out of frontal band (|yaw|<=15.0, |pitch|<=15.0): yaw=-12.2, pitch=-26.5"
lfw_00210,data/raw/images/lfw_00210.jpg,FACE_TOO_ANGLED_OR_SMALL,"Pose out of frontal band (|yaw|<=15.0, |pitch|<=15.0): yaw=-31.8, pitch=-15.4"
lfw_00212,data/raw/images/lfw_00212.jpg,FACE_TOO_ANGLED_OR_SMALL,"Pose out of frontal band (|yaw|<=15.0, |pitch|<=15.0): yaw=-10.6, pitch=-21.4"
lfw_00213,data/raw/images/lfw_00213.jpg,FACE_TOO_ANGLED_OR_SMALL,"Pose out of frontal band (|yaw|<=15.0, |pitch|<=15.0): yaw=44.8, pitch=-17.7"
lfw_00214,data/raw/images/lfw_00214.jpg,FACE_TOO_ANGLED_OR_SMALL,"Pose out of frontal band (|yaw|<=15.0, |pitch|<=15.0): yaw=-30.3, pitch=-7.5"
lfw_00216,data/raw/images/lfw_00216.jpg,FACE_TOO_ANGLED_OR_SMALL,"Pose out of frontal band (|yaw|<=15.0, |pitch|<=15.0): yaw=37.0, pitch=-24.8"
lfw_00217,data/raw/images/lfw_00217.jpg,FACE_TOO_ANGLED_OR_SMALL,"Pose out of frontal band (|yaw|<=15.0, |pitch|<=15.0): yaw=-1.1, pitch=-23.1"
lfw_00218,data/raw/images/lfw_00218.jpg,MULTIPLE_FACES_DETECTED,
lfw_00219,data/raw/images/lfw_00219.jpg,FACE_TOO_ANGLED_OR_SMALL,"Pose out of frontal band (|yaw|<=15.0, |pitch|<=15.0): yaw=14.6, pitch=-22.0"
lfw_00220,data/raw/images/lfw_00220.jpg,FACE_TOO_ANGLED_OR_SMALL,"Pose out of frontal band (|yaw|<=15.0, |pitch|<=15.0): yaw=16.5, pitch=-27.9"
lfw_00221,data/raw/images/lfw_00221.jpg,MULTIPLE_FACES_DETECTED,
lfw_00222,data/raw/images/lfw_00222.jpg,FACE_TOO_ANGLED_OR_SMALL,"Pose out of frontal band (|yaw|<=15.0, |pitch|<=15.0): yaw=-6.9, pitch=-35.8"
lfw_00223,data/raw/images/lfw_00223.jpg,FACE_TOO_ANGLED_OR_SMALL,"Pose out of frontal band (|yaw|<=15.0, |pitch|<=15.0): yaw=20.8, pitch=-22.1"
lfw_00224,data/raw/images/lfw_00224.jpg,FACE_TOO_ANGLED_OR_SMALL,"Pose out of frontal band (|yaw|<=15.0, |pitch|<=15.0): yaw=-68.6, pitch=-19.4"
lfw_00225,data/raw/images/lfw_00225.jpg,FACE_TOO_ANGLED_OR_SMALL,"Pose out of frontal band (|yaw|<=15.0, |pitch|<=15.0): yaw=-11.5, pitch=-30.3"
lfw_00226,data/raw/images/lfw_00226.jpg,FACE_TOO_ANGLED_OR_SMALL,"Pose out of frontal band (|yaw|<=15.0, |pitch|<=15.0): yaw=-0.6, pitch=-24.5"
lfw_00227,data/raw/images/lfw_00227.jpg,FACE_TOO_ANGLED_OR_SMALL,"Pose out of frontal band (|yaw|<=15.0, |pitch|<=15.0): yaw=-5.2, pitch=-33.2"
lfw_00228,data/raw/images/lfw_00228.jpg,FACE_TOO_ANGLED_OR_SMALL,"Pose out of frontal band (|yaw|<=15.0, |pitch|<=15.0): yaw=-37.7, pitch=-40.3"
lfw_00229,data/raw/images/lfw_00229.jpg,MULTIPLE_FACES_DETECTED,
lfw_00230,data/raw/images/lfw_00230.jpg,FACE_TOO_ANGLED_OR_SMALL,"Pose out of frontal band (|yaw|<=15.0, |pitch|<=15.0): yaw=26.6, pitch=-19.1"
lfw_00232,data/raw/images/lfw_00232.jpg,FACE_TOO_ANGLED_OR_SMALL,"Pose out of frontal band (|yaw|<=15.0, |pitch|<=15.0): yaw=-15.0, pitch=-21.0"
lfw_00233,data/raw/images/lfw_00233.jpg,FACE_TOO_ANGLED_OR_SMALL,"Pose out of frontal band (|yaw|<=15.0, |pitch|<=15.0): yaw=24.3, pitch=-13.8"
lfw_00234,data/raw/images/lfw_00234.jpg,FACE_TOO_ANGLED_OR_SMALL,"Pose out of frontal band (|yaw|<=15.0, |pitch|<=15.0): yaw=-24.4, pitch=-15.0"
lfw_00235,data/raw/images/lfw_00235.jpg,FACE_TOO_ANGLED_OR_SMALL,"Pose out of frontal band (|yaw|<=15.0, |pitch|<=15.0): yaw=17.1, pitch=-0.2"
lfw_00236,data/raw/images/lfw_00236.jpg,FACE_TOO_ANGLED_OR_SMALL,"Pose out of frontal band (|yaw|<=15.0, |pitch|<=15.0): yaw=-7.0, pitch=-31.8"
lfw_00237,data/raw/images/lfw_00237.jpg,FACE_TOO_ANGLED_OR_SMALL,"Pose out of frontal band (|yaw|<=15.0, |pitch|<=15.0): yaw=-0.9, pitch=-35.0"
lfw_00238,data/raw/images/lfw_00238.jpg,FACE_TOO_ANGLED_OR_SMALL,"Pose out of frontal band (|yaw|<=15.0, |pitch|<=15.0): yaw=-4.2, pitch=-26.2"
lfw_00239,data/raw/images/lfw_00239.jpg,MULTIPLE_FACES_DETECTED,
lfw_00240,data/raw/images/lfw_00240.jpg,FACE_TOO_ANGLED_OR_SMALL,"Pose out of frontal band (|yaw|<=15.0, |pitch|<=15.0): yaw=-3.8, pitch=-19.5"
lfw_00241,data/raw/images/lfw_00241.jpg,FACE_TOO_ANGLED_OR_SMALL,"Pose out of frontal band (|yaw|<=15.0, |pitch|<=15.0): yaw=-19.7, pitch=-27.2"
lfw_00242,data/raw/images/lfw_00242.jpg,FACE_TOO_ANGLED_OR_SMALL,"Pose out of frontal band (|yaw|<=15.0, |pitch|<=15.0): yaw=-18.1, pitch=-40.6"
lfw_00243,data/raw/images/lfw_00243.jpg,FACE_TOO_ANGLED_OR_SMALL,"Pose out of frontal band (|yaw|<=15.0, |pitch|<=15.0): yaw=45.5, pitch=-33.6"
lfw_00244,data/raw/images/lfw_00244.jpg,FACE_TOO_ANGLED_OR_SMALL,"Pose out of frontal band (|yaw|<=15.0, |pitch|<=15.0): yaw=-24.0, pitch=-24.5"
lfw_00246,data/raw/images/lfw_00246.jpg,FACE_TOO_ANGLED_OR_SMALL,"Pose out of frontal band (|yaw|<=15.0, |pitch|<=15.0): yaw=10.3, pitch=-23.0"
lfw_00248,data/raw/images/lfw_00248.jpg,FACE_TOO_ANGLED_OR_SMALL,"Pose out of frontal band (|yaw|<=15.0, |pitch|<=15.0): yaw=3.4, pitch=-22.2"
lfw_00249,data/raw/images/lfw_00249.jpg,FACE_TOO_ANGLED_OR_SMALL,"Pose out of frontal band (|yaw|<=15.0, |pitch|<=15.0): yaw=19.1, pitch=-25.2"
lfw_00251,data/raw/images/lfw_00251.jpg,FACE_TOO_ANGLED_OR_SMALL,"Pose out of frontal band (|yaw|<=15.0, |pitch|<=15.0): yaw=-6.3, pitch=-24.8"
lfw_00252,data/raw/images/lfw_00252.jpg,FACE_TOO_ANGLED_OR_SMALL,"Pose out of frontal band (|yaw|<=15.0, |pitch|<=15.0): yaw=-11.3, pitch=-30.0"
lfw_00253,data/raw/images/lfw_00253.jpg,FACE_TOO_ANGLED_OR_SMALL,"Pose out of frontal band (|yaw|<=15.0, |pitch|<=15.0): yaw=18.8, pitch=-22.3"
lfw_00254,data/raw/images/lfw_00254.jpg,FACE_TOO_ANGLED_OR_SMALL,"Pose out of frontal band (|yaw|<=15.0, |pitch|<=15.0): yaw=-17.8, pitch=-16.1"
lfw_00255,data/raw/images/lfw_00255.jpg,FACE_TOO_ANGLED_OR_SMALL,"Pose out of frontal band (|yaw|<=15.0, |pitch|<=15.0): yaw=19.3, pitch=-20.8"
lfw_00256,data/raw/images/lfw_00256.jpg,FACE_TOO_ANGLED_OR_SMALL,"Pose out of frontal band (|yaw|<=15.0, |pitch|<=15.0): yaw=17.6, pitch=-36.8"
lfw_00257,data/raw/images/lfw_00257.jpg,FACE_TOO_ANGLED_OR_SMALL,"Pose out of frontal band (|yaw|<=15.0, |pitch|<=15.0): yaw=-30.5, pitch=-14.6"
lfw_00258,data/raw/images/lfw_00258.jpg,FACE_TOO_ANGLED_OR_SMALL,"Pose out of frontal band (|yaw|<=15.0, |pitch|<=15.0): yaw=-4.1, pitch=-21.7"
lfw_00259,data/raw/images/lfw_00259.jpg,FACE_TOO_ANGLED_OR_SMALL,"Pose out of frontal band (|yaw|<=15.0, |pitch|<=15.0): yaw=15.3, pitch=-23.3"
lfw_00260,data/raw/images/lfw_00260.jpg,FACE_TOO_ANGLED_OR_SMALL,"Pose out of frontal band (|yaw|<=15.0, |pitch|<=15.0): yaw=-30.8, pitch=-11.8"
lfw_00261,data/raw/images/lfw_00261.jpg,FACE_TOO_ANGLED_OR_SMALL,"Pose out of frontal band (|yaw|<=15.0, |pitch|<=15.0): yaw=18.3, pitch=-15.5"
lfw_00262,data/raw/images/lfw_00262.jpg,FACE_TOO_ANGLED_OR_SMALL,"Pose out of frontal band (|yaw|<=15.0, |pitch|<=15.0): yaw=-69.7, pitch=-20.7"
lfw_00263,data/raw/images/lfw_00263.jpg,FACE_TOO_ANGLED_OR_SMALL,"Pose out of frontal band (|yaw|<=15.0, |pitch|<=15.0): yaw=4.6, pitch=-23.8"
lfw_00264,data/raw/images/lfw_00264.jpg,FACE_TOO_ANGLED_OR_SMALL,"Pose out of frontal band (|yaw|<=15.0, |pitch|<=15.0): yaw=33.8, pitch=-20.7"
lfw_00265,data/raw/images/lfw_00265.jpg,MULTIPLE_FACES_DETECTED,
lfw_00266,data/raw/images/lfw_00266.jpg,FACE_TOO_ANGLED_OR_SMALL,"Pose out of frontal band (|yaw|<=15.0, |pitch|<=15.0): yaw=-0.9, pitch=-16.6"
lfw_00267,data/raw/images/lfw_00267.jpg,FACE_TOO_ANGLED_OR_SMALL,"Pose out of frontal band (|yaw|<=15.0, |pitch|<=15.0): yaw=-2.2, pitch=-41.6"
lfw_00269,data/raw/images/lfw_00269.jpg,MULTIPLE_FACES_DETECTED,
lfw_00270,data/raw/images/lfw_00270.jpg,FACE_TOO_ANGLED_OR_SMALL,"Pose out of frontal band (|yaw|<=15.0, |pitch|<=15.0): yaw=-5.2, pitch=-18.4"
lfw_00271,data/raw/images/lfw_00271.jpg,MULTIPLE_FACES_DETECTED,
lfw_00272,data/raw/images/lfw_00272.jpg,MULTIPLE_FACES_DETECTED,
lfw_00274,data/raw/images/lfw_00274.jpg,FACE_TOO_ANGLED_OR_SMALL,"Pose out of frontal band (|yaw|<=15.0, |pitch|<=15.0): yaw=4.3, pitch=-32.4"
lfw_00276,data/raw/images/lfw_00276.jpg,FACE_TOO_ANGLED_OR_SMALL,"Pose out of frontal band (|yaw|<=15.0, |pitch|<=15.0): yaw=-4.8, pitch=-23.7"
lfw_00277,data/raw/images/lfw_00277.jpg,MULTIPLE_FACES_DETECTED,
lfw_00278,data/raw/images/lfw_00278.jpg,MULTIPLE_FACES_DETECTED,
lfw_00280,data/raw/images/lfw_00280.jpg,FACE_TOO_ANGLED_OR_SMALL,"Pose out of frontal band (|yaw|<=15.0, |pitch|<=15.0): yaw=-8.4, pitch=-19.7"
lfw_00281,data/raw/images/lfw_00281.jpg,FACE_TOO_ANGLED_OR_SMALL,"Pose out of frontal band (|yaw|<=15.0, |pitch|<=15.0): yaw=-6.9, pitch=-24.1"
lfw_00283,data/raw/images/lfw_00283.jpg,MULTIPLE_FACES_DETECTED,
lfw_00284,data/raw/images/lfw_00284.jpg,FACE_TOO_ANGLED_OR_SMALL,"Pose out of frontal band (|yaw|<=15.0, |pitch|<=15.0): yaw=-3.8, pitch=-18.8"
lfw_00285,data/raw/images/lfw_00285.jpg,FACE_TOO_ANGLED_OR_SMALL,"Pose out of frontal band (|yaw|<=15.0, |pitch|<=15.0): yaw=0.1, pitch=-22.2"
lfw_00287,data/raw/images/lfw_00287.jpg,FACE_TOO_ANGLED_OR_SMALL,"Pose out of frontal band (|yaw|<=15.0, |pitch|<=15.0): yaw=10.3, pitch=-40.4"
lfw_00289,data/raw/images/lfw_00289.jpg,FACE_TOO_ANGLED_OR_SMALL,"Pose out of frontal band (|yaw|<=15.0, |pitch|<=15.0): yaw=27.5, pitch=-0.2"
lfw_00290,data/raw/images/lfw_00290.jpg,FACE_TOO_ANGLED_OR_SMALL,"Pose out of frontal band (|yaw|<=15.0, |pitch|<=15.0): yaw=42.7, pitch=-12.4"
lfw_00292,data/raw/images/lfw_00292.jpg,FACE_TOO_ANGLED_OR_SMALL,"Pose out of frontal band (|yaw|<=15.0, |pitch|<=15.0): yaw=2.0, pitch=-24.8"
lfw_00293,data/raw/images/lfw_00293.jpg,FACE_TOO_ANGLED_OR_SMALL,"Pose out of frontal band (|yaw|<=15.0, |pitch|<=15.0): yaw=16.7, pitch=-60.7"
lfw_00295,data/raw/images/lfw_00295.jpg,FACE_TOO_ANGLED_OR_SMALL,"Pose out of frontal band (|yaw|<=15.0, |pitch|<=15.0): yaw=12.3, pitch=-19.1"
lfw_00296,data/raw/images/lfw_00296.jpg,FACE_TOO_ANGLED_OR_SMALL,"Pose out of frontal band (|yaw|<=15.0, |pitch|<=15.0): yaw=19.9, pitch=-21.8"
lfw_00297,data/raw/images/lfw_00297.jpg,FACE_TOO_ANGLED_OR_SMALL,"Pose out of frontal band (|yaw|<=15.0, |pitch|<=15.0): yaw=-2.7, pitch=-20.8"
lfw_00298,data/raw/images/lfw_00298.jpg,FACE_TOO_ANGLED_OR_SMALL,"Pose out of frontal band (|yaw|<=15.0, |pitch|<=15.0): yaw=-24.0, pitch=-39.4"
lfw_00299,data/raw/images/lfw_00299.jpg,FACE_TOO_ANGLED_OR_SMALL,"Pose out of frontal band (|yaw|<=15.0, |pitch|<=15.0): yaw=-38.3, pitch=-20.7"
lfw_00300,data/raw/images/lfw_00300.jpg,FACE_TOO_ANGLED_OR_SMALL,"Pose out of frontal band (|yaw|<=15.0, |pitch|<=15.0): yaw=-34.5, pitch=-20.0"
lfw_00301,data/raw/images/lfw_00301.jpg,MULTIPLE_FACES_DETECTED,
lfw_00302,data/raw/images/lfw_00302.jpg,FACE_TOO_ANGLED_OR_SMALL,"Pose out of frontal band (|yaw|<=15.0, |pitch|<=15.0): yaw=14.8, pitch=-17.4"
lfw_00303,data/raw/images/lfw_00303.jpg,FACE_TOO_ANGLED_OR_SMALL,"Pose out of frontal band (|yaw|<=15.0, |pitch|<=15.0): yaw=-22.3, pitch=-23.8"
lfw_00304,data/raw/images/lfw_00304.jpg,MULTIPLE_FACES_DETECTED,
lfw_00305,data/raw/images/lfw_00305.jpg,FACE_TOO_ANGLED_OR_SMALL,"Pose out of frontal band (|yaw|<=15.0, |pitch|<=15.0): yaw=-3.4, pitch=-36.5"
lfw_00306,data/raw/images/lfw_00306.jpg,FACE_TOO_ANGLED_OR_SMALL,"Pose out of frontal band (|yaw|<=15.0, |pitch|<=15.0): yaw=3.0, pitch=-20.5"
lfw_00307,data/raw/images/lfw_00307.jpg,FACE_TOO_ANGLED_OR_SMALL,"Pose out of frontal band (|yaw|<=15.0, |pitch|<=15.0): yaw=14.4, pitch=-18.6"
lfw_00308,data/raw/images/lfw_00308.jpg,FACE_TOO_ANGLED_OR_SMALL,"Pose out of frontal band (|yaw|<=15.0, |pitch|<=15.0): yaw=-24.9, pitch=-20.3"
lfw_00309,data/raw/images/lfw_00309.jpg,FACE_TOO_ANGLED_OR_SMALL,"Pose out of frontal band (|yaw|<=15.0, |pitch|<=15.0): yaw=-34.2, pitch=-26.1"
lfw_00310,data/raw/images/lfw_00310.jpg,FACE_TOO_ANGLED_OR_SMALL,"Pose out of frontal band (|yaw|<=15.0, |pitch|<=15.0): yaw=28.9, pitch=-17.7"
lfw_00311,data/raw/images/lfw_00311.jpg,FACE_TOO_ANGLED_OR_SMALL,"Pose out of frontal band (|yaw|<=15.0, |pitch|<=15.0): yaw=28.6, pitch=-26.1"
lfw_00312,data/raw/images/lfw_00312.jpg,FACE_TOO_ANGLED_OR_SMALL,"Pose out of frontal band (|yaw|<=15.0, |pitch|<=15.0): yaw=0.3, pitch=-20.5"
lfw_00313,data/raw/images/lfw_00313.jpg,FACE_TOO_ANGLED_OR_SMALL,"Pose out of frontal band (|yaw|<=15.0, |pitch|<=15.0): yaw=26.2, pitch=-23.7"
lfw_00314,data/raw/images/lfw_00314.jpg,FACE_TOO_ANGLED_OR_SMALL,"Pose out of frontal band (|yaw|<=15.0, |pitch|<=15.0): yaw=-17.4, pitch=-4.5"
lfw_00315,data/raw/images/lfw_00315.jpg,FACE_TOO_ANGLED_OR_SMALL,"Pose out of frontal band (|yaw|<=15.0, |pitch|<=15.0): yaw=-52.5, pitch=-30.5"
lfw_00316,data/raw/images/lfw_00316.jpg,FACE_TOO_ANGLED_OR_SMALL,"Pose out of frontal band (|yaw|<=15.0, |pitch|<=15.0): yaw=-33.2, pitch=-24.3"
lfw_00317,data/raw/images/lfw_00317.jpg,FACE_TOO_ANGLED_OR_SMALL,"Pose out of frontal band (|yaw|<=15.0, |pitch|<=15.0): yaw=32.1, pitch=-5.7"
lfw_00318,data/raw/images/lfw_00318.jpg,FACE_TOO_ANGLED_OR_SMALL,"Pose out of frontal band (|yaw|<=15.0, |pitch|<=15.0): yaw=17.7, pitch=-63.2"
lfw_00319,data/raw/images/lfw_00319.jpg,FACE_TOO_ANGLED_OR_SMALL,"Pose out of frontal band (|yaw|<=15.0, |pitch|<=15.0): yaw=28.8, pitch=-16.4"
lfw_00320,data/raw/images/lfw_00320.jpg,FACE_TOO_ANGLED_OR_SMALL,"Pose out of frontal band (|yaw|<=15.0, |pitch|<=15.0): yaw=-54.4, pitch=-17.4"
lfw_00321,data/raw/images/lfw_00321.jpg,FACE_TOO_ANGLED_OR_SMALL,"Pose out of frontal band (|yaw|<=15.0, |pitch|<=15.0): yaw=-25.0, pitch=-29.3"
lfw_00322,data/raw/images/lfw_00322.jpg,FACE_TOO_ANGLED_OR_SMALL,"Pose out of frontal band (|yaw|<=15.0, |pitch|<=15.0): yaw=27.6, pitch=-19.8"
lfw_00323,data/raw/images/lfw_00323.jpg,FACE_TOO_ANGLED_OR_SMALL,"Pose out of frontal band (|yaw|<=15.0, |pitch|<=15.0): yaw=-46.3, pitch=-21.6"
lfw_00324,data/raw/images/lfw_00324.jpg,FACE_TOO_ANGLED_OR_SMALL,"Pose out of frontal band (|yaw|<=15.0, |pitch|<=15.0): yaw=-67.7, pitch=-40.8"
lfw_00325,data/raw/images/lfw_00325.jpg,FACE_TOO_ANGLED_OR_SMALL,"Pose out of frontal band (|yaw|<=15.0, |pitch|<=15.0): yaw=-54.5, pitch=-21.4"
lfw_00326,data/raw/images/lfw_00326.jpg,FACE_TOO_ANGLED_OR_SMALL,"Pose out of frontal band (|yaw|<=15.0, |pitch|<=15.0): yaw=-17.6, pitch=-20.1"
lfw_00327,data/raw/images/lfw_00327.jpg,FACE_TOO_ANGLED_OR_SMALL,"Pose out of frontal band (|yaw|<=15.0, |pitch|<=15.0): yaw=17.2, pitch=-15.5"
lfw_00328,data/raw/images/lfw_00328.jpg,FACE_TOO_ANGLED_OR_SMALL,"Pose out of frontal band (|yaw|<=15.0, |pitch|<=15.0): yaw=-3.5, pitch=-37.1"
lfw_00329,data/raw/images/lfw_00329.jpg,FACE_TOO_ANGLED_OR_SMALL,"Pose out of frontal band (|yaw|<=15.0, |pitch|<=15.0): yaw=15.4, pitch=-21.7"
lfw_00331,data/raw/images/lfw_00331.jpg,FACE_TOO_ANGLED_OR_SMALL,"Pose out of frontal band (|yaw|<=15.0, |pitch|<=15.0): yaw=44.0, pitch=-8.2"
lfw_00332,data/raw/images/lfw_00332.jpg,FACE_TOO_ANGLED_OR_SMALL,"Pose out of frontal band (|yaw|<=15.0, |pitch|<=15.0): yaw=1.6, pitch=-19.2"
lfw_00334,data/raw/images/lfw_00334.jpg,FACE_TOO_ANGLED_OR_SMALL,"Pose out of frontal band (|yaw|<=15.0, |pitch|<=15.0): yaw=22.7, pitch=-51.3"
lfw_00335,data/raw/images/lfw_00335.jpg,FACE_TOO_ANGLED_OR_SMALL,"Pose out of frontal band (|yaw|<=15.0, |pitch|<=15.0): yaw=-13.9, pitch=-24.4"
lfw_00336,data/raw/images/lfw_00336.jpg,FACE_TOO_ANGLED_OR_SMALL,"Pose out of frontal band (|yaw|<=15.0, |pitch|<=15.0): yaw=-3.4, pitch=-16.9"
lfw_00337,data/raw/images/lfw_00337.jpg,MULTIPLE_FACES_DETECTED,
lfw_00338,data/raw/images/lfw_00338.jpg,FACE_TOO_ANGLED_OR_SMALL,"Pose out of frontal band (|yaw|<=15.0, |pitch|<=15.0): yaw=0.1, pitch=-24.6"
lfw_00340,data/raw/images/lfw_00340.jpg,FACE_TOO_ANGLED_OR_SMALL,"Pose out of frontal band (|yaw|<=15.0, |pitch|<=15.0): yaw=-18.5, pitch=-31.4"
lfw_00341,data/raw/images/lfw_00341.jpg,MULTIPLE_FACES_DETECTED,
lfw_00342,data/raw/images/lfw_00342.jpg,FACE_TOO_ANGLED_OR_SMALL,"Pose out of frontal band (|yaw|<=15.0, |pitch|<=15.0): yaw=9.2, pitch=-15.9"
lfw_00343,data/raw/images/lfw_00343.jpg,FACE_TOO_ANGLED_OR_SMALL,"Pose out of frontal band (|yaw|<=15.0, |pitch|<=15.0): yaw=-14.7, pitch=-29.6"
lfw_00344,data/raw/images/lfw_00344.jpg,FACE_TOO_ANGLED_OR_SMALL,"Pose out of frontal band (|yaw|<=15.0, |pitch|<=15.0): yaw=23.2, pitch=-29.8"
lfw_00345,data/raw/images/lfw_00345.jpg,FACE_TOO_ANGLED_OR_SMALL,"Pose out of frontal band (|yaw|<=15.0, |pitch|<=15.0): yaw=-22.0, pitch=-9.1"
lfw_00346,data/raw/images/lfw_00346.jpg,MULTIPLE_FACES_DETECTED,
lfw_00347,data/raw/images/lfw_00347.jpg,FACE_TOO_ANGLED_OR_SMALL,"Pose out of frontal band (|yaw|<=15.0, |pitch|<=15.0): yaw=23.8, pitch=-6.9"
lfw_00348,data/raw/images/lfw_00348.jpg,FACE_TOO_ANGLED_OR_SMALL,"Pose out of frontal band (|yaw|<=15.0, |pitch|<=15.0): yaw=44.1, pitch=-22.8"
lfw_00349,data/raw/images/lfw_00349.jpg,FACE_TOO_ANGLED_OR_SMALL,"Pose out of frontal band (|yaw|<=15.0, |pitch|<=15.0): yaw=-15.4, pitch=-14.4"
lfw_00350,data/raw/images/lfw_00350.jpg,FACE_TOO_ANGLED_OR_SMALL,"Pose out of frontal band (|yaw|<=15.0, |pitch|<=15.0): yaw=5.8, pitch=-26.1"
lfw_00351,data/raw/images/lfw_00351.jpg,FACE_TOO_ANGLED_OR_SMALL,"Pose out of frontal band (|yaw|<=15.0, |pitch|<=15.0): yaw=14.6, pitch=-25.9"
lfw_00353,data/raw/images/lfw_00353.jpg,FACE_TOO_ANGLED_OR_SMALL,"Pose out of frontal band (|yaw|<=15.0, |pitch|<=15.0): yaw=12.7, pitch=-24.3"
lfw_00354,data/raw/images/lfw_00354.jpg,FACE_TOO_ANGLED_OR_SMALL,"Pose out of frontal band (|yaw|<=15.0, |pitch|<=15.0): yaw=-15.2, pitch=-7.5"
lfw_00355,data/raw/images/lfw_00355.jpg,FACE_TOO_ANGLED_OR_SMALL,"Pose out of frontal band (|yaw|<=15.0, |pitch|<=15.0): yaw=-17.5, pitch=-15.0"
lfw_00356,data/raw/images/lfw_00356.jpg,FACE_TOO_ANGLED_OR_SMALL,"Pose out of frontal band (|yaw|<=15.0, |pitch|<=15.0): yaw=30.8, pitch=-27.6"
lfw_00357,data/raw/images/lfw_00357.jpg,FACE_TOO_ANGLED_OR_SMALL,"Pose out of frontal band (|yaw|<=15.0, |pitch|<=15.0): yaw=12.8, pitch=-34.4"
lfw_00358,data/raw/images/lfw_00358.jpg,FACE_TOO_ANGLED_OR_SMALL,"Pose out of frontal band (|yaw|<=15.0, |pitch|<=15.0): yaw=12.9, pitch=-20.8"
lfw_00360,data/raw/images/lfw_00360.jpg,MULTIPLE_FACES_DETECTED,
lfw_00361,data/raw/images/lfw_00361.jpg,FACE_TOO_ANGLED_OR_SMALL,"Pose out of frontal band (|yaw|<=15.0, |pitch|<=15.0): yaw=5.4, pitch=-31.3"
lfw_00362,data/raw/images/lfw_00362.jpg,FACE_TOO_ANGLED_OR_SMALL,"Pose out of frontal band (|yaw|<=15.0, |pitch|<=15.0): yaw=12.2, pitch=-20.7"
lfw_00363,data/raw/images/lfw_00363.jpg,FACE_TOO_ANGLED_OR_SMALL,"Pose out of frontal band (|yaw|<=15.0, |pitch|<=15.0): yaw=29.4, pitch=-24.9"
lfw_00364,data/raw/images/lfw_00364.jpg,FACE_TOO_ANGLED_OR_SMALL,"Pose out of frontal band (|yaw|<=15.0, |pitch|<=15.0): yaw=21.1, pitch=-15.6"
lfw_00365,data/raw/images/lfw_00365.jpg,MULTIPLE_FACES_DETECTED,
lfw_00366,data/raw/images/lfw_00366.jpg,FACE_TOO_ANGLED_OR_SMALL,"Pose out of frontal band (|yaw|<=15.0, |pitch|<=15.0): yaw=-7.5, pitch=-32.7"
lfw_00367,data/raw/images/lfw_00367.jpg,FACE_TOO_ANGLED_OR_SMALL,"Pose out of frontal band (|yaw|<=15.0, |pitch|<=15.0): yaw=-2.1, pitch=-34.4"
lfw_00369,data/raw/images/lfw_00369.jpg,FACE_TOO_ANGLED_OR_SMALL,"Pose out of frontal band (|yaw|<=15.0, |pitch|<=15.0): yaw=8.3, pitch=-20.1"
lfw_00370,data/raw/images/lfw_00370.jpg,FACE_TOO_ANGLED_OR_SMALL,"Pose out of frontal band (|yaw|<=15.0, |pitch|<=15.0): yaw=-14.6, pitch=-31.4"
lfw_00371,data/raw/images/lfw_00371.jpg,FACE_TOO_ANGLED_OR_SMALL,"Pose out of frontal band (|yaw|<=15.0, |pitch|<=15.0): yaw=-19.1, pitch=-34.2"
lfw_00372,data/raw/images/lfw_00372.jpg,FACE_TOO_ANGLED_OR_SMALL,"Pose out of frontal band (|yaw|<=15.0, |pitch|<=15.0): yaw=-36.9, pitch=-6.5"
lfw_00375,data/raw/images/lfw_00375.jpg,FACE_TOO_ANGLED_OR_SMALL,"Pose out of frontal band (|yaw|<=15.0, |pitch|<=15.0): yaw=3.6, pitch=-22.0"
lfw_00376,data/raw/images/lfw_00376.jpg,FACE_TOO_ANGLED_OR_SMALL,"Pose out of frontal band (|yaw|<=15.0, |pitch|<=15.0): yaw=21.6, pitch=-43.8"
lfw_00377,data/raw/images/lfw_00377.jpg,FACE_TOO_ANGLED_OR_SMALL,"Pose out of frontal band (|yaw|<=15.0, |pitch|<=15.0): yaw=30.6, pitch=-2.8"
lfw_00378,data/raw/images/lfw_00378.jpg,FACE_TOO_ANGLED_OR_SMALL,"Pose out of frontal band (|yaw|<=15.0, |pitch|<=15.0): yaw=29.5, pitch=-0.5"
lfw_00379,data/raw/images/lfw_00379.jpg,FACE_TOO_ANGLED_OR_SMALL,"Pose out of frontal band (|yaw|<=15.0, |pitch|<=15.0): yaw=-15.5, pitch=-15.6"
lfw_00380,data/raw/images/lfw_00380.jpg,FACE_TOO_ANGLED_OR_SMALL,"Pose out of frontal band (|yaw|<=15.0, |pitch|<=15.0): yaw=-64.0, pitch=-34.9"
lfw_00381,data/raw/images/lfw_00381.jpg,FACE_TOO_ANGLED_OR_SMALL,"Pose out of frontal band (|yaw|<=15.0, |pitch|<=15.0): yaw=-29.0, pitch=-18.2"
lfw_00382,data/raw/images/lfw_00382.jpg,MULTIPLE_FACES_DETECTED,
lfw_00383,data/raw/images/lfw_00383.jpg,FACE_TOO_ANGLED_OR_SMALL,"Pose out of frontal band (|yaw|<=15.0, |pitch|<=15.0): yaw=-70.5, pitch=-31.8"
lfw_00384,data/raw/images/lfw_00384.jpg,FACE_TOO_ANGLED_OR_SMALL,"Pose out of frontal band (|yaw|<=15.0, |pitch|<=15.0): yaw=-40.7, pitch=-33.6"
lfw_00385,data/raw/images/lfw_00385.jpg,FACE_TOO_ANGLED_OR_SMALL,"Pose out of frontal band (|yaw|<=15.0, |pitch|<=15.0): yaw=-27.4, pitch=-21.2"
lfw_00386,data/raw/images/lfw_00386.jpg,FACE_TOO_ANGLED_OR_SMALL,"Pose out of frontal band (|yaw|<=15.0, |pitch|<=15.0): yaw=18.0, pitch=-54.6"
lfw_00387,data/raw/images/lfw_00387.jpg,FACE_TOO_ANGLED_OR_SMALL,"Pose out of frontal band (|yaw|<=15.0, |pitch|<=15.0): yaw=-14.0, pitch=-30.5"
lfw_00388,data/raw/images/lfw_00388.jpg,FACE_TOO_ANGLED_OR_SMALL,"Pose out of frontal band (|yaw|<=15.0, |pitch|<=15.0): yaw=-29.1, pitch=-12.0"
lfw_00389,data/raw/images/lfw_00389.jpg,FACE_TOO_ANGLED_OR_SMALL,"Pose out of frontal band (|yaw|<=15.0, |pitch|<=15.0): yaw=15.2, pitch=-17.2"
lfw_00390,data/raw/images/lfw_00390.jpg,FACE_TOO_ANGLED_OR_SMALL,"Pose out of frontal band (|yaw|<=15.0, |pitch|<=15.0): yaw=-10.3, pitch=-21.1"
lfw_00391,data/raw/images/lfw_00391.jpg,FACE_TOO_ANGLED_OR_SMALL,"Pose out of frontal band (|yaw|<=15.0, |pitch|<=15.0): yaw=4.0, pitch=-21.6"
lfw_00392,data/raw/images/lfw_00392.jpg,MULTIPLE_FACES_DETECTED,
lfw_00393,data/raw/images/lfw_00393.jpg,FACE_TOO_ANGLED_OR_SMALL,"Pose out of frontal band (|yaw|<=15.0, |pitch|<=15.0): yaw=-16.2, pitch=-31.0"
lfw_00394,data/raw/images/lfw_00394.jpg,FACE_TOO_ANGLED_OR_SMALL,"Pose out of frontal band (|yaw|<=15.0, |pitch|<=15.0): yaw=-2.1, pitch=-17.8"
lfw_00395,data/raw/images/lfw_00395.jpg,FACE_TOO_ANGLED_OR_SMALL,"Pose out of frontal band (|yaw|<=15.0, |pitch|<=15.0): yaw=-35.8, pitch=-13.2"
lfw_00396,data/raw/images/lfw_00396.jpg,FACE_TOO_ANGLED_OR_SMALL,"Pose out of frontal band (|yaw|<=15.0, |pitch|<=15.0): yaw=0.5, pitch=-20.1"
lfw_00397,data/raw/images/lfw_00397.jpg,FACE_TOO_ANGLED_OR_SMALL,"Pose out of frontal band (|yaw|<=15.0, |pitch|<=15.0): yaw=3.9, pitch=-31.0"
lfw_00398,data/raw/images/lfw_00398.jpg,FACE_TOO_ANGLED_OR_SMALL,"Pose out of frontal band (|yaw|<=15.0, |pitch|<=15.0): yaw=-52.5, pitch=-29.9"
lfw_00399,data/raw/images/lfw_00399.jpg,FACE_TOO_ANGLED_OR_SMALL,"Pose out of frontal band (|yaw|<=15.0, |pitch|<=15.0): yaw=-33.8, pitch=-27.5"
lfw_00400,data/raw/images/lfw_00400.jpg,FACE_TOO_ANGLED_OR_SMALL,"Pose out of frontal band (|yaw|<=15.0, |pitch|<=15.0): yaw=14.0, pitch=-23.2"
lfw_00401,data/raw/images/lfw_00401.jpg,FACE_TOO_ANGLED_OR_SMALL,"Pose out of frontal band (|yaw|<=15.0, |pitch|<=15.0): yaw=19.7, pitch=-32.6"
lfw_00402,data/raw/images/lfw_00402.jpg,FACE_TOO_ANGLED_OR_SMALL,"Pose out of frontal band (|yaw|<=15.0, |pitch|<=15.0): yaw=35.7, pitch=-18.4"
lfw_00403,data/raw/images/lfw_00403.jpg,MULTIPLE_FACES_DETECTED,
lfw_00404,data/raw/images/lfw_00404.jpg,MULTIPLE_FACES_DETECTED,
lfw_00405,data/raw/images/lfw_00405.jpg,MULTIPLE_FACES_DETECTED,
lfw_00406,data/raw/images/lfw_00406.jpg,FACE_TOO_ANGLED_OR_SMALL,"Pose out of frontal band (|yaw|<=15.0, |pitch|<=15.0): yaw=14.4, pitch=-28.4"
lfw_00407,data/raw/images/lfw_00407.jpg,FACE_TOO_ANGLED_OR_SMALL,"Pose out of frontal band (|yaw|<=15.0, |pitch|<=15.0): yaw=-4.9, pitch=-33.9"
lfw_00408,data/raw/images/lfw_00408.jpg,FACE_TOO_ANGLED_OR_SMALL,"Pose out of frontal band (|yaw|<=15.0, |pitch|<=15.0): yaw=-34.4, pitch=-33.7"
lfw_00409,data/raw/images/lfw_00409.jpg,FACE_TOO_ANGLED_OR_SMALL,"Pose out of frontal band (|yaw|<=15.0, |pitch|<=15.0): yaw=-4.3, pitch=-32.2"
lfw_00411,data/raw/images/lfw_00411.jpg,FACE_TOO_ANGLED_OR_SMALL,"Pose out of frontal band (|yaw|<=15.0, |pitch|<=15.0): yaw=19.2, pitch=-25.5"
lfw_00412,data/raw/images/lfw_00412.jpg,FACE_TOO_ANGLED_OR_SMALL,"Pose out of frontal band (|yaw|<=15.0, |pitch|<=15.0): yaw=-8.2, pitch=-17.0"
lfw_00413,data/raw/images/lfw_00413.jpg,FACE_TOO_ANGLED_OR_SMALL,"Pose out of frontal band (|yaw|<=15.0, |pitch|<=15.0): yaw=33.6, pitch=-17.8"
lfw_00414,data/raw/images/lfw_00414.jpg,MULTIPLE_FACES_DETECTED,
lfw_00415,data/raw/images/lfw_00415.jpg,MULTIPLE_FACES_DETECTED,
lfw_00417,data/raw/images/lfw_00417.jpg,FACE_TOO_ANGLED_OR_SMALL,"Pose out of frontal band (|yaw|<=15.0, |pitch|<=15.0): yaw=-1.7, pitch=-17.9"
lfw_00418,data/raw/images/lfw_00418.jpg,FACE_TOO_ANGLED_OR_SMALL,"Pose out of frontal band (|yaw|<=15.0, |pitch|<=15.0): yaw=-24.2, pitch=-30.4"
lfw_00419,data/raw/images/lfw_00419.jpg,MULTIPLE_FACES_DETECTED,
lfw_00420,data/raw/images/lfw_00420.jpg,FACE_TOO_ANGLED_OR_SMALL,"Pose out of frontal band (|yaw|<=15.0, |pitch|<=15.0): yaw=53.8, pitch=-25.9"
lfw_00421,data/raw/images/lfw_00421.jpg,FACE_TOO_ANGLED_OR_SMALL,"Pose out of frontal band (|yaw|<=15.0, |pitch|<=15.0): yaw=-4.2, pitch=-31.1"
lfw_00422,data/raw/images/lfw_00422.jpg,FACE_TOO_ANGLED_OR_SMALL,"Pose out of frontal band (|yaw|<=15.0, |pitch|<=15.0): yaw=12.0, pitch=-21.9"
lfw_00423,data/raw/images/lfw_00423.jpg,MULTIPLE_FACES_DETECTED,
lfw_00425,data/raw/images/lfw_00425.jpg,FACE_TOO_ANGLED_OR_SMALL,"Pose out of frontal band (|yaw|<=15.0, |pitch|<=15.0): yaw=-24.1, pitch=-20.2"
lfw_00427,data/raw/images/lfw_00427.jpg,FACE_TOO_ANGLED_OR_SMALL,"Pose out of frontal band (|yaw|<=15.0, |pitch|<=15.0): yaw=9.5, pitch=-30.7"
lfw_00429,data/raw/images/lfw_00429.jpg,FACE_TOO_ANGLED_OR_SMALL,"Pose out of frontal band (|yaw|<=15.0, |pitch|<=15.0): yaw=29.2, pitch=-23.6"
lfw_00430,data/raw/images/lfw_00430.jpg,FACE_TOO_ANGLED_OR_SMALL,"Pose out of frontal band (|yaw|<=15.0, |pitch|<=15.0): yaw=-6.3, pitch=-32.5"
lfw_00431,data/raw/images/lfw_00431.jpg,FACE_TOO_ANGLED_OR_SMALL,"Pose out of frontal band (|yaw|<=15.0, |pitch|<=15.0): yaw=-38.5, pitch=-13.3"
lfw_00432,data/raw/images/lfw_00432.jpg,FACE_TOO_ANGLED_OR_SMALL,"Pose out of frontal band (|yaw|<=15.0, |pitch|<=15.0): yaw=5.6, pitch=-17.7"
lfw_00433,data/raw/images/lfw_00433.jpg,FACE_TOO_ANGLED_OR_SMALL,"Pose out of frontal band (|yaw|<=15.0, |pitch|<=15.0): yaw=-15.9, pitch=-23.0"
lfw_00434,data/raw/images/lfw_00434.jpg,FACE_TOO_ANGLED_OR_SMALL,"Pose out of frontal band (|yaw|<=15.0, |pitch|<=15.0): yaw=12.7, pitch=-30.5"
lfw_00435,data/raw/images/lfw_00435.jpg,FACE_TOO_ANGLED_OR_SMALL,"Pose out of frontal band (|yaw|<=15.0, |pitch|<=15.0): yaw=25.4, pitch=-31.1"
lfw_00436,data/raw/images/lfw_00436.jpg,FACE_TOO_ANGLED_OR_SMALL,"Pose out of frontal band (|yaw|<=15.0, |pitch|<=15.0): yaw=4.9, pitch=-22.5"
lfw_00437,data/raw/images/lfw_00437.jpg,FACE_TOO_ANGLED_OR_SMALL,"Pose out of frontal band (|yaw|<=15.0, |pitch|<=15.0): yaw=-15.6, pitch=-29.0"
lfw_00438,data/raw/images/lfw_00438.jpg,FACE_TOO_ANGLED_OR_SMALL,"Pose out of frontal band (|yaw|<=15.0, |pitch|<=15.0): yaw=-53.7, pitch=-15.0"
lfw_00439,data/raw/images/lfw_00439.jpg,FACE_TOO_ANGLED_OR_SMALL,"Pose out of frontal band (|yaw|<=15.0, |pitch|<=15.0): yaw=-25.3, pitch=-17.3"
lfw_00440,data/raw/images/lfw_00440.jpg,MULTIPLE_FACES_DETECTED,
lfw_00441,data/raw/images/lfw_00441.jpg,FACE_TOO_ANGLED_OR_SMALL,"Pose out of frontal band (|yaw|<=15.0, |pitch|<=15.0): yaw=23.9, pitch=-30.3"
lfw_00442,data/raw/images/lfw_00442.jpg,MULTIPLE_FACES_DETECTED,
lfw_00443,data/raw/images/lfw_00443.jpg,FACE_TOO_ANGLED_OR_SMALL,"Pose out of frontal band (|yaw|<=15.0, |pitch|<=15.0): yaw=15.8, pitch=-36.7"
lfw_00444,data/raw/images/lfw_00444.jpg,FACE_TOO_ANGLED_OR_SMALL,"Pose out of frontal band (|yaw|<=15.0, |pitch|<=15.0): yaw=16.7, pitch=-25.5"
lfw_00445,data/raw/images/lfw_00445.jpg,FACE_TOO_ANGLED_OR_SMALL,"Pose out of frontal band (|yaw|<=15.0, |pitch|<=15.0): yaw=-10.6, pitch=-22.3"
lfw_00446,data/raw/images/lfw_00446.jpg,FACE_TOO_ANGLED_OR_SMALL,"Pose out of frontal band (|yaw|<=15.0, |pitch|<=15.0): yaw=35.5, pitch=-23.7"
lfw_00447,data/raw/images/lfw_00447.jpg,FACE_TOO_ANGLED_OR_SMALL,"Pose out of frontal band (|yaw|<=15.0, |pitch|<=15.0): yaw=-19.2, pitch=-18.1"
lfw_00449,data/raw/images/lfw_00449.jpg,MULTIPLE_FACES_DETECTED,
lfw_00450,data/raw/images/lfw_00450.jpg,FACE_TOO_ANGLED_OR_SMALL,"Pose out of frontal band (|yaw|<=15.0, |pitch|<=15.0): yaw=39.8, pitch=-17.2"
lfw_00451,data/raw/images/lfw_00451.jpg,FACE_TOO_ANGLED_OR_SMALL,"Pose out of frontal band (|yaw|<=15.0, |pitch|<=15.0): yaw=71.3, pitch=-21.8"
lfw_00452,data/raw/images/lfw_00452.jpg,FACE_TOO_ANGLED_OR_SMALL,"Pose out of frontal band (|yaw|<=15.0, |pitch|<=15.0): yaw=17.2, pitch=-13.3"
lfw_00453,data/raw/images/lfw_00453.jpg,FACE_TOO_ANGLED_OR_SMALL,"Pose out of frontal band (|yaw|<=15.0, |pitch|<=15.0): yaw=23.6, pitch=-11.0"
lfw_00454,data/raw/images/lfw_00454.jpg,MULTIPLE_FACES_DETECTED,
lfw_00455,data/raw/images/lfw_00455.jpg,FACE_TOO_ANGLED_OR_SMALL,"Pose out of frontal band (|yaw|<=15.0, |pitch|<=15.0): yaw=32.4, pitch=-37.0"
lfw_00457,data/raw/images/lfw_00457.jpg,FACE_TOO_ANGLED_OR_SMALL,"Pose out of frontal band (|yaw|<=15.0, |pitch|<=15.0): yaw=-51.2, pitch=-32.8"
lfw_00458,data/raw/images/lfw_00458.jpg,FACE_TOO_ANGLED_OR_SMALL,"Pose out of frontal band (|yaw|<=15.0, |pitch|<=15.0): yaw=-62.5, pitch=-33.3"
lfw_00459,data/raw/images/lfw_00459.jpg,FACE_TOO_ANGLED_OR_SMALL,"Pose out of frontal band (|yaw|<=15.0, |pitch|<=15.0): yaw=-7.1, pitch=-15.1"
lfw_00460,data/raw/images/lfw_00460.jpg,FACE_TOO_ANGLED_OR_SMALL,"Pose out of frontal band (|yaw|<=15.0, |pitch|<=15.0): yaw=-7.6, pitch=-25.3"
lfw_00461,data/raw/images/lfw_00461.jpg,FACE_TOO_ANGLED_OR_SMALL,"Pose out of frontal band (|yaw|<=15.0, |pitch|<=15.0): yaw=4.4, pitch=-16.9"
lfw_00462,data/raw/images/lfw_00462.jpg,FACE_TOO_ANGLED_OR_SMALL,"Pose out of frontal band (|yaw|<=15.0, |pitch|<=15.0): yaw=50.1, pitch=-24.6"
lfw_00463,data/raw/images/lfw_00463.jpg,FACE_TOO_ANGLED_OR_SMALL,"Pose out of frontal band (|yaw|<=15.0, |pitch|<=15.0): yaw=-11.6, pitch=-31.8"
lfw_00464,data/raw/images/lfw_00464.jpg,FACE_TOO_ANGLED_OR_SMALL,"Pose out of frontal band (|yaw|<=15.0, |pitch|<=15.0): yaw=-5.9, pitch=-16.2"
lfw_00465,data/raw/images/lfw_00465.jpg,FACE_TOO_ANGLED_OR_SMALL,"Pose out of frontal band (|yaw|<=15.0, |pitch|<=15.0): yaw=-32.4, pitch=-26.3"
lfw_00466,data/raw/images/lfw_00466.jpg,FACE_TOO_ANGLED_OR_SMALL,"Pose out of frontal band (|yaw|<=15.0, |pitch|<=15.0): yaw=-4.0, pitch=-26.6"
lfw_00467,data/raw/images/lfw_00467.jpg,FACE_TOO_ANGLED_OR_SMALL,"Pose out of frontal band (|yaw|<=15.0, |pitch|<=15.0): yaw=-11.9, pitch=-45.8"
lfw_00468,data/raw/images/lfw_00468.jpg,FACE_TOO_ANGLED_OR_SMALL,"Pose out of frontal band (|yaw|<=15.0, |pitch|<=15.0): yaw=24.8, pitch=-46.6"
lfw_00469,data/raw/images/lfw_00469.jpg,FACE_TOO_ANGLED_OR_SMALL,"Pose out of frontal band (|yaw|<=15.0, |pitch|<=15.0): yaw=27.8, pitch=-20.0"
lfw_00470,data/raw/images/lfw_00470.jpg,FACE_TOO_ANGLED_OR_SMALL,"Pose out of frontal band (|yaw|<=15.0, |pitch|<=15.0): yaw=-22.6, pitch=-37.5"
lfw_00471,data/raw/images/lfw_00471.jpg,FACE_TOO_ANGLED_OR_SMALL,"Pose out of frontal band (|yaw|<=15.0, |pitch|<=15.0): yaw=-14.1, pitch=-24.5"
lfw_00472,data/raw/images/lfw_00472.jpg,FACE_TOO_ANGLED_OR_SMALL,"Pose out of frontal band (|yaw|<=15.0, |pitch|<=15.0): yaw=-21.1, pitch=-17.1"
lfw_00474,data/raw/images/lfw_00474.jpg,FACE_TOO_ANGLED_OR_SMALL,"Pose out of frontal band (|yaw|<=15.0, |pitch|<=15.0): yaw=-14.7, pitch=-27.5"
lfw_00475,data/raw/images/lfw_00475.jpg,FACE_TOO_ANGLED_OR_SMALL,"Pose out of frontal band (|yaw|<=15.0, |pitch|<=15.0): yaw=-28.1, pitch=-33.1"
lfw_00476,data/raw/images/lfw_00476.jpg,FACE_TOO_ANGLED_OR_SMALL,"Pose out of frontal band (|yaw|<=15.0, |pitch|<=15.0): yaw=-20.3, pitch=-20.8"
lfw_00477,data/raw/images/lfw_00477.jpg,FACE_TOO_ANGLED_OR_SMALL,"Pose out of frontal band (|yaw|<=15.0, |pitch|<=15.0): yaw=70.2, pitch=-14.1"
lfw_00479,data/raw/images/lfw_00479.jpg,FACE_TOO_ANGLED_OR_SMALL,"Pose out of frontal band (|yaw|<=15.0, |pitch|<=15.0): yaw=15.7, pitch=-28.2"
lfw_00480,data/raw/images/lfw_00480.jpg,FACE_TOO_ANGLED_OR_SMALL,"Pose out of frontal band (|yaw|<=15.0, |pitch|<=15.0): yaw=-8.5, pitch=-75.0"
lfw_00481,data/raw/images/lfw_00481.jpg,FACE_TOO_ANGLED_OR_SMALL,"Pose out of frontal band (|yaw|<=15.0, |pitch|<=15.0): yaw=-16.0, pitch=-28.8"
lfw_00482,data/raw/images/lfw_00482.jpg,FACE_TOO_ANGLED_OR_SMALL,"Pose out of frontal band (|yaw|<=15.0, |pitch|<=15.0): yaw=3.5, pitch=-19.4"
lfw_00483,data/raw/images/lfw_00483.jpg,FACE_TOO_ANGLED_OR_SMALL,"Pose out of frontal band (|yaw|<=15.0, |pitch|<=15.0): yaw=-3.4, pitch=-29.8"
lfw_00484,data/raw/images/lfw_00484.jpg,FACE_TOO_ANGLED_OR_SMALL,"Pose out of frontal band (|yaw|<=15.0, |pitch|<=15.0): yaw=-27.3, pitch=-45.0"
lfw_00485,data/raw/images/lfw_00485.jpg,FACE_TOO_ANGLED_OR_SMALL,"Pose out of frontal band (|yaw|<=15.0, |pitch|<=15.0): yaw=32.8, pitch=-18.8"
lfw_00486,data/raw/images/lfw_00486.jpg,FACE_TOO_ANGLED_OR_SMALL,"Pose out of frontal band (|yaw|<=15.0, |pitch|<=15.0): yaw=13.0, pitch=-27.8"
lfw_00487,data/raw/images/lfw_00487.jpg,FACE_TOO_ANGLED_OR_SMALL,"Pose out of frontal band (|yaw|<=15.0, |pitch|<=15.0): yaw=3.9, pitch=-16.8"
lfw_00488,data/raw/images/lfw_00488.jpg,FACE_TOO_ANGLED_OR_SMALL,"Pose out of frontal band (|yaw|<=15.0, |pitch|<=15.0): yaw=-31.7, pitch=-19.9"
lfw_00489,data/raw/images/lfw_00489.jpg,FACE_TOO_ANGLED_OR_SMALL,"Pose out of frontal band (|yaw|<=15.0, |pitch|<=15.0): yaw=29.0, pitch=-16.9"
lfw_00490,data/raw/images/lfw_00490.jpg,FACE_TOO_ANGLED_OR_SMALL,"Pose out of frontal band (|yaw|<=15.0, |pitch|<=15.0): yaw=38.1, pitch=-19.0"
lfw_00491,data/raw/images/lfw_00491.jpg,FACE_TOO_ANGLED_OR_SMALL,"Pose out of frontal band (|yaw|<=15.0, |pitch|<=15.0): yaw=-18.5, pitch=-24.7"
lfw_00492,data/raw/images/lfw_00492.jpg,FACE_TOO_ANGLED_OR_SMALL,"Pose out of frontal band (|yaw|<=15.0, |pitch|<=15.0): yaw=-36.8, pitch=-29.0"
lfw_00493,data/raw/images/lfw_00493.jpg,FACE_TOO_ANGLED_OR_SMALL,"Pose out of frontal band (|yaw|<=15.0, |pitch|<=15.0): yaw=-16.4, pitch=-33.0"
lfw_00494,data/raw/images/lfw_00494.jpg,FACE_TOO_ANGLED_OR_SMALL,"Pose out of frontal band (|yaw|<=15.0, |pitch|<=15.0): yaw=-13.5, pitch=-38.1"
lfw_00495,data/raw/images/lfw_00495.jpg,MULTIPLE_FACES_DETECTED,
lfw_00496,data/raw/images/lfw_00496.jpg,FACE_TOO_ANGLED_OR_SMALL,"Pose out of frontal band (|yaw|<=15.0, |pitch|<=15.0): yaw=8.8, pitch=-17.6"
lfw_00497,data/raw/images/lfw_00497.jpg,FACE_TOO_ANGLED_OR_SMALL,"Pose out of frontal band (|yaw|<=15.0, |pitch|<=15.0): yaw=14.6, pitch=-37.0"
lfw_00499,data/raw/images/lfw_00499.jpg,FACE_TOO_ANGLED_OR_SMALL,"Pose out of frontal band (|yaw|<=15.0, |pitch|<=15.0): yaw=29.2, pitch=-11.9"
lfw_00500,data/raw/images/lfw_00500.jpg,FACE_TOO_ANGLED_OR_SMALL,"Pose out of frontal band (|yaw|<=15.0, |pitch|<=15.0): yaw=-3.2, pitch=-23.8"
lfw_00501,data/raw/images/lfw_00501.jpg,FACE_TOO_ANGLED_OR_SMALL,"Pose out of frontal band (|yaw|<=15.0, |pitch|<=15.0): yaw=-29.9, pitch=-33.9"
lfw_00502,data/raw/images/lfw_00502.jpg,FACE_TOO_ANGLED_OR_SMALL,"Pose out of frontal band (|yaw|<=15.0, |pitch|<=15.0): yaw=-4.7, pitch=-25.6"
lfw_00503,data/raw/images/lfw_00503.jpg,FACE_TOO_ANGLED_OR_SMALL,"Pose out of frontal band (|yaw|<=15.0, |pitch|<=15.0): yaw=-18.9, pitch=-56.5"
lfw_00504,data/raw/images/lfw_00504.jpg,FACE_TOO_ANGLED_OR_SMALL,"Pose out of frontal band (|yaw|<=15.0, |pitch|<=15.0): yaw=-27.8, pitch=-13.8"
lfw_00505,data/raw/images/lfw_00505.jpg,FACE_TOO_ANGLED_OR_SMALL,"Pose out of frontal band (|yaw|<=15.0, |pitch|<=15.0): yaw=-32.2, pitch=-24.6"
lfw_00507,data/raw/images/lfw_00507.jpg,FACE_TOO_ANGLED_OR_SMALL,"Pose out of frontal band (|yaw|<=15.0, |pitch|<=15.0): yaw=-48.2, pitch=-19.8"
lfw_00508,data/raw/images/lfw_00508.jpg,FACE_TOO_ANGLED_OR_SMALL,"Pose out of frontal band (|yaw|<=15.0, |pitch|<=15.0): yaw=-31.4, pitch=-13.4"
lfw_00509,data/raw/images/lfw_00509.jpg,FACE_TOO_ANGLED_OR_SMALL,"Pose out of frontal band (|yaw|<=15.0, |pitch|<=15.0): yaw=-1.0, pitch=-22.2"
lfw_00510,data/raw/images/lfw_00510.jpg,FACE_TOO_ANGLED_OR_SMALL,"Pose out of frontal band (|yaw|<=15.0, |pitch|<=15.0): yaw=-2.4, pitch=-15.4"
lfw_00511,data/raw/images/lfw_00511.jpg,FACE_TOO_ANGLED_OR_SMALL,"Pose out of frontal band (|yaw|<=15.0, |pitch|<=15.0): yaw=-8.1, pitch=-27.7"
lfw_00512,data/raw/images/lfw_00512.jpg,FACE_TOO_ANGLED_OR_SMALL,"Pose out of frontal band (|yaw|<=15.0, |pitch|<=15.0): yaw=8.3, pitch=-18.2"
lfw_00513,data/raw/images/lfw_00513.jpg,FACE_TOO_ANGLED_OR_SMALL,"Pose out of frontal band (|yaw|<=15.0, |pitch|<=15.0): yaw=-4.3, pitch=-42.5"
lfw_00514,data/raw/images/lfw_00514.jpg,FACE_TOO_ANGLED_OR_SMALL,"Pose out of frontal band (|yaw|<=15.0, |pitch|<=15.0): yaw=1.2, pitch=-22.2"
lfw_00515,data/raw/images/lfw_00515.jpg,FACE_TOO_ANGLED_OR_SMALL,"Pose out of frontal band (|yaw|<=15.0, |pitch|<=15.0): yaw=56.8, pitch=-13.8"
lfw_00516,data/raw/images/lfw_00516.jpg,FACE_TOO_ANGLED_OR_SMALL,"Pose out of frontal band (|yaw|<=15.0, |pitch|<=15.0): yaw=-2.6, pitch=-22.9"
lfw_00517,data/raw/images/lfw_00517.jpg,FACE_TOO_ANGLED_OR_SMALL,"Pose out of frontal band (|yaw|<=15.0, |pitch|<=15.0): yaw=-35.7, pitch=-16.1"
lfw_00518,data/raw/images/lfw_00518.jpg,FACE_TOO_ANGLED_OR_SMALL,"Pose out of frontal band (|yaw|<=15.0, |pitch|<=15.0): yaw=-49.0, pitch=-2.4"
lfw_00519,data/raw/images/lfw_00519.jpg,FACE_TOO_ANGLED_OR_SMALL,"Pose out of frontal band (|yaw|<=15.0, |pitch|<=15.0): yaw=-48.6, pitch=-16.4"
lfw_00520,data/raw/images/lfw_00520.jpg,FACE_TOO_ANGLED_OR_SMALL,"Pose out of frontal band (|yaw|<=15.0, |pitch|<=15.0): yaw=-1.0, pitch=-23.7"
lfw_00521,data/raw/images/lfw_00521.jpg,FACE_TOO_ANGLED_OR_SMALL,"Pose out of frontal band (|yaw|<=15.0, |pitch|<=15.0): yaw=22.3, pitch=-39.6"
lfw_00522,data/raw/images/lfw_00522.jpg,FACE_TOO_ANGLED_OR_SMALL,"Pose out of frontal band (|yaw|<=15.0, |pitch|<=15.0): yaw=-11.1, pitch=-27.2"
lfw_00523,data/raw/images/lfw_00523.jpg,FACE_TOO_ANGLED_OR_SMALL,"Pose out of frontal band (|yaw|<=15.0, |pitch|<=15.0): yaw=24.3, pitch=-15.1"
lfw_00524,data/raw/images/lfw_00524.jpg,FACE_TOO_ANGLED_OR_SMALL,"Pose out of frontal band (|yaw|<=15.0, |pitch|<=15.0): yaw=16.1, pitch=-16.8"
lfw_00525,data/raw/images/lfw_00525.jpg,FACE_TOO_ANGLED_OR_SMALL,"Pose out of frontal band (|yaw|<=15.0, |pitch|<=15.0): yaw=13.2, pitch=-19.3"
lfw_00527,data/raw/images/lfw_00527.jpg,FACE_TOO_ANGLED_OR_SMALL,"Pose out of frontal band (|yaw|<=15.0, |pitch|<=15.0): yaw=29.8, pitch=-21.5"
lfw_00528,data/raw/images/lfw_00528.jpg,FACE_TOO_ANGLED_OR_SMALL,"Pose out of frontal band (|yaw|<=15.0, |pitch|<=15.0): yaw=50.9, pitch=-19.6"
lfw_00529,data/raw/images/lfw_00529.jpg,FACE_TOO_ANGLED_OR_SMALL,"Pose out of frontal band (|yaw|<=15.0, |pitch|<=15.0): yaw=-16.2, pitch=-22.7"
lfw_00530,data/raw/images/lfw_00530.jpg,FACE_TOO_ANGLED_OR_SMALL,"Pose out of frontal band (|yaw|<=15.0, |pitch|<=15.0): yaw=55.3, pitch=-34.7"
lfw_00531,data/raw/images/lfw_00531.jpg,FACE_TOO_ANGLED_OR_SMALL,"Pose out of frontal band (|yaw|<=15.0, |pitch|<=15.0): yaw=1.6, pitch=-32.1"
lfw_00532,data/raw/images/lfw_00532.jpg,FACE_TOO_ANGLED_OR_SMALL,"Pose out of frontal band (|yaw|<=15.0, |pitch|<=15.0): yaw=-2.8, pitch=-15.7"
lfw_00533,data/raw/images/lfw_00533.jpg,FACE_TOO_ANGLED_OR_SMALL,"Pose out of frontal band (|yaw|<=15.0, |pitch|<=15.0): yaw=24.4, pitch=-32.7"
lfw_00534,data/raw/images/lfw_00534.jpg,FACE_TOO_ANGLED_OR_SMALL,"Pose out of frontal band (|yaw|<=15.0, |pitch|<=15.0): yaw=-65.2, pitch=-27.4"
lfw_00535,data/raw/images/lfw_00535.jpg,FACE_TOO_ANGLED_OR_SMALL,"Pose out of frontal band (|yaw|<=15.0, |pitch|<=15.0): yaw=-23.1, pitch=-34.0"
lfw_00537,data/raw/images/lfw_00537.jpg,FACE_TOO_ANGLED_OR_SMALL,"Pose out of frontal band (|yaw|<=15.0, |pitch|<=15.0): yaw=30.1, pitch=-30.3"
lfw_00538,data/raw/images/lfw_00538.jpg,FACE_TOO_ANGLED_OR_SMALL,"Pose out of frontal band (|yaw|<=15.0, |pitch|<=15.0): yaw=71.9, pitch=-26.0"
lfw_00539,data/raw/images/lfw_00539.jpg,FACE_TOO_ANGLED_OR_SMALL,"Pose out of frontal band (|yaw|<=15.0, |pitch|<=15.0): yaw=11.5, pitch=-28.0"
lfw_00540,data/raw/images/lfw_00540.jpg,FACE_TOO_ANGLED_OR_SMALL,"Pose out of frontal band (|yaw|<=15.0, |pitch|<=15.0): yaw=16.4, pitch=-55.8"
lfw_00541,data/raw/images/lfw_00541.jpg,FACE_TOO_ANGLED_OR_SMALL,"Pose out of frontal band (|yaw|<=15.0, |pitch|<=15.0): yaw=14.7, pitch=-25.2"
lfw_00542,data/raw/images/lfw_00542.jpg,FACE_TOO_ANGLED_OR_SMALL,"Pose out of frontal band (|yaw|<=15.0, |pitch|<=15.0): yaw=39.2, pitch=-33.7"
lfw_00545,data/raw/images/lfw_00545.jpg,FACE_TOO_ANGLED_OR_SMALL,"Pose out of frontal band (|yaw|<=15.0, |pitch|<=15.0): yaw=4.9, pitch=-23.6"
lfw_00546,data/raw/images/lfw_00546.jpg,FACE_TOO_ANGLED_OR_SMALL,"Pose out of frontal band (|yaw|<=15.0, |pitch|<=15.0): yaw=7.7, pitch=-15.5"
lfw_00547,data/raw/images/lfw_00547.jpg,FACE_TOO_ANGLED_OR_SMALL,"Pose out of frontal band (|yaw|<=15.0, |pitch|<=15.0): yaw=-6.6, pitch=-18.6"
lfw_00548,data/raw/images/lfw_00548.jpg,FACE_TOO_ANGLED_OR_SMALL,"Pose out of frontal band (|yaw|<=15.0, |pitch|<=15.0): yaw=-4.7, pitch=-18.4"
lfw_00549,data/raw/images/lfw_00549.jpg,FACE_TOO_ANGLED_OR_SMALL,"Pose out of frontal band (|yaw|<=15.0, |pitch|<=15.0): yaw=11.0, pitch=-33.2"
lfw_00550,data/raw/images/lfw_00550.jpg,FACE_TOO_ANGLED_OR_SMALL,"Pose out of frontal band (|yaw|<=15.0, |pitch|<=15.0): yaw=-3.0, pitch=-16.3"
lfw_00551,data/raw/images/lfw_00551.jpg,FACE_TOO_ANGLED_OR_SMALL,"Pose out of frontal band (|yaw|<=15.0, |pitch|<=15.0): yaw=-13.6, pitch=-34.7"
lfw_00552,data/raw/images/lfw_00552.jpg,FACE_TOO_ANGLED_OR_SMALL,"Pose out of frontal band (|yaw|<=15.0, |pitch|<=15.0): yaw=-21.1, pitch=-24.3"
lfw_00553,data/raw/images/lfw_00553.jpg,FACE_TOO_ANGLED_OR_SMALL,"Pose out of frontal band (|yaw|<=15.0, |pitch|<=15.0): yaw=-2.2, pitch=-31.4"
lfw_00554,data/raw/images/lfw_00554.jpg,FACE_TOO_ANGLED_OR_SMALL,"Pose out of frontal band (|yaw|<=15.0, |pitch|<=15.0): yaw=-9.3, pitch=-32.6"
lfw_00555,data/raw/images/lfw_00555.jpg,FACE_TOO_ANGLED_OR_SMALL,"Pose out of frontal band (|yaw|<=15.0, |pitch|<=15.0): yaw=4.7, pitch=-25.3"
lfw_00556,data/raw/images/lfw_00556.jpg,FACE_TOO_ANGLED_OR_SMALL,"Pose out of frontal band (|yaw|<=15.0, |pitch|<=15.0): yaw=18.5, pitch=-13.8"
lfw_00557,data/raw/images/lfw_00557.jpg,FACE_TOO_ANGLED_OR_SMALL,"Pose out of frontal band (|yaw|<=15.0, |pitch|<=15.0): yaw=-8.2, pitch=-22.7"
lfw_00558,data/raw/images/lfw_00558.jpg,FACE_TOO_ANGLED_OR_SMALL,"Pose out of frontal band (|yaw|<=15.0, |pitch|<=15.0): yaw=-5.6, pitch=-17.3"
lfw_00559,data/raw/images/lfw_00559.jpg,FACE_TOO_ANGLED_OR_SMALL,"Pose out of frontal band (|yaw|<=15.0, |pitch|<=15.0): yaw=38.6, pitch=-27.3"
lfw_00560,data/raw/images/lfw_00560.jpg,FACE_TOO_ANGLED_OR_SMALL,"Pose out of frontal band (|yaw|<=15.0, |pitch|<=15.0): yaw=30.0, pitch=-17.6"
lfw_00561,data/raw/images/lfw_00561.jpg,FACE_TOO_ANGLED_OR_SMALL,"Pose out of frontal band (|yaw|<=15.0, |pitch|<=15.0): yaw=1.3, pitch=-34.0"
lfw_00562,data/raw/images/lfw_00562.jpg,FACE_TOO_ANGLED_OR_SMALL,"Pose out of frontal band (|yaw|<=15.0, |pitch|<=15.0): yaw=6.2, pitch=-27.2"
lfw_00563,data/raw/images/lfw_00563.jpg,FACE_TOO_ANGLED_OR_SMALL,"Pose out of frontal band (|yaw|<=15.0, |pitch|<=15.0): yaw=-20.8, pitch=-22.1"
lfw_00564,data/raw/images/lfw_00564.jpg,FACE_TOO_ANGLED_OR_SMALL,"Pose out of frontal band (|yaw|<=15.0, |pitch|<=15.0): yaw=-21.2, pitch=-39.4"
lfw_00566,data/raw/images/lfw_00566.jpg,FACE_TOO_ANGLED_OR_SMALL,"Pose out of frontal band (|yaw|<=15.0, |pitch|<=15.0): yaw=-51.1, pitch=-19.4"
lfw_00567,data/raw/images/lfw_00567.jpg,FACE_TOO_ANGLED_OR_SMALL,"Pose out of frontal band (|yaw|<=15.0, |pitch|<=15.0): yaw=-18.1, pitch=-18.3"
lfw_00568,data/raw/images/lfw_00568.jpg,FACE_TOO_ANGLED_OR_SMALL,"Pose out of frontal band (|yaw|<=15.0, |pitch|<=15.0): yaw=24.0, pitch=-21.3"
lfw_00569,data/raw/images/lfw_00569.jpg,FACE_TOO_ANGLED_OR_SMALL,"Pose out of frontal band (|yaw|<=15.0, |pitch|<=15.0): yaw=-2.6, pitch=-27.3"
lfw_00570,data/raw/images/lfw_00570.jpg,FACE_TOO_ANGLED_OR_SMALL,"Pose out of frontal band (|yaw|<=15.0, |pitch|<=15.0): yaw=7.9, pitch=-21.8"
lfw_00571,data/raw/images/lfw_00571.jpg,FACE_TOO_ANGLED_OR_SMALL,"Pose out of frontal band (|yaw|<=15.0, |pitch|<=15.0): yaw=1.1, pitch=-18.7"
lfw_00572,data/raw/images/lfw_00572.jpg,FACE_TOO_ANGLED_OR_SMALL,"Pose out of frontal band (|yaw|<=15.0, |pitch|<=15.0): yaw=0.0, pitch=-53.1"
lfw_00573,data/raw/images/lfw_00573.jpg,MULTIPLE_FACES_DETECTED,
lfw_00574,data/raw/images/lfw_00574.jpg,FACE_TOO_ANGLED_OR_SMALL,"Pose out of frontal band (|yaw|<=15.0, |pitch|<=15.0): yaw=16.2, pitch=-23.3"
lfw_00575,data/raw/images/lfw_00575.jpg,FACE_TOO_ANGLED_OR_SMALL,"Pose out of frontal band (|yaw|<=15.0, |pitch|<=15.0): yaw=-5.3, pitch=-22.3"
lfw_00576,data/raw/images/lfw_00576.jpg,MULTIPLE_FACES_DETECTED,
lfw_00577,data/raw/images/lfw_00577.jpg,MULTIPLE_FACES_DETECTED,
lfw_00578,data/raw/images/lfw_00578.jpg,FACE_TOO_ANGLED_OR_SMALL,"Pose out of frontal band (|yaw|<=15.0, |pitch|<=15.0): yaw=7.1, pitch=-41.7"
lfw_00579,data/raw/images/lfw_00579.jpg,FACE_TOO_ANGLED_OR_SMALL,"Pose out of frontal band (|yaw|<=15.0, |pitch|<=15.0): yaw=2.1, pitch=-18.9"
lfw_00580,data/raw/images/lfw_00580.jpg,FACE_TOO_ANGLED_OR_SMALL,"Pose out of frontal band (|yaw|<=15.0, |pitch|<=15.0): yaw=7.7, pitch=-27.4"
lfw_00581,data/raw/images/lfw_00581.jpg,FACE_TOO_ANGLED_OR_SMALL,"Pose out of frontal band (|yaw|<=15.0, |pitch|<=15.0): yaw=11.3, pitch=-26.4"
lfw_00582,data/raw/images/lfw_00582.jpg,FACE_TOO_ANGLED_OR_SMALL,"Pose out of frontal band (|yaw|<=15.0, |pitch|<=15.0): yaw=-10.8, pitch=-50.2"
lfw_00583,data/raw/images/lfw_00583.jpg,FACE_TOO_ANGLED_OR_SMALL,"Pose out of frontal band (|yaw|<=15.0, |pitch|<=15.0): yaw=18.3, pitch=-29.8"
lfw_00584,data/raw/images/lfw_00584.jpg,FACE_TOO_ANGLED_OR_SMALL,"Pose out of frontal band (|yaw|<=15.0, |pitch|<=15.0): yaw=6.4, pitch=-15.3"
lfw_00585,data/raw/images/lfw_00585.jpg,FACE_TOO_ANGLED_OR_SMALL,"Pose out of frontal band (|yaw|<=15.0, |pitch|<=15.0): yaw=29.0, pitch=-38.3"
lfw_00587,data/raw/images/lfw_00587.jpg,FACE_TOO_ANGLED_OR_SMALL,"Pose out of frontal band (|yaw|<=15.0, |pitch|<=15.0): yaw=37.2, pitch=-8.8"
lfw_00589,data/raw/images/lfw_00589.jpg,MULTIPLE_FACES_DETECTED,
lfw_00590,data/raw/images/lfw_00590.jpg,FACE_TOO_ANGLED_OR_SMALL,"Pose out of frontal band (|yaw|<=15.0, |pitch|<=15.0): yaw=-20.7, pitch=-37.5"
lfw_00591,data/raw/images/lfw_00591.jpg,FACE_TOO_ANGLED_OR_SMALL,"Pose out of frontal band (|yaw|<=15.0, |pitch|<=15.0): yaw=34.2, pitch=-23.6"
lfw_00592,data/raw/images/lfw_00592.jpg,FACE_TOO_ANGLED_OR_SMALL,"Pose out of frontal band (|yaw|<=15.0, |pitch|<=15.0): yaw=-39.1, pitch=-18.7"
lfw_00593,data/raw/images/lfw_00593.jpg,FACE_TOO_ANGLED_OR_SMALL,"Pose out of frontal band (|yaw|<=15.0, |pitch|<=15.0): yaw=31.1, pitch=-46.6"
lfw_00594,data/raw/images/lfw_00594.jpg,FACE_TOO_ANGLED_OR_SMALL,"Pose out of frontal band (|yaw|<=15.0, |pitch|<=15.0): yaw=25.1, pitch=-23.2"
lfw_00595,data/raw/images/lfw_00595.jpg,FACE_TOO_ANGLED_OR_SMALL,"Pose out of frontal band (|yaw|<=15.0, |pitch|<=15.0): yaw=-35.6, pitch=-21.0"
lfw_00596,data/raw/images/lfw_00596.jpg,FACE_TOO_ANGLED_OR_SMALL,"Pose out of frontal band (|yaw|<=15.0, |pitch|<=15.0): yaw=34.3, pitch=-23.6"
lfw_00597,data/raw/images/lfw_00597.jpg,FACE_TOO_ANGLED_OR_SMALL,"Pose out of frontal band (|yaw|<=15.0, |pitch|<=15.0): yaw=15.8, pitch=-30.3"
lfw_00599,data/raw/images/lfw_00599.jpg,MULTIPLE_FACES_DETECTED,
lfw_00600,data/raw/images/lfw_00600.jpg,FACE_TOO_ANGLED_OR_SMALL,"Pose out of frontal band (|yaw|<=15.0, |pitch|<=15.0): yaw=-33.6, pitch=-29.0"
lfw_00601,data/raw/images/lfw_00601.jpg,FACE_TOO_ANGLED_OR_SMALL,"Pose out of frontal band (|yaw|<=15.0, |pitch|<=15.0): yaw=31.9, pitch=-25.5"
lfw_00602,data/raw/images/lfw_00602.jpg,FACE_TOO_ANGLED_OR_SMALL,"Pose out of frontal band (|yaw|<=15.0, |pitch|<=15.0): yaw=-1.3, pitch=-16.2"
lfw_00603,data/raw/images/lfw_00603.jpg,MULTIPLE_FACES_DETECTED,
lfw_00604,data/raw/images/lfw_00604.jpg,MULTIPLE_FACES_DETECTED,
lfw_00605,data/raw/images/lfw_00605.jpg,FACE_TOO_ANGLED_OR_SMALL,"Pose out of frontal band (|yaw|<=15.0, |pitch|<=15.0): yaw=-18.7, pitch=-14.0"
lfw_00606,data/raw/images/lfw_00606.jpg,FACE_TOO_ANGLED_OR_SMALL,"Pose out of frontal band (|yaw|<=15.0, |pitch|<=15.0): yaw=-16.6, pitch=-22.5"
lfw_00607,data/raw/images/lfw_00607.jpg,FACE_TOO_ANGLED_OR_SMALL,"Pose out of frontal band (|yaw|<=15.0, |pitch|<=15.0): yaw=-17.5, pitch=-26.3"
lfw_00608,data/raw/images/lfw_00608.jpg,FACE_TOO_ANGLED_OR_SMALL,"Pose out of frontal band (|yaw|<=15.0, |pitch|<=15.0): yaw=-11.7, pitch=-22.3"
lfw_00609,data/raw/images/lfw_00609.jpg,FACE_TOO_ANGLED_OR_SMALL,"Pose out of frontal band (|yaw|<=15.0, |pitch|<=15.0): yaw=25.7, pitch=-18.1"
lfw_00610,data/raw/images/lfw_00610.jpg,FACE_TOO_ANGLED_OR_SMALL,"Pose out of frontal band (|yaw|<=15.0, |pitch|<=15.0): yaw=70.6, pitch=-5.8"
lfw_00611,data/raw/images/lfw_00611.jpg,FACE_TOO_ANGLED_OR_SMALL,"Pose out of frontal band (|yaw|<=15.0, |pitch|<=15.0): yaw=-16.3, pitch=-12.8"
lfw_00612,data/raw/images/lfw_00612.jpg,FACE_TOO_ANGLED_OR_SMALL,"Pose out of frontal band (|yaw|<=15.0, |pitch|<=15.0): yaw=-14.6, pitch=-30.2"
lfw_00613,data/raw/images/lfw_00613.jpg,FACE_TOO_ANGLED_OR_SMALL,"Pose out of frontal band (|yaw|<=15.0, |pitch|<=15.0): yaw=1.7, pitch=-19.1"
lfw_00614,data/raw/images/lfw_00614.jpg,FACE_TOO_ANGLED_OR_SMALL,"Pose out of frontal band (|yaw|<=15.0, |pitch|<=15.0): yaw=5.3, pitch=-25.7"
lfw_00615,data/raw/images/lfw_00615.jpg,FACE_TOO_ANGLED_OR_SMALL,"Pose out of frontal band (|yaw|<=15.0, |pitch|<=15.0): yaw=47.3, pitch=-26.5"
lfw_00616,data/raw/images/lfw_00616.jpg,FACE_TOO_ANGLED_OR_SMALL,"Pose out of frontal band (|yaw|<=15.0, |pitch|<=15.0): yaw=7.4, pitch=-34.1"
lfw_00617,data/raw/images/lfw_00617.jpg,MULTIPLE_FACES_DETECTED,
lfw_00618,data/raw/images/lfw_00618.jpg,FACE_TOO_ANGLED_OR_SMALL,"Pose out of frontal band (|yaw|<=15.0, |pitch|<=15.0): yaw=22.6, pitch=-31.4"
lfw_00619,data/raw/images/lfw_00619.jpg,FACE_TOO_ANGLED_OR_SMALL,"Pose out of frontal band (|yaw|<=15.0, |pitch|<=15.0): yaw=37.3, pitch=-15.4"
lfw_00620,data/raw/images/lfw_00620.jpg,FACE_TOO_ANGLED_OR_SMALL,"Pose out of frontal band (|yaw|<=15.0, |pitch|<=15.0): yaw=-30.8, pitch=-29.4"
lfw_00621,data/raw/images/lfw_00621.jpg,FACE_TOO_ANGLED_OR_SMALL,"Pose out of frontal band (|yaw|<=15.0, |pitch|<=15.0): yaw=-29.1, pitch=-23.9"
lfw_00622,data/raw/images/lfw_00622.jpg,FACE_TOO_ANGLED_OR_SMALL,"Pose out of frontal band (|yaw|<=15.0, |pitch|<=15.0): yaw=-43.4, pitch=-48.3"
lfw_00623,data/raw/images/lfw_00623.jpg,FACE_TOO_ANGLED_OR_SMALL,"Pose out of frontal band (|yaw|<=15.0, |pitch|<=15.0): yaw=17.9, pitch=-60.1"
lfw_00624,data/raw/images/lfw_00624.jpg,FACE_TOO_ANGLED_OR_SMALL,"Pose out of frontal band (|yaw|<=15.0, |pitch|<=15.0): yaw=-8.1, pitch=-33.1"
lfw_00625,data/raw/images/lfw_00625.jpg,FACE_TOO_ANGLED_OR_SMALL,"Pose out of frontal band (|yaw|<=15.0, |pitch|<=15.0): yaw=-12.7, pitch=-31.7"
lfw_00626,data/raw/images/lfw_00626.jpg,FACE_TOO_ANGLED_OR_SMALL,"Pose out of frontal band (|yaw|<=15.0, |pitch|<=15.0): yaw=5.9, pitch=-20.5"
lfw_00627,data/raw/images/lfw_00627.jpg,FACE_TOO_ANGLED_OR_SMALL,"Pose out of frontal band (|yaw|<=15.0, |pitch|<=15.0): yaw=0.0, pitch=-37.0"
lfw_00628,data/raw/images/lfw_00628.jpg,FACE_TOO_ANGLED_OR_SMALL,"Pose out of frontal band (|yaw|<=15.0, |pitch|<=15.0): yaw=0.1, pitch=-24.8"
lfw_00629,data/raw/images/lfw_00629.jpg,FACE_TOO_ANGLED_OR_SMALL,"Pose out of frontal band (|yaw|<=15.0, |pitch|<=15.0): yaw=-3.7, pitch=-45.0"
lfw_00630,data/raw/images/lfw_00630.jpg,FACE_TOO_ANGLED_OR_SMALL,"Pose out of frontal band (|yaw|<=15.0, |pitch|<=15.0): yaw=-4.4, pitch=-23.2"
lfw_00631,data/raw/images/lfw_00631.jpg,FACE_TOO_ANGLED_OR_SMALL,"Pose out of frontal band (|yaw|<=15.0, |pitch|<=15.0): yaw=-3.1, pitch=-34.3"
lfw_00632,data/raw/images/lfw_00632.jpg,FACE_TOO_ANGLED_OR_SMALL,"Pose out of frontal band (|yaw|<=15.0, |pitch|<=15.0): yaw=-18.4, pitch=-22.7"
lfw_00634,data/raw/images/lfw_00634.jpg,FACE_TOO_ANGLED_OR_SMALL,"Pose out of frontal band (|yaw|<=15.0, |pitch|<=15.0): yaw=-28.0, pitch=-14.4"
lfw_00635,data/raw/images/lfw_00635.jpg,FACE_TOO_ANGLED_OR_SMALL,"Pose out of frontal band (|yaw|<=15.0, |pitch|<=15.0): yaw=-9.8, pitch=-31.6"
lfw_00636,data/raw/images/lfw_00636.jpg,FACE_TOO_ANGLED_OR_SMALL,"Pose out of frontal band (|yaw|<=15.0, |pitch|<=15.0): yaw=20.9, pitch=-15.9"
lfw_00637,data/raw/images/lfw_00637.jpg,FACE_TOO_ANGLED_OR_SMALL,"Pose out of frontal band (|yaw|<=15.0, |pitch|<=15.0): yaw=1.2, pitch=-28.4"
lfw_00638,data/raw/images/lfw_00638.jpg,FACE_TOO_ANGLED_OR_SMALL,"Pose out of frontal band (|yaw|<=15.0, |pitch|<=15.0): yaw=36.5, pitch=-22.3"
lfw_00639,data/raw/images/lfw_00639.jpg,FACE_TOO_ANGLED_OR_SMALL,"Pose out of frontal band (|yaw|<=15.0, |pitch|<=15.0): yaw=19.4, pitch=-0.8"
lfw_00641,data/raw/images/lfw_00641.jpg,MULTIPLE_FACES_DETECTED,
lfw_00642,data/raw/images/lfw_00642.jpg,FACE_TOO_ANGLED_OR_SMALL,"Pose out of frontal band (|yaw|<=15.0, |pitch|<=15.0): yaw=-23.7, pitch=-42.1"
lfw_00643,data/raw/images/lfw_00643.jpg,FACE_TOO_ANGLED_OR_SMALL,"Pose out of frontal band (|yaw|<=15.0, |pitch|<=15.0): yaw=-3.3, pitch=-24.0"
lfw_00644,data/raw/images/lfw_00644.jpg,FACE_TOO_ANGLED_OR_SMALL,"Pose out of frontal band (|yaw|<=15.0, |pitch|<=15.0): yaw=18.5, pitch=-26.0"
lfw_00645,data/raw/images/lfw_00645.jpg,FACE_TOO_ANGLED_OR_SMALL,"Pose out of frontal band (|yaw|<=15.0, |pitch|<=15.0): yaw=-29.3, pitch=-13.5"
lfw_00646,data/raw/images/lfw_00646.jpg,FACE_TOO_ANGLED_OR_SMALL,"Pose out of frontal band (|yaw|<=15.0, |pitch|<=15.0): yaw=-26.3, pitch=-29.9"
lfw_00647,data/raw/images/lfw_00647.jpg,FACE_TOO_ANGLED_OR_SMALL,"Pose out of frontal band (|yaw|<=15.0, |pitch|<=15.0): yaw=-20.6, pitch=-19.7"
lfw_00648,data/raw/images/lfw_00648.jpg,FACE_TOO_ANGLED_OR_SMALL,"Pose out of frontal band (|yaw|<=15.0, |pitch|<=15.0): yaw=-44.6, pitch=-18.5"
lfw_00649,data/raw/images/lfw_00649.jpg,FACE_TOO_ANGLED_OR_SMALL,"Pose out of frontal band (|yaw|<=15.0, |pitch|<=15.0): yaw=-11.3, pitch=-26.5"
lfw_00650,data/raw/images/lfw_00650.jpg,FACE_TOO_ANGLED_OR_SMALL,"Pose out of frontal band (|yaw|<=15.0, |pitch|<=15.0): yaw=-3.7, pitch=-16.5"
lfw_00651,data/raw/images/lfw_00651.jpg,FACE_TOO_ANGLED_OR_SMALL,"Pose out of frontal band (|yaw|<=15.0, |pitch|<=15.0): yaw=-49.5, pitch=-21.8"
lfw_00652,data/raw/images/lfw_00652.jpg,FACE_TOO_ANGLED_OR_SMALL,"Pose out of frontal band (|yaw|<=15.0, |pitch|<=15.0): yaw=-43.5, pitch=-25.3"
lfw_00653,data/raw/images/lfw_00653.jpg,FACE_TOO_ANGLED_OR_SMALL,"Pose out of frontal band (|yaw|<=15.0, |pitch|<=15.0): yaw=-2.0, pitch=-30.5"
lfw_00654,data/raw/images/lfw_00654.jpg,FACE_TOO_ANGLED_OR_SMALL,"Pose out of frontal band (|yaw|<=15.0, |pitch|<=15.0): yaw=26.7, pitch=-24.4"
lfw_00655,data/raw/images/lfw_00655.jpg,FACE_TOO_ANGLED_OR_SMALL,"Pose out of frontal band (|yaw|<=15.0, |pitch|<=15.0): yaw=5.8, pitch=-27.1"
lfw_00656,data/raw/images/lfw_00656.jpg,FACE_TOO_ANGLED_OR_SMALL,"Pose out of frontal band (|yaw|<=15.0, |pitch|<=15.0): yaw=-17.2, pitch=-41.6"
lfw_00657,data/raw/images/lfw_00657.jpg,FACE_TOO_ANGLED_OR_SMALL,"Pose out of frontal band (|yaw|<=15.0, |pitch|<=15.0): yaw=-32.8, pitch=-42.8"
lfw_00658,data/raw/images/lfw_00658.jpg,FACE_TOO_ANGLED_OR_SMALL,"Pose out of frontal band (|yaw|<=15.0, |pitch|<=15.0): yaw=28.1, pitch=-14.4"
lfw_00660,data/raw/images/lfw_00660.jpg,FACE_TOO_ANGLED_OR_SMALL,"Pose out of frontal band (|yaw|<=15.0, |pitch|<=15.0): yaw=36.9, pitch=1.4"
lfw_00661,data/raw/images/lfw_00661.jpg,MULTIPLE_FACES_DETECTED,
lfw_00664,data/raw/images/lfw_00664.jpg,FACE_TOO_ANGLED_OR_SMALL,"Pose out of frontal band (|yaw|<=15.0, |pitch|<=15.0): yaw=-19.6, pitch=-42.7"
lfw_00665,data/raw/images/lfw_00665.jpg,FACE_TOO_ANGLED_OR_SMALL,"Pose out of frontal band (|yaw|<=15.0, |pitch|<=15.0): yaw=-7.4, pitch=-32.2"
lfw_00666,data/raw/images/lfw_00666.jpg,FACE_TOO_ANGLED_OR_SMALL,"Pose out of frontal band (|yaw|<=15.0, |pitch|<=15.0): yaw=-43.9, pitch=-16.1"
lfw_00668,data/raw/images/lfw_00668.jpg,FACE_TOO_ANGLED_OR_SMALL,"Pose out of frontal band (|yaw|<=15.0, |pitch|<=15.0): yaw=62.4, pitch=-31.1"
lfw_00669,data/raw/images/lfw_00669.jpg,FACE_TOO_ANGLED_OR_SMALL,"Pose out of frontal band (|yaw|<=15.0, |pitch|<=15.0): yaw=54.2, pitch=-21.0"
lfw_00670,data/raw/images/lfw_00670.jpg,FACE_TOO_ANGLED_OR_SMALL,"Pose out of frontal band (|yaw|<=15.0, |pitch|<=15.0): yaw=-52.8, pitch=-23.9"
lfw_00671,data/raw/images/lfw_00671.jpg,FACE_TOO_ANGLED_OR_SMALL,"Pose out of frontal band (|yaw|<=15.0, |pitch|<=15.0): yaw=15.4, pitch=-0.7"
lfw_00673,data/raw/images/lfw_00673.jpg,FACE_TOO_ANGLED_OR_SMALL,"Pose out of frontal band (|yaw|<=15.0, |pitch|<=15.0): yaw=-17.5, pitch=-6.9"
lfw_00674,data/raw/images/lfw_00674.jpg,FACE_TOO_ANGLED_OR_SMALL,"Pose out of frontal band (|yaw|<=15.0, |pitch|<=15.0): yaw=-17.6, pitch=-9.9"
lfw_00675,data/raw/images/lfw_00675.jpg,FACE_TOO_ANGLED_OR_SMALL,"Pose out of frontal band (|yaw|<=15.0, |pitch|<=15.0): yaw=1.4, pitch=-43.1"
lfw_00676,data/raw/images/lfw_00676.jpg,FACE_TOO_ANGLED_OR_SMALL,"Pose out of frontal band (|yaw|<=15.0, |pitch|<=15.0): yaw=-31.4, pitch=-20.9"
lfw_00677,data/raw/images/lfw_00677.jpg,FACE_TOO_ANGLED_OR_SMALL,"Pose out of frontal band (|yaw|<=15.0, |pitch|<=15.0): yaw=-24.3, pitch=-14.8"
lfw_00678,data/raw/images/lfw_00678.jpg,FACE_TOO_ANGLED_OR_SMALL,"Pose out of frontal band (|yaw|<=15.0, |pitch|<=15.0): yaw=34.6, pitch=-14.8"
lfw_00679,data/raw/images/lfw_00679.jpg,FACE_TOO_ANGLED_OR_SMALL,"Pose out of frontal band (|yaw|<=15.0, |pitch|<=15.0): yaw=-54.0, pitch=-16.7"
lfw_00680,data/raw/images/lfw_00680.jpg,FACE_TOO_ANGLED_OR_SMALL,"Pose out of frontal band (|yaw|<=15.0, |pitch|<=15.0): yaw=-52.0, pitch=-27.5"
lfw_00681,data/raw/images/lfw_00681.jpg,FACE_TOO_ANGLED_OR_SMALL,"Pose out of frontal band (|yaw|<=15.0, |pitch|<=15.0): yaw=5.0, pitch=-18.2"
lfw_00682,data/raw/images/lfw_00682.jpg,FACE_TOO_ANGLED_OR_SMALL,"Pose out of frontal band (|yaw|<=15.0, |pitch|<=15.0): yaw=29.2, pitch=-36.3"
lfw_00683,data/raw/images/lfw_00683.jpg,FACE_TOO_ANGLED_OR_SMALL,"Pose out of frontal band (|yaw|<=15.0, |pitch|<=15.0): yaw=43.0, pitch=-16.1"
lfw_00684,data/raw/images/lfw_00684.jpg,MULTIPLE_FACES_DETECTED,
lfw_00686,data/raw/images/lfw_00686.jpg,FACE_TOO_ANGLED_OR_SMALL,"Pose out of frontal band (|yaw|<=15.0, |pitch|<=15.0): yaw=12.1, pitch=-23.5"
lfw_00687,data/raw/images/lfw_00687.jpg,FACE_TOO_ANGLED_OR_SMALL,"Pose out of frontal band (|yaw|<=15.0, |pitch|<=15.0): yaw=2.8, pitch=-32.7"
lfw_00689,data/raw/images/lfw_00689.jpg,FACE_TOO_ANGLED_OR_SMALL,"Pose out of frontal band (|yaw|<=15.0, |pitch|<=15.0): yaw=-25.9, pitch=-40.0"
lfw_00690,data/raw/images/lfw_00690.jpg,FACE_TOO_ANGLED_OR_SMALL,"Pose out of frontal band (|yaw|<=15.0, |pitch|<=15.0): yaw=12.5, pitch=-17.3"
lfw_00691,data/raw/images/lfw_00691.jpg,FACE_TOO_ANGLED_OR_SMALL,"Pose out of frontal band (|yaw|<=15.0, |pitch|<=15.0): yaw=3.0, pitch=-39.3"
lfw_00692,data/raw/images/lfw_00692.jpg,FACE_TOO_ANGLED_OR_SMALL,"Pose out of frontal band (|yaw|<=15.0, |pitch|<=15.0): yaw=13.1, pitch=-51.6"
lfw_00693,data/raw/images/lfw_00693.jpg,FACE_TOO_ANGLED_OR_SMALL,"Pose out of frontal band (|yaw|<=15.0, |pitch|<=15.0): yaw=-35.8, pitch=-29.8"
lfw_00694,data/raw/images/lfw_00694.jpg,FACE_TOO_ANGLED_OR_SMALL,"Pose out of frontal band (|yaw|<=15.0, |pitch|<=15.0): yaw=-25.1, pitch=-27.2"
lfw_00695,data/raw/images/lfw_00695.jpg,FACE_TOO_ANGLED_OR_SMALL,"Pose out of frontal band (|yaw|<=15.0, |pitch|<=15.0): yaw=-9.7, pitch=-27.0"
lfw_00696,data/raw/images/lfw_00696.jpg,FACE_TOO_ANGLED_OR_SMALL,"Pose out of frontal band (|yaw|<=15.0, |pitch|<=15.0): yaw=8.5, pitch=-17.3"
lfw_00697,data/raw/images/lfw_00697.jpg,FACE_TOO_ANGLED_OR_SMALL,"Pose out of frontal band (|yaw|<=15.0, |pitch|<=15.0): yaw=-2.3, pitch=-16.1"
lfw_00698,data/raw/images/lfw_00698.jpg,FACE_TOO_ANGLED_OR_SMALL,"Pose out of frontal band (|yaw|<=15.0, |pitch|<=15.0): yaw=4.7, pitch=-42.7"
lfw_00699,data/raw/images/lfw_00699.jpg,FACE_TOO_ANGLED_OR_SMALL,"Pose out of frontal band (|yaw|<=15.0, |pitch|<=15.0): yaw=-24.7, pitch=-11.5"
lfw_00700,data/raw/images/lfw_00700.jpg,FACE_TOO_ANGLED_OR_SMALL,"Pose out of frontal band (|yaw|<=15.0, |pitch|<=15.0): yaw=24.3, pitch=-5.6"
lfw_00701,data/raw/images/lfw_00701.jpg,FACE_TOO_ANGLED_OR_SMALL,"Pose out of frontal band (|yaw|<=15.0, |pitch|<=15.0): yaw=28.2, pitch=-28.5"
lfw_00702,data/raw/images/lfw_00702.jpg,MULTIPLE_FACES_DETECTED,
lfw_00703,data/raw/images/lfw_00703.jpg,FACE_TOO_ANGLED_OR_SMALL,"Pose out of frontal band (|yaw|<=15.0, |pitch|<=15.0): yaw=28.8, pitch=-11.9"
lfw_00704,data/raw/images/lfw_00704.jpg,FACE_TOO_ANGLED_OR_SMALL,"Pose out of frontal band (|yaw|<=15.0, |pitch|<=15.0): yaw=-54.3, pitch=-29.7"
lfw_00706,data/raw/images/lfw_00706.jpg,FACE_TOO_ANGLED_OR_SMALL,"Pose out of frontal band (|yaw|<=15.0, |pitch|<=15.0): yaw=42.1, pitch=-14.1"
lfw_00707,data/raw/images/lfw_00707.jpg,FACE_TOO_ANGLED_OR_SMALL,"Pose out of frontal band (|yaw|<=15.0, |pitch|<=15.0): yaw=-28.4, pitch=-15.8"
lfw_00708,data/raw/images/lfw_00708.jpg,MULTIPLE_FACES_DETECTED,
lfw_00710,data/raw/images/lfw_00710.jpg,FACE_TOO_ANGLED_OR_SMALL,"Pose out of frontal band (|yaw|<=15.0, |pitch|<=15.0): yaw=-35.2, pitch=-4.4"
lfw_00711,data/raw/images/lfw_00711.jpg,FACE_TOO_ANGLED_OR_SMALL,"Pose out of frontal band (|yaw|<=15.0, |pitch|<=15.0): yaw=14.2, pitch=-34.1"
lfw_00712,data/raw/images/lfw_00712.jpg,FACE_TOO_ANGLED_OR_SMALL,"Pose out of frontal band (|yaw|<=15.0, |pitch|<=15.0): yaw=-18.5, pitch=-9.9"
lfw_00713,data/raw/images/lfw_00713.jpg,FACE_TOO_ANGLED_OR_SMALL,"Pose out of frontal band (|yaw|<=15.0, |pitch|<=15.0): yaw=-1.9, pitch=-23.4"
lfw_00714,data/raw/images/lfw_00714.jpg,FACE_TOO_ANGLED_OR_SMALL,"Pose out of frontal band (|yaw|<=15.0, |pitch|<=15.0): yaw=-30.2, pitch=-18.8"
lfw_00715,data/raw/images/lfw_00715.jpg,FACE_TOO_ANGLED_OR_SMALL,"Pose out of frontal band (|yaw|<=15.0, |pitch|<=15.0): yaw=3.8, pitch=-24.6"
lfw_00716,data/raw/images/lfw_00716.jpg,FACE_TOO_ANGLED_OR_SMALL,"Pose out of frontal band (|yaw|<=15.0, |pitch|<=15.0): yaw=1.9, pitch=-17.3"
lfw_00717,data/raw/images/lfw_00717.jpg,FACE_TOO_ANGLED_OR_SMALL,"Pose out of frontal band (|yaw|<=15.0, |pitch|<=15.0): yaw=29.8, pitch=-13.0"
lfw_00718,data/raw/images/lfw_00718.jpg,FACE_TOO_ANGLED_OR_SMALL,"Pose out of frontal band (|yaw|<=15.0, |pitch|<=15.0): yaw=2.6, pitch=-31.0"
lfw_00719,data/raw/images/lfw_00719.jpg,FACE_TOO_ANGLED_OR_SMALL,"Pose out of frontal band (|yaw|<=15.0, |pitch|<=15.0): yaw=0.2, pitch=-36.4"
lfw_00720,data/raw/images/lfw_00720.jpg,FACE_TOO_ANGLED_OR_SMALL,"Pose out of frontal band (|yaw|<=15.0, |pitch|<=15.0): yaw=-0.3, pitch=-25.4"
lfw_00721,data/raw/images/lfw_00721.jpg,FACE_TOO_ANGLED_OR_SMALL,"Pose out of frontal band (|yaw|<=15.0, |pitch|<=15.0): yaw=15.7, pitch=-38.4"
lfw_00723,data/raw/images/lfw_00723.jpg,FACE_TOO_ANGLED_OR_SMALL,"Pose out of frontal band (|yaw|<=15.0, |pitch|<=15.0): yaw=8.3, pitch=-55.1"
lfw_00724,data/raw/images/lfw_00724.jpg,FACE_TOO_ANGLED_OR_SMALL,"Pose out of frontal band (|yaw|<=15.0, |pitch|<=15.0): yaw=24.0, pitch=-27.8"
lfw_00725,data/raw/images/lfw_00725.jpg,FACE_TOO_ANGLED_OR_SMALL,"Pose out of frontal band (|yaw|<=15.0, |pitch|<=15.0): yaw=-55.8, pitch=-10.8"
lfw_00726,data/raw/images/lfw_00726.jpg,FACE_TOO_ANGLED_OR_SMALL,"Pose out of frontal band (|yaw|<=15.0, |pitch|<=15.0): yaw=10.8, pitch=-38.2"
lfw_00727,data/raw/images/lfw_00727.jpg,FACE_TOO_ANGLED_OR_SMALL,"Pose out of frontal band (|yaw|<=15.0, |pitch|<=15.0): yaw=10.6, pitch=-39.1"
lfw_00728,data/raw/images/lfw_00728.jpg,FACE_TOO_ANGLED_OR_SMALL,"Pose out of frontal band (|yaw|<=15.0, |pitch|<=15.0): yaw=20.5, pitch=-27.5"
lfw_00729,data/raw/images/lfw_00729.jpg,FACE_TOO_ANGLED_OR_SMALL,"Pose out of frontal band (|yaw|<=15.0, |pitch|<=15.0): yaw=-2.8, pitch=-40.6"
lfw_00730,data/raw/images/lfw_00730.jpg,FACE_TOO_ANGLED_OR_SMALL,"Pose out of frontal band (|yaw|<=15.0, |pitch|<=15.0): yaw=18.8, pitch=-29.6"
lfw_00731,data/raw/images/lfw_00731.jpg,FACE_TOO_ANGLED_OR_SMALL,"Pose out of frontal band (|yaw|<=15.0, |pitch|<=15.0): yaw=-21.2, pitch=-39.9"
lfw_00732,data/raw/images/lfw_00732.jpg,FACE_TOO_ANGLED_OR_SMALL,"Pose out of frontal band (|yaw|<=15.0, |pitch|<=15.0): yaw=-2.5, pitch=-26.8"
lfw_00733,data/raw/images/lfw_00733.jpg,FACE_TOO_ANGLED_OR_SMALL,"Pose out of frontal band (|yaw|<=15.0, |pitch|<=15.0): yaw=-25.7, pitch=-19.4"
lfw_00734,data/raw/images/lfw_00734.jpg,FACE_TOO_ANGLED_OR_SMALL,"Pose out of frontal band (|yaw|<=15.0, |pitch|<=15.0): yaw=2.8, pitch=-41.7"
lfw_00735,data/raw/images/lfw_00735.jpg,FACE_TOO_ANGLED_OR_SMALL,"Pose out of frontal band (|yaw|<=15.0, |pitch|<=15.0): yaw=-4.3, pitch=-18.2"
lfw_00736,data/raw/images/lfw_00736.jpg,FACE_TOO_ANGLED_OR_SMALL,"Pose out of frontal band (|yaw|<=15.0, |pitch|<=15.0): yaw=-14.5, pitch=-24.4"
lfw_00737,data/raw/images/lfw_00737.jpg,FACE_TOO_ANGLED_OR_SMALL,"Pose out of frontal band (|yaw|<=15.0, |pitch|<=15.0): yaw=2.7, pitch=-35.4"
lfw_00738,data/raw/images/lfw_00738.jpg,FACE_TOO_ANGLED_OR_SMALL,"Pose out of frontal band (|yaw|<=15.0, |pitch|<=15.0): yaw=26.6, pitch=-19.5"
lfw_00739,data/raw/images/lfw_00739.jpg,FACE_TOO_ANGLED_OR_SMALL,"Pose out of frontal band (|yaw|<=15.0, |pitch|<=15.0): yaw=-6.1, pitch=-26.4"
lfw_00740,data/raw/images/lfw_00740.jpg,FACE_TOO_ANGLED_OR_SMALL,"Pose out of frontal band (|yaw|<=15.0, |pitch|<=15.0): yaw=11.3, pitch=-30.5"
lfw_00741,data/raw/images/lfw_00741.jpg,FACE_TOO_ANGLED_OR_SMALL,"Pose out of frontal band (|yaw|<=15.0, |pitch|<=15.0): yaw=37.6, pitch=-13.0"
lfw_00742,data/raw/images/lfw_00742.jpg,FACE_TOO_ANGLED_OR_SMALL,"Pose out of frontal band (|yaw|<=15.0, |pitch|<=15.0): yaw=13.6, pitch=-21.7"
lfw_00743,data/raw/images/lfw_00743.jpg,FACE_TOO_ANGLED_OR_SMALL,"Pose out of frontal band (|yaw|<=15.0, |pitch|<=15.0): yaw=-6.2, pitch=-37.7"
lfw_00744,data/raw/images/lfw_00744.jpg,FACE_TOO_ANGLED_OR_SMALL,"Pose out of frontal band (|yaw|<=15.0, |pitch|<=15.0): yaw=3.2, pitch=-17.8"
lfw_00745,data/raw/images/lfw_00745.jpg,FACE_TOO_ANGLED_OR_SMALL,"Pose out of frontal band (|yaw|<=15.0, |pitch|<=15.0): yaw=-3.3, pitch=-29.4"
lfw_00746,data/raw/images/lfw_00746.jpg,FACE_TOO_ANGLED_OR_SMALL,"Pose out of frontal band (|yaw|<=15.0, |pitch|<=15.0): yaw=58.5, pitch=-21.6"
lfw_00747,data/raw/images/lfw_00747.jpg,FACE_TOO_ANGLED_OR_SMALL,"Pose out of frontal band (|yaw|<=15.0, |pitch|<=15.0): yaw=29.9, pitch=-31.6"
lfw_00748,data/raw/images/lfw_00748.jpg,FACE_TOO_ANGLED_OR_SMALL,"Pose out of frontal band (|yaw|<=15.0, |pitch|<=15.0): yaw=3.8, pitch=-21.6"
lfw_00749,data/raw/images/lfw_00749.jpg,FACE_TOO_ANGLED_OR_SMALL,"Pose out of frontal band (|yaw|<=15.0, |pitch|<=15.0): yaw=21.2, pitch=-18.9"
lfw_00750,data/raw/images/lfw_00750.jpg,FACE_TOO_ANGLED_OR_SMALL,"Pose out of frontal band (|yaw|<=15.0, |pitch|<=15.0): yaw=70.7, pitch=-33.4"
lfw_00751,data/raw/images/lfw_00751.jpg,FACE_TOO_ANGLED_OR_SMALL,"Pose out of frontal band (|yaw|<=15.0, |pitch|<=15.0): yaw=-9.2, pitch=-22.9"
lfw_00752,data/raw/images/lfw_00752.jpg,FACE_TOO_ANGLED_OR_SMALL,"Pose out of frontal band (|yaw|<=15.0, |pitch|<=15.0): yaw=4.7, pitch=-22.4"
lfw_00753,data/raw/images/lfw_00753.jpg,FACE_TOO_ANGLED_OR_SMALL,"Pose out of frontal band (|yaw|<=15.0, |pitch|<=15.0): yaw=-0.1, pitch=-25.8"
lfw_00754,data/raw/images/lfw_00754.jpg,FACE_TOO_ANGLED_OR_SMALL,"Pose out of frontal band (|yaw|<=15.0, |pitch|<=15.0): yaw=26.3, pitch=-34.7"
lfw_00755,data/raw/images/lfw_00755.jpg,FACE_TOO_ANGLED_OR_SMALL,"Pose out of frontal band (|yaw|<=15.0, |pitch|<=15.0): yaw=5.9, pitch=-22.9"
lfw_00756,data/raw/images/lfw_00756.jpg,FACE_TOO_ANGLED_OR_SMALL,"Pose out of frontal band (|yaw|<=15.0, |pitch|<=15.0): yaw=-22.9, pitch=-17.4"
lfw_00757,data/raw/images/lfw_00757.jpg,FACE_TOO_ANGLED_OR_SMALL,"Pose out of frontal band (|yaw|<=15.0, |pitch|<=15.0): yaw=-15.0, pitch=-23.1"
lfw_00758,data/raw/images/lfw_00758.jpg,FACE_TOO_ANGLED_OR_SMALL,"Pose out of frontal band (|yaw|<=15.0, |pitch|<=15.0): yaw=17.3, pitch=-13.7"
lfw_00759,data/raw/images/lfw_00759.jpg,FACE_TOO_ANGLED_OR_SMALL,"Pose out of frontal band (|yaw|<=15.0, |pitch|<=15.0): yaw=39.6, pitch=-22.0"
lfw_00760,data/raw/images/lfw_00760.jpg,FACE_TOO_ANGLED_OR_SMALL,"Pose out of frontal band (|yaw|<=15.0, |pitch|<=15.0): yaw=-11.4, pitch=-50.2"
lfw_00761,data/raw/images/lfw_00761.jpg,FACE_TOO_ANGLED_OR_SMALL,"Pose out of frontal band (|yaw|<=15.0, |pitch|<=15.0): yaw=2.3, pitch=-22.2"
lfw_00762,data/raw/images/lfw_00762.jpg,FACE_TOO_ANGLED_OR_SMALL,"Pose out of frontal band (|yaw|<=15.0, |pitch|<=15.0): yaw=1.2, pitch=-31.0"
lfw_00764,data/raw/images/lfw_00764.jpg,MULTIPLE_FACES_DETECTED,
lfw_00765,data/raw/images/lfw_00765.jpg,MULTIPLE_FACES_DETECTED,
lfw_00766,data/raw/images/lfw_00766.jpg,FACE_TOO_ANGLED_OR_SMALL,"Pose out of frontal band (|yaw|<=15.0, |pitch|<=15.0): yaw=-40.5, pitch=-14.7"
lfw_00768,data/raw/images/lfw_00768.jpg,FACE_TOO_ANGLED_OR_SMALL,"Pose out of frontal band (|yaw|<=15.0, |pitch|<=15.0): yaw=-23.9, pitch=-34.6"
lfw_00769,data/raw/images/lfw_00769.jpg,MULTIPLE_FACES_DETECTED,
lfw_00771,data/raw/images/lfw_00771.jpg,FACE_TOO_ANGLED_OR_SMALL,"Pose out of frontal band (|yaw|<=15.0, |pitch|<=15.0): yaw=-36.6, pitch=-37.0"
lfw_00772,data/raw/images/lfw_00772.jpg,FACE_TOO_ANGLED_OR_SMALL,"Pose out of frontal band (|yaw|<=15.0, |pitch|<=15.0): yaw=-11.1, pitch=-18.4"
lfw_00773,data/raw/images/lfw_00773.jpg,FACE_TOO_ANGLED_OR_SMALL,"Pose out of frontal band (|yaw|<=15.0, |pitch|<=15.0): yaw=-21.2, pitch=-69.8"
lfw_00774,data/raw/images/lfw_00774.jpg,FACE_TOO_ANGLED_OR_SMALL,"Pose out of frontal band (|yaw|<=15.0, |pitch|<=15.0): yaw=26.2, pitch=-40.4"
lfw_00775,data/raw/images/lfw_00775.jpg,FACE_TOO_ANGLED_OR_SMALL,"Pose out of frontal band (|yaw|<=15.0, |pitch|<=15.0): yaw=-33.1, pitch=-22.1"
lfw_00776,data/raw/images/lfw_00776.jpg,FACE_TOO_ANGLED_OR_SMALL,"Pose out of frontal band (|yaw|<=15.0, |pitch|<=15.0): yaw=24.2, pitch=-19.8"
lfw_00777,data/raw/images/lfw_00777.jpg,FACE_TOO_ANGLED_OR_SMALL,"Pose out of frontal band (|yaw|<=15.0, |pitch|<=15.0): yaw=-2.1, pitch=-29.2"
lfw_00778,data/raw/images/lfw_00778.jpg,FACE_TOO_ANGLED_OR_SMALL,"Pose out of frontal band (|yaw|<=15.0, |pitch|<=15.0): yaw=-9.9, pitch=-47.6"
lfw_00779,data/raw/images/lfw_00779.jpg,FACE_TOO_ANGLED_OR_SMALL,"Pose out of frontal band (|yaw|<=15.0, |pitch|<=15.0): yaw=-16.8, pitch=-34.6"
lfw_00780,data/raw/images/lfw_00780.jpg,FACE_TOO_ANGLED_OR_SMALL,"Pose out of frontal band (|yaw|<=15.0, |pitch|<=15.0): yaw=-31.3, pitch=-28.5"
lfw_00781,data/raw/images/lfw_00781.jpg,FACE_TOO_ANGLED_OR_SMALL,"Pose out of frontal band (|yaw|<=15.0, |pitch|<=15.0): yaw=25.3, pitch=-20.0"
lfw_00782,data/raw/images/lfw_00782.jpg,FACE_TOO_ANGLED_OR_SMALL,"Pose out of frontal band (|yaw|<=15.0, |pitch|<=15.0): yaw=-17.4, pitch=-27.8"
lfw_00783,data/raw/images/lfw_00783.jpg,FACE_TOO_ANGLED_OR_SMALL,"Pose out of frontal band (|yaw|<=15.0, |pitch|<=15.0): yaw=4.7, pitch=-33.4"
lfw_00784,data/raw/images/lfw_00784.jpg,FACE_TOO_ANGLED_OR_SMALL,"Pose out of frontal band (|yaw|<=15.0, |pitch|<=15.0): yaw=-12.8, pitch=-16.9"
lfw_00785,data/raw/images/lfw_00785.jpg,FACE_TOO_ANGLED_OR_SMALL,"Pose out of frontal band (|yaw|<=15.0, |pitch|<=15.0): yaw=-5.6, pitch=-23.3"
lfw_00786,data/raw/images/lfw_00786.jpg,FACE_TOO_ANGLED_OR_SMALL,"Pose out of frontal band (|yaw|<=15.0, |pitch|<=15.0): yaw=-25.9, pitch=-27.6"
lfw_00787,data/raw/images/lfw_00787.jpg,FACE_TOO_ANGLED_OR_SMALL,"Pose out of frontal band (|yaw|<=15.0, |pitch|<=15.0): yaw=-26.8, pitch=-6.3"
lfw_00788,data/raw/images/lfw_00788.jpg,FACE_TOO_ANGLED_OR_SMALL,"Pose out of frontal band (|yaw|<=15.0, |pitch|<=15.0): yaw=20.4, pitch=-17.1"
lfw_00789,data/raw/images/lfw_00789.jpg,FACE_TOO_ANGLED_OR_SMALL,"Pose out of frontal band (|yaw|<=15.0, |pitch|<=15.0): yaw=21.6, pitch=-25.3"
lfw_00791,data/raw/images/lfw_00791.jpg,FACE_TOO_ANGLED_OR_SMALL,"Pose out of frontal band (|yaw|<=15.0, |pitch|<=15.0): yaw=-30.2, pitch=-22.0"
lfw_00792,data/raw/images/lfw_00792.jpg,MULTIPLE_FACES_DETECTED,
lfw_00793,data/raw/images/lfw_00793.jpg,FACE_TOO_ANGLED_OR_SMALL,"Pose out of frontal band (|yaw|<=15.0, |pitch|<=15.0): yaw=2.5, pitch=-23.9"
lfw_00794,data/raw/images/lfw_00794.jpg,FACE_TOO_ANGLED_OR_SMALL,"Pose out of frontal band (|yaw|<=15.0, |pitch|<=15.0): yaw=13.4, pitch=-60.5"
lfw_00795,data/raw/images/lfw_00795.jpg,FACE_TOO_ANGLED_OR_SMALL,"Pose out of frontal band (|yaw|<=15.0, |pitch|<=15.0): yaw=-23.7, pitch=-17.7"
lfw_00796,data/raw/images/lfw_00796.jpg,FACE_TOO_ANGLED_OR_SMALL,"Pose out of frontal band (|yaw|<=15.0, |pitch|<=15.0): yaw=0.7, pitch=-16.8"
lfw_00797,data/raw/images/lfw_00797.jpg,FACE_TOO_ANGLED_OR_SMALL,"Pose out of frontal band (|yaw|<=15.0, |pitch|<=15.0): yaw=-5.1, pitch=-22.1"
lfw_00798,data/raw/images/lfw_00798.jpg,FACE_TOO_ANGLED_OR_SMALL,"Pose out of frontal band (|yaw|<=15.0, |pitch|<=15.0): yaw=-7.3, pitch=-17.1"
lfw_00799,data/raw/images/lfw_00799.jpg,FACE_TOO_ANGLED_OR_SMALL,"Pose out of frontal band (|yaw|<=15.0, |pitch|<=15.0): yaw=5.6, pitch=-26.9"
lfw_00800,data/raw/images/lfw_00800.jpg,FACE_TOO_ANGLED_OR_SMALL,"Pose out of frontal band (|yaw|<=15.0, |pitch|<=15.0): yaw=12.3, pitch=-32.4"
lfw_00801,data/raw/images/lfw_00801.jpg,FACE_TOO_ANGLED_OR_SMALL,"Pose out of frontal band (|yaw|<=15.0, |pitch|<=15.0): yaw=-8.6, pitch=-34.1"
lfw_00802,data/raw/images/lfw_00802.jpg,FACE_TOO_ANGLED_OR_SMALL,"Pose out of frontal band (|yaw|<=15.0, |pitch|<=15.0): yaw=9.5, pitch=-45.9"
lfw_00803,data/raw/images/lfw_00803.jpg,FACE_TOO_ANGLED_OR_SMALL,"Pose out of frontal band (|yaw|<=15.0, |pitch|<=15.0): yaw=-4.9, pitch=-23.6"
lfw_00804,data/raw/images/lfw_00804.jpg,FACE_TOO_ANGLED_OR_SMALL,"Pose out of frontal band (|yaw|<=15.0, |pitch|<=15.0): yaw=13.2, pitch=-26.3"
lfw_00805,data/raw/images/lfw_00805.jpg,FACE_TOO_ANGLED_OR_SMALL,"Pose out of frontal band (|yaw|<=15.0, |pitch|<=15.0): yaw=2.4, pitch=-35.3"
lfw_00806,data/raw/images/lfw_00806.jpg,FACE_TOO_ANGLED_OR_SMALL,"Pose out of frontal band (|yaw|<=15.0, |pitch|<=15.0): yaw=21.1, pitch=-38.0"
lfw_00807,data/raw/images/lfw_00807.jpg,FACE_TOO_ANGLED_OR_SMALL,"Pose out of frontal band (|yaw|<=15.0, |pitch|<=15.0): yaw=-11.8, pitch=-26.2"
lfw_00808,data/raw/images/lfw_00808.jpg,FACE_TOO_ANGLED_OR_SMALL,"Pose out of frontal band (|yaw|<=15.0, |pitch|<=15.0): yaw=-17.2, pitch=-27.5"
lfw_00809,data/raw/images/lfw_00809.jpg,FACE_TOO_ANGLED_OR_SMALL,"Pose out of frontal band (|yaw|<=15.0, |pitch|<=15.0): yaw=13.8, pitch=-27.2"
lfw_00810,data/raw/images/lfw_00810.jpg,FACE_TOO_ANGLED_OR_SMALL,"Pose out of frontal band (|yaw|<=15.0, |pitch|<=15.0): yaw=11.8, pitch=-23.5"
lfw_00811,data/raw/images/lfw_00811.jpg,FACE_TOO_ANGLED_OR_SMALL,"Pose out of frontal band (|yaw|<=15.0, |pitch|<=15.0): yaw=29.0, pitch=-29.6"
lfw_00812,data/raw/images/lfw_00812.jpg,FACE_TOO_ANGLED_OR_SMALL,"Pose out of frontal band (|yaw|<=15.0, |pitch|<=15.0): yaw=-46.3, pitch=-28.9"
lfw_00813,data/raw/images/lfw_00813.jpg,FACE_TOO_ANGLED_OR_SMALL,"Pose out of frontal band (|yaw|<=15.0, |pitch|<=15.0): yaw=14.6, pitch=-33.1"
lfw_00814,data/raw/images/lfw_00814.jpg,FACE_TOO_ANGLED_OR_SMALL,"Pose out of frontal band (|yaw|<=15.0, |pitch|<=15.0): yaw=-18.0, pitch=-23.2"
lfw_00815,data/raw/images/lfw_00815.jpg,FACE_TOO_ANGLED_OR_SMALL,"Pose out of frontal band (|yaw|<=15.0, |pitch|<=15.0): yaw=33.9, pitch=-37.8"
lfw_00816,data/raw/images/lfw_00816.jpg,FACE_TOO_ANGLED_OR_SMALL,"Pose out of frontal band (|yaw|<=15.0, |pitch|<=15.0): yaw=-9.0, pitch=-26.2"
lfw_00817,data/raw/images/lfw_00817.jpg,FACE_TOO_ANGLED_OR_SMALL,"Pose out of frontal band (|yaw|<=15.0, |pitch|<=15.0): yaw=13.5, pitch=-16.3"
lfw_00818,data/raw/images/lfw_00818.jpg,FACE_TOO_ANGLED_OR_SMALL,"Pose out of frontal band (|yaw|<=15.0, |pitch|<=15.0): yaw=7.2, pitch=-21.2"
lfw_00819,data/raw/images/lfw_00819.jpg,FACE_TOO_ANGLED_OR_SMALL,"Pose out of frontal band (|yaw|<=15.0, |pitch|<=15.0): yaw=-37.3, pitch=-10.3"
lfw_00820,data/raw/images/lfw_00820.jpg,MULTIPLE_FACES_DETECTED,
lfw_00821,data/raw/images/lfw_00821.jpg,FACE_TOO_ANGLED_OR_SMALL,"Pose out of frontal band (|yaw|<=15.0, |pitch|<=15.0): yaw=-25.9, pitch=-13.0"
lfw_00823,data/raw/images/lfw_00823.jpg,FACE_TOO_ANGLED_OR_SMALL,"Pose out of frontal band (|yaw|<=15.0, |pitch|<=15.0): yaw=-39.2, pitch=-7.4"
lfw_00824,data/raw/images/lfw_00824.jpg,FACE_TOO_ANGLED_OR_SMALL,"Pose out of frontal band (|yaw|<=15.0, |pitch|<=15.0): yaw=-18.5, pitch=-8.7"
lfw_00825,data/raw/images/lfw_00825.jpg,MULTIPLE_FACES_DETECTED,
lfw_00826,data/raw/images/lfw_00826.jpg,FACE_TOO_ANGLED_OR_SMALL,"Pose out of frontal band (|yaw|<=15.0, |pitch|<=15.0): yaw=15.8, pitch=-15.1"
lfw_00827,data/raw/images/lfw_00827.jpg,FACE_TOO_ANGLED_OR_SMALL,"Pose out of frontal band (|yaw|<=15.0, |pitch|<=15.0): yaw=29.7, pitch=-11.2"
lfw_00828,data/raw/images/lfw_00828.jpg,FACE_TOO_ANGLED_OR_SMALL,"Pose out of frontal band (|yaw|<=15.0, |pitch|<=15.0): yaw=-16.3, pitch=-8.1"
lfw_00829,data/raw/images/lfw_00829.jpg,FACE_TOO_ANGLED_OR_SMALL,"Pose out of frontal band (|yaw|<=15.0, |pitch|<=15.0): yaw=-24.8, pitch=-19.1"
lfw_00831,data/raw/images/lfw_00831.jpg,FACE_TOO_ANGLED_OR_SMALL,"Pose out of frontal band (|yaw|<=15.0, |pitch|<=15.0): yaw=-7.9, pitch=-27.3"
lfw_00832,data/raw/images/lfw_00832.jpg,FACE_TOO_ANGLED_OR_SMALL,"Pose out of frontal band (|yaw|<=15.0, |pitch|<=15.0): yaw=-14.3, pitch=-19.1"
lfw_00833,data/raw/images/lfw_00833.jpg,FACE_TOO_ANGLED_OR_SMALL,"Pose out of frontal band (|yaw|<=15.0, |pitch|<=15.0): yaw=25.6, pitch=-9.4"
lfw_00834,data/raw/images/lfw_00834.jpg,FACE_TOO_ANGLED_OR_SMALL,"Pose out of frontal band (|yaw|<=15.0, |pitch|<=15.0): yaw=15.4, pitch=2.2"
lfw_00836,data/raw/images/lfw_00836.jpg,FACE_TOO_ANGLED_OR_SMALL,"Pose out of frontal band (|yaw|<=15.0, |pitch|<=15.0): yaw=-40.6, pitch=-19.8"
lfw_00837,data/raw/images/lfw_00837.jpg,FACE_TOO_ANGLED_OR_SMALL,"Pose out of frontal band (|yaw|<=15.0, |pitch|<=15.0): yaw=12.0, pitch=-18.5"
lfw_00838,data/raw/images/lfw_00838.jpg,FACE_TOO_ANGLED_OR_SMALL,"Pose out of frontal band (|yaw|<=15.0, |pitch|<=15.0): yaw=36.2, pitch=-22.9"
lfw_00839,data/raw/images/lfw_00839.jpg,FACE_TOO_ANGLED_OR_SMALL,"Pose out of frontal band (|yaw|<=15.0, |pitch|<=15.0): yaw=-34.0, pitch=-10.3"
lfw_00840,data/raw/images/lfw_00840.jpg,FACE_TOO_ANGLED_OR_SMALL,"Pose out of frontal band (|yaw|<=15.0, |pitch|<=15.0): yaw=30.4, pitch=-19.2"
lfw_00841,data/raw/images/lfw_00841.jpg,FACE_TOO_ANGLED_OR_SMALL,"Pose out of frontal band (|yaw|<=15.0, |pitch|<=15.0): yaw=-31.4, pitch=-17.3"
lfw_00842,data/raw/images/lfw_00842.jpg,FACE_TOO_ANGLED_OR_SMALL,"Pose out of frontal band (|yaw|<=15.0, |pitch|<=15.0): yaw=20.0, pitch=-12.6"
lfw_00844,data/raw/images/lfw_00844.jpg,FACE_TOO_ANGLED_OR_SMALL,"Pose out of frontal band (|yaw|<=15.0, |pitch|<=15.0): yaw=26.3, pitch=-29.4"
lfw_00846,data/raw/images/lfw_00846.jpg,FACE_TOO_ANGLED_OR_SMALL,"Pose out of frontal band (|yaw|<=15.0, |pitch|<=15.0): yaw=32.5, pitch=-10.8"
lfw_00847,data/raw/images/lfw_00847.jpg,FACE_TOO_ANGLED_OR_SMALL,"Pose out of frontal band (|yaw|<=15.0, |pitch|<=15.0): yaw=-70.0, pitch=-24.0"
lfw_00848,data/raw/images/lfw_00848.jpg,FACE_TOO_ANGLED_OR_SMALL,"Pose out of frontal band (|yaw|<=15.0, |pitch|<=15.0): yaw=-21.2, pitch=-18.0"
lfw_00849,data/raw/images/lfw_00849.jpg,FACE_TOO_ANGLED_OR_SMALL,"Pose out of frontal band (|yaw|<=15.0, |pitch|<=15.0): yaw=-35.7, pitch=-18.6"
lfw_00850,data/raw/images/lfw_00850.jpg,MULTIPLE_FACES_DETECTED,
lfw_00851,data/raw/images/lfw_00851.jpg,FACE_TOO_ANGLED_OR_SMALL,"Pose out of frontal band (|yaw|<=15.0, |pitch|<=15.0): yaw=24.1, pitch=-18.3"
lfw_00853,data/raw/images/lfw_00853.jpg,MULTIPLE_FACES_DETECTED,
lfw_00854,data/raw/images/lfw_00854.jpg,FACE_TOO_ANGLED_OR_SMALL,"Pose out of frontal band (|yaw|<=15.0, |pitch|<=15.0): yaw=8.5, pitch=-18.0"
lfw_00856,data/raw/images/lfw_00856.jpg,FACE_TOO_ANGLED_OR_SMALL,"Pose out of frontal band (|yaw|<=15.0, |pitch|<=15.0): yaw=-39.8, pitch=-14.0"
lfw_00858,data/raw/images/lfw_00858.jpg,FACE_TOO_ANGLED_OR_SMALL,"Pose out of frontal band (|yaw|<=15.0, |pitch|<=15.0): yaw=22.4, pitch=-15.0"
lfw_00859,data/raw/images/lfw_00859.jpg,FACE_TOO_ANGLED_OR_SMALL,"Pose out of frontal band (|yaw|<=15.0, |pitch|<=15.0): yaw=-48.5, pitch=-15.9"
lfw_00860,data/raw/images/lfw_00860.jpg,FACE_TOO_ANGLED_OR_SMALL,"Pose out of frontal band (|yaw|<=15.0, |pitch|<=15.0): yaw=0.7, pitch=-19.6"
lfw_00861,data/raw/images/lfw_00861.jpg,FACE_TOO_ANGLED_OR_SMALL,"Pose out of frontal band (|yaw|<=15.0, |pitch|<=15.0): yaw=-9.0, pitch=-18.3"
lfw_00862,data/raw/images/lfw_00862.jpg,FACE_TOO_ANGLED_OR_SMALL,"Pose out of frontal band (|yaw|<=15.0, |pitch|<=15.0): yaw=44.9, pitch=-12.8"
lfw_00863,data/raw/images/lfw_00863.jpg,MULTIPLE_FACES_DETECTED,
lfw_00864,data/raw/images/lfw_00864.jpg,FACE_TOO_ANGLED_OR_SMALL,"Pose out of frontal band (|yaw|<=15.0, |pitch|<=15.0): yaw=-6.0, pitch=-26.3"
lfw_00867,data/raw/images/lfw_00867.jpg,FACE_TOO_ANGLED_OR_SMALL,"Pose out of frontal band (|yaw|<=15.0, |pitch|<=15.0): yaw=-25.8, pitch=-21.2"
lfw_00868,data/raw/images/lfw_00868.jpg,FACE_TOO_ANGLED_OR_SMALL,"Pose out of frontal band (|yaw|<=15.0, |pitch|<=15.0): yaw=9.7, pitch=-24.3"
lfw_00869,data/raw/images/lfw_00869.jpg,FACE_TOO_ANGLED_OR_SMALL,"Pose out of frontal band (|yaw|<=15.0, |pitch|<=15.0): yaw=-12.9, pitch=-16.1"
lfw_00870,data/raw/images/lfw_00870.jpg,FACE_TOO_ANGLED_OR_SMALL,"Pose out of frontal band (|yaw|<=15.0, |pitch|<=15.0): yaw=29.3, pitch=-15.8"
lfw_00872,data/raw/images/lfw_00872.jpg,MULTIPLE_FACES_DETECTED,
lfw_00873,data/raw/images/lfw_00873.jpg,FACE_TOO_ANGLED_OR_SMALL,"Pose out of frontal band (|yaw|<=15.0, |pitch|<=15.0): yaw=-37.1, pitch=-12.7"
lfw_00874,data/raw/images/lfw_00874.jpg,FACE_TOO_ANGLED_OR_SMALL,"Pose out of frontal band (|yaw|<=15.0, |pitch|<=15.0): yaw=25.7, pitch=-25.0"
lfw_00875,data/raw/images/lfw_00875.jpg,FACE_TOO_ANGLED_OR_SMALL,"Pose out of frontal band (|yaw|<=15.0, |pitch|<=15.0): yaw=-19.6, pitch=-28.1"
lfw_00877,data/raw/images/lfw_00877.jpg,FACE_TOO_ANGLED_OR_SMALL,"Pose out of frontal band (|yaw|<=15.0, |pitch|<=15.0): yaw=-19.5, pitch=-6.7"
lfw_00878,data/raw/images/lfw_00878.jpg,FACE_TOO_ANGLED_OR_SMALL,"Pose out of frontal band (|yaw|<=15.0, |pitch|<=15.0): yaw=-36.0, pitch=-16.3"
lfw_00879,data/raw/images/lfw_00879.jpg,FACE_TOO_ANGLED_OR_SMALL,"Pose out of frontal band (|yaw|<=15.0, |pitch|<=15.0): yaw=35.7, pitch=1.4"
lfw_00880,data/raw/images/lfw_00880.jpg,MULTIPLE_FACES_DETECTED,
lfw_00881,data/raw/images/lfw_00881.jpg,FACE_TOO_ANGLED_OR_SMALL,"Pose out of frontal band (|yaw|<=15.0, |pitch|<=15.0): yaw=-3.3, pitch=-16.3"
lfw_00882,data/raw/images/lfw_00882.jpg,FACE_TOO_ANGLED_OR_SMALL,"Pose out of frontal band (|yaw|<=15.0, |pitch|<=15.0): yaw=-7.5, pitch=-34.3"
lfw_00883,data/raw/images/lfw_00883.jpg,FACE_TOO_ANGLED_OR_SMALL,"Pose out of frontal band (|yaw|<=15.0, |pitch|<=15.0): yaw=25.6, pitch=-5.7"
lfw_00884,data/raw/images/lfw_00884.jpg,FACE_TOO_ANGLED_OR_SMALL,"Pose out of frontal band (|yaw|<=15.0, |pitch|<=15.0): yaw=-16.3, pitch=-11.8"
lfw_00886,data/raw/images/lfw_00886.jpg,FACE_TOO_ANGLED_OR_SMALL,"Pose out of frontal band (|yaw|<=15.0, |pitch|<=15.0): yaw=38.0, pitch=-18.7"
lfw_00887,data/raw/images/lfw_00887.jpg,FACE_TOO_ANGLED_OR_SMALL,"Pose out of frontal band (|yaw|<=15.0, |pitch|<=15.0): yaw=-2.4, pitch=-15.1"
lfw_00889,data/raw/images/lfw_00889.jpg,FACE_TOO_ANGLED_OR_SMALL,"Pose out of frontal band (|yaw|<=15.0, |pitch|<=15.0): yaw=25.0, pitch=-4.0"
lfw_00890,data/raw/images/lfw_00890.jpg,FACE_TOO_ANGLED_OR_SMALL,"Pose out of frontal band (|yaw|<=15.0, |pitch|<=15.0): yaw=-19.9, pitch=-16.1"
lfw_00891,data/raw/images/lfw_00891.jpg,FACE_TOO_ANGLED_OR_SMALL,"Pose out of frontal band (|yaw|<=15.0, |pitch|<=15.0): yaw=25.1, pitch=-3.3"
lfw_00892,data/raw/images/lfw_00892.jpg,FACE_TOO_ANGLED_OR_SMALL,"Pose out of frontal band (|yaw|<=15.0, |pitch|<=15.0): yaw=11.0, pitch=-30.4"
lfw_00893,data/raw/images/lfw_00893.jpg,FACE_TOO_ANGLED_OR_SMALL,"Pose out of frontal band (|yaw|<=15.0, |pitch|<=15.0): yaw=-9.1, pitch=-15.5"
lfw_00894,data/raw/images/lfw_00894.jpg,FACE_TOO_ANGLED_OR_SMALL,"Pose out of frontal band (|yaw|<=15.0, |pitch|<=15.0): yaw=-11.5, pitch=-22.4"
lfw_00896,data/raw/images/lfw_00896.jpg,FACE_TOO_ANGLED_OR_SMALL,"Pose out of frontal band (|yaw|<=15.0, |pitch|<=15.0): yaw=43.1, pitch=-26.3"
lfw_00897,data/raw/images/lfw_00897.jpg,FACE_TOO_ANGLED_OR_SMALL,"Pose out of frontal band (|yaw|<=15.0, |pitch|<=15.0): yaw=44.7, pitch=-20.4"
lfw_00899,data/raw/images/lfw_00899.jpg,FACE_TOO_ANGLED_OR_SMALL,"Pose out of frontal band (|yaw|<=15.0, |pitch|<=15.0): yaw=34.2, pitch=-2.5"
lfw_00900,data/raw/images/lfw_00900.jpg,FACE_TOO_ANGLED_OR_SMALL,"Pose out of frontal band (|yaw|<=15.0, |pitch|<=15.0): yaw=-45.4, pitch=-27.7"
lfw_00901,data/raw/images/lfw_00901.jpg,FACE_TOO_ANGLED_OR_SMALL,"Pose out of frontal band (|yaw|<=15.0, |pitch|<=15.0): yaw=-10.2, pitch=-68.5"
lfw_00902,data/raw/images/lfw_00902.jpg,MULTIPLE_FACES_DETECTED,
lfw_00903,data/raw/images/lfw_00903.jpg,FACE_TOO_ANGLED_OR_SMALL,"Pose out of frontal band (|yaw|<=15.0, |pitch|<=15.0): yaw=-68.7, pitch=-4.9"
lfw_00904,data/raw/images/lfw_00904.jpg,FACE_TOO_ANGLED_OR_SMALL,"Pose out of frontal band (|yaw|<=15.0, |pitch|<=15.0): yaw=41.3, pitch=-15.1"
lfw_00905,data/raw/images/lfw_00905.jpg,FACE_TOO_ANGLED_OR_SMALL,"Pose out of frontal band (|yaw|<=15.0, |pitch|<=15.0): yaw=30.2, pitch=-14.7"
lfw_00906,data/raw/images/lfw_00906.jpg,FACE_TOO_ANGLED_OR_SMALL,"Pose out of frontal band (|yaw|<=15.0, |pitch|<=15.0): yaw=-29.7, pitch=-21.3"
lfw_00907,data/raw/images/lfw_00907.jpg,FACE_TOO_ANGLED_OR_SMALL,"Pose out of frontal band (|yaw|<=15.0, |pitch|<=15.0): yaw=15.8, pitch=-19.6"
lfw_00909,data/raw/images/lfw_00909.jpg,FACE_TOO_ANGLED_OR_SMALL,"Pose out of frontal band (|yaw|<=15.0, |pitch|<=15.0): yaw=28.5, pitch=-24.9"
lfw_00910,data/raw/images/lfw_00910.jpg,FACE_TOO_ANGLED_OR_SMALL,"Pose out of frontal band (|yaw|<=15.0, |pitch|<=15.0): yaw=-15.4, pitch=-21.8"
lfw_00911,data/raw/images/lfw_00911.jpg,FACE_TOO_ANGLED_OR_SMALL,"Pose out of frontal band (|yaw|<=15.0, |pitch|<=15.0): yaw=-21.7, pitch=-32.0"
lfw_00912,data/raw/images/lfw_00912.jpg,FACE_TOO_ANGLED_OR_SMALL,"Pose out of frontal band (|yaw|<=15.0, |pitch|<=15.0): yaw=-23.3, pitch=-29.1"
lfw_00913,data/raw/images/lfw_00913.jpg,FACE_TOO_ANGLED_OR_SMALL,"Pose out of frontal band (|yaw|<=15.0, |pitch|<=15.0): yaw=-2.3, pitch=-47.0"
lfw_00914,data/raw/images/lfw_00914.jpg,FACE_TOO_ANGLED_OR_SMALL,"Pose out of frontal band (|yaw|<=15.0, |pitch|<=15.0): yaw=18.8, pitch=-38.8"
lfw_00915,data/raw/images/lfw_00915.jpg,FACE_TOO_ANGLED_OR_SMALL,"Pose out of frontal band (|yaw|<=15.0, |pitch|<=15.0): yaw=67.3, pitch=-20.2"
lfw_00916,data/raw/images/lfw_00916.jpg,FACE_TOO_ANGLED_OR_SMALL,"Pose out of frontal band (|yaw|<=15.0, |pitch|<=15.0): yaw=-70.4, pitch=-26.4"
lfw_00917,data/raw/images/lfw_00917.jpg,FACE_TOO_ANGLED_OR_SMALL,"Pose out of frontal band (|yaw|<=15.0, |pitch|<=15.0): yaw=39.9, pitch=-18.8"
lfw_00918,data/raw/images/lfw_00918.jpg,FACE_TOO_ANGLED_OR_SMALL,"Pose out of frontal band (|yaw|<=15.0, |pitch|<=15.0): yaw=46.7, pitch=-4.0"
lfw_00919,data/raw/images/lfw_00919.jpg,FACE_TOO_ANGLED_OR_SMALL,"Pose out of frontal band (|yaw|<=15.0, |pitch|<=15.0): yaw=-15.0, pitch=-16.4"
lfw_00920,data/raw/images/lfw_00920.jpg,FACE_TOO_ANGLED_OR_SMALL,"Pose out of frontal band (|yaw|<=15.0, |pitch|<=15.0): yaw=17.5, pitch=-20.8"
lfw_00921,data/raw/images/lfw_00921.jpg,FACE_TOO_ANGLED_OR_SMALL,"Pose out of frontal band (|yaw|<=15.0, |pitch|<=15.0): yaw=-13.3, pitch=-32.5"
lfw_00922,data/raw/images/lfw_00922.jpg,FACE_TOO_ANGLED_OR_SMALL,"Pose out of frontal band (|yaw|<=15.0, |pitch|<=15.0): yaw=16.1, pitch=-28.6"
lfw_00923,data/raw/images/lfw_00923.jpg,FACE_TOO_ANGLED_OR_SMALL,"Pose out of frontal band (|yaw|<=15.0, |pitch|<=15.0): yaw=-8.8, pitch=-21.3"
lfw_00924,data/raw/images/lfw_00924.jpg,FACE_TOO_ANGLED_OR_SMALL,"Pose out of frontal band (|yaw|<=15.0, |pitch|<=15.0): yaw=12.7, pitch=-17.3"
lfw_00925,data/raw/images/lfw_00925.jpg,FACE_TOO_ANGLED_OR_SMALL,"Pose out of frontal band (|yaw|<=15.0, |pitch|<=15.0): yaw=1.0, pitch=-41.4"
lfw_00926,data/raw/images/lfw_00926.jpg,FACE_TOO_ANGLED_OR_SMALL,"Pose out of frontal band (|yaw|<=15.0, |pitch|<=15.0): yaw=26.3, pitch=-23.2"
lfw_00927,data/raw/images/lfw_00927.jpg,FACE_TOO_ANGLED_OR_SMALL,"Pose out of frontal band (|yaw|<=15.0, |pitch|<=15.0): yaw=10.4, pitch=-25.7"
lfw_00928,data/raw/images/lfw_00928.jpg,FACE_TOO_ANGLED_OR_SMALL,"Pose out of frontal band (|yaw|<=15.0, |pitch|<=15.0): yaw=18.9, pitch=-21.3"
lfw_00929,data/raw/images/lfw_00929.jpg,FACE_TOO_ANGLED_OR_SMALL,"Pose out of frontal band (|yaw|<=15.0, |pitch|<=15.0): yaw=28.3, pitch=-1.9"
lfw_00930,data/raw/images/lfw_00930.jpg,FACE_TOO_ANGLED_OR_SMALL,"Pose out of frontal band (|yaw|<=15.0, |pitch|<=15.0): yaw=-23.1, pitch=-31.0"
lfw_00931,data/raw/images/lfw_00931.jpg,FACE_TOO_ANGLED_OR_SMALL,"Pose out of frontal band (|yaw|<=15.0, |pitch|<=15.0): yaw=-7.1, pitch=-55.8"
lfw_00932,data/raw/images/lfw_00932.jpg,FACE_TOO_ANGLED_OR_SMALL,"Pose out of frontal band (|yaw|<=15.0, |pitch|<=15.0): yaw=40.3, pitch=1.6"
lfw_00933,data/raw/images/lfw_00933.jpg,FACE_TOO_ANGLED_OR_SMALL,"Pose out of frontal band (|yaw|<=15.0, |pitch|<=15.0): yaw=39.9, pitch=-30.7"
lfw_00934,data/raw/images/lfw_00934.jpg,FACE_TOO_ANGLED_OR_SMALL,"Pose out of frontal band (|yaw|<=15.0, |pitch|<=15.0): yaw=-36.9, pitch=-11.1"
lfw_00935,data/raw/images/lfw_00935.jpg,FACE_TOO_ANGLED_OR_SMALL,"Pose out of frontal band (|yaw|<=15.0, |pitch|<=15.0): yaw=-51.2, pitch=-34.1"
lfw_00936,data/raw/images/lfw_00936.jpg,FACE_TOO_ANGLED_OR_SMALL,"Pose out of frontal band (|yaw|<=15.0, |pitch|<=15.0): yaw=-2.7, pitch=-41.5"
lfw_00937,data/raw/images/lfw_00937.jpg,FACE_TOO_ANGLED_OR_SMALL,"Pose out of frontal band (|yaw|<=15.0, |pitch|<=15.0): yaw=2.0, pitch=-35.4"
lfw_00938,data/raw/images/lfw_00938.jpg,FACE_TOO_ANGLED_OR_SMALL,"Pose out of frontal band (|yaw|<=15.0, |pitch|<=15.0): yaw=42.2, pitch=-25.4"
lfw_00939,data/raw/images/lfw_00939.jpg,FACE_TOO_ANGLED_OR_SMALL,"Pose out of frontal band (|yaw|<=15.0, |pitch|<=15.0): yaw=47.4, pitch=-28.4"
lfw_00940,data/raw/images/lfw_00940.jpg,FACE_TOO_ANGLED_OR_SMALL,"Pose out of frontal band (|yaw|<=15.0, |pitch|<=15.0): yaw=13.6, pitch=-36.1"
lfw_00941,data/raw/images/lfw_00941.jpg,FACE_TOO_ANGLED_OR_SMALL,"Pose out of frontal band (|yaw|<=15.0, |pitch|<=15.0): yaw=-20.7, pitch=-23.7"
lfw_00942,data/raw/images/lfw_00942.jpg,FACE_TOO_ANGLED_OR_SMALL,"Pose out of frontal band (|yaw|<=15.0, |pitch|<=15.0): yaw=-12.7, pitch=-30.0"
lfw_00944,data/raw/images/lfw_00944.jpg,FACE_TOO_ANGLED_OR_SMALL,"Pose out of frontal band (|yaw|<=15.0, |pitch|<=15.0): yaw=-12.1, pitch=-24.2"
lfw_00945,data/raw/images/lfw_00945.jpg,FACE_TOO_ANGLED_OR_SMALL,"Pose out of frontal band (|yaw|<=15.0, |pitch|<=15.0): yaw=2.8, pitch=-19.1"
lfw_00946,data/raw/images/lfw_00946.jpg,FACE_TOO_ANGLED_OR_SMALL,"Pose out of frontal band (|yaw|<=15.0, |pitch|<=15.0): yaw=35.7, pitch=-20.3"
lfw_00947,data/raw/images/lfw_00947.jpg,MULTIPLE_FACES_DETECTED,
lfw_00949,data/raw/images/lfw_00949.jpg,FACE_TOO_ANGLED_OR_SMALL,"Pose out of frontal band (|yaw|<=15.0, |pitch|<=15.0): yaw=-6.0, pitch=-28.6"
lfw_00950,data/raw/images/lfw_00950.jpg,FACE_TOO_ANGLED_OR_SMALL,"Pose out of frontal band (|yaw|<=15.0, |pitch|<=15.0): yaw=-61.1, pitch=-31.4"
lfw_00951,data/raw/images/lfw_00951.jpg,FACE_TOO_ANGLED_OR_SMALL,"Pose out of frontal band (|yaw|<=15.0, |pitch|<=15.0): yaw=43.8, pitch=-26.8"
lfw_00952,data/raw/images/lfw_00952.jpg,MULTIPLE_FACES_DETECTED,
lfw_00953,data/raw/images/lfw_00953.jpg,FACE_TOO_ANGLED_OR_SMALL,"Pose out of frontal band (|yaw|<=15.0, |pitch|<=15.0): yaw=18.5, pitch=-25.3"
lfw_00954,data/raw/images/lfw_00954.jpg,MULTIPLE_FACES_DETECTED,
lfw_00955,data/raw/images/lfw_00955.jpg,FACE_TOO_ANGLED_OR_SMALL,"Pose out of frontal band (|yaw|<=15.0, |pitch|<=15.0): yaw=-30.7, pitch=-37.6"
lfw_00956,data/raw/images/lfw_00956.jpg,FACE_TOO_ANGLED_OR_SMALL,"Pose out of frontal band (|yaw|<=15.0, |pitch|<=15.0): yaw=-0.2, pitch=-35.1"
lfw_00957,data/raw/images/lfw_00957.jpg,FACE_TOO_ANGLED_OR_SMALL,"Pose out of frontal band (|yaw|<=15.0, |pitch|<=15.0): yaw=-3.7, pitch=-36.6"
lfw_00958,data/raw/images/lfw_00958.jpg,MULTIPLE_FACES_DETECTED,
lfw_00959,data/raw/images/lfw_00959.jpg,FACE_TOO_ANGLED_OR_SMALL,"Pose out of frontal band (|yaw|<=15.0, |pitch|<=15.0): yaw=0.4, pitch=-43.1"
lfw_00960,data/raw/images/lfw_00960.jpg,FACE_TOO_ANGLED_OR_SMALL,"Pose out of frontal band (|yaw|<=15.0, |pitch|<=15.0): yaw=6.2, pitch=-26.6"
lfw_00961,data/raw/images/lfw_00961.jpg,FACE_TOO_ANGLED_OR_SMALL,"Pose out of frontal band (|yaw|<=15.0, |pitch|<=15.0): yaw=-3.7, pitch=-19.5"
lfw_00962,data/raw/images/lfw_00962.jpg,FACE_TOO_ANGLED_OR_SMALL,"Pose out of frontal band (|yaw|<=15.0, |pitch|<=15.0): yaw=2.2, pitch=-25.4"
lfw_00963,data/raw/images/lfw_00963.jpg,FACE_TOO_ANGLED_OR_SMALL,"Pose out of frontal band (|yaw|<=15.0, |pitch|<=15.0): yaw=10.3, pitch=-24.0"
lfw_00964,data/raw/images/lfw_00964.jpg,FACE_TOO_ANGLED_OR_SMALL,"Pose out of frontal band (|yaw|<=15.0, |pitch|<=15.0): yaw=68.3, pitch=-12.2"
lfw_00967,data/raw/images/lfw_00967.jpg,FACE_TOO_ANGLED_OR_SMALL,"Pose out of frontal band (|yaw|<=15.0, |pitch|<=15.0): yaw=29.9, pitch=-33.6"
lfw_00968,data/raw/images/lfw_00968.jpg,FACE_TOO_ANGLED_OR_SMALL,"Pose out of frontal band (|yaw|<=15.0, |pitch|<=15.0): yaw=-34.7, pitch=-23.4"
lfw_00969,data/raw/images/lfw_00969.jpg,FACE_TOO_ANGLED_OR_SMALL,"Pose out of frontal band (|yaw|<=15.0, |pitch|<=15.0): yaw=13.6, pitch=-27.4"
lfw_00970,data/raw/images/lfw_00970.jpg,FACE_TOO_ANGLED_OR_SMALL,"Pose out of frontal band (|yaw|<=15.0, |pitch|<=15.0): yaw=4.5, pitch=-31.9"
lfw_00972,data/raw/images/lfw_00972.jpg,FACE_TOO_ANGLED_OR_SMALL,"Pose out of frontal band (|yaw|<=15.0, |pitch|<=15.0): yaw=25.1, pitch=-30.3"
lfw_00973,data/raw/images/lfw_00973.jpg,FACE_TOO_ANGLED_OR_SMALL,"Pose out of frontal band (|yaw|<=15.0, |pitch|<=15.0): yaw=22.7, pitch=-21.1"
lfw_00974,data/raw/images/lfw_00974.jpg,FACE_TOO_ANGLED_OR_SMALL,"Pose out of frontal band (|yaw|<=15.0, |pitch|<=15.0): yaw=-30.1, pitch=-38.8"
lfw_00975,data/raw/images/lfw_00975.jpg,FACE_TOO_ANGLED_OR_SMALL,"Pose out of frontal band (|yaw|<=15.0, |pitch|<=15.0): yaw=32.6, pitch=-30.9"
lfw_00976,data/raw/images/lfw_00976.jpg,FACE_TOO_ANGLED_OR_SMALL,"Pose out of frontal band (|yaw|<=15.0, |pitch|<=15.0): yaw=18.3, pitch=-49.4"
lfw_00977,data/raw/images/lfw_00977.jpg,FACE_TOO_ANGLED_OR_SMALL,"Pose out of frontal band (|yaw|<=15.0, |pitch|<=15.0): yaw=24.8, pitch=-22.9"
lfw_00978,data/raw/images/lfw_00978.jpg,FACE_TOO_ANGLED_OR_SMALL,"Pose out of frontal band (|yaw|<=15.0, |pitch|<=15.0): yaw=-29.5, pitch=-41.8"
lfw_00979,data/raw/images/lfw_00979.jpg,MULTIPLE_FACES_DETECTED,
lfw_00980,data/raw/images/lfw_00980.jpg,FACE_TOO_ANGLED_OR_SMALL,"Pose out of frontal band (|yaw|<=15.0, |pitch|<=15.0): yaw=4.7, pitch=-17.5"
lfw_00981,data/raw/images/lfw_00981.jpg,FACE_TOO_ANGLED_OR_SMALL,"Pose out of frontal band (|yaw|<=15.0, |pitch|<=15.0): yaw=-9.5, pitch=-25.0"
lfw_00982,data/raw/images/lfw_00982.jpg,FACE_TOO_ANGLED_OR_SMALL,"Pose out of frontal band (|yaw|<=15.0, |pitch|<=15.0): yaw=35.5, pitch=-32.0"
lfw_00983,data/raw/images/lfw_00983.jpg,FACE_TOO_ANGLED_OR_SMALL,"Pose out of frontal band (|yaw|<=15.0, |pitch|<=15.0): yaw=26.6, pitch=-41.8"
lfw_00985,data/raw/images/lfw_00985.jpg,FACE_TOO_ANGLED_OR_SMALL,"Pose out of frontal band (|yaw|<=15.0, |pitch|<=15.0): yaw=24.4, pitch=-44.2"
lfw_00986,data/raw/images/lfw_00986.jpg,FACE_TOO_ANGLED_OR_SMALL,"Pose out of frontal band (|yaw|<=15.0, |pitch|<=15.0): yaw=5.9, pitch=-39.7"
lfw_00987,data/raw/images/lfw_00987.jpg,FACE_TOO_ANGLED_OR_SMALL,"Pose out of frontal band (|yaw|<=15.0, |pitch|<=15.0): yaw=1.3, pitch=-24.6"
lfw_00988,data/raw/images/lfw_00988.jpg,FACE_TOO_ANGLED_OR_SMALL,"Pose out of frontal band (|yaw|<=15.0, |pitch|<=15.0): yaw=-16.5, pitch=-28.2"
lfw_00989,data/raw/images/lfw_00989.jpg,FACE_TOO_ANGLED_OR_SMALL,"Pose out of frontal band (|yaw|<=15.0, |pitch|<=15.0): yaw=-3.6, pitch=-45.6"
lfw_00990,data/raw/images/lfw_00990.jpg,FACE_TOO_ANGLED_OR_SMALL,"Pose out of frontal band (|yaw|<=15.0, |pitch|<=15.0): yaw=-14.9, pitch=-42.8"
lfw_00991,data/raw/images/lfw_00991.jpg,FACE_TOO_ANGLED_OR_SMALL,"Pose out of frontal band (|yaw|<=15.0, |pitch|<=15.0): yaw=-36.9, pitch=-22.9"
lfw_00992,data/raw/images/lfw_00992.jpg,FACE_TOO_ANGLED_OR_SMALL,"Pose out of frontal band (|yaw|<=15.0, |pitch|<=15.0): yaw=-8.3, pitch=-72.5"
lfw_00993,data/raw/images/lfw_00993.jpg,FACE_TOO_ANGLED_OR_SMALL,"Pose out of frontal band (|yaw|<=15.0, |pitch|<=15.0): yaw=-49.3, pitch=-15.5"
lfw_00994,data/raw/images/lfw_00994.jpg,FACE_TOO_ANGLED_OR_SMALL,"Pose out of frontal band (|yaw|<=15.0, |pitch|<=15.0): yaw=20.2, pitch=-24.9"
lfw_00995,data/raw/images/lfw_00995.jpg,FACE_TOO_ANGLED_OR_SMALL,"Pose out of frontal band (|yaw|<=15.0, |pitch|<=15.0): yaw=-12.5, pitch=-34.2"
lfw_00996,data/raw/images/lfw_00996.jpg,FACE_TOO_ANGLED_OR_SMALL,"Pose out of frontal band (|yaw|<=15.0, |pitch|<=15.0): yaw=24.7, pitch=-10.6"
lfw_00997,data/raw/images/lfw_00997.jpg,FACE_TOO_ANGLED_OR_SMALL,"Pose out of frontal band (|yaw|<=15.0, |pitch|<=15.0): yaw=21.5, pitch=-18.5"
lfw_01000,data/raw/images/lfw_01000.jpg,MULTIPLE_FACES_DETECTED,
lfw_01001,data/raw/images/lfw_01001.jpg,FACE_TOO_ANGLED_OR_SMALL,"Pose out of frontal band (|yaw|<=15.0, |pitch|<=15.0): yaw=2.2, pitch=-41.6"
lfw_01002,data/raw/images/lfw_01002.jpg,FACE_TOO_ANGLED_OR_SMALL,"Pose out of frontal band (|yaw|<=15.0, |pitch|<=15.0): yaw=-26.0, pitch=-12.3"
lfw_01004,data/raw/images/lfw_01004.jpg,FACE_TOO_ANGLED_OR_SMALL,"Pose out of frontal band (|yaw|<=15.0, |pitch|<=15.0): yaw=45.7, pitch=-21.6"
lfw_01005,data/raw/images/lfw_01005.jpg,FACE_TOO_ANGLED_OR_SMALL,"Pose out of frontal band (|yaw|<=15.0, |pitch|<=15.0): yaw=8.3, pitch=-22.1"
lfw_01006,data/raw/images/lfw_01006.jpg,FACE_TOO_ANGLED_OR_SMALL,"Pose out of frontal band (|yaw|<=15.0, |pitch|<=15.0): yaw=-36.3, pitch=-21.9"
lfw_01007,data/raw/images/lfw_01007.jpg,MULTIPLE_FACES_DETECTED,
lfw_01008,data/raw/images/lfw_01008.jpg,FACE_TOO_ANGLED_OR_SMALL,"Pose out of frontal band (|yaw|<=15.0, |pitch|<=15.0): yaw=-30.4, pitch=-20.5"
lfw_01009,data/raw/images/lfw_01009.jpg,FACE_TOO_ANGLED_OR_SMALL,"Pose out of frontal band (|yaw|<=15.0, |pitch|<=15.0): yaw=-39.9, pitch=-22.3"
lfw_01010,data/raw/images/lfw_01010.jpg,MULTIPLE_FACES_DETECTED,
lfw_01011,data/raw/images/lfw_01011.jpg,FACE_TOO_ANGLED_OR_SMALL,"Pose out of frontal band (|yaw|<=15.0, |pitch|<=15.0): yaw=1.3, pitch=-27.4"
lfw_01012,data/raw/images/lfw_01012.jpg,FACE_TOO_ANGLED_OR_SMALL,"Pose out of frontal band (|yaw|<=15.0, |pitch|<=15.0): yaw=-21.5, pitch=-26.6"
lfw_01013,data/raw/images/lfw_01013.jpg,FACE_TOO_ANGLED_OR_SMALL,"Pose out of frontal band (|yaw|<=15.0, |pitch|<=15.0): yaw=-27.6, pitch=-17.6"
lfw_01015,data/raw/images/lfw_01015.jpg,FACE_TOO_ANGLED_OR_SMALL,"Pose out of frontal band (|yaw|<=15.0, |pitch|<=15.0): yaw=11.2, pitch=-28.8"
lfw_01016,data/raw/images/lfw_01016.jpg,FACE_TOO_ANGLED_OR_SMALL,"Pose out of frontal band (|yaw|<=15.0, |pitch|<=15.0): yaw=12.8, pitch=-17.5"
lfw_01017,data/raw/images/lfw_01017.jpg,FACE_TOO_ANGLED_OR_SMALL,"Pose out of frontal band (|yaw|<=15.0, |pitch|<=15.0): yaw=-16.5, pitch=-11.2"
lfw_01018,data/raw/images/lfw_01018.jpg,FACE_TOO_ANGLED_OR_SMALL,"Pose out of frontal band (|yaw|<=15.0, |pitch|<=15.0): yaw=15.3, pitch=-26.5"
lfw_01019,data/raw/images/lfw_01019.jpg,MULTIPLE_FACES_DETECTED,
lfw_01020,data/raw/images/lfw_01020.jpg,FACE_TOO_ANGLED_OR_SMALL,"Pose out of frontal band (|yaw|<=15.0, |pitch|<=15.0): yaw=44.2, pitch=-30.7"
lfw_01021,data/raw/images/lfw_01021.jpg,FACE_TOO_ANGLED_OR_SMALL,"Pose out of frontal band (|yaw|<=15.0, |pitch|<=15.0): yaw=16.7, pitch=-19.7"
lfw_01022,data/raw/images/lfw_01022.jpg,FACE_TOO_ANGLED_OR_SMALL,"Pose out of frontal band (|yaw|<=15.0, |pitch|<=15.0): yaw=27.3, pitch=-20.2"
lfw_01023,data/raw/images/lfw_01023.jpg,FACE_TOO_ANGLED_OR_SMALL,"Pose out of frontal band (|yaw|<=15.0, |pitch|<=15.0): yaw=16.6, pitch=-39.4"
lfw_01025,data/raw/images/lfw_01025.jpg,FACE_TOO_ANGLED_OR_SMALL,"Pose out of frontal band (|yaw|<=15.0, |pitch|<=15.0): yaw=-19.6, pitch=-29.1"
lfw_01026,data/raw/images/lfw_01026.jpg,FACE_TOO_ANGLED_OR_SMALL,"Pose out of frontal band (|yaw|<=15.0, |pitch|<=15.0): yaw=-16.0, pitch=-52.7"
lfw_01027,data/raw/images/lfw_01027.jpg,FACE_TOO_ANGLED_OR_SMALL,"Pose out of frontal band (|yaw|<=15.0, |pitch|<=15.0): yaw=41.5, pitch=-19.0"
lfw_01028,data/raw/images/lfw_01028.jpg,FACE_TOO_ANGLED_OR_SMALL,"Pose out of frontal band (|yaw|<=15.0, |pitch|<=15.0): yaw=-18.0, pitch=-65.6"
lfw_01029,data/raw/images/lfw_01029.jpg,MULTIPLE_FACES_DETECTED,
lfw_01030,data/raw/images/lfw_01030.jpg,FACE_TOO_ANGLED_OR_SMALL,"Pose out of frontal band (|yaw|<=15.0, |pitch|<=15.0): yaw=-11.1, pitch=-46.2"
lfw_01031,data/raw/images/lfw_01031.jpg,FACE_TOO_ANGLED_OR_SMALL,"Pose out of frontal band (|yaw|<=15.0, |pitch|<=15.0): yaw=2.2, pitch=-25.2"
lfw_01032,data/raw/images/lfw_01032.jpg,FACE_TOO_ANGLED_OR_SMALL,"Pose out of frontal band (|yaw|<=15.0, |pitch|<=15.0): yaw=16.3, pitch=-27.1"
lfw_01033,data/raw/images/lfw_01033.jpg,FACE_TOO_ANGLED_OR_SMALL,"Pose out of frontal band (|yaw|<=15.0, |pitch|<=15.0): yaw=-43.8, pitch=-22.7"
lfw_01034,data/raw/images/lfw_01034.jpg,MULTIPLE_FACES_DETECTED,
lfw_01035,data/raw/images/lfw_01035.jpg,FACE_TOO_ANGLED_OR_SMALL,"Pose out of frontal band (|yaw|<=15.0, |pitch|<=15.0): yaw=69.8, pitch=-23.2"
lfw_01036,data/raw/images/lfw_01036.jpg,FACE_TOO_ANGLED_OR_SMALL,"Pose out of frontal band (|yaw|<=15.0, |pitch|<=15.0): yaw=39.0, pitch=-20.9"
lfw_01037,data/raw/images/lfw_01037.jpg,FACE_TOO_ANGLED_OR_SMALL,"Pose out of frontal band (|yaw|<=15.0, |pitch|<=15.0): yaw=-13.0, pitch=-25.5"
lfw_01038,data/raw/images/lfw_01038.jpg,FACE_TOO_ANGLED_OR_SMALL,"Pose out of frontal band (|yaw|<=15.0, |pitch|<=15.0): yaw=6.2, pitch=-27.3"
lfw_01039,data/raw/images/lfw_01039.jpg,FACE_TOO_ANGLED_OR_SMALL,"Pose out of frontal band (|yaw|<=15.0, |pitch|<=15.0): yaw=-5.6, pitch=-27.5"
lfw_01040,data/raw/images/lfw_01040.jpg,FACE_TOO_ANGLED_OR_SMALL,"Pose out of frontal band (|yaw|<=15.0, |pitch|<=15.0): yaw=12.3, pitch=-25.1"
lfw_01041,data/raw/images/lfw_01041.jpg,FACE_TOO_ANGLED_OR_SMALL,"Pose out of frontal band (|yaw|<=15.0, |pitch|<=15.0): yaw=9.0, pitch=-32.5"
lfw_01042,data/raw/images/lfw_01042.jpg,FACE_TOO_ANGLED_OR_SMALL,"Pose out of frontal band (|yaw|<=15.0, |pitch|<=15.0): yaw=4.8, pitch=-16.9"
lfw_01043,data/raw/images/lfw_01043.jpg,FACE_TOO_ANGLED_OR_SMALL,"Pose out of frontal band (|yaw|<=15.0, |pitch|<=15.0): yaw=14.4, pitch=-18.4"
lfw_01044,data/raw/images/lfw_01044.jpg,FACE_TOO_ANGLED_OR_SMALL,"Pose out of frontal band (|yaw|<=15.0, |pitch|<=15.0): yaw=28.7, pitch=-9.5"
lfw_01045,data/raw/images/lfw_01045.jpg,FACE_TOO_ANGLED_OR_SMALL,"Pose out of frontal band (|yaw|<=15.0, |pitch|<=15.0): yaw=-49.1, pitch=-10.9"
lfw_01046,data/raw/images/lfw_01046.jpg,FACE_TOO_ANGLED_OR_SMALL,"Pose out of frontal band (|yaw|<=15.0, |pitch|<=15.0): yaw=-47.9, pitch=-27.9"
lfw_01047,data/raw/images/lfw_01047.jpg,FACE_TOO_ANGLED_OR_SMALL,"Pose out of frontal band (|yaw|<=15.0, |pitch|<=15.0): yaw=16.9, pitch=-23.4"
lfw_01048,data/raw/images/lfw_01048.jpg,FACE_TOO_ANGLED_OR_SMALL,"Pose out of frontal band (|yaw|<=15.0, |pitch|<=15.0): yaw=5.0, pitch=-28.8"
lfw_01049,data/raw/images/lfw_01049.jpg,FACE_TOO_ANGLED_OR_SMALL,"Pose out of frontal band (|yaw|<=15.0, |pitch|<=15.0): yaw=24.4, pitch=-25.8"
lfw_01050,data/raw/images/lfw_01050.jpg,MULTIPLE_FACES_DETECTED,
lfw_01051,data/raw/images/lfw_01051.jpg,FACE_TOO_ANGLED_OR_SMALL,"Pose out of frontal band (|yaw|<=15.0, |pitch|<=15.0): yaw=0.4, pitch=-26.4"
lfw_01052,data/raw/images/lfw_01052.jpg,MULTIPLE_FACES_DETECTED,
lfw_01053,data/raw/images/lfw_01053.jpg,FACE_TOO_ANGLED_OR_SMALL,"Pose out of frontal band (|yaw|<=15.0, |pitch|<=15.0): yaw=-17.2, pitch=-20.1"
lfw_01054,data/raw/images/lfw_01054.jpg,FACE_TOO_ANGLED_OR_SMALL,"Pose out of frontal band (|yaw|<=15.0, |pitch|<=15.0): yaw=-8.9, pitch=-28.4"
lfw_01055,data/raw/images/lfw_01055.jpg,FACE_TOO_ANGLED_OR_SMALL,"Pose out of frontal band (|yaw|<=15.0, |pitch|<=15.0): yaw=6.8, pitch=-19.0"
lfw_01056,data/raw/images/lfw_01056.jpg,FACE_TOO_ANGLED_OR_SMALL,"Pose out of frontal band (|yaw|<=15.0, |pitch|<=15.0): yaw=17.2, pitch=-22.4"
lfw_01057,data/raw/images/lfw_01057.jpg,FACE_TOO_ANGLED_OR_SMALL,"Pose out of frontal band (|yaw|<=15.0, |pitch|<=15.0): yaw=-17.9, pitch=-22.1"
lfw_01058,data/raw/images/lfw_01058.jpg,MULTIPLE_FACES_DETECTED,
lfw_01059,data/raw/images/lfw_01059.jpg,MULTIPLE_FACES_DETECTED,
lfw_01060,data/raw/images/lfw_01060.jpg,FACE_TOO_ANGLED_OR_SMALL,"Pose out of frontal band (|yaw|<=15.0, |pitch|<=15.0): yaw=-61.7, pitch=-35.9"
lfw_01061,data/raw/images/lfw_01061.jpg,FACE_TOO_ANGLED_OR_SMALL,"Pose out of frontal band (|yaw|<=15.0, |pitch|<=15.0): yaw=26.9, pitch=-26.6"
lfw_01062,data/raw/images/lfw_01062.jpg,FACE_TOO_ANGLED_OR_SMALL,"Pose out of frontal band (|yaw|<=15.0, |pitch|<=15.0): yaw=46.1, pitch=-34.2"
lfw_01063,data/raw/images/lfw_01063.jpg,MULTIPLE_FACES_DETECTED,
lfw_01065,data/raw/images/lfw_01065.jpg,FACE_TOO_ANGLED_OR_SMALL,"Pose out of frontal band (|yaw|<=15.0, |pitch|<=15.0): yaw=11.7, pitch=-26.6"
lfw_01066,data/raw/images/lfw_01066.jpg,FACE_TOO_ANGLED_OR_SMALL,"Pose out of frontal band (|yaw|<=15.0, |pitch|<=15.0): yaw=-29.8, pitch=-26.5"
lfw_01067,data/raw/images/lfw_01067.jpg,FACE_TOO_ANGLED_OR_SMALL,"Pose out of frontal band (|yaw|<=15.0, |pitch|<=15.0): yaw=-32.4, pitch=-45.8"
lfw_01068,data/raw/images/lfw_01068.jpg,FACE_TOO_ANGLED_OR_SMALL,"Pose out of frontal band (|yaw|<=15.0, |pitch|<=15.0): yaw=24.9, pitch=-29.3"
lfw_01069,data/raw/images/lfw_01069.jpg,FACE_TOO_ANGLED_OR_SMALL,"Pose out of frontal band (|yaw|<=15.0, |pitch|<=15.0): yaw=16.4, pitch=-45.5"
lfw_01070,data/raw/images/lfw_01070.jpg,FACE_TOO_ANGLED_OR_SMALL,"Pose out of frontal band (|yaw|<=15.0, |pitch|<=15.0): yaw=-2.8, pitch=-16.6"
lfw_01071,data/raw/images/lfw_01071.jpg,FACE_TOO_ANGLED_OR_SMALL,"Pose out of frontal band (|yaw|<=15.0, |pitch|<=15.0): yaw=-13.6, pitch=-27.0"
lfw_01073,data/raw/images/lfw_01073.jpg,FACE_TOO_ANGLED_OR_SMALL,"Pose out of frontal band (|yaw|<=15.0, |pitch|<=15.0): yaw=29.9, pitch=-9.1"
lfw_01074,data/raw/images/lfw_01074.jpg,FACE_TOO_ANGLED_OR_SMALL,"Pose out of frontal band (|yaw|<=15.0, |pitch|<=15.0): yaw=25.0, pitch=-15.8"
lfw_01075,data/raw/images/lfw_01075.jpg,FACE_TOO_ANGLED_OR_SMALL,"Pose out of frontal band (|yaw|<=15.0, |pitch|<=15.0): yaw=-31.2, pitch=-31.2"
lfw_01076,data/raw/images/lfw_01076.jpg,FACE_TOO_ANGLED_OR_SMALL,"Pose out of frontal band (|yaw|<=15.0, |pitch|<=15.0): yaw=-36.5, pitch=-16.1"
lfw_01077,data/raw/images/lfw_01077.jpg,FACE_TOO_ANGLED_OR_SMALL,"Pose out of frontal band (|yaw|<=15.0, |pitch|<=15.0): yaw=16.3, pitch=-15.7"
lfw_01078,data/raw/images/lfw_01078.jpg,FACE_TOO_ANGLED_OR_SMALL,"Pose out of frontal band (|yaw|<=15.0, |pitch|<=15.0): yaw=39.5, pitch=-23.5"
lfw_01079,data/raw/images/lfw_01079.jpg,FACE_TOO_ANGLED_OR_SMALL,"Pose out of frontal band (|yaw|<=15.0, |pitch|<=15.0): yaw=8.2, pitch=-28.3"
lfw_01080,data/raw/images/lfw_01080.jpg,FACE_TOO_ANGLED_OR_SMALL,"Pose out of frontal band (|yaw|<=15.0, |pitch|<=15.0): yaw=12.2, pitch=-39.8"
lfw_01081,data/raw/images/lfw_01081.jpg,FACE_TOO_ANGLED_OR_SMALL,"Pose out of frontal band (|yaw|<=15.0, |pitch|<=15.0): yaw=12.8, pitch=-46.1"
lfw_01082,data/raw/images/lfw_01082.jpg,FACE_TOO_ANGLED_OR_SMALL,"Pose out of frontal band (|yaw|<=15.0, |pitch|<=15.0): yaw=30.0, pitch=-35.8"
lfw_01083,data/raw/images/lfw_01083.jpg,FACE_TOO_ANGLED_OR_SMALL,"Pose out of frontal band (|yaw|<=15.0, |pitch|<=15.0): yaw=-42.0, pitch=-20.6"
lfw_01084,data/raw/images/lfw_01084.jpg,FACE_TOO_ANGLED_OR_SMALL,"Pose out of frontal band (|yaw|<=15.0, |pitch|<=15.0): yaw=-0.1, pitch=-45.4"
lfw_01085,data/raw/images/lfw_01085.jpg,FACE_TOO_ANGLED_OR_SMALL,"Pose out of frontal band (|yaw|<=15.0, |pitch|<=15.0): yaw=26.0, pitch=-28.2"
lfw_01086,data/raw/images/lfw_01086.jpg,FACE_TOO_ANGLED_OR_SMALL,"Pose out of frontal band (|yaw|<=15.0, |pitch|<=15.0): yaw=-18.1, pitch=-29.0"
lfw_01087,data/raw/images/lfw_01087.jpg,FACE_TOO_ANGLED_OR_SMALL,"Pose out of frontal band (|yaw|<=15.0, |pitch|<=15.0): yaw=-47.1, pitch=-42.6"
lfw_01089,data/raw/images/lfw_01089.jpg,FACE_TOO_ANGLED_OR_SMALL,"Pose out of frontal band (|yaw|<=15.0, |pitch|<=15.0): yaw=13.6, pitch=-21.1"
lfw_01090,data/raw/images/lfw_01090.jpg,FACE_TOO_ANGLED_OR_SMALL,"Pose out of frontal band (|yaw|<=15.0, |pitch|<=15.0): yaw=-50.3, pitch=-30.3"
lfw_01091,data/raw/images/lfw_01091.jpg,FACE_TOO_ANGLED_OR_SMALL,"Pose out of frontal band (|yaw|<=15.0, |pitch|<=15.0): yaw=7.8, pitch=-31.7"
lfw_01092,data/raw/images/lfw_01092.jpg,FACE_TOO_ANGLED_OR_SMALL,"Pose out of frontal band (|yaw|<=15.0, |pitch|<=15.0): yaw=39.0, pitch=-22.9"
lfw_01093,data/raw/images/lfw_01093.jpg,FACE_TOO_ANGLED_OR_SMALL,"Pose out of frontal band (|yaw|<=15.0, |pitch|<=15.0): yaw=4.7, pitch=-40.0"
lfw_01094,data/raw/images/lfw_01094.jpg,FACE_TOO_ANGLED_OR_SMALL,"Pose out of frontal band (|yaw|<=15.0, |pitch|<=15.0): yaw=10.8, pitch=-23.6"
lfw_01096,data/raw/images/lfw_01096.jpg,FACE_TOO_ANGLED_OR_SMALL,"Pose out of frontal band (|yaw|<=15.0, |pitch|<=15.0): yaw=10.3, pitch=-35.6"
lfw_01097,data/raw/images/lfw_01097.jpg,MULTIPLE_FACES_DETECTED,
lfw_01098,data/raw/images/lfw_01098.jpg,MULTIPLE_FACES_DETECTED,
lfw_01099,data/raw/images/lfw_01099.jpg,FACE_TOO_ANGLED_OR_SMALL,"Pose out of frontal band (|yaw|<=15.0, |pitch|<=15.0): yaw=6.8, pitch=-18.1"
lfw_01100,data/raw/images/lfw_01100.jpg,FACE_TOO_ANGLED_OR_SMALL,"Pose out of frontal band (|yaw|<=15.0, |pitch|<=15.0): yaw=40.2, pitch=-1.5"
lfw_01102,data/raw/images/lfw_01102.jpg,MULTIPLE_FACES_DETECTED,
lfw_01103,data/raw/images/lfw_01103.jpg,FACE_TOO_ANGLED_OR_SMALL,"Pose out of frontal band (|yaw|<=15.0, |pitch|<=15.0): yaw=-3.9, pitch=-41.3"
lfw_01104,data/raw/images/lfw_01104.jpg,FACE_TOO_ANGLED_OR_SMALL,"Pose out of frontal band (|yaw|<=15.0, |pitch|<=15.0): yaw=-12.0, pitch=-19.2"
lfw_01105,data/raw/images/lfw_01105.jpg,FACE_TOO_ANGLED_OR_SMALL,"Pose out of frontal band (|yaw|<=15.0, |pitch|<=15.0): yaw=16.1, pitch=-33.2"
lfw_01106,data/raw/images/lfw_01106.jpg,FACE_TOO_ANGLED_OR_SMALL,"Pose out of frontal band (|yaw|<=15.0, |pitch|<=15.0): yaw=-51.2, pitch=-40.7"
lfw_01107,data/raw/images/lfw_01107.jpg,FACE_TOO_ANGLED_OR_SMALL,"Pose out of frontal band (|yaw|<=15.0, |pitch|<=15.0): yaw=10.6, pitch=-17.8"
lfw_01108,data/raw/images/lfw_01108.jpg,FACE_TOO_ANGLED_OR_SMALL,"Pose out of frontal band (|yaw|<=15.0, |pitch|<=15.0): yaw=2.2, pitch=-15.6"
lfw_01109,data/raw/images/lfw_01109.jpg,FACE_TOO_ANGLED_OR_SMALL,"Pose out of frontal band (|yaw|<=15.0, |pitch|<=15.0): yaw=70.1, pitch=-31.1"
lfw_01110,data/raw/images/lfw_01110.jpg,MULTIPLE_FACES_DETECTED,
lfw_01111,data/raw/images/lfw_01111.jpg,FACE_TOO_ANGLED_OR_SMALL,"Pose out of frontal band (|yaw|<=15.0, |pitch|<=15.0): yaw=-51.5, pitch=-37.6"
lfw_01112,data/raw/images/lfw_01112.jpg,FACE_TOO_ANGLED_OR_SMALL,"Pose out of frontal band (|yaw|<=15.0, |pitch|<=15.0): yaw=-54.8, pitch=-24.6"
lfw_01113,data/raw/images/lfw_01113.jpg,FACE_TOO_ANGLED_OR_SMALL,"Pose out of frontal band (|yaw|<=15.0, |pitch|<=15.0): yaw=35.9, pitch=-32.2"
lfw_01114,data/raw/images/lfw_01114.jpg,MULTIPLE_FACES_DETECTED,
lfw_01115,data/raw/images/lfw_01115.jpg,FACE_TOO_ANGLED_OR_SMALL,"Pose out of frontal band (|yaw|<=15.0, |pitch|<=15.0): yaw=22.4, pitch=-32.0"
lfw_01116,data/raw/images/lfw_01116.jpg,FACE_TOO_ANGLED_OR_SMALL,"Pose out of frontal band (|yaw|<=15.0, |pitch|<=15.0): yaw=-2.9, pitch=-31.6"
lfw_01117,data/raw/images/lfw_01117.jpg,FACE_TOO_ANGLED_OR_SMALL,"Pose out of frontal band (|yaw|<=15.0, |pitch|<=15.0): yaw=-25.4, pitch=-26.0"
lfw_01118,data/raw/images/lfw_01118.jpg,FACE_TOO_ANGLED_OR_SMALL,"Pose out of frontal band (|yaw|<=15.0, |pitch|<=15.0): yaw=-13.1, pitch=-21.2"
lfw_01119,data/raw/images/lfw_01119.jpg,FACE_TOO_ANGLED_OR_SMALL,"Pose out of frontal band (|yaw|<=15.0, |pitch|<=15.0): yaw=45.6, pitch=-33.1"
lfw_01120,data/raw/images/lfw_01120.jpg,FACE_TOO_ANGLED_OR_SMALL,"Pose out of frontal band (|yaw|<=15.0, |pitch|<=15.0): yaw=-38.4, pitch=-31.3"
lfw_01121,data/raw/images/lfw_01121.jpg,FACE_TOO_ANGLED_OR_SMALL,"Pose out of frontal band (|yaw|<=15.0, |pitch|<=15.0): yaw=0.9, pitch=-18.8"
lfw_01122,data/raw/images/lfw_01122.jpg,FACE_TOO_ANGLED_OR_SMALL,"Pose out of frontal band (|yaw|<=15.0, |pitch|<=15.0): yaw=30.8, pitch=-17.8"
lfw_01123,data/raw/images/lfw_01123.jpg,FACE_TOO_ANGLED_OR_SMALL,"Pose out of frontal band (|yaw|<=15.0, |pitch|<=15.0): yaw=0.5, pitch=-19.8"
lfw_01124,data/raw/images/lfw_01124.jpg,FACE_TOO_ANGLED_OR_SMALL,"Pose out of frontal band (|yaw|<=15.0, |pitch|<=15.0): yaw=-4.4, pitch=-26.6"
lfw_01125,data/raw/images/lfw_01125.jpg,MULTIPLE_FACES_DETECTED,
lfw_01126,data/raw/images/lfw_01126.jpg,FACE_TOO_ANGLED_OR_SMALL,"Pose out of frontal band (|yaw|<=15.0, |pitch|<=15.0): yaw=-2.8, pitch=-21.3"
lfw_01127,data/raw/images/lfw_01127.jpg,FACE_TOO_ANGLED_OR_SMALL,"Pose out of frontal band (|yaw|<=15.0, |pitch|<=15.0): yaw=-35.9, pitch=-24.7"
lfw_01128,data/raw/images/lfw_01128.jpg,FACE_TOO_ANGLED_OR_SMALL,"Pose out of frontal band (|yaw|<=15.0, |pitch|<=15.0): yaw=22.6, pitch=-31.0"
lfw_01129,data/raw/images/lfw_01129.jpg,FACE_TOO_ANGLED_OR_SMALL,"Pose out of frontal band (|yaw|<=15.0, |pitch|<=15.0): yaw=-26.5, pitch=-23.8"
lfw_01130,data/raw/images/lfw_01130.jpg,FACE_TOO_ANGLED_OR_SMALL,"Pose out of frontal band (|yaw|<=15.0, |pitch|<=15.0): yaw=-1.5, pitch=-27.8"
lfw_01131,data/raw/images/lfw_01131.jpg,FACE_TOO_ANGLED_OR_SMALL,"Pose out of frontal band (|yaw|<=15.0, |pitch|<=15.0): yaw=21.7, pitch=-19.9"
lfw_01132,data/raw/images/lfw_01132.jpg,FACE_TOO_ANGLED_OR_SMALL,"Pose out of frontal band (|yaw|<=15.0, |pitch|<=15.0): yaw=15.2, pitch=-12.0"
lfw_01133,data/raw/images/lfw_01133.jpg,FACE_TOO_ANGLED_OR_SMALL,"Pose out of frontal band (|yaw|<=15.0, |pitch|<=15.0): yaw=-6.3, pitch=-17.7"
lfw_01134,data/raw/images/lfw_01134.jpg,FACE_TOO_ANGLED_OR_SMALL,"Pose out of frontal band (|yaw|<=15.0, |pitch|<=15.0): yaw=0.2, pitch=-19.3"
lfw_01135,data/raw/images/lfw_01135.jpg,FACE_TOO_ANGLED_OR_SMALL,"Pose out of frontal band (|yaw|<=15.0, |pitch|<=15.0): yaw=-9.4, pitch=-15.7"
lfw_01136,data/raw/images/lfw_01136.jpg,FACE_TOO_ANGLED_OR_SMALL,"Pose out of frontal band (|yaw|<=15.0, |pitch|<=15.0): yaw=-32.1, pitch=-19.5"
lfw_01137,data/raw/images/lfw_01137.jpg,FACE_TOO_ANGLED_OR_SMALL,"Pose out of frontal band (|yaw|<=15.0, |pitch|<=15.0): yaw=15.9, pitch=-17.5"
lfw_01138,data/raw/images/lfw_01138.jpg,MULTIPLE_FACES_DETECTED,
lfw_01140,data/raw/images/lfw_01140.jpg,FACE_TOO_ANGLED_OR_SMALL,"Pose out of frontal band (|yaw|<=15.0, |pitch|<=15.0): yaw=-25.9, pitch=-44.4"
lfw_01141,data/raw/images/lfw_01141.jpg,FACE_TOO_ANGLED_OR_SMALL,"Pose out of frontal band (|yaw|<=15.0, |pitch|<=15.0): yaw=-19.4, pitch=-29.7"
lfw_01142,data/raw/images/lfw_01142.jpg,FACE_TOO_ANGLED_OR_SMALL,"Pose out of frontal band (|yaw|<=15.0, |pitch|<=15.0): yaw=-20.7, pitch=-12.7"
lfw_01143,data/raw/images/lfw_01143.jpg,FACE_TOO_ANGLED_OR_SMALL,"Pose out of frontal band (|yaw|<=15.0, |pitch|<=15.0): yaw=-30.3, pitch=-31.5"
lfw_01144,data/raw/images/lfw_01144.jpg,FACE_TOO_ANGLED_OR_SMALL,"Pose out of frontal band (|yaw|<=15.0, |pitch|<=15.0): yaw=42.5, pitch=-24.2"
lfw_01145,data/raw/images/lfw_01145.jpg,FACE_TOO_ANGLED_OR_SMALL,"Pose out of frontal band (|yaw|<=15.0, |pitch|<=15.0): yaw=-7.7, pitch=-22.1"
lfw_01146,data/raw/images/lfw_01146.jpg,FACE_TOO_ANGLED_OR_SMALL,"Pose out of frontal band (|yaw|<=15.0, |pitch|<=15.0): yaw=-22.2, pitch=-22.3"
lfw_01147,data/raw/images/lfw_01147.jpg,FACE_TOO_ANGLED_OR_SMALL,"Pose out of frontal band (|yaw|<=15.0, |pitch|<=15.0): yaw=7.9, pitch=-17.0"
lfw_01148,data/raw/images/lfw_01148.jpg,FACE_TOO_ANGLED_OR_SMALL,"Pose out of frontal band (|yaw|<=15.0, |pitch|<=15.0): yaw=-15.2, pitch=-30.0"
lfw_01151,data/raw/images/lfw_01151.jpg,FACE_TOO_ANGLED_OR_SMALL,"Pose out of frontal band (|yaw|<=15.0, |pitch|<=15.0): yaw=-53.7, pitch=-7.8"
lfw_01152,data/raw/images/lfw_01152.jpg,FACE_TOO_ANGLED_OR_SMALL,"Pose out of frontal band (|yaw|<=15.0, |pitch|<=15.0): yaw=14.6, pitch=-18.6"
lfw_01153,data/raw/images/lfw_01153.jpg,FACE_TOO_ANGLED_OR_SMALL,"Pose out of frontal band (|yaw|<=15.0, |pitch|<=15.0): yaw=-29.2, pitch=-27.5"
lfw_01154,data/raw/images/lfw_01154.jpg,FACE_TOO_ANGLED_OR_SMALL,"Pose out of frontal band (|yaw|<=15.0, |pitch|<=15.0): yaw=-10.6, pitch=-33.4"
lfw_01155,data/raw/images/lfw_01155.jpg,FACE_TOO_ANGLED_OR_SMALL,"Pose out of frontal band (|yaw|<=15.0, |pitch|<=15.0): yaw=18.8, pitch=-31.7"
lfw_01156,data/raw/images/lfw_01156.jpg,FACE_TOO_ANGLED_OR_SMALL,"Pose out of frontal band (|yaw|<=15.0, |pitch|<=15.0): yaw=32.5, pitch=-24.0"
lfw_01157,data/raw/images/lfw_01157.jpg,FACE_TOO_ANGLED_OR_SMALL,"Pose out of frontal band (|yaw|<=15.0, |pitch|<=15.0): yaw=-0.4, pitch=-20.9"
lfw_01158,data/raw/images/lfw_01158.jpg,MULTIPLE_FACES_DETECTED,
lfw_01159,data/raw/images/lfw_01159.jpg,FACE_TOO_ANGLED_OR_SMALL,"Pose out of frontal band (|yaw|<=15.0, |pitch|<=15.0): yaw=-1.9, pitch=-27.9"
lfw_01160,data/raw/images/lfw_01160.jpg,FACE_TOO_ANGLED_OR_SMALL,"Pose out of frontal band (|yaw|<=15.0, |pitch|<=15.0): yaw=-13.2, pitch=-26.9"
lfw_01161,data/raw/images/lfw_01161.jpg,FACE_TOO_ANGLED_OR_SMALL,"Pose out of frontal band (|yaw|<=15.0, |pitch|<=15.0): yaw=-19.2, pitch=-22.5"
lfw_01162,data/raw/images/lfw_01162.jpg,FACE_TOO_ANGLED_OR_SMALL,"Pose out of frontal band (|yaw|<=15.0, |pitch|<=15.0): yaw=-26.1, pitch=-14.7"
lfw_01163,data/raw/images/lfw_01163.jpg,FACE_TOO_ANGLED_OR_SMALL,"Pose out of frontal band (|yaw|<=15.0, |pitch|<=15.0): yaw=-10.5, pitch=-32.2"
lfw_01164,data/raw/images/lfw_01164.jpg,FACE_TOO_ANGLED_OR_SMALL,"Pose out of frontal band (|yaw|<=15.0, |pitch|<=15.0): yaw=-9.9, pitch=-20.3"
lfw_01165,data/raw/images/lfw_01165.jpg,FACE_TOO_ANGLED_OR_SMALL,"Pose out of frontal band (|yaw|<=15.0, |pitch|<=15.0): yaw=28.3, pitch=-19.4"
lfw_01166,data/raw/images/lfw_01166.jpg,FACE_TOO_ANGLED_OR_SMALL,"Pose out of frontal band (|yaw|<=15.0, |pitch|<=15.0): yaw=5.4, pitch=-32.5"
lfw_01167,data/raw/images/lfw_01167.jpg,FACE_TOO_ANGLED_OR_SMALL,"Pose out of frontal band (|yaw|<=15.0, |pitch|<=15.0): yaw=41.6, pitch=-12.6"
lfw_01168,data/raw/images/lfw_01168.jpg,FACE_TOO_ANGLED_OR_SMALL,"Pose out of frontal band (|yaw|<=15.0, |pitch|<=15.0): yaw=-36.0, pitch=-21.6"
lfw_01169,data/raw/images/lfw_01169.jpg,MULTIPLE_FACES_DETECTED,
lfw_01170,data/raw/images/lfw_01170.jpg,FACE_TOO_ANGLED_OR_SMALL,"Pose out of frontal band (|yaw|<=15.0, |pitch|<=15.0): yaw=-2.5, pitch=-20.1"
lfw_01172,data/raw/images/lfw_01172.jpg,FACE_TOO_ANGLED_OR_SMALL,"Pose out of frontal band (|yaw|<=15.0, |pitch|<=15.0): yaw=-33.6, pitch=-23.3"
lfw_01173,data/raw/images/lfw_01173.jpg,FACE_TOO_ANGLED_OR_SMALL,"Pose out of frontal band (|yaw|<=15.0, |pitch|<=15.0): yaw=-38.0, pitch=-27.1"
lfw_01174,data/raw/images/lfw_01174.jpg,FACE_TOO_ANGLED_OR_SMALL,"Pose out of frontal band (|yaw|<=15.0, |pitch|<=15.0): yaw=37.6, pitch=-18.2"
lfw_01175,data/raw/images/lfw_01175.jpg,FACE_TOO_ANGLED_OR_SMALL,"Pose out of frontal band (|yaw|<=15.0, |pitch|<=15.0): yaw=-6.8, pitch=-32.6"
lfw_01176,data/raw/images/lfw_01176.jpg,FACE_TOO_ANGLED_OR_SMALL,"Pose out of frontal band (|yaw|<=15.0, |pitch|<=15.0): yaw=-41.3, pitch=-23.6"
lfw_01177,data/raw/images/lfw_01177.jpg,MULTIPLE_FACES_DETECTED,
lfw_01179,data/raw/images/lfw_01179.jpg,FACE_TOO_ANGLED_OR_SMALL,"Pose out of frontal band (|yaw|<=15.0, |pitch|<=15.0): yaw=-23.1, pitch=-26.9"
lfw_01180,data/raw/images/lfw_01180.jpg,FACE_TOO_ANGLED_OR_SMALL,"Pose out of frontal band (|yaw|<=15.0, |pitch|<=15.0): yaw=-24.3, pitch=-33.0"
lfw_01181,data/raw/images/lfw_01181.jpg,FACE_TOO_ANGLED_OR_SMALL,"Pose out of frontal band (|yaw|<=15.0, |pitch|<=15.0): yaw=17.6, pitch=-21.9"
lfw_01182,data/raw/images/lfw_01182.jpg,FACE_TOO_ANGLED_OR_SMALL,"Pose out of frontal band (|yaw|<=15.0, |pitch|<=15.0): yaw=-20.2, pitch=-2.3"
lfw_01183,data/raw/images/lfw_01183.jpg,FACE_TOO_ANGLED_OR_SMALL,"Pose out of frontal band (|yaw|<=15.0, |pitch|<=15.0): yaw=52.2, pitch=-15.4"
lfw_01184,data/raw/images/lfw_01184.jpg,FACE_TOO_ANGLED_OR_SMALL,"Pose out of frontal band (|yaw|<=15.0, |pitch|<=15.0): yaw=-10.1, pitch=-42.7"
lfw_01185,data/raw/images/lfw_01185.jpg,FACE_TOO_ANGLED_OR_SMALL,"Pose out of frontal band (|yaw|<=15.0, |pitch|<=15.0): yaw=-23.6, pitch=-33.0"
lfw_01186,data/raw/images/lfw_01186.jpg,FACE_TOO_ANGLED_OR_SMALL,"Pose out of frontal band (|yaw|<=15.0, |pitch|<=15.0): yaw=26.0, pitch=-38.3"
lfw_01187,data/raw/images/lfw_01187.jpg,FACE_TOO_ANGLED_OR_SMALL,"Pose out of frontal band (|yaw|<=15.0, |pitch|<=15.0): yaw=-23.3, pitch=-29.3"
lfw_01188,data/raw/images/lfw_01188.jpg,FACE_TOO_ANGLED_OR_SMALL,"Pose out of frontal band (|yaw|<=15.0, |pitch|<=15.0): yaw=26.3, pitch=-50.6"
lfw_01189,data/raw/images/lfw_01189.jpg,FACE_TOO_ANGLED_OR_SMALL,"Pose out of frontal band (|yaw|<=15.0, |pitch|<=15.0): yaw=13.1, pitch=-36.3"
lfw_01190,data/raw/images/lfw_01190.jpg,FACE_TOO_ANGLED_OR_SMALL,"Pose out of frontal band (|yaw|<=15.0, |pitch|<=15.0): yaw=5.0, pitch=-30.8"
lfw_01191,data/raw/images/lfw_01191.jpg,FACE_TOO_ANGLED_OR_SMALL,"Pose out of frontal band (|yaw|<=15.0, |pitch|<=15.0): yaw=30.1, pitch=-11.2"
lfw_01192,data/raw/images/lfw_01192.jpg,FACE_TOO_ANGLED_OR_SMALL,"Pose out of frontal band (|yaw|<=15.0, |pitch|<=15.0): yaw=12.3, pitch=-26.3"
lfw_01193,data/raw/images/lfw_01193.jpg,FACE_TOO_ANGLED_OR_SMALL,"Pose out of frontal band (|yaw|<=15.0, |pitch|<=15.0): yaw=-32.4, pitch=-10.6"
lfw_01194,data/raw/images/lfw_01194.jpg,MULTIPLE_FACES_DETECTED,
lfw_01195,data/raw/images/lfw_01195.jpg,FACE_TOO_ANGLED_OR_SMALL,"Pose out of frontal band (|yaw|<=15.0, |pitch|<=15.0): yaw=-37.3, pitch=-6.4"
lfw_01197,data/raw/images/lfw_01197.jpg,FACE_TOO_ANGLED_OR_SMALL,"Pose out of frontal band (|yaw|<=15.0, |pitch|<=15.0): yaw=30.1, pitch=-18.7"
lfw_01198,data/raw/images/lfw_01198.jpg,FACE_TOO_ANGLED_OR_SMALL,"Pose out of frontal band (|yaw|<=15.0, |pitch|<=15.0): yaw=-3.9, pitch=-27.8"
lfw_01200,data/raw/images/lfw_01200.jpg,FACE_TOO_ANGLED_OR_SMALL,"Pose out of frontal band (|yaw|<=15.0, |pitch|<=15.0): yaw=-56.9, pitch=-28.8"
lfw_01201,data/raw/images/lfw_01201.jpg,FACE_TOO_ANGLED_OR_SMALL,"Pose out of frontal band (|yaw|<=15.0, |pitch|<=15.0): yaw=-9.3, pitch=-28.5"
lfw_01202,data/raw/images/lfw_01202.jpg,FACE_TOO_ANGLED_OR_SMALL,"Pose out of frontal band (|yaw|<=15.0, |pitch|<=15.0): yaw=26.1, pitch=-7.1"
lfw_01203,data/raw/images/lfw_01203.jpg,FACE_TOO_ANGLED_OR_SMALL,"Pose out of frontal band (|yaw|<=15.0, |pitch|<=15.0): yaw=-10.8, pitch=-24.0"
lfw_01204,data/raw/images/lfw_01204.jpg,FACE_TOO_ANGLED_OR_SMALL,"Pose out of frontal band (|yaw|<=15.0, |pitch|<=15.0): yaw=-15.0, pitch=-17.2"
lfw_01205,data/raw/images/lfw_01205.jpg,FACE_TOO_ANGLED_OR_SMALL,"Pose out of frontal band (|yaw|<=15.0, |pitch|<=15.0): yaw=3.6, pitch=-25.5"
lfw_01206,data/raw/images/lfw_01206.jpg,FACE_TOO_ANGLED_OR_SMALL,"Pose out of frontal band (|yaw|<=15.0, |pitch|<=15.0): yaw=-5.3, pitch=-21.1"
lfw_01207,data/raw/images/lfw_01207.jpg,FACE_TOO_ANGLED_OR_SMALL,"Pose out of frontal band (|yaw|<=15.0, |pitch|<=15.0): yaw=-32.3, pitch=-20.5"
lfw_01208,data/raw/images/lfw_01208.jpg,FACE_TOO_ANGLED_OR_SMALL,"Pose out of frontal band (|yaw|<=15.0, |pitch|<=15.0): yaw=25.8, pitch=-55.4"
lfw_01209,data/raw/images/lfw_01209.jpg,FACE_TOO_ANGLED_OR_SMALL,"Pose out of frontal band (|yaw|<=15.0, |pitch|<=15.0): yaw=-16.1, pitch=-33.6"
lfw_01210,data/raw/images/lfw_01210.jpg,FACE_TOO_ANGLED_OR_SMALL,"Pose out of frontal band (|yaw|<=15.0, |pitch|<=15.0): yaw=21.4, pitch=-7.5"
lfw_01211,data/raw/images/lfw_01211.jpg,FACE_TOO_ANGLED_OR_SMALL,"Pose out of frontal band (|yaw|<=15.0, |pitch|<=15.0): yaw=4.8, pitch=-17.2"
lfw_01212,data/raw/images/lfw_01212.jpg,FACE_TOO_ANGLED_OR_SMALL,"Pose out of frontal band (|yaw|<=15.0, |pitch|<=15.0): yaw=19.2, pitch=-30.1"
lfw_01213,data/raw/images/lfw_01213.jpg,FACE_TOO_ANGLED_OR_SMALL,"Pose out of frontal band (|yaw|<=15.0, |pitch|<=15.0): yaw=-8.7, pitch=-15.2"
lfw_01214,data/raw/images/lfw_01214.jpg,FACE_TOO_ANGLED_OR_SMALL,"Pose out of frontal band (|yaw|<=15.0, |pitch|<=15.0): yaw=-34.7, pitch=-26.6"
lfw_01215,data/raw/images/lfw_01215.jpg,FACE_TOO_ANGLED_OR_SMALL,"Pose out of frontal band (|yaw|<=15.0, |pitch|<=15.0): yaw=-0.0, pitch=-24.3"
lfw_01216,data/raw/images/lfw_01216.jpg,FACE_TOO_ANGLED_OR_SMALL,"Pose out of frontal band (|yaw|<=15.0, |pitch|<=15.0): yaw=70.4, pitch=-14.6"
lfw_01217,data/raw/images/lfw_01217.jpg,FACE_TOO_ANGLED_OR_SMALL,"Pose out of frontal band (|yaw|<=15.0, |pitch|<=15.0): yaw=-10.8, pitch=-32.2"
lfw_01218,data/raw/images/lfw_01218.jpg,FACE_TOO_ANGLED_OR_SMALL,"Pose out of frontal band (|yaw|<=15.0, |pitch|<=15.0): yaw=-13.6, pitch=-19.6"
lfw_01219,data/raw/images/lfw_01219.jpg,MULTIPLE_FACES_DETECTED,
lfw_01220,data/raw/images/lfw_01220.jpg,FACE_TOO_ANGLED_OR_SMALL,"Pose out of frontal band (|yaw|<=15.0, |pitch|<=15.0): yaw=6.4, pitch=-42.2"
lfw_01221,data/raw/images/lfw_01221.jpg,FACE_TOO_ANGLED_OR_SMALL,"Pose out of frontal band (|yaw|<=15.0, |pitch|<=15.0): yaw=46.4, pitch=-20.8"
lfw_01222,data/raw/images/lfw_01222.jpg,FACE_TOO_ANGLED_OR_SMALL,"Pose out of frontal band (|yaw|<=15.0, |pitch|<=15.0): yaw=-5.8, pitch=-22.7"
lfw_01223,data/raw/images/lfw_01223.jpg,FACE_TOO_ANGLED_OR_SMALL,"Pose out of frontal band (|yaw|<=15.0, |pitch|<=15.0): yaw=-23.0, pitch=-15.7"
lfw_01224,data/raw/images/lfw_01224.jpg,FACE_TOO_ANGLED_OR_SMALL,"Pose out of frontal band (|yaw|<=15.0, |pitch|<=15.0): yaw=5.2, pitch=-16.5"
lfw_01225,data/raw/images/lfw_01225.jpg,FACE_TOO_ANGLED_OR_SMALL,"Pose out of frontal band (|yaw|<=15.0, |pitch|<=15.0): yaw=32.9, pitch=-13.3"
lfw_01226,data/raw/images/lfw_01226.jpg,FACE_TOO_ANGLED_OR_SMALL,"Pose out of frontal band (|yaw|<=15.0, |pitch|<=15.0): yaw=9.2, pitch=-25.2"
lfw_01227,data/raw/images/lfw_01227.jpg,FACE_TOO_ANGLED_OR_SMALL,"Pose out of frontal band (|yaw|<=15.0, |pitch|<=15.0): yaw=-32.3, pitch=-18.9"
lfw_01228,data/raw/images/lfw_01228.jpg,FACE_TOO_ANGLED_OR_SMALL,"Pose out of frontal band (|yaw|<=15.0, |pitch|<=15.0): yaw=25.0, pitch=-26.6"
lfw_01229,data/raw/images/lfw_01229.jpg,FACE_TOO_ANGLED_OR_SMALL,"Pose out of frontal band (|yaw|<=15.0, |pitch|<=15.0): yaw=-6.5, pitch=-28.3"
lfw_01230,data/raw/images/lfw_01230.jpg,FACE_TOO_ANGLED_OR_SMALL,"Pose out of frontal band (|yaw|<=15.0, |pitch|<=15.0): yaw=48.8, pitch=-25.7"
lfw_01231,data/raw/images/lfw_01231.jpg,FACE_TOO_ANGLED_OR_SMALL,"Pose out of frontal band (|yaw|<=15.0, |pitch|<=15.0): yaw=3.4, pitch=-27.2"
lfw_01233,data/raw/images/lfw_01233.jpg,FACE_TOO_ANGLED_OR_SMALL,"Pose out of frontal band (|yaw|<=15.0, |pitch|<=15.0): yaw=-68.8, pitch=-27.1"
lfw_01234,data/raw/images/lfw_01234.jpg,FACE_TOO_ANGLED_OR_SMALL,"Pose out of frontal band (|yaw|<=15.0, |pitch|<=15.0): yaw=-11.3, pitch=-24.0"
lfw_01235,data/raw/images/lfw_01235.jpg,MULTIPLE_FACES_DETECTED,
lfw_01236,data/raw/images/lfw_01236.jpg,FACE_TOO_ANGLED_OR_SMALL,"Pose out of frontal band (|yaw|<=15.0, |pitch|<=15.0): yaw=-56.8, pitch=-21.1"
lfw_01237,data/raw/images/lfw_01237.jpg,FACE_TOO_ANGLED_OR_SMALL,"Pose out of frontal band (|yaw|<=15.0, |pitch|<=15.0): yaw=-41.3, pitch=-18.3"
lfw_01238,data/raw/images/lfw_01238.jpg,FACE_TOO_ANGLED_OR_SMALL,"Pose out of frontal band (|yaw|<=15.0, |pitch|<=15.0): yaw=17.2, pitch=4.1"
lfw_01239,data/raw/images/lfw_01239.jpg,FACE_TOO_ANGLED_OR_SMALL,"Pose out of frontal band (|yaw|<=15.0, |pitch|<=15.0): yaw=-16.9, pitch=-8.9"
lfw_01240,data/raw/images/lfw_01240.jpg,FACE_TOO_ANGLED_OR_SMALL,"Pose out of frontal band (|yaw|<=15.0, |pitch|<=15.0): yaw=-35.2, pitch=-25.7"
lfw_01241,data/raw/images/lfw_01241.jpg,MULTIPLE_FACES_DETECTED,
lfw_01242,data/raw/images/lfw_01242.jpg,FACE_TOO_ANGLED_OR_SMALL,"Pose out of frontal band (|yaw|<=15.0, |pitch|<=15.0): yaw=-49.2, pitch=-33.1"
lfw_01243,data/raw/images/lfw_01243.jpg,FACE_TOO_ANGLED_OR_SMALL,"Pose out of frontal band (|yaw|<=15.0, |pitch|<=15.0): yaw=-17.5, pitch=-26.5"
lfw_01244,data/raw/images/lfw_01244.jpg,FACE_TOO_ANGLED_OR_SMALL,"Pose out of frontal band (|yaw|<=15.0, |pitch|<=15.0): yaw=-19.9, pitch=-36.3"
lfw_01245,data/raw/images/lfw_01245.jpg,FACE_TOO_ANGLED_OR_SMALL,"Pose out of frontal band (|yaw|<=15.0, |pitch|<=15.0): yaw=-23.5, pitch=-25.3"
lfw_01246,data/raw/images/lfw_01246.jpg,FACE_TOO_ANGLED_OR_SMALL,"Pose out of frontal band (|yaw|<=15.0, |pitch|<=15.0): yaw=-69.8, pitch=-15.4"
lfw_01247,data/raw/images/lfw_01247.jpg,FACE_TOO_ANGLED_OR_SMALL,"Pose out of frontal band (|yaw|<=15.0, |pitch|<=15.0): yaw=-19.2, pitch=-13.5"
lfw_01248,data/raw/images/lfw_01248.jpg,FACE_TOO_ANGLED_OR_SMALL,"Pose out of frontal band (|yaw|<=15.0, |pitch|<=15.0): yaw=8.9, pitch=-56.5"
lfw_01249,data/raw/images/lfw_01249.jpg,FACE_TOO_ANGLED_OR_SMALL,"Pose out of frontal band (|yaw|<=15.0, |pitch|<=15.0): yaw=-69.3, pitch=-14.2"
lfw_01250,data/raw/images/lfw_01250.jpg,FACE_TOO_ANGLED_OR_SMALL,"Pose out of frontal band (|yaw|<=15.0, |pitch|<=15.0): yaw=-13.6, pitch=-51.4"
lfw_01251,data/raw/images/lfw_01251.jpg,FACE_TOO_ANGLED_OR_SMALL,"Pose out of frontal band (|yaw|<=15.0, |pitch|<=15.0): yaw=-59.0, pitch=-28.6"
lfw_01252,data/raw/images/lfw_01252.jpg,FACE_TOO_ANGLED_OR_SMALL,"Pose out of frontal band (|yaw|<=15.0, |pitch|<=15.0): yaw=57.4, pitch=-28.7"
lfw_01253,data/raw/images/lfw_01253.jpg,FACE_TOO_ANGLED_OR_SMALL,"Pose out of frontal band (|yaw|<=15.0, |pitch|<=15.0): yaw=59.5, pitch=-22.2"
lfw_01254,data/raw/images/lfw_01254.jpg,FACE_TOO_ANGLED_OR_SMALL,"Pose out of frontal band (|yaw|<=15.0, |pitch|<=15.0): yaw=9.3, pitch=-41.1"
lfw_01255,data/raw/images/lfw_01255.jpg,FACE_TOO_ANGLED_OR_SMALL,"Pose out of frontal band (|yaw|<=15.0, |pitch|<=15.0): yaw=-60.3, pitch=-28.8"
lfw_01256,data/raw/images/lfw_01256.jpg,FACE_TOO_ANGLED_OR_SMALL,"Pose out of frontal band (|yaw|<=15.0, |pitch|<=15.0): yaw=12.3, pitch=-29.2"
lfw_01257,data/raw/images/lfw_01257.jpg,FACE_TOO_ANGLED_OR_SMALL,"Pose out of frontal band (|yaw|<=15.0, |pitch|<=15.0): yaw=-52.6, pitch=-24.0"
lfw_01258,data/raw/images/lfw_01258.jpg,FACE_TOO_ANGLED_OR_SMALL,"Pose out of frontal band (|yaw|<=15.0, |pitch|<=15.0): yaw=-33.2, pitch=-13.8"
lfw_01259,data/raw/images/lfw_01259.jpg,FACE_TOO_ANGLED_OR_SMALL,"Pose out of frontal band (|yaw|<=15.0, |pitch|<=15.0): yaw=28.5, pitch=-25.5"
lfw_01260,data/raw/images/lfw_01260.jpg,FACE_TOO_ANGLED_OR_SMALL,"Pose out of frontal band (|yaw|<=15.0, |pitch|<=15.0): yaw=-19.9, pitch=-28.6"
lfw_01261,data/raw/images/lfw_01261.jpg,FACE_TOO_ANGLED_OR_SMALL,"Pose out of frontal band (|yaw|<=15.0, |pitch|<=15.0): yaw=-29.3, pitch=-34.1"
lfw_01262,data/raw/images/lfw_01262.jpg,FACE_TOO_ANGLED_OR_SMALL,"Pose out of frontal band (|yaw|<=15.0, |pitch|<=15.0): yaw=32.3, pitch=-34.5"
lfw_01263,data/raw/images/lfw_01263.jpg,FACE_TOO_ANGLED_OR_SMALL,"Pose out of frontal band (|yaw|<=15.0, |pitch|<=15.0): yaw=-12.8, pitch=-24.7"
lfw_01264,data/raw/images/lfw_01264.jpg,FACE_TOO_ANGLED_OR_SMALL,"Pose out of frontal band (|yaw|<=15.0, |pitch|<=15.0): yaw=10.6, pitch=-21.7"
lfw_01265,data/raw/images/lfw_01265.jpg,FACE_TOO_ANGLED_OR_SMALL,"Pose out of frontal band (|yaw|<=15.0, |pitch|<=15.0): yaw=32.4, pitch=-41.5"
lfw_01266,data/raw/images/lfw_01266.jpg,FACE_TOO_ANGLED_OR_SMALL,"Pose out of frontal band (|yaw|<=15.0, |pitch|<=15.0): yaw=41.9, pitch=-21.4"
lfw_01267,data/raw/images/lfw_01267.jpg,FACE_TOO_ANGLED_OR_SMALL,"Pose out of frontal band (|yaw|<=15.0, |pitch|<=15.0): yaw=22.4, pitch=-30.3"
lfw_01268,data/raw/images/lfw_01268.jpg,FACE_TOO_ANGLED_OR_SMALL,"Pose out of frontal band (|yaw|<=15.0, |pitch|<=15.0): yaw=19.7, pitch=-35.2"
lfw_01269,data/raw/images/lfw_01269.jpg,FACE_TOO_ANGLED_OR_SMALL,"Pose out of frontal band (|yaw|<=15.0, |pitch|<=15.0): yaw=-3.3, pitch=-36.2"
lfw_01270,data/raw/images/lfw_01270.jpg,FACE_TOO_ANGLED_OR_SMALL,"Pose out of frontal band (|yaw|<=15.0, |pitch|<=15.0): yaw=8.4, pitch=-39.7"
lfw_01271,data/raw/images/lfw_01271.jpg,FACE_TOO_ANGLED_OR_SMALL,"Pose out of frontal band (|yaw|<=15.0, |pitch|<=15.0): yaw=-35.4, pitch=-30.2"
lfw_01272,data/raw/images/lfw_01272.jpg,FACE_TOO_ANGLED_OR_SMALL,"Pose out of frontal band (|yaw|<=15.0, |pitch|<=15.0): yaw=-34.0, pitch=-24.1"
lfw_01273,data/raw/images/lfw_01273.jpg,FACE_TOO_ANGLED_OR_SMALL,"Pose out of frontal band (|yaw|<=15.0, |pitch|<=15.0): yaw=-18.7, pitch=-33.0"
lfw_01274,data/raw/images/lfw_01274.jpg,FACE_TOO_ANGLED_OR_SMALL,"Pose out of frontal band (|yaw|<=15.0, |pitch|<=15.0): yaw=-39.4, pitch=-32.7"
lfw_01275,data/raw/images/lfw_01275.jpg,FACE_TOO_ANGLED_OR_SMALL,"Pose out of frontal band (|yaw|<=15.0, |pitch|<=15.0): yaw=-27.0, pitch=-45.7"
lfw_01276,data/raw/images/lfw_01276.jpg,FACE_TOO_ANGLED_OR_SMALL,"Pose out of frontal band (|yaw|<=15.0, |pitch|<=15.0): yaw=-21.7, pitch=-25.0"
lfw_01277,data/raw/images/lfw_01277.jpg,FACE_TOO_ANGLED_OR_SMALL,"Pose out of frontal band (|yaw|<=15.0, |pitch|<=15.0): yaw=9.5, pitch=-23.1"
lfw_01278,data/raw/images/lfw_01278.jpg,FACE_TOO_ANGLED_OR_SMALL,"Pose out of frontal band (|yaw|<=15.0, |pitch|<=15.0): yaw=-32.9, pitch=-42.5"
lfw_01279,data/raw/images/lfw_01279.jpg,FACE_TOO_ANGLED_OR_SMALL,"Pose out of frontal band (|yaw|<=15.0, |pitch|<=15.0): yaw=-19.4, pitch=-36.3"
lfw_01280,data/raw/images/lfw_01280.jpg,FACE_TOO_ANGLED_OR_SMALL,"Pose out of frontal band (|yaw|<=15.0, |pitch|<=15.0): yaw=29.4, pitch=-26.4"
lfw_01281,data/raw/images/lfw_01281.jpg,FACE_TOO_ANGLED_OR_SMALL,"Pose out of frontal band (|yaw|<=15.0, |pitch|<=15.0): yaw=-33.1, pitch=-36.4"
lfw_01282,data/raw/images/lfw_01282.jpg,FACE_TOO_ANGLED_OR_SMALL,"Pose out of frontal band (|yaw|<=15.0, |pitch|<=15.0): yaw=-16.8, pitch=-27.8"
lfw_01283,data/raw/images/lfw_01283.jpg,FACE_TOO_ANGLED_OR_SMALL,"Pose out of frontal band (|yaw|<=15.0, |pitch|<=15.0): yaw=-33.3, pitch=-19.6"
lfw_01284,data/raw/images/lfw_01284.jpg,FACE_TOO_ANGLED_OR_SMALL,"Pose out of frontal band (|yaw|<=15.0, |pitch|<=15.0): yaw=13.9, pitch=-26.7"
lfw_01285,data/raw/images/lfw_01285.jpg,FACE_TOO_ANGLED_OR_SMALL,"Pose out of frontal band (|yaw|<=15.0, |pitch|<=15.0): yaw=-13.4, pitch=-16.4"
lfw_01286,data/raw/images/lfw_01286.jpg,FACE_TOO_ANGLED_OR_SMALL,"Pose out of frontal band (|yaw|<=15.0, |pitch|<=15.0): yaw=-3.7, pitch=-23.4"
lfw_01287,data/raw/images/lfw_01287.jpg,FACE_TOO_ANGLED_OR_SMALL,"Pose out of frontal band (|yaw|<=15.0, |pitch|<=15.0): yaw=35.7, pitch=-12.1"
lfw_01288,data/raw/images/lfw_01288.jpg,FACE_TOO_ANGLED_OR_SMALL,"Pose out of frontal band (|yaw|<=15.0, |pitch|<=15.0): yaw=-19.8, pitch=-29.1"
lfw_01289,data/raw/images/lfw_01289.jpg,FACE_TOO_ANGLED_OR_SMALL,"Pose out of frontal band (|yaw|<=15.0, |pitch|<=15.0): yaw=-8.5, pitch=-27.0"
lfw_01291,data/raw/images/lfw_01291.jpg,FACE_TOO_ANGLED_OR_SMALL,"Pose out of frontal band (|yaw|<=15.0, |pitch|<=15.0): yaw=10.1, pitch=-32.5"
lfw_01292,data/raw/images/lfw_01292.jpg,FACE_TOO_ANGLED_OR_SMALL,"Pose out of frontal band (|yaw|<=15.0, |pitch|<=15.0): yaw=-3.7, pitch=-21.7"
lfw_01293,data/raw/images/lfw_01293.jpg,FACE_TOO_ANGLED_OR_SMALL,"Pose out of frontal band (|yaw|<=15.0, |pitch|<=15.0): yaw=-1.8, pitch=-29.2"
lfw_01294,data/raw/images/lfw_01294.jpg,FACE_TOO_ANGLED_OR_SMALL,"Pose out of frontal band (|yaw|<=15.0, |pitch|<=15.0): yaw=-20.4, pitch=-35.3"
lfw_01295,data/raw/images/lfw_01295.jpg,FACE_TOO_ANGLED_OR_SMALL,"Pose out of frontal band (|yaw|<=15.0, |pitch|<=15.0): yaw=-8.6, pitch=-15.4"
lfw_01296,data/raw/images/lfw_01296.jpg,FACE_TOO_ANGLED_OR_SMALL,"Pose out of frontal band (|yaw|<=15.0, |pitch|<=15.0): yaw=19.3, pitch=-9.4"
lfw_01297,data/raw/images/lfw_01297.jpg,FACE_TOO_ANGLED_OR_SMALL,"Pose out of frontal band (|yaw|<=15.0, |pitch|<=15.0): yaw=28.0, pitch=-25.1"
lfw_01298,data/raw/images/lfw_01298.jpg,FACE_TOO_ANGLED_OR_SMALL,"Pose out of frontal band (|yaw|<=15.0, |pitch|<=15.0): yaw=-35.6, pitch=-19.9"
lfw_01299,data/raw/images/lfw_01299.jpg,FACE_TOO_ANGLED_OR_SMALL,"Pose out of frontal band (|yaw|<=15.0, |pitch|<=15.0): yaw=18.3, pitch=-19.7"
lfw_01300,data/raw/images/lfw_01300.jpg,FACE_TOO_ANGLED_OR_SMALL,"Pose out of frontal band (|yaw|<=15.0, |pitch|<=15.0): yaw=30.5, pitch=-19.9"
lfw_01301,data/raw/images/lfw_01301.jpg,FACE_TOO_ANGLED_OR_SMALL,"Pose out of frontal band (|yaw|<=15.0, |pitch|<=15.0): yaw=-6.3, pitch=15.1"
lfw_01303,data/raw/images/lfw_01303.jpg,FACE_TOO_ANGLED_OR_SMALL,"Pose out of frontal band (|yaw|<=15.0, |pitch|<=15.0): yaw=-7.3, pitch=-34.7"
lfw_01304,data/raw/images/lfw_01304.jpg,FACE_TOO_ANGLED_OR_SMALL,"Pose out of frontal band (|yaw|<=15.0, |pitch|<=15.0): yaw=51.3, pitch=-24.3"
lfw_01305,data/raw/images/lfw_01305.jpg,FACE_TOO_ANGLED_OR_SMALL,"Pose out of frontal band (|yaw|<=15.0, |pitch|<=15.0): yaw=0.3, pitch=-28.1"
lfw_01306,data/raw/images/lfw_01306.jpg,FACE_TOO_ANGLED_OR_SMALL,"Pose out of frontal band (|yaw|<=15.0, |pitch|<=15.0): yaw=11.9, pitch=-30.0"
lfw_01307,data/raw/images/lfw_01307.jpg,FACE_TOO_ANGLED_OR_SMALL,"Pose out of frontal band (|yaw|<=15.0, |pitch|<=15.0): yaw=19.7, pitch=-29.9"
lfw_01308,data/raw/images/lfw_01308.jpg,FACE_TOO_ANGLED_OR_SMALL,"Pose out of frontal band (|yaw|<=15.0, |pitch|<=15.0): yaw=-17.1, pitch=-33.8"
lfw_01309,data/raw/images/lfw_01309.jpg,FACE_TOO_ANGLED_OR_SMALL,"Pose out of frontal band (|yaw|<=15.0, |pitch|<=15.0): yaw=2.6, pitch=-23.7"
lfw_01310,data/raw/images/lfw_01310.jpg,FACE_TOO_ANGLED_OR_SMALL,"Pose out of frontal band (|yaw|<=15.0, |pitch|<=15.0): yaw=11.1, pitch=-17.6"
lfw_01311,data/raw/images/lfw_01311.jpg,FACE_TOO_ANGLED_OR_SMALL,"Pose out of frontal band (|yaw|<=15.0, |pitch|<=15.0): yaw=52.7, pitch=-27.6"
lfw_01312,data/raw/images/lfw_01312.jpg,FACE_TOO_ANGLED_OR_SMALL,"Pose out of frontal band (|yaw|<=15.0, |pitch|<=15.0): yaw=22.0, pitch=-13.2"
lfw_01313,data/raw/images/lfw_01313.jpg,FACE_TOO_ANGLED_OR_SMALL,"Pose out of frontal band (|yaw|<=15.0, |pitch|<=15.0): yaw=11.6, pitch=-37.5"
lfw_01314,data/raw/images/lfw_01314.jpg,FACE_TOO_ANGLED_OR_SMALL,"Pose out of frontal band (|yaw|<=15.0, |pitch|<=15.0): yaw=14.7, pitch=-28.9"
lfw_01315,data/raw/images/lfw_01315.jpg,FACE_TOO_ANGLED_OR_SMALL,"Pose out of frontal band (|yaw|<=15.0, |pitch|<=15.0): yaw=14.6, pitch=-27.5"
lfw_01316,data/raw/images/lfw_01316.jpg,FACE_TOO_ANGLED_OR_SMALL,"Pose out of frontal band (|yaw|<=15.0, |pitch|<=15.0): yaw=-4.3, pitch=-28.4"
lfw_01317,data/raw/images/lfw_01317.jpg,FACE_TOO_ANGLED_OR_SMALL,"Pose out of frontal band (|yaw|<=15.0, |pitch|<=15.0): yaw=24.8, pitch=-28.5"
lfw_01318,data/raw/images/lfw_01318.jpg,FACE_TOO_ANGLED_OR_SMALL,"Pose out of frontal band (|yaw|<=15.0, |pitch|<=15.0): yaw=-22.5, pitch=-31.4"
lfw_01319,data/raw/images/lfw_01319.jpg,FACE_TOO_ANGLED_OR_SMALL,"Pose out of frontal band (|yaw|<=15.0, |pitch|<=15.0): yaw=66.1, pitch=-20.4"
lfw_01320,data/raw/images/lfw_01320.jpg,FACE_TOO_ANGLED_OR_SMALL,"Pose out of frontal band (|yaw|<=15.0, |pitch|<=15.0): yaw=-25.2, pitch=-31.8"
lfw_01321,data/raw/images/lfw_01321.jpg,FACE_TOO_ANGLED_OR_SMALL,"Pose out of frontal band (|yaw|<=15.0, |pitch|<=15.0): yaw=-43.1, pitch=-13.7"
lfw_01322,data/raw/images/lfw_01322.jpg,FACE_TOO_ANGLED_OR_SMALL,"Pose out of frontal band (|yaw|<=15.0, |pitch|<=15.0): yaw=-6.8, pitch=-23.2"
lfw_01323,data/raw/images/lfw_01323.jpg,FACE_TOO_ANGLED_OR_SMALL,"Pose out of frontal band (|yaw|<=15.0, |pitch|<=15.0): yaw=17.2, pitch=-16.5"
lfw_01324,data/raw/images/lfw_01324.jpg,FACE_TOO_ANGLED_OR_SMALL,"Pose out of frontal band (|yaw|<=15.0, |pitch|<=15.0): yaw=-15.5, pitch=-18.6"
lfw_01325,data/raw/images/lfw_01325.jpg,FACE_TOO_ANGLED_OR_SMALL,"Pose out of frontal band (|yaw|<=15.0, |pitch|<=15.0): yaw=-11.6, pitch=-23.2"
lfw_01326,data/raw/images/lfw_01326.jpg,FACE_TOO_ANGLED_OR_SMALL,"Pose out of frontal band (|yaw|<=15.0, |pitch|<=15.0): yaw=-37.6, pitch=-35.1"
lfw_01327,data/raw/images/lfw_01327.jpg,FACE_TOO_ANGLED_OR_SMALL,"Pose out of frontal band (|yaw|<=15.0, |pitch|<=15.0): yaw=3.0, pitch=-33.9"
lfw_01328,data/raw/images/lfw_01328.jpg,MULTIPLE_FACES_DETECTED,
lfw_01329,data/raw/images/lfw_01329.jpg,FACE_TOO_ANGLED_OR_SMALL,"Pose out of frontal band (|yaw|<=15.0, |pitch|<=15.0): yaw=0.7, pitch=-19.8"
lfw_01330,data/raw/images/lfw_01330.jpg,FACE_TOO_ANGLED_OR_SMALL,"Pose out of frontal band (|yaw|<=15.0, |pitch|<=15.0): yaw=-47.1, pitch=-22.3"
lfw_01331,data/raw/images/lfw_01331.jpg,FACE_TOO_ANGLED_OR_SMALL,"Pose out of frontal band (|yaw|<=15.0, |pitch|<=15.0): yaw=10.9, pitch=-28.5"
lfw_01332,data/raw/images/lfw_01332.jpg,FACE_TOO_ANGLED_OR_SMALL,"Pose out of frontal band (|yaw|<=15.0, |pitch|<=15.0): yaw=18.7, pitch=-10.5"
lfw_01333,data/raw/images/lfw_01333.jpg,FACE_TOO_ANGLED_OR_SMALL,"Pose out of frontal band (|yaw|<=15.0, |pitch|<=15.0): yaw=-4.4, pitch=-26.2"
lfw_01334,data/raw/images/lfw_01334.jpg,FACE_TOO_ANGLED_OR_SMALL,"Pose out of frontal band (|yaw|<=15.0, |pitch|<=15.0): yaw=-7.8, pitch=-35.5"
lfw_01335,data/raw/images/lfw_01335.jpg,FACE_TOO_ANGLED_OR_SMALL,"Pose out of frontal band (|yaw|<=15.0, |pitch|<=15.0): yaw=-57.5, pitch=-34.4"
lfw_01336,data/raw/images/lfw_01336.jpg,FACE_TOO_ANGLED_OR_SMALL,"Pose out of frontal band (|yaw|<=15.0, |pitch|<=15.0): yaw=-25.6, pitch=-21.5"
lfw_01338,data/raw/images/lfw_01338.jpg,FACE_TOO_ANGLED_OR_SMALL,"Pose out of frontal band (|yaw|<=15.0, |pitch|<=15.0): yaw=10.7, pitch=-20.1"
lfw_01339,data/raw/images/lfw_01339.jpg,FACE_TOO_ANGLED_OR_SMALL,"Pose out of frontal band (|yaw|<=15.0, |pitch|<=15.0): yaw=-6.4, pitch=-23.3"
lfw_01340,data/raw/images/lfw_01340.jpg,FACE_TOO_ANGLED_OR_SMALL,"Pose out of frontal band (|yaw|<=15.0, |pitch|<=15.0): yaw=-3.3, pitch=-20.9"
lfw_01341,data/raw/images/lfw_01341.jpg,FACE_TOO_ANGLED_OR_SMALL,"Pose out of frontal band (|yaw|<=15.0, |pitch|<=15.0): yaw=-38.4, pitch=-25.0"
lfw_01342,data/raw/images/lfw_01342.jpg,FACE_TOO_ANGLED_OR_SMALL,"Pose out of frontal band (|yaw|<=15.0, |pitch|<=15.0): yaw=-31.3, pitch=-14.3"
lfw_01343,data/raw/images/lfw_01343.jpg,MULTIPLE_FACES_DETECTED,
lfw_01344,data/raw/images/lfw_01344.jpg,FACE_TOO_ANGLED_OR_SMALL,"Pose out of frontal band (|yaw|<=15.0, |pitch|<=15.0): yaw=-57.2, pitch=-36.4"
lfw_01345,data/raw/images/lfw_01345.jpg,FACE_TOO_ANGLED_OR_SMALL,"Pose out of frontal band (|yaw|<=15.0, |pitch|<=15.0): yaw=8.6, pitch=-54.6"
lfw_01346,data/raw/images/lfw_01346.jpg,FACE_TOO_ANGLED_OR_SMALL,"Pose out of frontal band (|yaw|<=15.0, |pitch|<=15.0): yaw=28.4, pitch=-32.2"
lfw_01348,data/raw/images/lfw_01348.jpg,FACE_TOO_ANGLED_OR_SMALL,"Pose out of frontal band (|yaw|<=15.0, |pitch|<=15.0): yaw=29.8, pitch=-42.0"
lfw_01349,data/raw/images/lfw_01349.jpg,FACE_TOO_ANGLED_OR_SMALL,"Pose out of frontal band (|yaw|<=15.0, |pitch|<=15.0): yaw=19.8, pitch=-20.6"
lfw_01350,data/raw/images/lfw_01350.jpg,FACE_TOO_ANGLED_OR_SMALL,"Pose out of frontal band (|yaw|<=15.0, |pitch|<=15.0): yaw=37.8, pitch=-32.5"
lfw_01351,data/raw/images/lfw_01351.jpg,FACE_TOO_ANGLED_OR_SMALL,"Pose out of frontal band (|yaw|<=15.0, |pitch|<=15.0): yaw=38.4, pitch=-27.0"
lfw_01352,data/raw/images/lfw_01352.jpg,FACE_TOO_ANGLED_OR_SMALL,"Pose out of frontal band (|yaw|<=15.0, |pitch|<=15.0): yaw=6.8, pitch=-20.0"
lfw_01353,data/raw/images/lfw_01353.jpg,FACE_TOO_ANGLED_OR_SMALL,"Pose out of frontal band (|yaw|<=15.0, |pitch|<=15.0): yaw=40.3, pitch=1.3"
lfw_01354,data/raw/images/lfw_01354.jpg,FACE_TOO_ANGLED_OR_SMALL,"Pose out of frontal band (|yaw|<=15.0, |pitch|<=15.0): yaw=0.0, pitch=-17.4"
lfw_01356,data/raw/images/lfw_01356.jpg,FACE_TOO_ANGLED_OR_SMALL,"Pose out of frontal band (|yaw|<=15.0, |pitch|<=15.0): yaw=62.5, pitch=-19.4"
lfw_01357,data/raw/images/lfw_01357.jpg,FACE_TOO_ANGLED_OR_SMALL,"Pose out of frontal band (|yaw|<=15.0, |pitch|<=15.0): yaw=-65.7, pitch=-25.3"
lfw_01358,data/raw/images/lfw_01358.jpg,FACE_TOO_ANGLED_OR_SMALL,"Pose out of frontal band (|yaw|<=15.0, |pitch|<=15.0): yaw=-4.4, pitch=-20.8"
lfw_01359,data/raw/images/lfw_01359.jpg,FACE_TOO_ANGLED_OR_SMALL,"Pose out of frontal band (|yaw|<=15.0, |pitch|<=15.0): yaw=-3.6, pitch=-21.8"
lfw_01360,data/raw/images/lfw_01360.jpg,FACE_TOO_ANGLED_OR_SMALL,"Pose out of frontal band (|yaw|<=15.0, |pitch|<=15.0): yaw=28.3, pitch=-27.2"
lfw_01361,data/raw/images/lfw_01361.jpg,FACE_TOO_ANGLED_OR_SMALL,"Pose out of frontal band (|yaw|<=15.0, |pitch|<=15.0): yaw=-17.8, pitch=-28.2"
lfw_01362,data/raw/images/lfw_01362.jpg,FACE_TOO_ANGLED_OR_SMALL,"Pose out of frontal band (|yaw|<=15.0, |pitch|<=15.0): yaw=6.1, pitch=-26.3"
lfw_01363,data/raw/images/lfw_01363.jpg,FACE_TOO_ANGLED_OR_SMALL,"Pose out of frontal band (|yaw|<=15.0, |pitch|<=15.0): yaw=-1.9, pitch=-25.0"
lfw_01364,data/raw/images/lfw_01364.jpg,FACE_TOO_ANGLED_OR_SMALL,"Pose out of frontal band (|yaw|<=15.0, |pitch|<=15.0): yaw=-15.1, pitch=-12.4"
lfw_01366,data/raw/images/lfw_01366.jpg,FACE_TOO_ANGLED_OR_SMALL,"Pose out of frontal band (|yaw|<=15.0, |pitch|<=15.0): yaw=14.6, pitch=-19.5"
lfw_01367,data/raw/images/lfw_01367.jpg,FACE_TOO_ANGLED_OR_SMALL,"Pose out of frontal band (|yaw|<=15.0, |pitch|<=15.0): yaw=-6.2, pitch=-31.1"
lfw_01368,data/raw/images/lfw_01368.jpg,FACE_TOO_ANGLED_OR_SMALL,"Pose out of frontal band (|yaw|<=15.0, |pitch|<=15.0): yaw=8.4, pitch=-40.9"
lfw_01369,data/raw/images/lfw_01369.jpg,FACE_TOO_ANGLED_OR_SMALL,"Pose out of frontal band (|yaw|<=15.0, |pitch|<=15.0): yaw=-13.5, pitch=-48.4"
lfw_01370,data/raw/images/lfw_01370.jpg,FACE_TOO_ANGLED_OR_SMALL,"Pose out of frontal band (|yaw|<=15.0, |pitch|<=15.0): yaw=10.6, pitch=-28.4"
lfw_01371,data/raw/images/lfw_01371.jpg,FACE_TOO_ANGLED_OR_SMALL,"Pose out of frontal band (|yaw|<=15.0, |pitch|<=15.0): yaw=17.2, pitch=-12.0"
lfw_01372,data/raw/images/lfw_01372.jpg,FACE_TOO_ANGLED_OR_SMALL,"Pose out of frontal band (|yaw|<=15.0, |pitch|<=15.0): yaw=22.0, pitch=-19.0"
lfw_01373,data/raw/images/lfw_01373.jpg,FACE_TOO_ANGLED_OR_SMALL,"Pose out of frontal band (|yaw|<=15.0, |pitch|<=15.0): yaw=12.7, pitch=-35.0"
lfw_01375,data/raw/images/lfw_01375.jpg,FACE_TOO_ANGLED_OR_SMALL,"Pose out of frontal band (|yaw|<=15.0, |pitch|<=15.0): yaw=-19.5, pitch=-21.4"
lfw_01376,data/raw/images/lfw_01376.jpg,FACE_TOO_ANGLED_OR_SMALL,"Pose out of frontal band (|yaw|<=15.0, |pitch|<=15.0): yaw=-20.2, pitch=-10.5"
lfw_01377,data/raw/images/lfw_01377.jpg,FACE_TOO_ANGLED_OR_SMALL,"Pose out of frontal band (|yaw|<=15.0, |pitch|<=15.0): yaw=21.2, pitch=-16.0"
lfw_01378,data/raw/images/lfw_01378.jpg,FACE_TOO_ANGLED_OR_SMALL,"Pose out of frontal band (|yaw|<=15.0, |pitch|<=15.0): yaw=-37.2, pitch=-24.1"
lfw_01379,data/raw/images/lfw_01379.jpg,FACE_TOO_ANGLED_OR_SMALL,"Pose out of frontal band (|yaw|<=15.0, |pitch|<=15.0): yaw=23.2, pitch=-32.7"
lfw_01380,data/raw/images/lfw_01380.jpg,FACE_TOO_ANGLED_OR_SMALL,"Pose out of frontal band (|yaw|<=15.0, |pitch|<=15.0): yaw=-11.7, pitch=-21.0"
lfw_01381,data/raw/images/lfw_01381.jpg,FACE_TOO_ANGLED_OR_SMALL,"Pose out of frontal band (|yaw|<=15.0, |pitch|<=15.0): yaw=15.1, pitch=-33.0"
lfw_01383,data/raw/images/lfw_01383.jpg,MULTIPLE_FACES_DETECTED,
lfw_01385,data/raw/images/lfw_01385.jpg,FACE_TOO_ANGLED_OR_SMALL,"Pose out of frontal band (|yaw|<=15.0, |pitch|<=15.0): yaw=-30.1, pitch=-3.6"
lfw_01386,data/raw/images/lfw_01386.jpg,FACE_TOO_ANGLED_OR_SMALL,"Pose out of frontal band (|yaw|<=15.0, |pitch|<=15.0): yaw=-3.8, pitch=-23.4"
lfw_01387,data/raw/images/lfw_01387.jpg,FACE_TOO_ANGLED_OR_SMALL,"Pose out of frontal band (|yaw|<=15.0, |pitch|<=15.0): yaw=-51.7, pitch=-30.5"
lfw_01389,data/raw/images/lfw_01389.jpg,FACE_TOO_ANGLED_OR_SMALL,"Pose out of frontal band (|yaw|<=15.0, |pitch|<=15.0): yaw=21.8, pitch=-10.6"
lfw_01390,data/raw/images/lfw_01390.jpg,FACE_TOO_ANGLED_OR_SMALL,"Pose out of frontal band (|yaw|<=15.0, |pitch|<=15.0): yaw=1.8, pitch=-16.4"
lfw_01391,data/raw/images/lfw_01391.jpg,FACE_TOO_ANGLED_OR_SMALL,"Pose out of frontal band (|yaw|<=15.0, |pitch|<=15.0): yaw=20.1, pitch=-14.5"
lfw_01392,data/raw/images/lfw_01392.jpg,FACE_TOO_ANGLED_OR_SMALL,"Pose out of frontal band (|yaw|<=15.0, |pitch|<=15.0): yaw=-3.1, pitch=-24.2"
lfw_01393,data/raw/images/lfw_01393.jpg,FACE_TOO_ANGLED_OR_SMALL,"Pose out of frontal band (|yaw|<=15.0, |pitch|<=15.0): yaw=11.7, pitch=-27.4"
lfw_01394,data/raw/images/lfw_01394.jpg,FACE_TOO_ANGLED_OR_SMALL,"Pose out of frontal band (|yaw|<=15.0, |pitch|<=15.0): yaw=37.6, pitch=-15.7"
lfw_01395,data/raw/images/lfw_01395.jpg,FACE_TOO_ANGLED_OR_SMALL,"Pose out of frontal band (|yaw|<=15.0, |pitch|<=15.0): yaw=-8.4, pitch=-29.2"
lfw_01396,data/raw/images/lfw_01396.jpg,FACE_TOO_ANGLED_OR_SMALL,"Pose out of frontal band (|yaw|<=15.0, |pitch|<=15.0): yaw=23.8, pitch=-29.0"
lfw_01398,data/raw/images/lfw_01398.jpg,FACE_TOO_ANGLED_OR_SMALL,"Pose out of frontal band (|yaw|<=15.0, |pitch|<=15.0): yaw=9.5, pitch=-29.8"
lfw_01399,data/raw/images/lfw_01399.jpg,FACE_TOO_ANGLED_OR_SMALL,"Pose out of frontal band (|yaw|<=15.0, |pitch|<=15.0): yaw=-24.3, pitch=-23.6"
lfw_01400,data/raw/images/lfw_01400.jpg,MULTIPLE_FACES_DETECTED,
lfw_01401,data/raw/images/lfw_01401.jpg,FACE_TOO_ANGLED_OR_SMALL,"Pose out of frontal band (|yaw|<=15.0, |pitch|<=15.0): yaw=35.7, pitch=-10.2"
lfw_01402,data/raw/images/lfw_01402.jpg,FACE_TOO_ANGLED_OR_SMALL,"Pose out of frontal band (|yaw|<=15.0, |pitch|<=15.0): yaw=35.5, pitch=-46.2"
lfw_01403,data/raw/images/lfw_01403.jpg,MULTIPLE_FACES_DETECTED,
lfw_01404,data/raw/images/lfw_01404.jpg,FACE_TOO_ANGLED_OR_SMALL,"Pose out of frontal band (|yaw|<=15.0, |pitch|<=15.0): yaw=-11.5, pitch=-16.5"
lfw_01405,data/raw/images/lfw_01405.jpg,FACE_TOO_ANGLED_OR_SMALL,"Pose out of frontal band (|yaw|<=15.0, |pitch|<=15.0): yaw=-53.5, pitch=-12.6"
lfw_01406,data/raw/images/lfw_01406.jpg,FACE_TOO_ANGLED_OR_SMALL,"Pose out of frontal band (|yaw|<=15.0, |pitch|<=15.0): yaw=33.6, pitch=-31.2"
lfw_01407,data/raw/images/lfw_01407.jpg,FACE_TOO_ANGLED_OR_SMALL,"Pose out of frontal band (|yaw|<=15.0, |pitch|<=15.0): yaw=-22.7, pitch=-56.3"
lfw_01408,data/raw/images/lfw_01408.jpg,FACE_TOO_ANGLED_OR_SMALL,"Pose out of frontal band (|yaw|<=15.0, |pitch|<=15.0): yaw=5.9, pitch=-15.5"
lfw_01409,data/raw/images/lfw_01409.jpg,FACE_TOO_ANGLED_OR_SMALL,"Pose out of frontal band (|yaw|<=15.0, |pitch|<=15.0): yaw=18.9, pitch=-13.1"
lfw_01410,data/raw/images/lfw_01410.jpg,FACE_TOO_ANGLED_OR_SMALL,"Pose out of frontal band (|yaw|<=15.0, |pitch|<=15.0): yaw=18.6, pitch=-21.9"
lfw_01411,data/raw/images/lfw_01411.jpg,FACE_TOO_ANGLED_OR_SMALL,"Pose out of frontal band (|yaw|<=15.0, |pitch|<=15.0): yaw=33.7, pitch=-30.4"
lfw_01412,data/raw/images/lfw_01412.jpg,FACE_TOO_ANGLED_OR_SMALL,"Pose out of frontal band (|yaw|<=15.0, |pitch|<=15.0): yaw=67.7, pitch=-24.2"
lfw_01413,data/raw/images/lfw_01413.jpg,FACE_TOO_ANGLED_OR_SMALL,"Pose out of frontal band (|yaw|<=15.0, |pitch|<=15.0): yaw=18.9, pitch=-19.7"
lfw_01414,data/raw/images/lfw_01414.jpg,FACE_TOO_ANGLED_OR_SMALL,"Pose out of frontal band (|yaw|<=15.0, |pitch|<=15.0): yaw=-19.4, pitch=-13.0"
lfw_01415,data/raw/images/lfw_01415.jpg,FACE_TOO_ANGLED_OR_SMALL,"Pose out of frontal band (|yaw|<=15.0, |pitch|<=15.0): yaw=-30.3, pitch=-33.4"
lfw_01416,data/raw/images/lfw_01416.jpg,FACE_TOO_ANGLED_OR_SMALL,"Pose out of frontal band (|yaw|<=15.0, |pitch|<=15.0): yaw=1.8, pitch=-19.3"
lfw_01417,data/raw/images/lfw_01417.jpg,FACE_TOO_ANGLED_OR_SMALL,"Pose out of frontal band (|yaw|<=15.0, |pitch|<=15.0): yaw=2.6, pitch=-31.5"
lfw_01418,data/raw/images/lfw_01418.jpg,FACE_TOO_ANGLED_OR_SMALL,"Pose out of frontal band (|yaw|<=15.0, |pitch|<=15.0): yaw=-21.6, pitch=-10.7"
lfw_01419,data/raw/images/lfw_01419.jpg,FACE_TOO_ANGLED_OR_SMALL,"Pose out of frontal band (|yaw|<=15.0, |pitch|<=15.0): yaw=24.1, pitch=-24.4"
lfw_01420,data/raw/images/lfw_01420.jpg,FACE_TOO_ANGLED_OR_SMALL,"Pose out of frontal band (|yaw|<=15.0, |pitch|<=15.0): yaw=-45.5, pitch=-11.8"
lfw_01421,data/raw/images/lfw_01421.jpg,FACE_TOO_ANGLED_OR_SMALL,"Pose out of frontal band (|yaw|<=15.0, |pitch|<=15.0): yaw=-41.5, pitch=-29.5"
lfw_01422,data/raw/images/lfw_01422.jpg,FACE_TOO_ANGLED_OR_SMALL,"Pose out of frontal band (|yaw|<=15.0, |pitch|<=15.0): yaw=37.5, pitch=-26.9"
lfw_01423,data/raw/images/lfw_01423.jpg,FACE_TOO_ANGLED_OR_SMALL,"Pose out of frontal band (|yaw|<=15.0, |pitch|<=15.0): yaw=20.3, pitch=-23.3"
lfw_01424,data/raw/images/lfw_01424.jpg,FACE_TOO_ANGLED_OR_SMALL,"Pose out of frontal band (|yaw|<=15.0, |pitch|<=15.0): yaw=34.0, pitch=-18.9"
lfw_01425,data/raw/images/lfw_01425.jpg,FACE_TOO_ANGLED_OR_SMALL,"Pose out of frontal band (|yaw|<=15.0, |pitch|<=15.0): yaw=-9.1, pitch=-20.7"
lfw_01426,data/raw/images/lfw_01426.jpg,FACE_TOO_ANGLED_OR_SMALL,"Pose out of frontal band (|yaw|<=15.0, |pitch|<=15.0): yaw=-13.0, pitch=-22.9"
lfw_01427,data/raw/images/lfw_01427.jpg,FACE_TOO_ANGLED_OR_SMALL,"Pose out of frontal band (|yaw|<=15.0, |pitch|<=15.0): yaw=2.4, pitch=-18.9"
lfw_01428,data/raw/images/lfw_01428.jpg,FACE_TOO_ANGLED_OR_SMALL,"Pose out of frontal band (|yaw|<=15.0, |pitch|<=15.0): yaw=-38.6, pitch=-14.8"
lfw_01429,data/raw/images/lfw_01429.jpg,FACE_TOO_ANGLED_OR_SMALL,"Pose out of frontal band (|yaw|<=15.0, |pitch|<=15.0): yaw=35.9, pitch=-26.6"
lfw_01430,data/raw/images/lfw_01430.jpg,FACE_TOO_ANGLED_OR_SMALL,"Pose out of frontal band (|yaw|<=15.0, |pitch|<=15.0): yaw=-13.5, pitch=-31.8"
lfw_01431,data/raw/images/lfw_01431.jpg,FACE_TOO_ANGLED_OR_SMALL,"Pose out of frontal band (|yaw|<=15.0, |pitch|<=15.0): yaw=-18.5, pitch=-44.2"
lfw_01432,data/raw/images/lfw_01432.jpg,FACE_TOO_ANGLED_OR_SMALL,"Pose out of frontal band (|yaw|<=15.0, |pitch|<=15.0): yaw=49.4, pitch=-21.1"
lfw_01433,data/raw/images/lfw_01433.jpg,FACE_TOO_ANGLED_OR_SMALL,"Pose out of frontal band (|yaw|<=15.0, |pitch|<=15.0): yaw=32.8, pitch=-19.3"
lfw_01434,data/raw/images/lfw_01434.jpg,FACE_TOO_ANGLED_OR_SMALL,"Pose out of frontal band (|yaw|<=15.0, |pitch|<=15.0): yaw=2.1, pitch=-29.6"
lfw_01435,data/raw/images/lfw_01435.jpg,FACE_TOO_ANGLED_OR_SMALL,"Pose out of frontal band (|yaw|<=15.0, |pitch|<=15.0): yaw=-5.5, pitch=-15.6"
lfw_01436,data/raw/images/lfw_01436.jpg,FACE_TOO_ANGLED_OR_SMALL,"Pose out of frontal band (|yaw|<=15.0, |pitch|<=15.0): yaw=-13.8, pitch=-39.9"
lfw_01437,data/raw/images/lfw_01437.jpg,FACE_TOO_ANGLED_OR_SMALL,"Pose out of frontal band (|yaw|<=15.0, |pitch|<=15.0): yaw=-16.2, pitch=-28.2"
lfw_01438,data/raw/images/lfw_01438.jpg,FACE_TOO_ANGLED_OR_SMALL,"Pose out of frontal band (|yaw|<=15.0, |pitch|<=15.0): yaw=18.0, pitch=-51.9"
lfw_01439,data/raw/images/lfw_01439.jpg,FACE_TOO_ANGLED_OR_SMALL,"Pose out of frontal band (|yaw|<=15.0, |pitch|<=15.0): yaw=-23.7, pitch=-34.1"
lfw_01440,data/raw/images/lfw_01440.jpg,FACE_TOO_ANGLED_OR_SMALL,"Pose out of frontal band (|yaw|<=15.0, |pitch|<=15.0): yaw=-0.9, pitch=-29.2"
lfw_01441,data/raw/images/lfw_01441.jpg,FACE_TOO_ANGLED_OR_SMALL,"Pose out of frontal band (|yaw|<=15.0, |pitch|<=15.0): yaw=-17.7, pitch=-27.0"
lfw_01442,data/raw/images/lfw_01442.jpg,FACE_TOO_ANGLED_OR_SMALL,"Pose out of frontal band (|yaw|<=15.0, |pitch|<=15.0): yaw=32.8, pitch=-44.6"
lfw_01443,data/raw/images/lfw_01443.jpg,FACE_TOO_ANGLED_OR_SMALL,"Pose out of frontal band (|yaw|<=15.0, |pitch|<=15.0): yaw=-38.1, pitch=-28.0"
lfw_01445,data/raw/images/lfw_01445.jpg,FACE_TOO_ANGLED_OR_SMALL,"Pose out of frontal band (|yaw|<=15.0, |pitch|<=15.0): yaw=-53.3, pitch=-31.4"
lfw_01446,data/raw/images/lfw_01446.jpg,FACE_TOO_ANGLED_OR_SMALL,"Pose out of frontal band (|yaw|<=15.0, |pitch|<=15.0): yaw=-31.4, pitch=-20.1"
lfw_01447,data/raw/images/lfw_01447.jpg,FACE_TOO_ANGLED_OR_SMALL,"Pose out of frontal band (|yaw|<=15.0, |pitch|<=15.0): yaw=-51.3, pitch=-28.9"
lfw_01448,data/raw/images/lfw_01448.jpg,FACE_TOO_ANGLED_OR_SMALL,"Pose out of frontal band (|yaw|<=15.0, |pitch|<=15.0): yaw=-0.8, pitch=-21.5"
lfw_01449,data/raw/images/lfw_01449.jpg,FACE_TOO_ANGLED_OR_SMALL,"Pose out of frontal band (|yaw|<=15.0, |pitch|<=15.0): yaw=4.2, pitch=-18.6"
lfw_01450,data/raw/images/lfw_01450.jpg,FACE_TOO_ANGLED_OR_SMALL,"Pose out of frontal band (|yaw|<=15.0, |pitch|<=15.0): yaw=9.0, pitch=-25.9"
lfw_01451,data/raw/images/lfw_01451.jpg,FACE_TOO_ANGLED_OR_SMALL,"Pose out of frontal band (|yaw|<=15.0, |pitch|<=15.0): yaw=-29.0, pitch=-6.4"
lfw_01452,data/raw/images/lfw_01452.jpg,MULTIPLE_FACES_DETECTED,
lfw_01453,data/raw/images/lfw_01453.jpg,FACE_TOO_ANGLED_OR_SMALL,"Pose out of frontal band (|yaw|<=15.0, |pitch|<=15.0): yaw=-19.7, pitch=-17.0"
lfw_01454,data/raw/images/lfw_01454.jpg,FACE_TOO_ANGLED_OR_SMALL,"Pose out of frontal band (|yaw|<=15.0, |pitch|<=15.0): yaw=56.4, pitch=-42.4"
lfw_01455,data/raw/images/lfw_01455.jpg,FACE_TOO_ANGLED_OR_SMALL,"Pose out of frontal band (|yaw|<=15.0, |pitch|<=15.0): yaw=-2.3, pitch=-16.3"
lfw_01456,data/raw/images/lfw_01456.jpg,FACE_TOO_ANGLED_OR_SMALL,"Pose out of frontal band (|yaw|<=15.0, |pitch|<=15.0): yaw=-6.2, pitch=-22.0"
lfw_01457,data/raw/images/lfw_01457.jpg,FACE_TOO_ANGLED_OR_SMALL,"Pose out of frontal band (|yaw|<=15.0, |pitch|<=15.0): yaw=-2.5, pitch=-17.4"
lfw_01459,data/raw/images/lfw_01459.jpg,FACE_TOO_ANGLED_OR_SMALL,"Pose out of frontal band (|yaw|<=15.0, |pitch|<=15.0): yaw=16.1, pitch=-23.3"
lfw_01460,data/raw/images/lfw_01460.jpg,FACE_TOO_ANGLED_OR_SMALL,"Pose out of frontal band (|yaw|<=15.0, |pitch|<=15.0): yaw=34.5, pitch=-25.8"
lfw_01461,data/raw/images/lfw_01461.jpg,FACE_TOO_ANGLED_OR_SMALL,"Pose out of frontal band (|yaw|<=15.0, |pitch|<=15.0): yaw=-14.0, pitch=-39.9"
lfw_01462,data/raw/images/lfw_01462.jpg,FACE_TOO_ANGLED_OR_SMALL,"Pose out of frontal band (|yaw|<=15.0, |pitch|<=15.0): yaw=-22.6, pitch=-12.1"
lfw_01463,data/raw/images/lfw_01463.jpg,FACE_TOO_ANGLED_OR_SMALL,"Pose out of frontal band (|yaw|<=15.0, |pitch|<=15.0): yaw=0.7, pitch=-30.6"
lfw_01464,data/raw/images/lfw_01464.jpg,FACE_TOO_ANGLED_OR_SMALL,"Pose out of frontal band (|yaw|<=15.0, |pitch|<=15.0): yaw=15.3, pitch=4.6"
lfw_01466,data/raw/images/lfw_01466.jpg,FACE_TOO_ANGLED_OR_SMALL,"Pose out of frontal band (|yaw|<=15.0, |pitch|<=15.0): yaw=-22.0, pitch=-29.2"
lfw_01467,data/raw/images/lfw_01467.jpg,FACE_TOO_ANGLED_OR_SMALL,"Pose out of frontal band (|yaw|<=15.0, |pitch|<=15.0): yaw=-24.8, pitch=-4.1"
lfw_01468,data/raw/images/lfw_01468.jpg,FACE_TOO_ANGLED_OR_SMALL,"Pose out of frontal band (|yaw|<=15.0, |pitch|<=15.0): yaw=-44.9, pitch=-15.4"
lfw_01470,data/raw/images/lfw_01470.jpg,FACE_TOO_ANGLED_OR_SMALL,"Pose out of frontal band (|yaw|<=15.0, |pitch|<=15.0): yaw=4.4, pitch=-32.5"
lfw_01471,data/raw/images/lfw_01471.jpg,FACE_TOO_ANGLED_OR_SMALL,"Pose out of frontal band (|yaw|<=15.0, |pitch|<=15.0): yaw=-2.7, pitch=-32.1"
lfw_01472,data/raw/images/lfw_01472.jpg,FACE_TOO_ANGLED_OR_SMALL,"Pose out of frontal band (|yaw|<=15.0, |pitch|<=15.0): yaw=21.9, pitch=-37.7"
lfw_01473,data/raw/images/lfw_01473.jpg,FACE_TOO_ANGLED_OR_SMALL,"Pose out of frontal band (|yaw|<=15.0, |pitch|<=15.0): yaw=-10.9, pitch=-38.6"
lfw_01474,data/raw/images/lfw_01474.jpg,FACE_TOO_ANGLED_OR_SMALL,"Pose out of frontal band (|yaw|<=15.0, |pitch|<=15.0): yaw=9.5, pitch=-27.8"
lfw_01475,data/raw/images/lfw_01475.jpg,FACE_TOO_ANGLED_OR_SMALL,"Pose out of frontal band (|yaw|<=15.0, |pitch|<=15.0): yaw=-9.8, pitch=-23.4"
lfw_01476,data/raw/images/lfw_01476.jpg,FACE_TOO_ANGLED_OR_SMALL,"Pose out of frontal band (|yaw|<=15.0, |pitch|<=15.0): yaw=-26.3, pitch=-49.2"
lfw_01477,data/raw/images/lfw_01477.jpg,FACE_TOO_ANGLED_OR_SMALL,"Pose out of frontal band (|yaw|<=15.0, |pitch|<=15.0): yaw=2.9, pitch=-19.0"
lfw_01478,data/raw/images/lfw_01478.jpg,FACE_TOO_ANGLED_OR_SMALL,"Pose out of frontal band (|yaw|<=15.0, |pitch|<=15.0): yaw=-30.0, pitch=-25.2"
lfw_01479,data/raw/images/lfw_01479.jpg,FACE_TOO_ANGLED_OR_SMALL,"Pose out of frontal band (|yaw|<=15.0, |pitch|<=15.0): yaw=33.9, pitch=-33.8"
lfw_01480,data/raw/images/lfw_01480.jpg,FACE_TOO_ANGLED_OR_SMALL,"Pose out of frontal band (|yaw|<=15.0, |pitch|<=15.0): yaw=-23.8, pitch=-21.5"
lfw_01481,data/raw/images/lfw_01481.jpg,FACE_TOO_ANGLED_OR_SMALL,"Pose out of frontal band (|yaw|<=15.0, |pitch|<=15.0): yaw=-3.8, pitch=-26.0"
lfw_01482,data/raw/images/lfw_01482.jpg,FACE_TOO_ANGLED_OR_SMALL,"Pose out of frontal band (|yaw|<=15.0, |pitch|<=15.0): yaw=10.2, pitch=-31.9"
lfw_01483,data/raw/images/lfw_01483.jpg,FACE_TOO_ANGLED_OR_SMALL,"Pose out of frontal band (|yaw|<=15.0, |pitch|<=15.0): yaw=-19.8, pitch=-24.2"
lfw_01485,data/raw/images/lfw_01485.jpg,FACE_TOO_ANGLED_OR_SMALL,"Pose out of frontal band (|yaw|<=15.0, |pitch|<=15.0): yaw=38.9, pitch=-8.9"
lfw_01486,data/raw/images/lfw_01486.jpg,FACE_TOO_ANGLED_OR_SMALL,"Pose out of frontal band (|yaw|<=15.0, |pitch|<=15.0): yaw=27.5, pitch=-32.7"
lfw_01487,data/raw/images/lfw_01487.jpg,FACE_TOO_ANGLED_OR_SMALL,"Pose out of frontal band (|yaw|<=15.0, |pitch|<=15.0): yaw=34.5, pitch=-37.5"
lfw_01488,data/raw/images/lfw_01488.jpg,FACE_TOO_ANGLED_OR_SMALL,"Pose out of frontal band (|yaw|<=15.0, |pitch|<=15.0): yaw=1.4, pitch=-33.3"
lfw_01489,data/raw/images/lfw_01489.jpg,FACE_TOO_ANGLED_OR_SMALL,"Pose out of frontal band (|yaw|<=15.0, |pitch|<=15.0): yaw=-6.9, pitch=-59.0"
lfw_01490,data/raw/images/lfw_01490.jpg,FACE_TOO_ANGLED_OR_SMALL,"Pose out of frontal band (|yaw|<=15.0, |pitch|<=15.0): yaw=20.6, pitch=-27.4"
lfw_01491,data/raw/images/lfw_01491.jpg,FACE_TOO_ANGLED_OR_SMALL,"Pose out of frontal band (|yaw|<=15.0, |pitch|<=15.0): yaw=33.1, pitch=-29.0"
lfw_01492,data/raw/images/lfw_01492.jpg,FACE_TOO_ANGLED_OR_SMALL,"Pose out of frontal band (|yaw|<=15.0, |pitch|<=15.0): yaw=-45.3, pitch=-19.7"
lfw_01493,data/raw/images/lfw_01493.jpg,FACE_TOO_ANGLED_OR_SMALL,"Pose out of frontal band (|yaw|<=15.0, |pitch|<=15.0): yaw=-61.5, pitch=-24.0"
lfw_01494,data/raw/images/lfw_01494.jpg,FACE_TOO_ANGLED_OR_SMALL,"Pose out of frontal band (|yaw|<=15.0, |pitch|<=15.0): yaw=15.5, pitch=-30.5"
lfw_01496,data/raw/images/lfw_01496.jpg,FACE_TOO_ANGLED_OR_SMALL,"Pose out of frontal band (|yaw|<=15.0, |pitch|<=15.0): yaw=-21.9, pitch=-21.2"
lfw_01497,data/raw/images/lfw_01497.jpg,FACE_TOO_ANGLED_OR_SMALL,"Pose out of frontal band (|yaw|<=15.0, |pitch|<=15.0): yaw=21.3, pitch=-27.7"
lfw_01498,data/raw/images/lfw_01498.jpg,FACE_TOO_ANGLED_OR_SMALL,"Pose out of frontal band (|yaw|<=15.0, |pitch|<=15.0): yaw=18.5, pitch=-13.2"
lfw_01499,data/raw/images/lfw_01499.jpg,FACE_TOO_ANGLED_OR_SMALL,"Pose out of frontal band (|yaw|<=15.0, |pitch|<=15.0): yaw=14.9, pitch=-20.8"
lfw_01500,data/raw/images/lfw_01500.jpg,FACE_TOO_ANGLED_OR_SMALL,"Pose out of frontal band (|yaw|<=15.0, |pitch|<=15.0): yaw=33.9, pitch=-19.6"
lfw_01501,data/raw/images/lfw_01501.jpg,FACE_TOO_ANGLED_OR_SMALL,"Pose out of frontal band (|yaw|<=15.0, |pitch|<=15.0): yaw=69.2, pitch=-19.7"
lfw_01502,data/raw/images/lfw_01502.jpg,FACE_TOO_ANGLED_OR_SMALL,"Pose out of frontal band (|yaw|<=15.0, |pitch|<=15.0): yaw=-0.7, pitch=-38.7"
lfw_01503,data/raw/images/lfw_01503.jpg,FACE_TOO_ANGLED_OR_SMALL,"Pose out of frontal band (|yaw|<=15.0, |pitch|<=15.0): yaw=3.4, pitch=-56.4"
lfw_01504,data/raw/images/lfw_01504.jpg,FACE_TOO_ANGLED_OR_SMALL,"Pose out of frontal band (|yaw|<=15.0, |pitch|<=15.0): yaw=-25.1, pitch=-16.6"
lfw_01505,data/raw/images/lfw_01505.jpg,FACE_TOO_ANGLED_OR_SMALL,"Pose out of frontal band (|yaw|<=15.0, |pitch|<=15.0): yaw=-7.6, pitch=-26.5"
lfw_01506,data/raw/images/lfw_01506.jpg,FACE_TOO_ANGLED_OR_SMALL,"Pose out of frontal band (|yaw|<=15.0, |pitch|<=15.0): yaw=-10.6, pitch=-18.4"
lfw_01507,data/raw/images/lfw_01507.jpg,FACE_TOO_ANGLED_OR_SMALL,"Pose out of frontal band (|yaw|<=15.0, |pitch|<=15.0): yaw=-11.1, pitch=-15.3"
lfw_01508,data/raw/images/lfw_01508.jpg,MULTIPLE_FACES_DETECTED,
lfw_01509,data/raw/images/lfw_01509.jpg,FACE_TOO_ANGLED_OR_SMALL,"Pose out of frontal band (|yaw|<=15.0, |pitch|<=15.0): yaw=-56.9, pitch=-27.3"
lfw_01510,data/raw/images/lfw_01510.jpg,FACE_TOO_ANGLED_OR_SMALL,"Pose out of frontal band (|yaw|<=15.0, |pitch|<=15.0): yaw=1.2, pitch=-22.7"
lfw_01512,data/raw/images/lfw_01512.jpg,FACE_TOO_ANGLED_OR_SMALL,"Pose out of frontal band (|yaw|<=15.0, |pitch|<=15.0): yaw=3.0, pitch=-28.0"
lfw_01513,data/raw/images/lfw_01513.jpg,FACE_TOO_ANGLED_OR_SMALL,"Pose out of frontal band (|yaw|<=15.0, |pitch|<=15.0): yaw=14.3, pitch=-16.7"
lfw_01514,data/raw/images/lfw_01514.jpg,FACE_TOO_ANGLED_OR_SMALL,"Pose out of frontal band (|yaw|<=15.0, |pitch|<=15.0): yaw=-38.3, pitch=-33.2"
lfw_01515,data/raw/images/lfw_01515.jpg,FACE_TOO_ANGLED_OR_SMALL,"Pose out of frontal band (|yaw|<=15.0, |pitch|<=15.0): yaw=20.5, pitch=-28.2"
lfw_01516,data/raw/images/lfw_01516.jpg,FACE_TOO_ANGLED_OR_SMALL,"Pose out of frontal band (|yaw|<=15.0, |pitch|<=15.0): yaw=-11.3, pitch=-16.1"
lfw_01517,data/raw/images/lfw_01517.jpg,MULTIPLE_FACES_DETECTED,
lfw_01518,data/raw/images/lfw_01518.jpg,FACE_TOO_ANGLED_OR_SMALL,"Pose out of frontal band (|yaw|<=15.0, |pitch|<=15.0): yaw=24.8, pitch=-24.9"
lfw_01519,data/raw/images/lfw_01519.jpg,FACE_TOO_ANGLED_OR_SMALL,"Pose out of frontal band (|yaw|<=15.0, |pitch|<=15.0): yaw=24.8, pitch=-30.3"
lfw_01520,data/raw/images/lfw_01520.jpg,FACE_TOO_ANGLED_OR_SMALL,"Pose out of frontal band (|yaw|<=15.0, |pitch|<=15.0): yaw=-1.4, pitch=-24.9"
lfw_01521,data/raw/images/lfw_01521.jpg,FACE_TOO_ANGLED_OR_SMALL,"Pose out of frontal band (|yaw|<=15.0, |pitch|<=15.0): yaw=6.2, pitch=-35.9"
lfw_01522,data/raw/images/lfw_01522.jpg,FACE_TOO_ANGLED_OR_SMALL,"Pose out of frontal band (|yaw|<=15.0, |pitch|<=15.0): yaw=-33.8, pitch=-4.8"
lfw_01523,data/raw/images/lfw_01523.jpg,FACE_TOO_ANGLED_OR_SMALL,"Pose out of frontal band (|yaw|<=15.0, |pitch|<=15.0): yaw=-11.0, pitch=-18.0"
lfw_01525,data/raw/images/lfw_01525.jpg,FACE_TOO_ANGLED_OR_SMALL,"Pose out of frontal band (|yaw|<=15.0, |pitch|<=15.0): yaw=8.3, pitch=-43.9"
lfw_01526,data/raw/images/lfw_01526.jpg,FACE_TOO_ANGLED_OR_SMALL,"Pose out of frontal band (|yaw|<=15.0, |pitch|<=15.0): yaw=8.1, pitch=-25.3"
lfw_01527,data/raw/images/lfw_01527.jpg,FACE_TOO_ANGLED_OR_SMALL,"Pose out of frontal band (|yaw|<=15.0, |pitch|<=15.0): yaw=66.1, pitch=-42.6"
lfw_01529,data/raw/images/lfw_01529.jpg,FACE_TOO_ANGLED_OR_SMALL,"Pose out of frontal band (|yaw|<=15.0, |pitch|<=15.0): yaw=-2.9, pitch=-36.4"
lfw_01530,data/raw/images/lfw_01530.jpg,FACE_TOO_ANGLED_OR_SMALL,"Pose out of frontal band (|yaw|<=15.0, |pitch|<=15.0): yaw=-14.6, pitch=-27.5"
lfw_01531,data/raw/images/lfw_01531.jpg,FACE_TOO_ANGLED_OR_SMALL,"Pose out of frontal band (|yaw|<=15.0, |pitch|<=15.0): yaw=10.0, pitch=-39.5"
lfw_01532,data/raw/images/lfw_01532.jpg,FACE_TOO_ANGLED_OR_SMALL,"Pose out of frontal band (|yaw|<=15.0, |pitch|<=15.0): yaw=-38.3, pitch=-21.1"
lfw_01533,data/raw/images/lfw_01533.jpg,FACE_TOO_ANGLED_OR_SMALL,"Pose out of frontal band (|yaw|<=15.0, |pitch|<=15.0): yaw=-2.6, pitch=-19.0"
lfw_01534,data/raw/images/lfw_01534.jpg,FACE_TOO_ANGLED_OR_SMALL,"Pose out of frontal band (|yaw|<=15.0, |pitch|<=15.0): yaw=20.2, pitch=-14.0"
lfw_01535,data/raw/images/lfw_01535.jpg,FACE_TOO_ANGLED_OR_SMALL,"Pose out of frontal band (|yaw|<=15.0, |pitch|<=15.0): yaw=9.7, pitch=-26.3"
lfw_01536,data/raw/images/lfw_01536.jpg,FACE_TOO_ANGLED_OR_SMALL,"Pose out of frontal band (|yaw|<=15.0, |pitch|<=15.0): yaw=-2.1, pitch=-22.3"
lfw_01537,data/raw/images/lfw_01537.jpg,FACE_TOO_ANGLED_OR_SMALL,"Pose out of frontal band (|yaw|<=15.0, |pitch|<=15.0): yaw=1.3, pitch=-26.0"
lfw_01538,data/raw/images/lfw_01538.jpg,FACE_TOO_ANGLED_OR_SMALL,"Pose out of frontal band (|yaw|<=15.0, |pitch|<=15.0): yaw=-20.6, pitch=-25.7"
lfw_01540,data/raw/images/lfw_01540.jpg,FACE_TOO_ANGLED_OR_SMALL,"Pose out of frontal band (|yaw|<=15.0, |pitch|<=15.0): yaw=-2.7, pitch=-20.8"
lfw_01541,data/raw/images/lfw_01541.jpg,FACE_TOO_ANGLED_OR_SMALL,"Pose out of frontal band (|yaw|<=15.0, |pitch|<=15.0): yaw=16.7, pitch=-17.2"
lfw_01542,data/raw/images/lfw_01542.jpg,FACE_TOO_ANGLED_OR_SMALL,"Pose out of frontal band (|yaw|<=15.0, |pitch|<=15.0): yaw=-44.4, pitch=-21.9"
lfw_01543,data/raw/images/lfw_01543.jpg,FACE_TOO_ANGLED_OR_SMALL,"Pose out of frontal band (|yaw|<=15.0, |pitch|<=15.0): yaw=18.6, pitch=-24.8"
lfw_01544,data/raw/images/lfw_01544.jpg,FACE_TOO_ANGLED_OR_SMALL,"Pose out of frontal band (|yaw|<=15.0, |pitch|<=15.0): yaw=-18.3, pitch=-23.3"
lfw_01545,data/raw/images/lfw_01545.jpg,FACE_TOO_ANGLED_OR_SMALL,"Pose out of frontal band (|yaw|<=15.0, |pitch|<=15.0): yaw=-6.9, pitch=-21.7"
lfw_01547,data/raw/images/lfw_01547.jpg,MULTIPLE_FACES_DETECTED,
lfw_01548,data/raw/images/lfw_01548.jpg,FACE_TOO_ANGLED_OR_SMALL,"Pose out of frontal band (|yaw|<=15.0, |pitch|<=15.0): yaw=57.5, pitch=-20.3"
lfw_01549,data/raw/images/lfw_01549.jpg,FACE_TOO_ANGLED_OR_SMALL,"Pose out of frontal band (|yaw|<=15.0, |pitch|<=15.0): yaw=-37.6, pitch=-29.1"
lfw_01552,data/raw/images/lfw_01552.jpg,FACE_TOO_ANGLED_OR_SMALL,"Pose out of frontal band (|yaw|<=15.0, |pitch|<=15.0): yaw=18.3, pitch=-25.5"
lfw_01554,data/raw/images/lfw_01554.jpg,FACE_TOO_ANGLED_OR_SMALL,"Pose out of frontal band (|yaw|<=15.0, |pitch|<=15.0): yaw=-13.0, pitch=-20.2"
lfw_01555,data/raw/images/lfw_01555.jpg,FACE_TOO_ANGLED_OR_SMALL,"Pose out of frontal band (|yaw|<=15.0, |pitch|<=15.0): yaw=2.8, pitch=-15.3"
lfw_01556,data/raw/images/lfw_01556.jpg,FACE_TOO_ANGLED_OR_SMALL,"Pose out of frontal band (|yaw|<=15.0, |pitch|<=15.0): yaw=-21.6, pitch=-20.9"
lfw_01557,data/raw/images/lfw_01557.jpg,FACE_TOO_ANGLED_OR_SMALL,"Pose out of frontal band (|yaw|<=15.0, |pitch|<=15.0): yaw=-17.7, pitch=-41.9"
lfw_01559,data/raw/images/lfw_01559.jpg,FACE_TOO_ANGLED_OR_SMALL,"Pose out of frontal band (|yaw|<=15.0, |pitch|<=15.0): yaw=-2.0, pitch=-18.1"
lfw_01560,data/raw/images/lfw_01560.jpg,FACE_TOO_ANGLED_OR_SMALL,"Pose out of frontal band (|yaw|<=15.0, |pitch|<=15.0): yaw=-38.4, pitch=-33.8"
lfw_01561,data/raw/images/lfw_01561.jpg,FACE_TOO_ANGLED_OR_SMALL,"Pose out of frontal band (|yaw|<=15.0, |pitch|<=15.0): yaw=-22.6, pitch=-15.0"
lfw_01562,data/raw/images/lfw_01562.jpg,FACE_TOO_ANGLED_OR_SMALL,"Pose out of frontal band (|yaw|<=15.0, |pitch|<=15.0): yaw=-5.0, pitch=-22.1"
lfw_01563,data/raw/images/lfw_01563.jpg,FACE_TOO_ANGLED_OR_SMALL,"Pose out of frontal band (|yaw|<=15.0, |pitch|<=15.0): yaw=17.1, pitch=-30.3"
lfw_01564,data/raw/images/lfw_01564.jpg,FACE_TOO_ANGLED_OR_SMALL,"Pose out of frontal band (|yaw|<=15.0, |pitch|<=15.0): yaw=21.3, pitch=-32.6"
lfw_01565,data/raw/images/lfw_01565.jpg,FACE_TOO_ANGLED_OR_SMALL,"Pose out of frontal band (|yaw|<=15.0, |pitch|<=15.0): yaw=-4.4, pitch=-26.0"
lfw_01566,data/raw/images/lfw_01566.jpg,FACE_TOO_ANGLED_OR_SMALL,"Pose out of frontal band (|yaw|<=15.0, |pitch|<=15.0): yaw=-5.5, pitch=-34.2"
lfw_01567,data/raw/images/lfw_01567.jpg,FACE_TOO_ANGLED_OR_SMALL,"Pose out of frontal band (|yaw|<=15.0, |pitch|<=15.0): yaw=-9.1, pitch=-20.2"
lfw_01568,data/raw/images/lfw_01568.jpg,FACE_TOO_ANGLED_OR_SMALL,"Pose out of frontal band (|yaw|<=15.0, |pitch|<=15.0): yaw=19.4, pitch=-18.7"
lfw_01569,data/raw/images/lfw_01569.jpg,FACE_TOO_ANGLED_OR_SMALL,"Pose out of frontal band (|yaw|<=15.0, |pitch|<=15.0): yaw=-13.0, pitch=-23.4"
lfw_01570,data/raw/images/lfw_01570.jpg,FACE_TOO_ANGLED_OR_SMALL,"Pose out of frontal band (|yaw|<=15.0, |pitch|<=15.0): yaw=-9.2, pitch=-20.0"
lfw_01571,data/raw/images/lfw_01571.jpg,FACE_TOO_ANGLED_OR_SMALL,"Pose out of frontal band (|yaw|<=15.0, |pitch|<=15.0): yaw=5.5, pitch=-36.9"
lfw_01572,data/raw/images/lfw_01572.jpg,FACE_TOO_ANGLED_OR_SMALL,"Pose out of frontal band (|yaw|<=15.0, |pitch|<=15.0): yaw=-31.0, pitch=-35.2"
lfw_01573,data/raw/images/lfw_01573.jpg,FACE_TOO_ANGLED_OR_SMALL,"Pose out of frontal band (|yaw|<=15.0, |pitch|<=15.0): yaw=14.3, pitch=-42.0"
lfw_01574,data/raw/images/lfw_01574.jpg,FACE_TOO_ANGLED_OR_SMALL,"Pose out of frontal band (|yaw|<=15.0, |pitch|<=15.0): yaw=-38.0, pitch=-32.2"
lfw_01575,data/raw/images/lfw_01575.jpg,MULTIPLE_FACES_DETECTED,
lfw_01576,data/raw/images/lfw_01576.jpg,FACE_TOO_ANGLED_OR_SMALL,"Pose out of frontal band (|yaw|<=15.0, |pitch|<=15.0): yaw=14.9, pitch=-28.5"
lfw_01577,data/raw/images/lfw_01577.jpg,FACE_TOO_ANGLED_OR_SMALL,"Pose out of frontal band (|yaw|<=15.0, |pitch|<=15.0): yaw=1.2, pitch=-29.1"
lfw_01578,data/raw/images/lfw_01578.jpg,FACE_TOO_ANGLED_OR_SMALL,"Pose out of frontal band (|yaw|<=15.0, |pitch|<=15.0): yaw=-12.4, pitch=-45.8"
lfw_01579,data/raw/images/lfw_01579.jpg,FACE_TOO_ANGLED_OR_SMALL,"Pose out of frontal band (|yaw|<=15.0, |pitch|<=15.0): yaw=-18.0, pitch=-60.4"
lfw_01580,data/raw/images/lfw_01580.jpg,FACE_TOO_ANGLED_OR_SMALL,"Pose out of frontal band (|yaw|<=15.0, |pitch|<=15.0): yaw=10.0, pitch=-21.6"
lfw_01581,data/raw/images/lfw_01581.jpg,FACE_TOO_ANGLED_OR_SMALL,"Pose out of frontal band (|yaw|<=15.0, |pitch|<=15.0): yaw=-28.2, pitch=-41.2"
lfw_01582,data/raw/images/lfw_01582.jpg,FACE_TOO_ANGLED_OR_SMALL,"Pose out of frontal band (|yaw|<=15.0, |pitch|<=15.0): yaw=-9.9, pitch=-19.4"
lfw_01583,data/raw/images/lfw_01583.jpg,FACE_TOO_ANGLED_OR_SMALL,"Pose out of frontal band (|yaw|<=15.0, |pitch|<=15.0): yaw=5.7, pitch=-43.3"
lfw_01584,data/raw/images/lfw_01584.jpg,FACE_TOO_ANGLED_OR_SMALL,"Pose out of frontal band (|yaw|<=15.0, |pitch|<=15.0): yaw=-69.4, pitch=-23.6"
lfw_01585,data/raw/images/lfw_01585.jpg,FACE_TOO_ANGLED_OR_SMALL,"Pose out of frontal band (|yaw|<=15.0, |pitch|<=15.0): yaw=-23.7, pitch=-8.1"
lfw_01586,data/raw/images/lfw_01586.jpg,FACE_TOO_ANGLED_OR_SMALL,"Pose out of frontal band (|yaw|<=15.0, |pitch|<=15.0): yaw=14.8, pitch=-38.2"
lfw_01587,data/raw/images/lfw_01587.jpg,FACE_TOO_ANGLED_OR_SMALL,"Pose out of frontal band (|yaw|<=15.0, |pitch|<=15.0): yaw=44.1, pitch=-20.0"
lfw_01588,data/raw/images/lfw_01588.jpg,FACE_TOO_ANGLED_OR_SMALL,"Pose out of frontal band (|yaw|<=15.0, |pitch|<=15.0): yaw=19.0, pitch=-24.1"
lfw_01589,data/raw/images/lfw_01589.jpg,FACE_TOO_ANGLED_OR_SMALL,"Pose out of frontal band (|yaw|<=15.0, |pitch|<=15.0): yaw=-8.6, pitch=-27.5"
lfw_01590,data/raw/images/lfw_01590.jpg,FACE_TOO_ANGLED_OR_SMALL,"Pose out of frontal band (|yaw|<=15.0, |pitch|<=15.0): yaw=19.0, pitch=-19.6"
lfw_01591,data/raw/images/lfw_01591.jpg,FACE_TOO_ANGLED_OR_SMALL,"Pose out of frontal band (|yaw|<=15.0, |pitch|<=15.0): yaw=-17.9, pitch=-36.4"
lfw_01592,data/raw/images/lfw_01592.jpg,FACE_TOO_ANGLED_OR_SMALL,"Pose out of frontal band (|yaw|<=15.0, |pitch|<=15.0): yaw=35.8, pitch=-18.9"
lfw_01593,data/raw/images/lfw_01593.jpg,FACE_TOO_ANGLED_OR_SMALL,"Pose out of frontal band (|yaw|<=15.0, |pitch|<=15.0): yaw=2.3, pitch=-22.0"
lfw_01594,data/raw/images/lfw_01594.jpg,FACE_TOO_ANGLED_OR_SMALL,"Pose out of frontal band (|yaw|<=15.0, |pitch|<=15.0): yaw=-32.2, pitch=-25.6"
lfw_01596,data/raw/images/lfw_01596.jpg,FACE_TOO_ANGLED_OR_SMALL,"Pose out of frontal band (|yaw|<=15.0, |pitch|<=15.0): yaw=52.7, pitch=-23.1"
lfw_01597,data/raw/images/lfw_01597.jpg,FACE_TOO_ANGLED_OR_SMALL,"Pose out of frontal band (|yaw|<=15.0, |pitch|<=15.0): yaw=-18.7, pitch=-25.4"
lfw_01598,data/raw/images/lfw_01598.jpg,FACE_TOO_ANGLED_OR_SMALL,"Pose out of frontal band (|yaw|<=15.0, |pitch|<=15.0): yaw=20.0, pitch=-14.4"
lfw_01599,data/raw/images/lfw_01599.jpg,FACE_TOO_ANGLED_OR_SMALL,"Pose out of frontal band (|yaw|<=15.0, |pitch|<=15.0): yaw=67.7, pitch=-7.7"
lfw_01600,data/raw/images/lfw_01600.jpg,FACE_TOO_ANGLED_OR_SMALL,"Pose out of frontal band (|yaw|<=15.0, |pitch|<=15.0): yaw=31.7, pitch=-30.4"
lfw_01602,data/raw/images/lfw_01602.jpg,FACE_TOO_ANGLED_OR_SMALL,"Pose out of frontal band (|yaw|<=15.0, |pitch|<=15.0): yaw=-32.3, pitch=-22.0"
lfw_01603,data/raw/images/lfw_01603.jpg,FACE_TOO_ANGLED_OR_SMALL,"Pose out of frontal band (|yaw|<=15.0, |pitch|<=15.0): yaw=-27.7, pitch=-6.4"
lfw_01604,data/raw/images/lfw_01604.jpg,MULTIPLE_FACES_DETECTED,
lfw_01605,data/raw/images/lfw_01605.jpg,FACE_TOO_ANGLED_OR_SMALL,"Pose out of frontal band (|yaw|<=15.0, |pitch|<=15.0): yaw=-22.4, pitch=-10.2"
lfw_01607,data/raw/images/lfw_01607.jpg,FACE_TOO_ANGLED_OR_SMALL,"Pose out of frontal band (|yaw|<=15.0, |pitch|<=15.0): yaw=-19.9, pitch=-3.0"
lfw_01608,data/raw/images/lfw_01608.jpg,FACE_TOO_ANGLED_OR_SMALL,"Pose out of frontal band (|yaw|<=15.0, |pitch|<=15.0): yaw=29.3, pitch=-59.2"
lfw_01610,data/raw/images/lfw_01610.jpg,FACE_TOO_ANGLED_OR_SMALL,"Pose out of frontal band (|yaw|<=15.0, |pitch|<=15.0): yaw=12.6, pitch=-20.2"
lfw_01611,data/raw/images/lfw_01611.jpg,FACE_TOO_ANGLED_OR_SMALL,"Pose out of frontal band (|yaw|<=15.0, |pitch|<=15.0): yaw=35.6, pitch=-27.2"
lfw_01613,data/raw/images/lfw_01613.jpg,FACE_TOO_ANGLED_OR_SMALL,"Pose out of frontal band (|yaw|<=15.0, |pitch|<=15.0): yaw=3.8, pitch=-33.6"
lfw_01614,data/raw/images/lfw_01614.jpg,FACE_TOO_ANGLED_OR_SMALL,"Pose out of frontal band (|yaw|<=15.0, |pitch|<=15.0): yaw=-9.8, pitch=-29.5"
lfw_01615,data/raw/images/lfw_01615.jpg,MULTIPLE_FACES_DETECTED,
lfw_01616,data/raw/images/lfw_01616.jpg,FACE_TOO_ANGLED_OR_SMALL,"Pose out of frontal band (|yaw|<=15.0, |pitch|<=15.0): yaw=1.2, pitch=-26.1"
lfw_01617,data/raw/images/lfw_01617.jpg,FACE_TOO_ANGLED_OR_SMALL,"Pose out of frontal band (|yaw|<=15.0, |pitch|<=15.0): yaw=58.4, pitch=-14.0"
lfw_01618,data/raw/images/lfw_01618.jpg,FACE_TOO_ANGLED_OR_SMALL,"Pose out of frontal band (|yaw|<=15.0, |pitch|<=15.0): yaw=48.2, pitch=-11.2"
lfw_01619,data/raw/images/lfw_01619.jpg,FACE_TOO_ANGLED_OR_SMALL,"Pose out of frontal band (|yaw|<=15.0, |pitch|<=15.0): yaw=-20.4, pitch=-8.6"
lfw_01620,data/raw/images/lfw_01620.jpg,FACE_TOO_ANGLED_OR_SMALL,"Pose out of frontal band (|yaw|<=15.0, |pitch|<=15.0): yaw=25.1, pitch=-24.3"
lfw_01621,data/raw/images/lfw_01621.jpg,FACE_TOO_ANGLED_OR_SMALL,"Pose out of frontal band (|yaw|<=15.0, |pitch|<=15.0): yaw=-35.1, pitch=-9.6"
lfw_01622,data/raw/images/lfw_01622.jpg,FACE_TOO_ANGLED_OR_SMALL,"Pose out of frontal band (|yaw|<=15.0, |pitch|<=15.0): yaw=-29.1, pitch=-8.8"
lfw_01623,data/raw/images/lfw_01623.jpg,FACE_TOO_ANGLED_OR_SMALL,"Pose out of frontal band (|yaw|<=15.0, |pitch|<=15.0): yaw=-8.7, pitch=-29.3"
lfw_01624,data/raw/images/lfw_01624.jpg,FACE_TOO_ANGLED_OR_SMALL,"Pose out of frontal band (|yaw|<=15.0, |pitch|<=15.0): yaw=13.3, pitch=-33.7"
lfw_01625,data/raw/images/lfw_01625.jpg,FACE_TOO_ANGLED_OR_SMALL,"Pose out of frontal band (|yaw|<=15.0, |pitch|<=15.0): yaw=19.9, pitch=-10.7"
lfw_01626,data/raw/images/lfw_01626.jpg,FACE_TOO_ANGLED_OR_SMALL,"Pose out of frontal band (|yaw|<=15.0, |pitch|<=15.0): yaw=17.2, pitch=-24.5"
lfw_01627,data/raw/images/lfw_01627.jpg,FACE_TOO_ANGLED_OR_SMALL,"Pose out of frontal band (|yaw|<=15.0, |pitch|<=15.0): yaw=-9.3, pitch=-21.7"
lfw_01628,data/raw/images/lfw_01628.jpg,FACE_TOO_ANGLED_OR_SMALL,"Pose out of frontal band (|yaw|<=15.0, |pitch|<=15.0): yaw=20.2, pitch=-22.0"
lfw_01629,data/raw/images/lfw_01629.jpg,FACE_TOO_ANGLED_OR_SMALL,"Pose out of frontal band (|yaw|<=15.0, |pitch|<=15.0): yaw=-39.4, pitch=-13.7"
lfw_01630,data/raw/images/lfw_01630.jpg,FACE_TOO_ANGLED_OR_SMALL,"Pose out of frontal band (|yaw|<=15.0, |pitch|<=15.0): yaw=-21.8, pitch=-24.6"
lfw_01631,data/raw/images/lfw_01631.jpg,FACE_TOO_ANGLED_OR_SMALL,"Pose out of frontal band (|yaw|<=15.0, |pitch|<=15.0): yaw=-8.4, pitch=-18.2"
lfw_01632,data/raw/images/lfw_01632.jpg,FACE_TOO_ANGLED_OR_SMALL,"Pose out of frontal band (|yaw|<=15.0, |pitch|<=15.0): yaw=-25.2, pitch=-13.7"
lfw_01633,data/raw/images/lfw_01633.jpg,FACE_TOO_ANGLED_OR_SMALL,"Pose out of frontal band (|yaw|<=15.0, |pitch|<=15.0): yaw=69.3, pitch=-12.6"
lfw_01634,data/raw/images/lfw_01634.jpg,FACE_TOO_ANGLED_OR_SMALL,"Pose out of frontal band (|yaw|<=15.0, |pitch|<=15.0): yaw=4.5, pitch=-24.4"
lfw_01636,data/raw/images/lfw_01636.jpg,FACE_TOO_ANGLED_OR_SMALL,"Pose out of frontal band (|yaw|<=15.0, |pitch|<=15.0): yaw=48.7, pitch=-22.5"
lfw_01637,data/raw/images/lfw_01637.jpg,MULTIPLE_FACES_DETECTED,
lfw_01638,data/raw/images/lfw_01638.jpg,FACE_TOO_ANGLED_OR_SMALL,"Pose out of frontal band (|yaw|<=15.0, |pitch|<=15.0): yaw=18.7, pitch=-35.4"
lfw_01639,data/raw/images/lfw_01639.jpg,FACE_TOO_ANGLED_OR_SMALL,"Pose out of frontal band (|yaw|<=15.0, |pitch|<=15.0): yaw=18.5, pitch=-28.8"
lfw_01640,data/raw/images/lfw_01640.jpg,FACE_TOO_ANGLED_OR_SMALL,"Pose out of frontal band (|yaw|<=15.0, |pitch|<=15.0): yaw=-21.2, pitch=-32.7"
lfw_01641,data/raw/images/lfw_01641.jpg,FACE_TOO_ANGLED_OR_SMALL,"Pose out of frontal band (|yaw|<=15.0, |pitch|<=15.0): yaw=8.3, pitch=-27.8"
lfw_01642,data/raw/images/lfw_01642.jpg,FACE_TOO_ANGLED_OR_SMALL,"Pose out of frontal band (|yaw|<=15.0, |pitch|<=15.0): yaw=21.2, pitch=-27.7"
lfw_01643,data/raw/images/lfw_01643.jpg,FACE_TOO_ANGLED_OR_SMALL,"Pose out of frontal band (|yaw|<=15.0, |pitch|<=15.0): yaw=-15.8, pitch=-29.3"
lfw_01644,data/raw/images/lfw_01644.jpg,FACE_TOO_ANGLED_OR_SMALL,"Pose out of frontal band (|yaw|<=15.0, |pitch|<=15.0): yaw=-17.3, pitch=-30.9"
lfw_01645,data/raw/images/lfw_01645.jpg,FACE_TOO_ANGLED_OR_SMALL,"Pose out of frontal band (|yaw|<=15.0, |pitch|<=15.0): yaw=46.9, pitch=-6.8"
lfw_01646,data/raw/images/lfw_01646.jpg,FACE_TOO_ANGLED_OR_SMALL,"Pose out of frontal band (|yaw|<=15.0, |pitch|<=15.0): yaw=22.8, pitch=-21.1"
lfw_01647,data/raw/images/lfw_01647.jpg,FACE_TOO_ANGLED_OR_SMALL,"Pose out of frontal band (|yaw|<=15.0, |pitch|<=15.0): yaw=13.3, pitch=-28.7"
lfw_01648,data/raw/images/lfw_01648.jpg,MULTIPLE_FACES_DETECTED,
lfw_01649,data/raw/images/lfw_01649.jpg,FACE_TOO_ANGLED_OR_SMALL,"Pose out of frontal band (|yaw|<=15.0, |pitch|<=15.0): yaw=-6.8, pitch=-39.3"
lfw_01650,data/raw/images/lfw_01650.jpg,FACE_TOO_ANGLED_OR_SMALL,"Pose out of frontal band (|yaw|<=15.0, |pitch|<=15.0): yaw=-24.8, pitch=-56.4"
lfw_01651,data/raw/images/lfw_01651.jpg,FACE_TOO_ANGLED_OR_SMALL,"Pose out of frontal band (|yaw|<=15.0, |pitch|<=15.0): yaw=37.2, pitch=-23.3"
lfw_01652,data/raw/images/lfw_01652.jpg,FACE_TOO_ANGLED_OR_SMALL,"Pose out of frontal band (|yaw|<=15.0, |pitch|<=15.0): yaw=47.0, pitch=-39.3"
lfw_01653,data/raw/images/lfw_01653.jpg,FACE_TOO_ANGLED_OR_SMALL,"Pose out of frontal band (|yaw|<=15.0, |pitch|<=15.0): yaw=3.5, pitch=-41.5"
lfw_01654,data/raw/images/lfw_01654.jpg,FACE_TOO_ANGLED_OR_SMALL,"Pose out of frontal band (|yaw|<=15.0, |pitch|<=15.0): yaw=40.4, pitch=-21.4"
lfw_01655,data/raw/images/lfw_01655.jpg,FACE_TOO_ANGLED_OR_SMALL,"Pose out of frontal band (|yaw|<=15.0, |pitch|<=15.0): yaw=-17.3, pitch=-24.0"
lfw_01656,data/raw/images/lfw_01656.jpg,MULTIPLE_FACES_DETECTED,
lfw_01657,data/raw/images/lfw_01657.jpg,FACE_TOO_ANGLED_OR_SMALL,"Pose out of frontal band (|yaw|<=15.0, |pitch|<=15.0): yaw=17.0, pitch=-24.7"
lfw_01658,data/raw/images/lfw_01658.jpg,FACE_TOO_ANGLED_OR_SMALL,"Pose out of frontal band (|yaw|<=15.0, |pitch|<=15.0): yaw=13.2, pitch=-22.0"
lfw_01659,data/raw/images/lfw_01659.jpg,FACE_TOO_ANGLED_OR_SMALL,"Pose out of frontal band (|yaw|<=15.0, |pitch|<=15.0): yaw=34.3, pitch=-13.5"
lfw_01660,data/raw/images/lfw_01660.jpg,FACE_TOO_ANGLED_OR_SMALL,"Pose out of frontal band (|yaw|<=15.0, |pitch|<=15.0): yaw=-15.7, pitch=-18.4"
lfw_01661,data/raw/images/lfw_01661.jpg,FACE_TOO_ANGLED_OR_SMALL,"Pose out of frontal band (|yaw|<=15.0, |pitch|<=15.0): yaw=-17.9, pitch=-37.6"
lfw_01662,data/raw/images/lfw_01662.jpg,FACE_TOO_ANGLED_OR_SMALL,"Pose out of frontal band (|yaw|<=15.0, |pitch|<=15.0): yaw=8.1, pitch=-41.0"
lfw_01663,data/raw/images/lfw_01663.jpg,FACE_TOO_ANGLED_OR_SMALL,"Pose out of frontal band (|yaw|<=15.0, |pitch|<=15.0): yaw=-20.6, pitch=-15.1"
lfw_01664,data/raw/images/lfw_01664.jpg,FACE_TOO_ANGLED_OR_SMALL,"Pose out of frontal band (|yaw|<=15.0, |pitch|<=15.0): yaw=-1.1, pitch=-21.7"
lfw_01665,data/raw/images/lfw_01665.jpg,FACE_TOO_ANGLED_OR_SMALL,"Pose out of frontal band (|yaw|<=15.0, |pitch|<=15.0): yaw=-38.6, pitch=-14.9"
lfw_01666,data/raw/images/lfw_01666.jpg,MULTIPLE_FACES_DETECTED,
lfw_01668,data/raw/images/lfw_01668.jpg,FACE_TOO_ANGLED_OR_SMALL,"Pose out of frontal band (|yaw|<=15.0, |pitch|<=15.0): yaw=6.4, pitch=-16.6"
lfw_01669,data/raw/images/lfw_01669.jpg,FACE_TOO_ANGLED_OR_SMALL,"Pose out of frontal band (|yaw|<=15.0, |pitch|<=15.0): yaw=1.6, pitch=-27.0"
lfw_01670,data/raw/images/lfw_01670.jpg,FACE_TOO_ANGLED_OR_SMALL,"Pose out of frontal band (|yaw|<=15.0, |pitch|<=15.0): yaw=-35.0, pitch=-23.8"
lfw_01671,data/raw/images/lfw_01671.jpg,FACE_TOO_ANGLED_OR_SMALL,"Pose out of frontal band (|yaw|<=15.0, |pitch|<=15.0): yaw=-0.7, pitch=-16.7"
lfw_01672,data/raw/images/lfw_01672.jpg,FACE_TOO_ANGLED_OR_SMALL,"Pose out of frontal band (|yaw|<=15.0, |pitch|<=15.0): yaw=-13.0, pitch=-40.4"
lfw_01673,data/raw/images/lfw_01673.jpg,FACE_TOO_ANGLED_OR_SMALL,"Pose out of frontal band (|yaw|<=15.0, |pitch|<=15.0): yaw=-9.4, pitch=-26.6"
lfw_01674,data/raw/images/lfw_01674.jpg,FACE_TOO_ANGLED_OR_SMALL,"Pose out of frontal band (|yaw|<=15.0, |pitch|<=15.0): yaw=-17.7, pitch=-21.0"
lfw_01675,data/raw/images/lfw_01675.jpg,FACE_TOO_ANGLED_OR_SMALL,"Pose out of frontal band (|yaw|<=15.0, |pitch|<=15.0): yaw=11.8, pitch=-18.6"
lfw_01676,data/raw/images/lfw_01676.jpg,FACE_TOO_ANGLED_OR_SMALL,"Pose out of frontal band (|yaw|<=15.0, |pitch|<=15.0): yaw=3.4, pitch=-17.2"
lfw_01677,data/raw/images/lfw_01677.jpg,FACE_TOO_ANGLED_OR_SMALL,"Pose out of frontal band (|yaw|<=15.0, |pitch|<=15.0): yaw=-19.8, pitch=-21.2"
lfw_01678,data/raw/images/lfw_01678.jpg,FACE_TOO_ANGLED_OR_SMALL,"Pose out of frontal band (|yaw|<=15.0, |pitch|<=15.0): yaw=-12.1, pitch=-28.8"
lfw_01679,data/raw/images/lfw_01679.jpg,FACE_TOO_ANGLED_OR_SMALL,"Pose out of frontal band (|yaw|<=15.0, |pitch|<=15.0): yaw=-20.2, pitch=-23.6"
lfw_01680,data/raw/images/lfw_01680.jpg,MULTIPLE_FACES_DETECTED,
lfw_01681,data/raw/images/lfw_01681.jpg,FACE_TOO_ANGLED_OR_SMALL,"Pose out of frontal band (|yaw|<=15.0, |pitch|<=15.0): yaw=-60.4, pitch=-21.2"
lfw_01682,data/raw/images/lfw_01682.jpg,FACE_TOO_ANGLED_OR_SMALL,"Pose out of frontal band (|yaw|<=15.0, |pitch|<=15.0): yaw=-23.6, pitch=-27.6"
lfw_01683,data/raw/images/lfw_01683.jpg,MULTIPLE_FACES_DETECTED,
lfw_01684,data/raw/images/lfw_01684.jpg,FACE_TOO_ANGLED_OR_SMALL,"Pose out of frontal band (|yaw|<=15.0, |pitch|<=15.0): yaw=-25.1, pitch=-12.8"
lfw_01685,data/raw/images/lfw_01685.jpg,FACE_TOO_ANGLED_OR_SMALL,"Pose out of frontal band (|yaw|<=15.0, |pitch|<=15.0): yaw=-70.3, pitch=-9.5"
lfw_01686,data/raw/images/lfw_01686.jpg,FACE_TOO_ANGLED_OR_SMALL,"Pose out of frontal band (|yaw|<=15.0, |pitch|<=15.0): yaw=22.9, pitch=-17.9"
lfw_01687,data/raw/images/lfw_01687.jpg,FACE_TOO_ANGLED_OR_SMALL,"Pose out of frontal band (|yaw|<=15.0, |pitch|<=15.0): yaw=-7.7, pitch=-22.6"
lfw_01688,data/raw/images/lfw_01688.jpg,FACE_TOO_ANGLED_OR_SMALL,"Pose out of frontal band (|yaw|<=15.0, |pitch|<=15.0): yaw=-24.8, pitch=-35.9"
lfw_01689,data/raw/images/lfw_01689.jpg,MULTIPLE_FACES_DETECTED,
lfw_01690,data/raw/images/lfw_01690.jpg,FACE_TOO_ANGLED_OR_SMALL,"Pose out of frontal band (|yaw|<=15.0, |pitch|<=15.0): yaw=37.5, pitch=-28.2"
lfw_01691,data/raw/images/lfw_01691.jpg,FACE_TOO_ANGLED_OR_SMALL,"Pose out of frontal band (|yaw|<=15.0, |pitch|<=15.0): yaw=13.9, pitch=-22.7"
lfw_01692,data/raw/images/lfw_01692.jpg,FACE_TOO_ANGLED_OR_SMALL,"Pose out of frontal band (|yaw|<=15.0, |pitch|<=15.0): yaw=-4.3, pitch=-28.3"
lfw_01693,data/raw/images/lfw_01693.jpg,FACE_TOO_ANGLED_OR_SMALL,"Pose out of frontal band (|yaw|<=15.0, |pitch|<=15.0): yaw=38.5, pitch=-39.7"
lfw_01694,data/raw/images/lfw_01694.jpg,FACE_TOO_ANGLED_OR_SMALL,"Pose out of frontal band (|yaw|<=15.0, |pitch|<=15.0): yaw=-39.3, pitch=-38.3"
lfw_01695,data/raw/images/lfw_01695.jpg,FACE_TOO_ANGLED_OR_SMALL,"Pose out of frontal band (|yaw|<=15.0, |pitch|<=15.0): yaw=-6.7, pitch=-21.0"
lfw_01696,data/raw/images/lfw_01696.jpg,FACE_TOO_ANGLED_OR_SMALL,"Pose out of frontal band (|yaw|<=15.0, |pitch|<=15.0): yaw=-10.7, pitch=-34.1"
lfw_01697,data/raw/images/lfw_01697.jpg,FACE_TOO_ANGLED_OR_SMALL,"Pose out of frontal band (|yaw|<=15.0, |pitch|<=15.0): yaw=-26.2, pitch=-13.6"
lfw_01698,data/raw/images/lfw_01698.jpg,FACE_TOO_ANGLED_OR_SMALL,"Pose out of frontal band (|yaw|<=15.0, |pitch|<=15.0): yaw=-2.3, pitch=-44.0"
lfw_01699,data/raw/images/lfw_01699.jpg,FACE_TOO_ANGLED_OR_SMALL,"Pose out of frontal band (|yaw|<=15.0, |pitch|<=15.0): yaw=-14.6, pitch=-26.2"
lfw_01700,data/raw/images/lfw_01700.jpg,FACE_TOO_ANGLED_OR_SMALL,"Pose out of frontal band (|yaw|<=15.0, |pitch|<=15.0): yaw=-10.8, pitch=-34.6"
lfw_01701,data/raw/images/lfw_01701.jpg,FACE_TOO_ANGLED_OR_SMALL,"Pose out of frontal band (|yaw|<=15.0, |pitch|<=15.0): yaw=30.5, pitch=-23.3"
lfw_01703,data/raw/images/lfw_01703.jpg,FACE_TOO_ANGLED_OR_SMALL,"Pose out of frontal band (|yaw|<=15.0, |pitch|<=15.0): yaw=8.5, pitch=-26.2"
lfw_01704,data/raw/images/lfw_01704.jpg,FACE_TOO_ANGLED_OR_SMALL,"Pose out of frontal band (|yaw|<=15.0, |pitch|<=15.0): yaw=3.5, pitch=-35.3"
lfw_01705,data/raw/images/lfw_01705.jpg,FACE_TOO_ANGLED_OR_SMALL,"Pose out of frontal band (|yaw|<=15.0, |pitch|<=15.0): yaw=-16.4, pitch=-16.1"
lfw_01706,data/raw/images/lfw_01706.jpg,FACE_TOO_ANGLED_OR_SMALL,"Pose out of frontal band (|yaw|<=15.0, |pitch|<=15.0): yaw=-48.9, pitch=-30.0"
lfw_01707,data/raw/images/lfw_01707.jpg,FACE_TOO_ANGLED_OR_SMALL,"Pose out of frontal band (|yaw|<=15.0, |pitch|<=15.0): yaw=17.6, pitch=-32.5"
lfw_01708,data/raw/images/lfw_01708.jpg,FACE_TOO_ANGLED_OR_SMALL,"Pose out of frontal band (|yaw|<=15.0, |pitch|<=15.0): yaw=17.1, pitch=-23.4"
lfw_01709,data/raw/images/lfw_01709.jpg,FACE_TOO_ANGLED_OR_SMALL,"Pose out of frontal band (|yaw|<=15.0, |pitch|<=15.0): yaw=-1.2, pitch=-28.2"
lfw_01710,data/raw/images/lfw_01710.jpg,FACE_TOO_ANGLED_OR_SMALL,"Pose out of frontal band (|yaw|<=15.0, |pitch|<=15.0): yaw=51.7, pitch=-16.1"
lfw_01711,data/raw/images/lfw_01711.jpg,FACE_TOO_ANGLED_OR_SMALL,"Pose out of frontal band (|yaw|<=15.0, |pitch|<=15.0): yaw=25.2, pitch=-36.7"
lfw_01713,data/raw/images/lfw_01713.jpg,FACE_TOO_ANGLED_OR_SMALL,"Pose out of frontal band (|yaw|<=15.0, |pitch|<=15.0): yaw=32.3, pitch=-39.2"
lfw_01714,data/raw/images/lfw_01714.jpg,FACE_TOO_ANGLED_OR_SMALL,"Pose out of frontal band (|yaw|<=15.0, |pitch|<=15.0): yaw=5.7, pitch=-17.2"
lfw_01715,data/raw/images/lfw_01715.jpg,FACE_TOO_ANGLED_OR_SMALL,"Pose out of frontal band (|yaw|<=15.0, |pitch|<=15.0): yaw=-11.3, pitch=-30.1"
lfw_01716,data/raw/images/lfw_01716.jpg,FACE_TOO_ANGLED_OR_SMALL,"Pose out of frontal band (|yaw|<=15.0, |pitch|<=15.0): yaw=43.0, pitch=-12.4"
lfw_01717,data/raw/images/lfw_01717.jpg,FACE_TOO_ANGLED_OR_SMALL,"Pose out of frontal band (|yaw|<=15.0, |pitch|<=15.0): yaw=-26.4, pitch=-15.1"
lfw_01718,data/raw/images/lfw_01718.jpg,FACE_TOO_ANGLED_OR_SMALL,"Pose out of frontal band (|yaw|<=15.0, |pitch|<=15.0): yaw=46.9, pitch=-53.7"
lfw_01719,data/raw/images/lfw_01719.jpg,FACE_TOO_ANGLED_OR_SMALL,"Pose out of frontal band (|yaw|<=15.0, |pitch|<=15.0): yaw=-31.8, pitch=-41.3"
lfw_01721,data/raw/images/lfw_01721.jpg,FACE_TOO_ANGLED_OR_SMALL,"Pose out of frontal band (|yaw|<=15.0, |pitch|<=15.0): yaw=-30.3, pitch=-31.0"
lfw_01722,data/raw/images/lfw_01722.jpg,FACE_TOO_ANGLED_OR_SMALL,"Pose out of frontal band (|yaw|<=15.0, |pitch|<=15.0): yaw=-1.2, pitch=-20.1"
lfw_01723,data/raw/images/lfw_01723.jpg,FACE_TOO_ANGLED_OR_SMALL,"Pose out of frontal band (|yaw|<=15.0, |pitch|<=15.0): yaw=-2.1, pitch=-31.7"
lfw_01724,data/raw/images/lfw_01724.jpg,FACE_TOO_ANGLED_OR_SMALL,"Pose out of frontal band (|yaw|<=15.0, |pitch|<=15.0): yaw=10.0, pitch=-28.8"
lfw_01725,data/raw/images/lfw_01725.jpg,FACE_TOO_ANGLED_OR_SMALL,"Pose out of frontal band (|yaw|<=15.0, |pitch|<=15.0): yaw=20.3, pitch=-17.2"
lfw_01727,data/raw/images/lfw_01727.jpg,FACE_TOO_ANGLED_OR_SMALL,"Pose out of frontal band (|yaw|<=15.0, |pitch|<=15.0): yaw=7.2, pitch=-28.2"
lfw_01728,data/raw/images/lfw_01728.jpg,FACE_TOO_ANGLED_OR_SMALL,"Pose out of frontal band (|yaw|<=15.0, |pitch|<=15.0): yaw=16.1, pitch=-20.1"
lfw_01730,data/raw/images/lfw_01730.jpg,FACE_TOO_ANGLED_OR_SMALL,"Pose out of frontal band (|yaw|<=15.0, |pitch|<=15.0): yaw=29.6, pitch=-42.8"
lfw_01731,data/raw/images/lfw_01731.jpg,FACE_TOO_ANGLED_OR_SMALL,"Pose out of frontal band (|yaw|<=15.0, |pitch|<=15.0): yaw=-0.1, pitch=-21.4"
lfw_01732,data/raw/images/lfw_01732.jpg,FACE_TOO_ANGLED_OR_SMALL,"Pose out of frontal band (|yaw|<=15.0, |pitch|<=15.0): yaw=-16.4, pitch=-21.2"
lfw_01733,data/raw/images/lfw_01733.jpg,FACE_TOO_ANGLED_OR_SMALL,"Pose out of frontal band (|yaw|<=15.0, |pitch|<=15.0): yaw=-13.9, pitch=-30.8"
lfw_01734,data/raw/images/lfw_01734.jpg,FACE_TOO_ANGLED_OR_SMALL,"Pose out of frontal band (|yaw|<=15.0, |pitch|<=15.0): yaw=-43.5, pitch=-28.2"
lfw_01735,data/raw/images/lfw_01735.jpg,FACE_TOO_ANGLED_OR_SMALL,"Pose out of frontal band (|yaw|<=15.0, |pitch|<=15.0): yaw=-12.8, pitch=-30.4"
lfw_01736,data/raw/images/lfw_01736.jpg,FACE_TOO_ANGLED_OR_SMALL,"Pose out of frontal band (|yaw|<=15.0, |pitch|<=15.0): yaw=-19.9, pitch=-15.0"
lfw_01737,data/raw/images/lfw_01737.jpg,FACE_TOO_ANGLED_OR_SMALL,"Pose out of frontal band (|yaw|<=15.0, |pitch|<=15.0): yaw=5.4, pitch=-25.0"
lfw_01738,data/raw/images/lfw_01738.jpg,FACE_TOO_ANGLED_OR_SMALL,"Pose out of frontal band (|yaw|<=15.0, |pitch|<=15.0): yaw=10.4, pitch=-15.8"
lfw_01739,data/raw/images/lfw_01739.jpg,FACE_TOO_ANGLED_OR_SMALL,"Pose out of frontal band (|yaw|<=15.0, |pitch|<=15.0): yaw=14.9, pitch=-30.1"
lfw_01740,data/raw/images/lfw_01740.jpg,MULTIPLE_FACES_DETECTED,
lfw_01741,data/raw/images/lfw_01741.jpg,FACE_TOO_ANGLED_OR_SMALL,"Pose out of frontal band (|yaw|<=15.0, |pitch|<=15.0): yaw=8.9, pitch=-27.6"
lfw_01742,data/raw/images/lfw_01742.jpg,MULTIPLE_FACES_DETECTED,
lfw_01743,data/raw/images/lfw_01743.jpg,FACE_TOO_ANGLED_OR_SMALL,"Pose out of frontal band (|yaw|<=15.0, |pitch|<=15.0): yaw=0.1, pitch=-25.2"
lfw_01744,data/raw/images/lfw_01744.jpg,FACE_TOO_ANGLED_OR_SMALL,"Pose out of frontal band (|yaw|<=15.0, |pitch|<=15.0): yaw=7.4, pitch=-60.8"
lfw_01745,data/raw/images/lfw_01745.jpg,FACE_TOO_ANGLED_OR_SMALL,"Pose out of frontal band (|yaw|<=15.0, |pitch|<=15.0): yaw=44.3, pitch=-45.3"
lfw_01746,data/raw/images/lfw_01746.jpg,FACE_TOO_ANGLED_OR_SMALL,"Pose out of frontal band (|yaw|<=15.0, |pitch|<=15.0): yaw=-5.5, pitch=-29.3"
lfw_01747,data/raw/images/lfw_01747.jpg,FACE_TOO_ANGLED_OR_SMALL,"Pose out of frontal band (|yaw|<=15.0, |pitch|<=15.0): yaw=-1.8, pitch=-25.9"
lfw_01748,data/raw/images/lfw_01748.jpg,FACE_TOO_ANGLED_OR_SMALL,"Pose out of frontal band (|yaw|<=15.0, |pitch|<=15.0): yaw=6.7, pitch=-44.8"
lfw_01750,data/raw/images/lfw_01750.jpg,FACE_TOO_ANGLED_OR_SMALL,"Pose out of frontal band (|yaw|<=15.0, |pitch|<=15.0): yaw=0.6, pitch=-28.2"
lfw_01751,data/raw/images/lfw_01751.jpg,FACE_TOO_ANGLED_OR_SMALL,"Pose out of frontal band (|yaw|<=15.0, |pitch|<=15.0): yaw=14.5, pitch=-15.7"
lfw_01753,data/raw/images/lfw_01753.jpg,FACE_TOO_ANGLED_OR_SMALL,"Pose out of frontal band (|yaw|<=15.0, |pitch|<=15.0): yaw=-30.1, pitch=-11.5"
lfw_01754,data/raw/images/lfw_01754.jpg,FACE_TOO_ANGLED_OR_SMALL,"Pose out of frontal band (|yaw|<=15.0, |pitch|<=15.0): yaw=-7.0, pitch=-15.8"
lfw_01755,data/raw/images/lfw_01755.jpg,FACE_TOO_ANGLED_OR_SMALL,"Pose out of frontal band (|yaw|<=15.0, |pitch|<=15.0): yaw=-59.2, pitch=-23.3"
lfw_01756,data/raw/images/lfw_01756.jpg,MULTIPLE_FACES_DETECTED,
lfw_01757,data/raw/images/lfw_01757.jpg,FACE_TOO_ANGLED_OR_SMALL,"Pose out of frontal band (|yaw|<=15.0, |pitch|<=15.0): yaw=-9.3, pitch=-15.1"
lfw_01758,data/raw/images/lfw_01758.jpg,FACE_TOO_ANGLED_OR_SMALL,"Pose out of frontal band (|yaw|<=15.0, |pitch|<=15.0): yaw=25.4, pitch=-31.9"
lfw_01759,data/raw/images/lfw_01759.jpg,FACE_TOO_ANGLED_OR_SMALL,"Pose out of frontal band (|yaw|<=15.0, |pitch|<=15.0): yaw=26.1, pitch=-36.9"
lfw_01760,data/raw/images/lfw_01760.jpg,FACE_TOO_ANGLED_OR_SMALL,"Pose out of frontal band (|yaw|<=15.0, |pitch|<=15.0): yaw=-19.7, pitch=-19.1"
lfw_01761,data/raw/images/lfw_01761.jpg,FACE_TOO_ANGLED_OR_SMALL,"Pose out of frontal band (|yaw|<=15.0, |pitch|<=15.0): yaw=30.7, pitch=-19.9"
lfw_01762,data/raw/images/lfw_01762.jpg,FACE_TOO_ANGLED_OR_SMALL,"Pose out of frontal band (|yaw|<=15.0, |pitch|<=15.0): yaw=4.4, pitch=-31.6"
lfw_01763,data/raw/images/lfw_01763.jpg,FACE_TOO_ANGLED_OR_SMALL,"Pose out of frontal band (|yaw|<=15.0, |pitch|<=15.0): yaw=22.7, pitch=-35.8"
lfw_01764,data/raw/images/lfw_01764.jpg,FACE_TOO_ANGLED_OR_SMALL,"Pose out of frontal band (|yaw|<=15.0, |pitch|<=15.0): yaw=-7.0, pitch=-22.2"
lfw_01765,data/raw/images/lfw_01765.jpg,MULTIPLE_FACES_DETECTED,
lfw_01766,data/raw/images/lfw_01766.jpg,FACE_TOO_ANGLED_OR_SMALL,"Pose out of frontal band (|yaw|<=15.0, |pitch|<=15.0): yaw=45.3, pitch=-20.3"
lfw_01767,data/raw/images/lfw_01767.jpg,FACE_TOO_ANGLED_OR_SMALL,"Pose out of frontal band (|yaw|<=15.0, |pitch|<=15.0): yaw=-10.7, pitch=-27.1"
lfw_01768,data/raw/images/lfw_01768.jpg,FACE_TOO_ANGLED_OR_SMALL,"Pose out of frontal band (|yaw|<=15.0, |pitch|<=15.0): yaw=-64.4, pitch=-17.6"
lfw_01769,data/raw/images/lfw_01769.jpg,FACE_TOO_ANGLED_OR_SMALL,"Pose out of frontal band (|yaw|<=15.0, |pitch|<=15.0): yaw=7.3, pitch=-24.2"
lfw_01770,data/raw/images/lfw_01770.jpg,FACE_TOO_ANGLED_OR_SMALL,"Pose out of frontal band (|yaw|<=15.0, |pitch|<=15.0): yaw=28.5, pitch=-13.5"
lfw_01771,data/raw/images/lfw_01771.jpg,FACE_TOO_ANGLED_OR_SMALL,"Pose out of frontal band (|yaw|<=15.0, |pitch|<=15.0): yaw=16.3, pitch=-27.1"
lfw_01772,data/raw/images/lfw_01772.jpg,FACE_TOO_ANGLED_OR_SMALL,"Pose out of frontal band (|yaw|<=15.0, |pitch|<=15.0): yaw=-50.2, pitch=-33.2"
lfw_01773,data/raw/images/lfw_01773.jpg,FACE_TOO_ANGLED_OR_SMALL,"Pose out of frontal band (|yaw|<=15.0, |pitch|<=15.0): yaw=20.3, pitch=-35.6"
lfw_01774,data/raw/images/lfw_01774.jpg,FACE_TOO_ANGLED_OR_SMALL,"Pose out of frontal band (|yaw|<=15.0, |pitch|<=15.0): yaw=-35.5, pitch=-38.2"
lfw_01775,data/raw/images/lfw_01775.jpg,FACE_TOO_ANGLED_OR_SMALL,"Pose out of frontal band (|yaw|<=15.0, |pitch|<=15.0): yaw=45.6, pitch=-32.2"
lfw_01777,data/raw/images/lfw_01777.jpg,FACE_TOO_ANGLED_OR_SMALL,"Pose out of frontal band (|yaw|<=15.0, |pitch|<=15.0): yaw=3.3, pitch=-21.3"
lfw_01778,data/raw/images/lfw_01778.jpg,FACE_TOO_ANGLED_OR_SMALL,"Pose out of frontal band (|yaw|<=15.0, |pitch|<=15.0): yaw=-12.7, pitch=-33.4"
lfw_01779,data/raw/images/lfw_01779.jpg,FACE_TOO_ANGLED_OR_SMALL,"Pose out of frontal band (|yaw|<=15.0, |pitch|<=15.0): yaw=-18.0, pitch=-29.2"
lfw_01780,data/raw/images/lfw_01780.jpg,FACE_TOO_ANGLED_OR_SMALL,"Pose out of frontal band (|yaw|<=15.0, |pitch|<=15.0): yaw=-35.4, pitch=-21.3"
lfw_01781,data/raw/images/lfw_01781.jpg,FACE_TOO_ANGLED_OR_SMALL,"Pose out of frontal band (|yaw|<=15.0, |pitch|<=15.0): yaw=33.1, pitch=-24.9"
lfw_01782,data/raw/images/lfw_01782.jpg,MULTIPLE_FACES_DETECTED,
lfw_01783,data/raw/images/lfw_01783.jpg,FACE_TOO_ANGLED_OR_SMALL,"Pose out of frontal band (|yaw|<=15.0, |pitch|<=15.0): yaw=10.1, pitch=-25.3"
lfw_01784,data/raw/images/lfw_01784.jpg,FACE_TOO_ANGLED_OR_SMALL,"Pose out of frontal band (|yaw|<=15.0, |pitch|<=15.0): yaw=-20.5, pitch=-21.8"
lfw_01785,data/raw/images/lfw_01785.jpg,MULTIPLE_FACES_DETECTED,
lfw_01786,data/raw/images/lfw_01786.jpg,FACE_TOO_ANGLED_OR_SMALL,"Pose out of frontal band (|yaw|<=15.0, |pitch|<=15.0): yaw=-18.1, pitch=-29.2"
lfw_01787,data/raw/images/lfw_01787.jpg,FACE_TOO_ANGLED_OR_SMALL,"Pose out of frontal band (|yaw|<=15.0, |pitch|<=15.0): yaw=12.6, pitch=-19.7"
lfw_01788,data/raw/images/lfw_01788.jpg,FACE_TOO_ANGLED_OR_SMALL,"Pose out of frontal band (|yaw|<=15.0, |pitch|<=15.0): yaw=-16.2, pitch=-37.6"
lfw_01789,data/raw/images/lfw_01789.jpg,FACE_TOO_ANGLED_OR_SMALL,"Pose out of frontal band (|yaw|<=15.0, |pitch|<=15.0): yaw=7.7, pitch=-39.5"
lfw_01790,data/raw/images/lfw_01790.jpg,FACE_TOO_ANGLED_OR_SMALL,"Pose out of frontal band (|yaw|<=15.0, |pitch|<=15.0): yaw=-9.5, pitch=-24.9"
lfw_01791,data/raw/images/lfw_01791.jpg,FACE_TOO_ANGLED_OR_SMALL,"Pose out of frontal band (|yaw|<=15.0, |pitch|<=15.0): yaw=-22.0, pitch=-31.3"
lfw_01792,data/raw/images/lfw_01792.jpg,FACE_TOO_ANGLED_OR_SMALL,"Pose out of frontal band (|yaw|<=15.0, |pitch|<=15.0): yaw=-14.5, pitch=-22.5"
lfw_01793,data/raw/images/lfw_01793.jpg,FACE_TOO_ANGLED_OR_SMALL,"Pose out of frontal band (|yaw|<=15.0, |pitch|<=15.0): yaw=-1.1, pitch=-19.6"
lfw_01794,data/raw/images/lfw_01794.jpg,FACE_TOO_ANGLED_OR_SMALL,"Pose out of frontal band (|yaw|<=15.0, |pitch|<=15.0): yaw=-5.4, pitch=-18.4"
lfw_01795,data/raw/images/lfw_01795.jpg,FACE_TOO_ANGLED_OR_SMALL,"Pose out of frontal band (|yaw|<=15.0, |pitch|<=15.0): yaw=24.5, pitch=-27.1"
lfw_01796,data/raw/images/lfw_01796.jpg,FACE_TOO_ANGLED_OR_SMALL,"Pose out of frontal band (|yaw|<=15.0, |pitch|<=15.0): yaw=29.0, pitch=-24.1"
lfw_01797,data/raw/images/lfw_01797.jpg,FACE_TOO_ANGLED_OR_SMALL,"Pose out of frontal band (|yaw|<=15.0, |pitch|<=15.0): yaw=12.2, pitch=-29.6"
lfw_01798,data/raw/images/lfw_01798.jpg,FACE_TOO_ANGLED_OR_SMALL,"Pose out of frontal band (|yaw|<=15.0, |pitch|<=15.0): yaw=36.5, pitch=-24.6"
lfw_01799,data/raw/images/lfw_01799.jpg,FACE_TOO_ANGLED_OR_SMALL,"Pose out of frontal band (|yaw|<=15.0, |pitch|<=15.0): yaw=-17.9, pitch=-18.3"
lfw_01800,data/raw/images/lfw_01800.jpg,FACE_TOO_ANGLED_OR_SMALL,"Pose out of frontal band (|yaw|<=15.0, |pitch|<=15.0): yaw=-61.3, pitch=-22.9"
lfw_01801,data/raw/images/lfw_01801.jpg,FACE_TOO_ANGLED_OR_SMALL,"Pose out of frontal band (|yaw|<=15.0, |pitch|<=15.0): yaw=-2.1, pitch=-22.5"
lfw_01802,data/raw/images/lfw_01802.jpg,FACE_TOO_ANGLED_OR_SMALL,"Pose out of frontal band (|yaw|<=15.0, |pitch|<=15.0): yaw=47.1, pitch=-30.2"
lfw_01803,data/raw/images/lfw_01803.jpg,FACE_TOO_ANGLED_OR_SMALL,"Pose out of frontal band (|yaw|<=15.0, |pitch|<=15.0): yaw=13.0, pitch=-20.9"
lfw_01804,data/raw/images/lfw_01804.jpg,FACE_TOO_ANGLED_OR_SMALL,"Pose out of frontal band (|yaw|<=15.0, |pitch|<=15.0): yaw=-16.4, pitch=-22.3"
lfw_01805,data/raw/images/lfw_01805.jpg,FACE_TOO_ANGLED_OR_SMALL,"Pose out of frontal band (|yaw|<=15.0, |pitch|<=15.0): yaw=-23.2, pitch=-44.0"
lfw_01806,data/raw/images/lfw_01806.jpg,FACE_TOO_ANGLED_OR_SMALL,"Pose out of frontal band (|yaw|<=15.0, |pitch|<=15.0): yaw=-34.2, pitch=-25.3"
lfw_01807,data/raw/images/lfw_01807.jpg,FACE_TOO_ANGLED_OR_SMALL,"Pose out of frontal band (|yaw|<=15.0, |pitch|<=15.0): yaw=-11.2, pitch=-46.5"
lfw_01808,data/raw/images/lfw_01808.jpg,FACE_TOO_ANGLED_OR_SMALL,"Pose out of frontal band (|yaw|<=15.0, |pitch|<=15.0): yaw=40.1, pitch=-15.9"
lfw_01809,data/raw/images/lfw_01809.jpg,FACE_TOO_ANGLED_OR_SMALL,"Pose out of frontal band (|yaw|<=15.0, |pitch|<=15.0): yaw=15.4, pitch=-15.0"
lfw_01810,data/raw/images/lfw_01810.jpg,FACE_TOO_ANGLED_OR_SMALL,"Pose out of frontal band (|yaw|<=15.0, |pitch|<=15.0): yaw=20.0, pitch=-28.8"
lfw_01811,data/raw/images/lfw_01811.jpg,FACE_TOO_ANGLED_OR_SMALL,"Pose out of frontal band (|yaw|<=15.0, |pitch|<=15.0): yaw=-67.5, pitch=-25.0"
lfw_01812,data/raw/images/lfw_01812.jpg,FACE_TOO_ANGLED_OR_SMALL,"Pose out of frontal band (|yaw|<=15.0, |pitch|<=15.0): yaw=-34.8, pitch=-19.5"
lfw_01813,data/raw/images/lfw_01813.jpg,FACE_TOO_ANGLED_OR_SMALL,"Pose out of frontal band (|yaw|<=15.0, |pitch|<=15.0): yaw=-21.1, pitch=-20.4"
lfw_01814,data/raw/images/lfw_01814.jpg,FACE_TOO_ANGLED_OR_SMALL,"Pose out of frontal band (|yaw|<=15.0, |pitch|<=15.0): yaw=5.8, pitch=-18.4"
lfw_01815,data/raw/images/lfw_01815.jpg,FACE_TOO_ANGLED_OR_SMALL,"Pose out of frontal band (|yaw|<=15.0, |pitch|<=15.0): yaw=19.0, pitch=-17.5"
lfw_01817,data/raw/images/lfw_01817.jpg,FACE_TOO_ANGLED_OR_SMALL,"Pose out of frontal band (|yaw|<=15.0, |pitch|<=15.0): yaw=-40.4, pitch=-25.9"
lfw_01818,data/raw/images/lfw_01818.jpg,FACE_TOO_ANGLED_OR_SMALL,"Pose out of frontal band (|yaw|<=15.0, |pitch|<=15.0): yaw=-63.2, pitch=-28.8"
lfw_01820,data/raw/images/lfw_01820.jpg,FACE_TOO_ANGLED_OR_SMALL,"Pose out of frontal band (|yaw|<=15.0, |pitch|<=15.0): yaw=51.1, pitch=-22.7"
lfw_01821,data/raw/images/lfw_01821.jpg,FACE_TOO_ANGLED_OR_SMALL,"Pose out of frontal band (|yaw|<=15.0, |pitch|<=15.0): yaw=19.1, pitch=-41.0"
lfw_01822,data/raw/images/lfw_01822.jpg,FACE_TOO_ANGLED_OR_SMALL,"Pose out of frontal band (|yaw|<=15.0, |pitch|<=15.0): yaw=37.8, pitch=-14.8"
lfw_01823,data/raw/images/lfw_01823.jpg,FACE_TOO_ANGLED_OR_SMALL,"Pose out of frontal band (|yaw|<=15.0, |pitch|<=15.0): yaw=-26.8, pitch=-39.8"
lfw_01824,data/raw/images/lfw_01824.jpg,FACE_TOO_ANGLED_OR_SMALL,"Pose out of frontal band (|yaw|<=15.0, |pitch|<=15.0): yaw=56.6, pitch=-25.7"
lfw_01825,data/raw/images/lfw_01825.jpg,FACE_TOO_ANGLED_OR_SMALL,"Pose out of frontal band (|yaw|<=15.0, |pitch|<=15.0): yaw=-35.3, pitch=-13.8"
lfw_01826,data/raw/images/lfw_01826.jpg,FACE_TOO_ANGLED_OR_SMALL,"Pose out of frontal band (|yaw|<=15.0, |pitch|<=15.0): yaw=15.0, pitch=-26.8"
lfw_01827,data/raw/images/lfw_01827.jpg,FACE_TOO_ANGLED_OR_SMALL,"Pose out of frontal band (|yaw|<=15.0, |pitch|<=15.0): yaw=-39.7, pitch=-3.4"
lfw_01828,data/raw/images/lfw_01828.jpg,FACE_TOO_ANGLED_OR_SMALL,"Pose out of frontal band (|yaw|<=15.0, |pitch|<=15.0): yaw=6.1, pitch=-33.1"
lfw_01829,data/raw/images/lfw_01829.jpg,FACE_TOO_ANGLED_OR_SMALL,"Pose out of frontal band (|yaw|<=15.0, |pitch|<=15.0): yaw=26.3, pitch=-23.0"
lfw_01830,data/raw/images/lfw_01830.jpg,FACE_TOO_ANGLED_OR_SMALL,"Pose out of frontal band (|yaw|<=15.0, |pitch|<=15.0): yaw=4.6, pitch=-25.3"
lfw_01831,data/raw/images/lfw_01831.jpg,FACE_TOO_ANGLED_OR_SMALL,"Pose out of frontal band (|yaw|<=15.0, |pitch|<=15.0): yaw=-30.8, pitch=-22.6"
lfw_01833,data/raw/images/lfw_01833.jpg,FACE_TOO_ANGLED_OR_SMALL,"Pose out of frontal band (|yaw|<=15.0, |pitch|<=15.0): yaw=-12.8, pitch=-41.6"
lfw_01834,data/raw/images/lfw_01834.jpg,FACE_TOO_ANGLED_OR_SMALL,"Pose out of frontal band (|yaw|<=15.0, |pitch|<=15.0): yaw=26.2, pitch=-14.5"
lfw_01835,data/raw/images/lfw_01835.jpg,FACE_TOO_ANGLED_OR_SMALL,"Pose out of frontal band (|yaw|<=15.0, |pitch|<=15.0): yaw=-27.6, pitch=-7.2"
lfw_01836,data/raw/images/lfw_01836.jpg,FACE_TOO_ANGLED_OR_SMALL,"Pose out of frontal band (|yaw|<=15.0, |pitch|<=15.0): yaw=47.5, pitch=-12.9"
lfw_01838,data/raw/images/lfw_01838.jpg,FACE_TOO_ANGLED_OR_SMALL,"Pose out of frontal band (|yaw|<=15.0, |pitch|<=15.0): yaw=-17.0, pitch=-10.8"
lfw_01839,data/raw/images/lfw_01839.jpg,FACE_TOO_ANGLED_OR_SMALL,"Pose out of frontal band (|yaw|<=15.0, |pitch|<=15.0): yaw=-49.1, pitch=-27.9"
lfw_01840,data/raw/images/lfw_01840.jpg,FACE_TOO_ANGLED_OR_SMALL,"Pose out of frontal band (|yaw|<=15.0, |pitch|<=15.0): yaw=23.0, pitch=-22.1"
lfw_01842,data/raw/images/lfw_01842.jpg,FACE_TOO_ANGLED_OR_SMALL,"Pose out of frontal band (|yaw|<=15.0, |pitch|<=15.0): yaw=14.4, pitch=-39.1"
lfw_01843,data/raw/images/lfw_01843.jpg,FACE_TOO_ANGLED_OR_SMALL,"Pose out of frontal band (|yaw|<=15.0, |pitch|<=15.0): yaw=18.8, pitch=-18.0"
lfw_01844,data/raw/images/lfw_01844.jpg,FACE_TOO_ANGLED_OR_SMALL,"Pose out of frontal band (|yaw|<=15.0, |pitch|<=15.0): yaw=-48.8, pitch=-39.1"
lfw_01847,data/raw/images/lfw_01847.jpg,FACE_TOO_ANGLED_OR_SMALL,"Pose out of frontal band (|yaw|<=15.0, |pitch|<=15.0): yaw=8.7, pitch=-22.7"
lfw_01848,data/raw/images/lfw_01848.jpg,FACE_TOO_ANGLED_OR_SMALL,"Pose out of frontal band (|yaw|<=15.0, |pitch|<=15.0): yaw=9.3, pitch=-24.4"
lfw_01849,data/raw/images/lfw_01849.jpg,FACE_TOO_ANGLED_OR_SMALL,"Pose out of frontal band (|yaw|<=15.0, |pitch|<=15.0): yaw=11.4, pitch=-45.7"
lfw_01850,data/raw/images/lfw_01850.jpg,FACE_TOO_ANGLED_OR_SMALL,"Pose out of frontal band (|yaw|<=15.0, |pitch|<=15.0): yaw=-37.3, pitch=-24.5"
lfw_01851,data/raw/images/lfw_01851.jpg,FACE_TOO_ANGLED_OR_SMALL,"Pose out of frontal band (|yaw|<=15.0, |pitch|<=15.0): yaw=-19.2, pitch=-7.2"
lfw_01853,data/raw/images/lfw_01853.jpg,FACE_TOO_ANGLED_OR_SMALL,"Pose out of frontal band (|yaw|<=15.0, |pitch|<=15.0): yaw=26.6, pitch=-21.5"
lfw_01854,data/raw/images/lfw_01854.jpg,FACE_TOO_ANGLED_OR_SMALL,"Pose out of frontal band (|yaw|<=15.0, |pitch|<=15.0): yaw=2.9, pitch=-19.9"
lfw_01855,data/raw/images/lfw_01855.jpg,FACE_TOO_ANGLED_OR_SMALL,"Pose out of frontal band (|yaw|<=15.0, |pitch|<=15.0): yaw=-13.9, pitch=-25.0"
lfw_01856,data/raw/images/lfw_01856.jpg,FACE_TOO_ANGLED_OR_SMALL,"Pose out of frontal band (|yaw|<=15.0, |pitch|<=15.0): yaw=55.8, pitch=-0.7"
lfw_01857,data/raw/images/lfw_01857.jpg,FACE_TOO_ANGLED_OR_SMALL,"Pose out of frontal band (|yaw|<=15.0, |pitch|<=15.0): yaw=4.3, pitch=-24.5"
lfw_01858,data/raw/images/lfw_01858.jpg,MULTIPLE_FACES_DETECTED,
lfw_01859,data/raw/images/lfw_01859.jpg,FACE_TOO_ANGLED_OR_SMALL,"Pose out of frontal band (|yaw|<=15.0, |pitch|<=15.0): yaw=43.8, pitch=-16.4"
lfw_01860,data/raw/images/lfw_01860.jpg,MULTIPLE_FACES_DETECTED,
lfw_01861,data/raw/images/lfw_01861.jpg,FACE_TOO_ANGLED_OR_SMALL,"Pose out of frontal band (|yaw|<=15.0, |pitch|<=15.0): yaw=-36.0, pitch=-26.2"
lfw_01862,data/raw/images/lfw_01862.jpg,FACE_TOO_ANGLED_OR_SMALL,"Pose out of frontal band (|yaw|<=15.0, |pitch|<=15.0): yaw=-33.6, pitch=-31.8"
lfw_01863,data/raw/images/lfw_01863.jpg,FACE_TOO_ANGLED_OR_SMALL,"Pose out of frontal band (|yaw|<=15.0, |pitch|<=15.0): yaw=5.6, pitch=-29.0"
lfw_01864,data/raw/images/lfw_01864.jpg,FACE_TOO_ANGLED_OR_SMALL,"Pose out of frontal band (|yaw|<=15.0, |pitch|<=15.0): yaw=24.7, pitch=-18.6"
lfw_01865,data/raw/images/lfw_01865.jpg,FACE_TOO_ANGLED_OR_SMALL,"Pose out of frontal band (|yaw|<=15.0, |pitch|<=15.0): yaw=30.5, pitch=-29.0"
lfw_01867,data/raw/images/lfw_01867.jpg,FACE_TOO_ANGLED_OR_SMALL,"Pose out of frontal band (|yaw|<=15.0, |pitch|<=15.0): yaw=-56.7, pitch=-29.5"
lfw_01868,data/raw/images/lfw_01868.jpg,FACE_TOO_ANGLED_OR_SMALL,"Pose out of frontal band (|yaw|<=15.0, |pitch|<=15.0): yaw=-0.1, pitch=-24.0"
lfw_01869,data/raw/images/lfw_01869.jpg,FACE_TOO_ANGLED_OR_SMALL,"Pose out of frontal band (|yaw|<=15.0, |pitch|<=15.0): yaw=-9.8, pitch=-25.0"
lfw_01870,data/raw/images/lfw_01870.jpg,FACE_TOO_ANGLED_OR_SMALL,"Pose out of frontal band (|yaw|<=15.0, |pitch|<=15.0): yaw=27.1, pitch=-32.1"
lfw_01871,data/raw/images/lfw_01871.jpg,FACE_TOO_ANGLED_OR_SMALL,"Pose out of frontal band (|yaw|<=15.0, |pitch|<=15.0): yaw=-11.9, pitch=-21.4"
lfw_01872,data/raw/images/lfw_01872.jpg,FACE_TOO_ANGLED_OR_SMALL,"Pose out of frontal band (|yaw|<=15.0, |pitch|<=15.0): yaw=-54.0, pitch=-29.1"
lfw_01873,data/raw/images/lfw_01873.jpg,FACE_TOO_ANGLED_OR_SMALL,"Pose out of frontal band (|yaw|<=15.0, |pitch|<=15.0): yaw=-15.7, pitch=-26.8"
lfw_01874,data/raw/images/lfw_01874.jpg,FACE_TOO_ANGLED_OR_SMALL,"Pose out of frontal band (|yaw|<=15.0, |pitch|<=15.0): yaw=-32.5, pitch=-17.7"
lfw_01875,data/raw/images/lfw_01875.jpg,FACE_TOO_ANGLED_OR_SMALL,"Pose out of frontal band (|yaw|<=15.0, |pitch|<=15.0): yaw=-10.2, pitch=-16.4"
lfw_01876,data/raw/images/lfw_01876.jpg,FACE_TOO_ANGLED_OR_SMALL,"Pose out of frontal band (|yaw|<=15.0, |pitch|<=15.0): yaw=-26.0, pitch=-23.9"
lfw_01877,data/raw/images/lfw_01877.jpg,FACE_TOO_ANGLED_OR_SMALL,"Pose out of frontal band (|yaw|<=15.0, |pitch|<=15.0): yaw=-8.2, pitch=-20.5"
lfw_01878,data/raw/images/lfw_01878.jpg,FACE_TOO_ANGLED_OR_SMALL,"Pose out of frontal band (|yaw|<=15.0, |pitch|<=15.0): yaw=12.8, pitch=-25.4"
lfw_01879,data/raw/images/lfw_01879.jpg,FACE_TOO_ANGLED_OR_SMALL,"Pose out of frontal band (|yaw|<=15.0, |pitch|<=15.0): yaw=13.8, pitch=-32.6"
lfw_01880,data/raw/images/lfw_01880.jpg,FACE_TOO_ANGLED_OR_SMALL,"Pose out of frontal band (|yaw|<=15.0, |pitch|<=15.0): yaw=5.3, pitch=-26.7"
lfw_01881,data/raw/images/lfw_01881.jpg,FACE_TOO_ANGLED_OR_SMALL,"Pose out of frontal band (|yaw|<=15.0, |pitch|<=15.0): yaw=-8.9, pitch=-19.5"
lfw_01882,data/raw/images/lfw_01882.jpg,FACE_TOO_ANGLED_OR_SMALL,"Pose out of frontal band (|yaw|<=15.0, |pitch|<=15.0): yaw=42.1, pitch=-21.4"
lfw_01883,data/raw/images/lfw_01883.jpg,FACE_TOO_ANGLED_OR_SMALL,"Pose out of frontal band (|yaw|<=15.0, |pitch|<=15.0): yaw=-22.5, pitch=-13.8"
lfw_01884,data/raw/images/lfw_01884.jpg,FACE_TOO_ANGLED_OR_SMALL,"Pose out of frontal band (|yaw|<=15.0, |pitch|<=15.0): yaw=-50.5, pitch=-41.6"
lfw_01885,data/raw/images/lfw_01885.jpg,FACE_TOO_ANGLED_OR_SMALL,"Pose out of frontal band (|yaw|<=15.0, |pitch|<=15.0): yaw=1.0, pitch=-21.2"
lfw_01886,data/raw/images/lfw_01886.jpg,FACE_TOO_ANGLED_OR_SMALL,"Pose out of frontal band (|yaw|<=15.0, |pitch|<=15.0): yaw=-27.1, pitch=-33.9"
lfw_01888,data/raw/images/lfw_01888.jpg,MULTIPLE_FACES_DETECTED,
lfw_01889,data/raw/images/lfw_01889.jpg,FACE_TOO_ANGLED_OR_SMALL,"Pose out of frontal band (|yaw|<=15.0, |pitch|<=15.0): yaw=-19.9, pitch=-17.9"
lfw_01890,data/raw/images/lfw_01890.jpg,FACE_TOO_ANGLED_OR_SMALL,"Pose out of frontal band (|yaw|<=15.0, |pitch|<=15.0): yaw=-39.3, pitch=-53.5"
lfw_01891,data/raw/images/lfw_01891.jpg,FACE_TOO_ANGLED_OR_SMALL,"Pose out of frontal band (|yaw|<=15.0, |pitch|<=15.0): yaw=-5.2, pitch=-15.8"
lfw_01892,data/raw/images/lfw_01892.jpg,FACE_TOO_ANGLED_OR_SMALL,"Pose out of frontal band (|yaw|<=15.0, |pitch|<=15.0): yaw=-25.7, pitch=-20.1"
lfw_01893,data/raw/images/lfw_01893.jpg,FACE_TOO_ANGLED_OR_SMALL,"Pose out of frontal band (|yaw|<=15.0, |pitch|<=15.0): yaw=27.9, pitch=-15.8"
lfw_01895,data/raw/images/lfw_01895.jpg,FACE_TOO_ANGLED_OR_SMALL,"Pose out of frontal band (|yaw|<=15.0, |pitch|<=15.0): yaw=27.4, pitch=-24.3"
lfw_01896,data/raw/images/lfw_01896.jpg,MULTIPLE_FACES_DETECTED,
lfw_01897,data/raw/images/lfw_01897.jpg,FACE_TOO_ANGLED_OR_SMALL,"Pose out of frontal band (|yaw|<=15.0, |pitch|<=15.0): yaw=-16.0, pitch=-22.1"
lfw_01898,data/raw/images/lfw_01898.jpg,MULTIPLE_FACES_DETECTED,
lfw_01899,data/raw/images/lfw_01899.jpg,MULTIPLE_FACES_DETECTED,
lfw_01900,data/raw/images/lfw_01900.jpg,FACE_TOO_ANGLED_OR_SMALL,"Pose out of frontal band (|yaw|<=15.0, |pitch|<=15.0): yaw=5.0, pitch=-27.6"
lfw_01902,data/raw/images/lfw_01902.jpg,FACE_TOO_ANGLED_OR_SMALL,"Pose out of frontal band (|yaw|<=15.0, |pitch|<=15.0): yaw=16.4, pitch=-33.8"
lfw_01903,data/raw/images/lfw_01903.jpg,MULTIPLE_FACES_DETECTED,
lfw_01904,data/raw/images/lfw_01904.jpg,FACE_TOO_ANGLED_OR_SMALL,"Pose out of frontal band (|yaw|<=15.0, |pitch|<=15.0): yaw=-41.0, pitch=-25.3"
lfw_01905,data/raw/images/lfw_01905.jpg,MULTIPLE_FACES_DETECTED,
lfw_01906,data/raw/images/lfw_01906.jpg,MULTIPLE_FACES_DETECTED,
lfw_01907,data/raw/images/lfw_01907.jpg,FACE_TOO_ANGLED_OR_SMALL,"Pose out of frontal band (|yaw|<=15.0, |pitch|<=15.0): yaw=46.6, pitch=-13.2"
lfw_01908,data/raw/images/lfw_01908.jpg,FACE_TOO_ANGLED_OR_SMALL,"Pose out of frontal band (|yaw|<=15.0, |pitch|<=15.0): yaw=17.1, pitch=-25.6"
lfw_01909,data/raw/images/lfw_01909.jpg,FACE_TOO_ANGLED_OR_SMALL,"Pose out of frontal band (|yaw|<=15.0, |pitch|<=15.0): yaw=-40.0, pitch=-40.9"
lfw_01910,data/raw/images/lfw_01910.jpg,FACE_TOO_ANGLED_OR_SMALL,"Pose out of frontal band (|yaw|<=15.0, |pitch|<=15.0): yaw=23.7, pitch=-25.6"
lfw_01911,data/raw/images/lfw_01911.jpg,FACE_TOO_ANGLED_OR_SMALL,"Pose out of frontal band (|yaw|<=15.0, |pitch|<=15.0): yaw=-13.0, pitch=-20.2"
lfw_01912,data/raw/images/lfw_01912.jpg,MULTIPLE_FACES_DETECTED,
lfw_01913,data/raw/images/lfw_01913.jpg,FACE_TOO_ANGLED_OR_SMALL,"Pose out of frontal band (|yaw|<=15.0, |pitch|<=15.0): yaw=-7.4, pitch=-32.0"
lfw_01914,data/raw/images/lfw_01914.jpg,FACE_TOO_ANGLED_OR_SMALL,"Pose out of frontal band (|yaw|<=15.0, |pitch|<=15.0): yaw=-46.4, pitch=-6.7"
lfw_01915,data/raw/images/lfw_01915.jpg,MULTIPLE_FACES_DETECTED,
lfw_01916,data/raw/images/lfw_01916.jpg,FACE_TOO_ANGLED_OR_SMALL,"Pose out of frontal band (|yaw|<=15.0, |pitch|<=15.0): yaw=-19.8, pitch=-28.9"
lfw_01917,data/raw/images/lfw_01917.jpg,MULTIPLE_FACES_DETECTED,
lfw_01918,data/raw/images/lfw_01918.jpg,FACE_TOO_ANGLED_OR_SMALL,"Pose out of frontal band (|yaw|<=15.0, |pitch|<=15.0): yaw=9.6, pitch=-19.2"
lfw_01919,data/raw/images/lfw_01919.jpg,FACE_TOO_ANGLED_OR_SMALL,"Pose out of frontal band (|yaw|<=15.0, |pitch|<=15.0): yaw=-2.0, pitch=-16.0"
lfw_01920,data/raw/images/lfw_01920.jpg,MULTIPLE_FACES_DETECTED,
lfw_01921,data/raw/images/lfw_01921.jpg,MULTIPLE_FACES_DETECTED,
lfw_01922,data/raw/images/lfw_01922.jpg,FACE_TOO_ANGLED_OR_SMALL,"Pose out of frontal band (|yaw|<=15.0, |pitch|<=15.0): yaw=-7.5, pitch=-38.9"
lfw_01923,data/raw/images/lfw_01923.jpg,FACE_TOO_ANGLED_OR_SMALL,"Pose out of frontal band (|yaw|<=15.0, |pitch|<=15.0): yaw=-0.5, pitch=-37.0"
lfw_01924,data/raw/images/lfw_01924.jpg,FACE_TOO_ANGLED_OR_SMALL,"Pose out of frontal band (|yaw|<=15.0, |pitch|<=15.0): yaw=7.6, pitch=-32.8"
lfw_01925,data/raw/images/lfw_01925.jpg,FACE_TOO_ANGLED_OR_SMALL,"Pose out of frontal band (|yaw|<=15.0, |pitch|<=15.0): yaw=-56.6, pitch=-12.5"
lfw_01926,data/raw/images/lfw_01926.jpg,FACE_TOO_ANGLED_OR_SMALL,"Pose out of frontal band (|yaw|<=15.0, |pitch|<=15.0): yaw=40.6, pitch=-23.8"
lfw_01927,data/raw/images/lfw_01927.jpg,FACE_TOO_ANGLED_OR_SMALL,"Pose out of frontal band (|yaw|<=15.0, |pitch|<=15.0): yaw=-22.3, pitch=-28.7"
lfw_01928,data/raw/images/lfw_01928.jpg,MULTIPLE_FACES_DETECTED,
lfw_01929,data/raw/images/lfw_01929.jpg,FACE_TOO_ANGLED_OR_SMALL,"Pose out of frontal band (|yaw|<=15.0, |pitch|<=15.0): yaw=-33.1, pitch=-24.4"
lfw_01930,data/raw/images/lfw_01930.jpg,FACE_TOO_ANGLED_OR_SMALL,"Pose out of frontal band (|yaw|<=15.0, |pitch|<=15.0): yaw=-1.3, pitch=-51.8"
lfw_01931,data/raw/images/lfw_01931.jpg,FACE_TOO_ANGLED_OR_SMALL,"Pose out of frontal band (|yaw|<=15.0, |pitch|<=15.0): yaw=1.3, pitch=-28.5"
lfw_01932,data/raw/images/lfw_01932.jpg,FACE_TOO_ANGLED_OR_SMALL,"Pose out of frontal band (|yaw|<=15.0, |pitch|<=15.0): yaw=-26.7, pitch=-18.9"
lfw_01933,data/raw/images/lfw_01933.jpg,FACE_TOO_ANGLED_OR_SMALL,"Pose out of frontal band (|yaw|<=15.0, |pitch|<=15.0): yaw=0.8, pitch=-27.2"
lfw_01934,data/raw/images/lfw_01934.jpg,FACE_TOO_ANGLED_OR_SMALL,"Pose out of frontal band (|yaw|<=15.0, |pitch|<=15.0): yaw=-18.8, pitch=-29.9"
lfw_01935,data/raw/images/lfw_01935.jpg,FACE_TOO_ANGLED_OR_SMALL,"Pose out of frontal band (|yaw|<=15.0, |pitch|<=15.0): yaw=-8.1, pitch=-22.5"
lfw_01936,data/raw/images/lfw_01936.jpg,FACE_TOO_ANGLED_OR_SMALL,"Pose out of frontal band (|yaw|<=15.0, |pitch|<=15.0): yaw=31.3, pitch=-31.2"
lfw_01937,data/raw/images/lfw_01937.jpg,FACE_TOO_ANGLED_OR_SMALL,"Pose out of frontal band (|yaw|<=15.0, |pitch|<=15.0): yaw=22.8, pitch=-38.2"
lfw_01938,data/raw/images/lfw_01938.jpg,FACE_TOO_ANGLED_OR_SMALL,"Pose out of frontal band (|yaw|<=15.0, |pitch|<=15.0): yaw=-15.4, pitch=-5.2"
lfw_01940,data/raw/images/lfw_01940.jpg,MULTIPLE_FACES_DETECTED,
lfw_01941,data/raw/images/lfw_01941.jpg,FACE_TOO_ANGLED_OR_SMALL,"Pose out of frontal band (|yaw|<=15.0, |pitch|<=15.0): yaw=-15.2, pitch=-22.5"
lfw_01942,data/raw/images/lfw_01942.jpg,FACE_TOO_ANGLED_OR_SMALL,"Pose out of frontal band (|yaw|<=15.0, |pitch|<=15.0): yaw=-22.3, pitch=-9.5"
lfw_01943,data/raw/images/lfw_01943.jpg,FACE_TOO_ANGLED_OR_SMALL,"Pose out of frontal band (|yaw|<=15.0, |pitch|<=15.0): yaw=-21.8, pitch=-37.4"
lfw_01944,data/raw/images/lfw_01944.jpg,FACE_TOO_ANGLED_OR_SMALL,"Pose out of frontal band (|yaw|<=15.0, |pitch|<=15.0): yaw=1.1, pitch=-31.2"
lfw_01945,data/raw/images/lfw_01945.jpg,FACE_TOO_ANGLED_OR_SMALL,"Pose out of frontal band (|yaw|<=15.0, |pitch|<=15.0): yaw=-23.8, pitch=-9.1"
lfw_01946,data/raw/images/lfw_01946.jpg,FACE_TOO_ANGLED_OR_SMALL,"Pose out of frontal band (|yaw|<=15.0, |pitch|<=15.0): yaw=-17.6, pitch=-48.7"
lfw_01948,data/raw/images/lfw_01948.jpg,FACE_TOO_ANGLED_OR_SMALL,"Pose out of frontal band (|yaw|<=15.0, |pitch|<=15.0): yaw=-26.5, pitch=-21.7"
lfw_01949,data/raw/images/lfw_01949.jpg,MULTIPLE_FACES_DETECTED,
lfw_01950,data/raw/images/lfw_01950.jpg,FACE_TOO_ANGLED_OR_SMALL,"Pose out of frontal band (|yaw|<=15.0, |pitch|<=15.0): yaw=-10.8, pitch=-15.6"
lfw_01951,data/raw/images/lfw_01951.jpg,FACE_TOO_ANGLED_OR_SMALL,"Pose out of frontal band (|yaw|<=15.0, |pitch|<=15.0): yaw=-13.2, pitch=-29.8"
lfw_01952,data/raw/images/lfw_01952.jpg,FACE_TOO_ANGLED_OR_SMALL,"Pose out of frontal band (|yaw|<=15.0, |pitch|<=15.0): yaw=16.3, pitch=-7.1"
lfw_01953,data/raw/images/lfw_01953.jpg,FACE_TOO_ANGLED_OR_SMALL,"Pose out of frontal band (|yaw|<=15.0, |pitch|<=15.0): yaw=6.9, pitch=-16.0"
lfw_01954,data/raw/images/lfw_01954.jpg,FACE_TOO_ANGLED_OR_SMALL,"Pose out of frontal band (|yaw|<=15.0, |pitch|<=15.0): yaw=4.4, pitch=-33.4"
lfw_01955,data/raw/images/lfw_01955.jpg,FACE_TOO_ANGLED_OR_SMALL,"Pose out of frontal band (|yaw|<=15.0, |pitch|<=15.0): yaw=29.9, pitch=-33.0"
lfw_01956,data/raw/images/lfw_01956.jpg,FACE_TOO_ANGLED_OR_SMALL,"Pose out of frontal band (|yaw|<=15.0, |pitch|<=15.0): yaw=9.8, pitch=-31.0"
lfw_01957,data/raw/images/lfw_01957.jpg,FACE_TOO_ANGLED_OR_SMALL,"Pose out of frontal band (|yaw|<=15.0, |pitch|<=15.0): yaw=-35.1, pitch=-21.9"
lfw_01958,data/raw/images/lfw_01958.jpg,MULTIPLE_FACES_DETECTED,
lfw_01959,data/raw/images/lfw_01959.jpg,FACE_TOO_ANGLED_OR_SMALL,"Pose out of frontal band (|yaw|<=15.0, |pitch|<=15.0): yaw=-44.1, pitch=-16.3"
lfw_01960,data/raw/images/lfw_01960.jpg,FACE_TOO_ANGLED_OR_SMALL,"Pose out of frontal band (|yaw|<=15.0, |pitch|<=15.0): yaw=-23.9, pitch=-12.0"
lfw_01961,data/raw/images/lfw_01961.jpg,FACE_TOO_ANGLED_OR_SMALL,"Pose out of frontal band (|yaw|<=15.0, |pitch|<=15.0): yaw=11.4, pitch=-40.9"
lfw_01962,data/raw/images/lfw_01962.jpg,FACE_TOO_ANGLED_OR_SMALL,"Pose out of frontal band (|yaw|<=15.0, |pitch|<=15.0): yaw=-11.1, pitch=-25.7"
lfw_01963,data/raw/images/lfw_01963.jpg,FACE_TOO_ANGLED_OR_SMALL,"Pose out of frontal band (|yaw|<=15.0, |pitch|<=15.0): yaw=13.6, pitch=-37.1"
lfw_01964,data/raw/images/lfw_01964.jpg,FACE_TOO_ANGLED_OR_SMALL,"Pose out of frontal band (|yaw|<=15.0, |pitch|<=15.0): yaw=3.0, pitch=-30.1"
lfw_01965,data/raw/images/lfw_01965.jpg,FACE_TOO_ANGLED_OR_SMALL,"Pose out of frontal band (|yaw|<=15.0, |pitch|<=15.0): yaw=2.9, pitch=-24.1"
lfw_01966,data/raw/images/lfw_01966.jpg,MULTIPLE_FACES_DETECTED,
lfw_01967,data/raw/images/lfw_01967.jpg,FACE_TOO_ANGLED_OR_SMALL,"Pose out of frontal band (|yaw|<=15.0, |pitch|<=15.0): yaw=1.8, pitch=-18.6"
lfw_01968,data/raw/images/lfw_01968.jpg,FACE_TOO_ANGLED_OR_SMALL,"Pose out of frontal band (|yaw|<=15.0, |pitch|<=15.0): yaw=4.1, pitch=-25.3"
lfw_01969,data/raw/images/lfw_01969.jpg,FACE_TOO_ANGLED_OR_SMALL,"Pose out of frontal band (|yaw|<=15.0, |pitch|<=15.0): yaw=-19.7, pitch=-33.4"
lfw_01970,data/raw/images/lfw_01970.jpg,FACE_TOO_ANGLED_OR_SMALL,"Pose out of frontal band (|yaw|<=15.0, |pitch|<=15.0): yaw=12.6, pitch=-16.7"
lfw_01972,data/raw/images/lfw_01972.jpg,FACE_TOO_ANGLED_OR_SMALL,"Pose out of frontal band (|yaw|<=15.0, |pitch|<=15.0): yaw=-20.5, pitch=-2.6"
lfw_01973,data/raw/images/lfw_01973.jpg,FACE_TOO_ANGLED_OR_SMALL,"Pose out of frontal band (|yaw|<=15.0, |pitch|<=15.0): yaw=-20.8, pitch=-29.3"
lfw_01974,data/raw/images/lfw_01974.jpg,FACE_TOO_ANGLED_OR_SMALL,"Pose out of frontal band (|yaw|<=15.0, |pitch|<=15.0): yaw=-17.9, pitch=-13.9"
lfw_01975,data/raw/images/lfw_01975.jpg,FACE_TOO_ANGLED_OR_SMALL,"Pose out of frontal band (|yaw|<=15.0, |pitch|<=15.0): yaw=24.5, pitch=-21.1"
lfw_01976,data/raw/images/lfw_01976.jpg,MULTIPLE_FACES_DETECTED,
lfw_01977,data/raw/images/lfw_01977.jpg,FACE_TOO_ANGLED_OR_SMALL,"Pose out of frontal band (|yaw|<=15.0, |pitch|<=15.0): yaw=15.8, pitch=-31.4"
lfw_01979,data/raw/images/lfw_01979.jpg,FACE_TOO_ANGLED_OR_SMALL,"Pose out of frontal band (|yaw|<=15.0, |pitch|<=15.0): yaw=-14.6, pitch=-30.2"
lfw_01980,data/raw/images/lfw_01980.jpg,FACE_TOO_ANGLED_OR_SMALL,"Pose out of frontal band (|yaw|<=15.0, |pitch|<=15.0): yaw=-9.5, pitch=-25.6"
lfw_01981,data/raw/images/lfw_01981.jpg,FACE_TOO_ANGLED_OR_SMALL,"Pose out of frontal band (|yaw|<=15.0, |pitch|<=15.0): yaw=0.4, pitch=-28.4"
lfw_01982,data/raw/images/lfw_01982.jpg,FACE_TOO_ANGLED_OR_SMALL,"Pose out of frontal band (|yaw|<=15.0, |pitch|<=15.0): yaw=-30.4, pitch=-1.3"
lfw_01983,data/raw/images/lfw_01983.jpg,MULTIPLE_FACES_DETECTED,
lfw_01984,data/raw/images/lfw_01984.jpg,MULTIPLE_FACES_DETECTED,
lfw_01985,data/raw/images/lfw_01985.jpg,FACE_TOO_ANGLED_OR_SMALL,"Pose out of frontal band (|yaw|<=15.0, |pitch|<=15.0): yaw=-33.1, pitch=-24.9"
lfw_01986,data/raw/images/lfw_01986.jpg,FACE_TOO_ANGLED_OR_SMALL,"Pose out of frontal band (|yaw|<=15.0, |pitch|<=15.0): yaw=-0.1, pitch=-24.4"
lfw_01987,data/raw/images/lfw_01987.jpg,FACE_TOO_ANGLED_OR_SMALL,"Pose out of frontal band (|yaw|<=15.0, |pitch|<=15.0): yaw=-40.0, pitch=-30.3"
lfw_01988,data/raw/images/lfw_01988.jpg,FACE_TOO_ANGLED_OR_SMALL,"Pose out of frontal band (|yaw|<=15.0, |pitch|<=15.0): yaw=-22.3, pitch=-24.2"
lfw_01990,data/raw/images/lfw_01990.jpg,MULTIPLE_FACES_DETECTED,
lfw_01991,data/raw/images/lfw_01991.jpg,FACE_TOO_ANGLED_OR_SMALL,"Pose out of frontal band (|yaw|<=15.0, |pitch|<=15.0): yaw=-1.6, pitch=-25.5"
lfw_01992,data/raw/images/lfw_01992.jpg,FACE_TOO_ANGLED_OR_SMALL,"Pose out of frontal band (|yaw|<=15.0, |pitch|<=15.0): yaw=-6.8, pitch=-21.8"
lfw_01993,data/raw/images/lfw_01993.jpg,FACE_TOO_ANGLED_OR_SMALL,"Pose out of frontal band (|yaw|<=15.0, |pitch|<=15.0): yaw=-31.2, pitch=-39.7"
lfw_01994,data/raw/images/lfw_01994.jpg,FACE_TOO_ANGLED_OR_SMALL,"Pose out of frontal band (|yaw|<=15.0, |pitch|<=15.0): yaw=-21.3, pitch=-23.3"
lfw_01995,data/raw/images/lfw_01995.jpg,FACE_TOO_ANGLED_OR_SMALL,"Pose out of frontal band (|yaw|<=15.0, |pitch|<=15.0): yaw=15.9, pitch=-19.8"
lfw_01996,data/raw/images/lfw_01996.jpg,MULTIPLE_FACES_DETECTED,
lfw_01997,data/raw/images/lfw_01997.jpg,FACE_TOO_ANGLED_OR_SMALL,"Pose out of frontal band (|yaw|<=15.0, |pitch|<=15.0): yaw=-12.5, pitch=-30.3"
lfw_01998,data/raw/images/lfw_01998.jpg,FACE_TOO_ANGLED_OR_SMALL,"Pose out of frontal band (|yaw|<=15.0, |pitch|<=15.0): yaw=9.5, pitch=-35.2"
lfw_01999,data/raw/images/lfw_01999.jpg,FACE_TOO_ANGLED_OR_SMALL,"Pose out of frontal band (|yaw|<=15.0, |pitch|<=15.0): yaw=-21.6, pitch=-21.9"
lfw_02000,data/raw/images/lfw_02000.jpg,FACE_TOO_ANGLED_OR_SMALL,"Pose out of frontal band (|yaw|<=15.0, |pitch|<=15.0): yaw=-23.7, pitch=-37.5"
lfw_02001,data/raw/images/lfw_02001.jpg,FACE_TOO_ANGLED_OR_SMALL,"Pose out of frontal band (|yaw|<=15.0, |pitch|<=15.0): yaw=25.3, pitch=-16.5"
lfw_02002,data/raw/images/lfw_02002.jpg,FACE_TOO_ANGLED_OR_SMALL,"Pose out of frontal band (|yaw|<=15.0, |pitch|<=15.0): yaw=-31.3, pitch=-29.7"
lfw_02003,data/raw/images/lfw_02003.jpg,FACE_TOO_ANGLED_OR_SMALL,"Pose out of frontal band (|yaw|<=15.0, |pitch|<=15.0): yaw=-7.9, pitch=-76.8"
lfw_02004,data/raw/images/lfw_02004.jpg,FACE_TOO_ANGLED_OR_SMALL,"Pose out of frontal band (|yaw|<=15.0, |pitch|<=15.0): yaw=-51.2, pitch=-19.8"
lfw_02005,data/raw/images/lfw_02005.jpg,FACE_TOO_ANGLED_OR_SMALL,"Pose out of frontal band (|yaw|<=15.0, |pitch|<=15.0): yaw=62.6, pitch=-22.5"
lfw_02006,data/raw/images/lfw_02006.jpg,FACE_TOO_ANGLED_OR_SMALL,"Pose out of frontal band (|yaw|<=15.0, |pitch|<=15.0): yaw=29.9, pitch=-29.2"
lfw_02008,data/raw/images/lfw_02008.jpg,FACE_TOO_ANGLED_OR_SMALL,"Pose out of frontal band (|yaw|<=15.0, |pitch|<=15.0): yaw=-7.3, pitch=-30.7"
lfw_02009,data/raw/images/lfw_02009.jpg,FACE_TOO_ANGLED_OR_SMALL,"Pose out of frontal band (|yaw|<=15.0, |pitch|<=15.0): yaw=68.9, pitch=-11.5"
lfw_02010,data/raw/images/lfw_02010.jpg,FACE_TOO_ANGLED_OR_SMALL,"Pose out of frontal band (|yaw|<=15.0, |pitch|<=15.0): yaw=-7.2, pitch=-24.6"
lfw_02011,data/raw/images/lfw_02011.jpg,FACE_TOO_ANGLED_OR_SMALL,"Pose out of frontal band (|yaw|<=15.0, |pitch|<=15.0): yaw=25.3, pitch=-13.8"
lfw_02012,data/raw/images/lfw_02012.jpg,MULTIPLE_FACES_DETECTED,
lfw_02013,data/raw/images/lfw_02013.jpg,FACE_TOO_ANGLED_OR_SMALL,"Pose out of frontal band (|yaw|<=15.0, |pitch|<=15.0): yaw=31.8, pitch=-25.9"
lfw_02014,data/raw/images/lfw_02014.jpg,FACE_TOO_ANGLED_OR_SMALL,"Pose out of frontal band (|yaw|<=15.0, |pitch|<=15.0): yaw=-4.1, pitch=-29.5"
lfw_02015,data/raw/images/lfw_02015.jpg,FACE_TOO_ANGLED_OR_SMALL,"Pose out of frontal band (|yaw|<=15.0, |pitch|<=15.0): yaw=55.0, pitch=-23.4"
lfw_02016,data/raw/images/lfw_02016.jpg,FACE_TOO_ANGLED_OR_SMALL,"Pose out of frontal band (|yaw|<=15.0, |pitch|<=15.0): yaw=27.0, pitch=-30.0"
lfw_02017,data/raw/images/lfw_02017.jpg,FACE_TOO_ANGLED_OR_SMALL,"Pose out of frontal band (|yaw|<=15.0, |pitch|<=15.0): yaw=-41.9, pitch=-35.4"
lfw_02018,data/raw/images/lfw_02018.jpg,FACE_TOO_ANGLED_OR_SMALL,"Pose out of frontal band (|yaw|<=15.0, |pitch|<=15.0): yaw=-0.6, pitch=-36.7"
lfw_02020,data/raw/images/lfw_02020.jpg,FACE_TOO_ANGLED_OR_SMALL,"Pose out of frontal band (|yaw|<=15.0, |pitch|<=15.0): yaw=-0.0, pitch=-29.2"
lfw_02021,data/raw/images/lfw_02021.jpg,MULTIPLE_FACES_DETECTED,
lfw_02022,data/raw/images/lfw_02022.jpg,FACE_TOO_ANGLED_OR_SMALL,"Pose out of frontal band (|yaw|<=15.0, |pitch|<=15.0): yaw=-1.2, pitch=-20.0"
lfw_02023,data/raw/images/lfw_02023.jpg,FACE_TOO_ANGLED_OR_SMALL,"Pose out of frontal band (|yaw|<=15.0, |pitch|<=15.0): yaw=-28.1, pitch=-25.8"
lfw_02024,data/raw/images/lfw_02024.jpg,FACE_TOO_ANGLED_OR_SMALL,"Pose out of frontal band (|yaw|<=15.0, |pitch|<=15.0): yaw=3.6, pitch=-24.1"
lfw_02025,data/raw/images/lfw_02025.jpg,FACE_TOO_ANGLED_OR_SMALL,"Pose out of frontal band (|yaw|<=15.0, |pitch|<=15.0): yaw=40.1, pitch=-19.1"
lfw_02026,data/raw/images/lfw_02026.jpg,FACE_TOO_ANGLED_OR_SMALL,"Pose out of frontal band (|yaw|<=15.0, |pitch|<=15.0): yaw=-3.6, pitch=-32.8"
lfw_02027,data/raw/images/lfw_02027.jpg,FACE_TOO_ANGLED_OR_SMALL,"Pose out of frontal band (|yaw|<=15.0, |pitch|<=15.0): yaw=34.8, pitch=-28.8"
lfw_02028,data/raw/images/lfw_02028.jpg,FACE_TOO_ANGLED_OR_SMALL,"Pose out of frontal band (|yaw|<=15.0, |pitch|<=15.0): yaw=-18.7, pitch=-30.3"
lfw_02029,data/raw/images/lfw_02029.jpg,FACE_TOO_ANGLED_OR_SMALL,"Pose out of frontal band (|yaw|<=15.0, |pitch|<=15.0): yaw=14.2, pitch=-15.8"
lfw_02030,data/raw/images/lfw_02030.jpg,FACE_TOO_ANGLED_OR_SMALL,"Pose out of frontal band (|yaw|<=15.0, |pitch|<=15.0): yaw=-51.5, pitch=-41.5"
lfw_02031,data/raw/images/lfw_02031.jpg,FACE_TOO_ANGLED_OR_SMALL,"Pose out of frontal band (|yaw|<=15.0, |pitch|<=15.0): yaw=-6.0, pitch=-16.8"
lfw_02033,data/raw/images/lfw_02033.jpg,FACE_TOO_ANGLED_OR_SMALL,"Pose out of frontal band (|yaw|<=15.0, |pitch|<=15.0): yaw=68.1, pitch=-32.2"
lfw_02034,data/raw/images/lfw_02034.jpg,FACE_TOO_ANGLED_OR_SMALL,"Pose out of frontal band (|yaw|<=15.0, |pitch|<=15.0): yaw=30.3, pitch=-21.3"
lfw_02035,data/raw/images/lfw_02035.jpg,FACE_TOO_ANGLED_OR_SMALL,"Pose out of frontal band (|yaw|<=15.0, |pitch|<=15.0): yaw=67.5, pitch=-37.6"
lfw_02036,data/raw/images/lfw_02036.jpg,FACE_TOO_ANGLED_OR_SMALL,"Pose out of frontal band (|yaw|<=15.0, |pitch|<=15.0): yaw=-5.2, pitch=-41.3"
lfw_02037,data/raw/images/lfw_02037.jpg,FACE_TOO_ANGLED_OR_SMALL,"Pose out of frontal band (|yaw|<=15.0, |pitch|<=15.0): yaw=-11.4, pitch=-31.0"
lfw_02038,data/raw/images/lfw_02038.jpg,FACE_TOO_ANGLED_OR_SMALL,"Pose out of frontal band (|yaw|<=15.0, |pitch|<=15.0): yaw=13.5, pitch=-35.1"
lfw_02039,data/raw/images/lfw_02039.jpg,FACE_TOO_ANGLED_OR_SMALL,"Pose out of frontal band (|yaw|<=15.0, |pitch|<=15.0): yaw=17.8, pitch=0.4"
lfw_02041,data/raw/images/lfw_02041.jpg,MULTIPLE_FACES_DETECTED,
lfw_02043,data/raw/images/lfw_02043.jpg,FACE_TOO_ANGLED_OR_SMALL,"Pose out of frontal band (|yaw|<=15.0, |pitch|<=15.0): yaw=0.2, pitch=-18.4"
lfw_02044,data/raw/images/lfw_02044.jpg,FACE_TOO_ANGLED_OR_SMALL,"Pose out of frontal band (|yaw|<=15.0, |pitch|<=15.0): yaw=39.4, pitch=-42.7"
lfw_02045,data/raw/images/lfw_02045.jpg,FACE_TOO_ANGLED_OR_SMALL,"Pose out of frontal band (|yaw|<=15.0, |pitch|<=15.0): yaw=17.6, pitch=1.9"
lfw_02046,data/raw/images/lfw_02046.jpg,FACE_TOO_ANGLED_OR_SMALL,"Pose out of frontal band (|yaw|<=15.0, |pitch|<=15.0): yaw=25.5, pitch=-25.8"
lfw_02047,data/raw/images/lfw_02047.jpg,FACE_TOO_ANGLED_OR_SMALL,"Pose out of frontal band (|yaw|<=15.0, |pitch|<=15.0): yaw=18.6, pitch=-23.4"
lfw_02048,data/raw/images/lfw_02048.jpg,FACE_TOO_ANGLED_OR_SMALL,"Pose out of frontal band (|yaw|<=15.0, |pitch|<=15.0): yaw=1.2, pitch=-23.9"
lfw_02049,data/raw/images/lfw_02049.jpg,FACE_TOO_ANGLED_OR_SMALL,"Pose out of frontal band (|yaw|<=15.0, |pitch|<=15.0): yaw=-0.6, pitch=-22.5"
lfw_02050,data/raw/images/lfw_02050.jpg,FACE_TOO_ANGLED_OR_SMALL,"Pose out of frontal band (|yaw|<=15.0, |pitch|<=15.0): yaw=-20.5, pitch=-32.2"
lfw_02051,data/raw/images/lfw_02051.jpg,FACE_TOO_ANGLED_OR_SMALL,"Pose out of frontal band (|yaw|<=15.0, |pitch|<=15.0): yaw=19.3, pitch=-19.1"
lfw_02052,data/raw/images/lfw_02052.jpg,FACE_TOO_ANGLED_OR_SMALL,"Pose out of frontal band (|yaw|<=15.0, |pitch|<=15.0): yaw=-37.0, pitch=-29.3"
lfw_02054,data/raw/images/lfw_02054.jpg,FACE_TOO_ANGLED_OR_SMALL,"Pose out of frontal band (|yaw|<=15.0, |pitch|<=15.0): yaw=16.9, pitch=-12.8"
lfw_02055,data/raw/images/lfw_02055.jpg,FACE_TOO_ANGLED_OR_SMALL,"Pose out of frontal band (|yaw|<=15.0, |pitch|<=15.0): yaw=9.8, pitch=-21.6"
lfw_02056,data/raw/images/lfw_02056.jpg,FACE_TOO_ANGLED_OR_SMALL,"Pose out of frontal band (|yaw|<=15.0, |pitch|<=15.0): yaw=4.9, pitch=-18.8"
lfw_02057,data/raw/images/lfw_02057.jpg,FACE_TOO_ANGLED_OR_SMALL,"Pose out of frontal band (|yaw|<=15.0, |pitch|<=15.0): yaw=53.7, pitch=-11.4"
lfw_02058,data/raw/images/lfw_02058.jpg,FACE_TOO_ANGLED_OR_SMALL,"Pose out of frontal band (|yaw|<=15.0, |pitch|<=15.0): yaw=-19.3, pitch=-27.7"
lfw_02059,data/raw/images/lfw_02059.jpg,FACE_TOO_ANGLED_OR_SMALL,"Pose out of frontal band (|yaw|<=15.0, |pitch|<=15.0): yaw=14.3, pitch=-30.6"
lfw_02060,data/raw/images/lfw_02060.jpg,FACE_TOO_ANGLED_OR_SMALL,"Pose out of frontal band (|yaw|<=15.0, |pitch|<=15.0): yaw=24.0, pitch=-24.1"
lfw_02061,data/raw/images/lfw_02061.jpg,FACE_TOO_ANGLED_OR_SMALL,"Pose out of frontal band (|yaw|<=15.0, |pitch|<=15.0): yaw=-40.2, pitch=-26.4"
lfw_02062,data/raw/images/lfw_02062.jpg,FACE_TOO_ANGLED_OR_SMALL,"Pose out of frontal band (|yaw|<=15.0, |pitch|<=15.0): yaw=69.7, pitch=-49.0"
lfw_02063,data/raw/images/lfw_02063.jpg,FACE_TOO_ANGLED_OR_SMALL,"Pose out of frontal band (|yaw|<=15.0, |pitch|<=15.0): yaw=17.6, pitch=-25.2"
lfw_02064,data/raw/images/lfw_02064.jpg,FACE_TOO_ANGLED_OR_SMALL,"Pose out of frontal band (|yaw|<=15.0, |pitch|<=15.0): yaw=-2.9, pitch=-18.3"
lfw_02065,data/raw/images/lfw_02065.jpg,MULTIPLE_FACES_DETECTED,
lfw_02066,data/raw/images/lfw_02066.jpg,FACE_TOO_ANGLED_OR_SMALL,"Pose out of frontal band (|yaw|<=15.0, |pitch|<=15.0): yaw=-3.7, pitch=-44.0"
lfw_02067,data/raw/images/lfw_02067.jpg,FACE_TOO_ANGLED_OR_SMALL,"Pose out of frontal band (|yaw|<=15.0, |pitch|<=15.0): yaw=-17.5, pitch=-37.8"
lfw_02068,data/raw/images/lfw_02068.jpg,FACE_TOO_ANGLED_OR_SMALL,"Pose out of frontal band (|yaw|<=15.0, |pitch|<=15.0): yaw=-16.0, pitch=-19.5"
lfw_02069,data/raw/images/lfw_02069.jpg,FACE_TOO_ANGLED_OR_SMALL,"Pose out of frontal band (|yaw|<=15.0, |pitch|<=15.0): yaw=-27.2, pitch=-32.5"
lfw_02070,data/raw/images/lfw_02070.jpg,FACE_TOO_ANGLED_OR_SMALL,"Pose out of frontal band (|yaw|<=15.0, |pitch|<=15.0): yaw=-13.5, pitch=-24.1"
lfw_02071,data/raw/images/lfw_02071.jpg,FACE_TOO_ANGLED_OR_SMALL,"Pose out of frontal band (|yaw|<=15.0, |pitch|<=15.0): yaw=-17.8, pitch=1.8"
lfw_02072,data/raw/images/lfw_02072.jpg,FACE_TOO_ANGLED_OR_SMALL,"Pose out of frontal band (|yaw|<=15.0, |pitch|<=15.0): yaw=17.1, pitch=-33.4"
lfw_02073,data/raw/images/lfw_02073.jpg,FACE_TOO_ANGLED_OR_SMALL,"Pose out of frontal band (|yaw|<=15.0, |pitch|<=15.0): yaw=25.0, pitch=-32.8"
lfw_02074,data/raw/images/lfw_02074.jpg,FACE_TOO_ANGLED_OR_SMALL,"Pose out of frontal band (|yaw|<=15.0, |pitch|<=15.0): yaw=-7.6, pitch=-28.7"
lfw_02075,data/raw/images/lfw_02075.jpg,FACE_TOO_ANGLED_OR_SMALL,"Pose out of frontal band (|yaw|<=15.0, |pitch|<=15.0): yaw=3.8, pitch=-54.8"
lfw_02076,data/raw/images/lfw_02076.jpg,FACE_TOO_ANGLED_OR_SMALL,"Pose out of frontal band (|yaw|<=15.0, |pitch|<=15.0): yaw=31.9, pitch=-38.0"
lfw_02077,data/raw/images/lfw_02077.jpg,FACE_TOO_ANGLED_OR_SMALL,"Pose out of frontal band (|yaw|<=15.0, |pitch|<=15.0): yaw=-10.5, pitch=-22.7"
lfw_02078,data/raw/images/lfw_02078.jpg,FACE_TOO_ANGLED_OR_SMALL,"Pose out of frontal band (|yaw|<=15.0, |pitch|<=15.0): yaw=2.1, pitch=-28.2"
lfw_02079,data/raw/images/lfw_02079.jpg,FACE_TOO_ANGLED_OR_SMALL,"Pose out of frontal band (|yaw|<=15.0, |pitch|<=15.0): yaw=-5.5, pitch=-18.1"
lfw_02080,data/raw/images/lfw_02080.jpg,FACE_TOO_ANGLED_OR_SMALL,"Pose out of frontal band (|yaw|<=15.0, |pitch|<=15.0): yaw=-25.6, pitch=-13.4"
lfw_02081,data/raw/images/lfw_02081.jpg,FACE_TOO_ANGLED_OR_SMALL,"Pose out of frontal band (|yaw|<=15.0, |pitch|<=15.0): yaw=15.6, pitch=-22.2"
lfw_02083,data/raw/images/lfw_02083.jpg,FACE_TOO_ANGLED_OR_SMALL,"Pose out of frontal band (|yaw|<=15.0, |pitch|<=15.0): yaw=-15.7, pitch=-9.6"
lfw_02084,data/raw/images/lfw_02084.jpg,FACE_TOO_ANGLED_OR_SMALL,"Pose out of frontal band (|yaw|<=15.0, |pitch|<=15.0): yaw=-49.2, pitch=-13.8"
lfw_02085,data/raw/images/lfw_02085.jpg,FACE_TOO_ANGLED_OR_SMALL,"Pose out of frontal band (|yaw|<=15.0, |pitch|<=15.0): yaw=-27.8, pitch=-9.8"
lfw_02086,data/raw/images/lfw_02086.jpg,FACE_TOO_ANGLED_OR_SMALL,"Pose out of frontal band (|yaw|<=15.0, |pitch|<=15.0): yaw=-18.8, pitch=-30.9"
lfw_02087,data/raw/images/lfw_02087.jpg,FACE_TOO_ANGLED_OR_SMALL,"Pose out of frontal band (|yaw|<=15.0, |pitch|<=15.0): yaw=-42.2, pitch=-35.3"
lfw_02088,data/raw/images/lfw_02088.jpg,FACE_TOO_ANGLED_OR_SMALL,"Pose out of frontal band (|yaw|<=15.0, |pitch|<=15.0): yaw=-44.5, pitch=-27.1"
lfw_02089,data/raw/images/lfw_02089.jpg,FACE_TOO_ANGLED_OR_SMALL,"Pose out of frontal band (|yaw|<=15.0, |pitch|<=15.0): yaw=-14.7, pitch=-43.2"
lfw_02090,data/raw/images/lfw_02090.jpg,FACE_TOO_ANGLED_OR_SMALL,"Pose out of frontal band (|yaw|<=15.0, |pitch|<=15.0): yaw=40.2, pitch=-31.6"
lfw_02091,data/raw/images/lfw_02091.jpg,FACE_TOO_ANGLED_OR_SMALL,"Pose out of frontal band (|yaw|<=15.0, |pitch|<=15.0): yaw=21.7, pitch=-34.9"
lfw_02092,data/raw/images/lfw_02092.jpg,FACE_TOO_ANGLED_OR_SMALL,"Pose out of frontal band (|yaw|<=15.0, |pitch|<=15.0): yaw=18.2, pitch=-18.1"
lfw_02093,data/raw/images/lfw_02093.jpg,FACE_TOO_ANGLED_OR_SMALL,"Pose out of frontal band (|yaw|<=15.0, |pitch|<=15.0): yaw=-35.8, pitch=-12.0"
lfw_02094,data/raw/images/lfw_02094.jpg,FACE_TOO_ANGLED_OR_SMALL,"Pose out of frontal band (|yaw|<=15.0, |pitch|<=15.0): yaw=-40.5, pitch=-19.9"
lfw_02095,data/raw/images/lfw_02095.jpg,FACE_TOO_ANGLED_OR_SMALL,"Pose out of frontal band (|yaw|<=15.0, |pitch|<=15.0): yaw=-28.3, pitch=-11.1"
lfw_02096,data/raw/images/lfw_02096.jpg,FACE_TOO_ANGLED_OR_SMALL,"Pose out of frontal band (|yaw|<=15.0, |pitch|<=15.0): yaw=-0.5, pitch=-29.8"
lfw_02097,data/raw/images/lfw_02097.jpg,MULTIPLE_FACES_DETECTED,
lfw_02098,data/raw/images/lfw_02098.jpg,FACE_TOO_ANGLED_OR_SMALL,"Pose out of frontal band (|yaw|<=15.0, |pitch|<=15.0): yaw=-15.1, pitch=-28.7"
lfw_02099,data/raw/images/lfw_02099.jpg,FACE_TOO_ANGLED_OR_SMALL,"Pose out of frontal band (|yaw|<=15.0, |pitch|<=15.0): yaw=-52.7, pitch=-27.2"
lfw_02100,data/raw/images/lfw_02100.jpg,FACE_TOO_ANGLED_OR_SMALL,"Pose out of frontal band (|yaw|<=15.0, |pitch|<=15.0): yaw=-6.3, pitch=-34.3"
lfw_02101,data/raw/images/lfw_02101.jpg,FACE_TOO_ANGLED_OR_SMALL,"Pose out of frontal band (|yaw|<=15.0, |pitch|<=15.0): yaw=67.7, pitch=-15.8"
lfw_02102,data/raw/images/lfw_02102.jpg,FACE_TOO_ANGLED_OR_SMALL,"Pose out of frontal band (|yaw|<=15.0, |pitch|<=15.0): yaw=35.7, pitch=-22.1"
lfw_02103,data/raw/images/lfw_02103.jpg,FACE_TOO_ANGLED_OR_SMALL,"Pose out of frontal band (|yaw|<=15.0, |pitch|<=15.0): yaw=13.1, pitch=-28.8"
lfw_02104,data/raw/images/lfw_02104.jpg,FACE_TOO_ANGLED_OR_SMALL,"Pose out of frontal band (|yaw|<=15.0, |pitch|<=15.0): yaw=14.1, pitch=-42.9"
lfw_02107,data/raw/images/lfw_02107.jpg,FACE_TOO_ANGLED_OR_SMALL,"Pose out of frontal band (|yaw|<=15.0, |pitch|<=15.0): yaw=-24.1, pitch=-34.1"
lfw_02108,data/raw/images/lfw_02108.jpg,FACE_TOO_ANGLED_OR_SMALL,"Pose out of frontal band (|yaw|<=15.0, |pitch|<=15.0): yaw=19.4, pitch=-40.4"
lfw_02109,data/raw/images/lfw_02109.jpg,FACE_TOO_ANGLED_OR_SMALL,"Pose out of frontal band (|yaw|<=15.0, |pitch|<=15.0): yaw=-3.9, pitch=-26.2"
lfw_02110,data/raw/images/lfw_02110.jpg,MULTIPLE_FACES_DETECTED,
lfw_02111,data/raw/images/lfw_02111.jpg,FACE_TOO_ANGLED_OR_SMALL,"Pose out of frontal band (|yaw|<=15.0, |pitch|<=15.0): yaw=-12.1, pitch=-20.6"
lfw_02113,data/raw/images/lfw_02113.jpg,FACE_TOO_ANGLED_OR_SMALL,"Pose out of frontal band (|yaw|<=15.0, |pitch|<=15.0): yaw=-3.5, pitch=-16.1"
lfw_02114,data/raw/images/lfw_02114.jpg,FACE_TOO_ANGLED_OR_SMALL,"Pose out of frontal band (|yaw|<=15.0, |pitch|<=15.0): yaw=-38.6, pitch=-21.0"
lfw_02115,data/raw/images/lfw_02115.jpg,FACE_TOO_ANGLED_OR_SMALL,"Pose out of frontal band (|yaw|<=15.0, |pitch|<=15.0): yaw=-7.7, pitch=-38.1"
lfw_02116,data/raw/images/lfw_02116.jpg,FACE_TOO_ANGLED_OR_SMALL,"Pose out of frontal band (|yaw|<=15.0, |pitch|<=15.0): yaw=1.8, pitch=-24.9"
lfw_02117,data/raw/images/lfw_02117.jpg,FACE_TOO_ANGLED_OR_SMALL,"Pose out of frontal band (|yaw|<=15.0, |pitch|<=15.0): yaw=4.0, pitch=-54.7"
lfw_02118,data/raw/images/lfw_02118.jpg,FACE_TOO_ANGLED_OR_SMALL,"Pose out of frontal band (|yaw|<=15.0, |pitch|<=15.0): yaw=9.9, pitch=-48.4"
lfw_02119,data/raw/images/lfw_02119.jpg,FACE_TOO_ANGLED_OR_SMALL,"Pose out of frontal band (|yaw|<=15.0, |pitch|<=15.0): yaw=-11.2, pitch=-33.4"
lfw_02120,data/raw/images/lfw_02120.jpg,FACE_TOO_ANGLED_OR_SMALL,"Pose out of frontal band (|yaw|<=15.0, |pitch|<=15.0): yaw=-10.7, pitch=-15.8"
lfw_02122,data/raw/images/lfw_02122.jpg,FACE_TOO_ANGLED_OR_SMALL,"Pose out of frontal band (|yaw|<=15.0, |pitch|<=15.0): yaw=20.1, pitch=-28.9"
lfw_02123,data/raw/images/lfw_02123.jpg,FACE_TOO_ANGLED_OR_SMALL,"Pose out of frontal band (|yaw|<=15.0, |pitch|<=15.0): yaw=-21.6, pitch=-26.1"
lfw_02124,data/raw/images/lfw_02124.jpg,FACE_TOO_ANGLED_OR_SMALL,"Pose out of frontal band (|yaw|<=15.0, |pitch|<=15.0): yaw=-19.3, pitch=-37.3"
lfw_02125,data/raw/images/lfw_02125.jpg,FACE_TOO_ANGLED_OR_SMALL,"Pose out of frontal band (|yaw|<=15.0, |pitch|<=15.0): yaw=-62.2, pitch=-17.7"
lfw_02126,data/raw/images/lfw_02126.jpg,FACE_TOO_ANGLED_OR_SMALL,"Pose out of frontal band (|yaw|<=15.0, |pitch|<=15.0): yaw=-14.5, pitch=-15.2"
lfw_02127,data/raw/images/lfw_02127.jpg,FACE_TOO_ANGLED_OR_SMALL,"Pose out of frontal band (|yaw|<=15.0, |pitch|<=15.0): yaw=-33.3, pitch=-25.9"
lfw_02128,data/raw/images/lfw_02128.jpg,FACE_TOO_ANGLED_OR_SMALL,"Pose out of frontal band (|yaw|<=15.0, |pitch|<=15.0): yaw=30.2, pitch=-38.6"
lfw_02129,data/raw/images/lfw_02129.jpg,FACE_TOO_ANGLED_OR_SMALL,"Pose out of frontal band (|yaw|<=15.0, |pitch|<=15.0): yaw=-21.2, pitch=-20.7"
lfw_02130,data/raw/images/lfw_02130.jpg,FACE_TOO_ANGLED_OR_SMALL,"Pose out of frontal band (|yaw|<=15.0, |pitch|<=15.0): yaw=4.0, pitch=-23.6"
lfw_02131,data/raw/images/lfw_02131.jpg,FACE_TOO_ANGLED_OR_SMALL,"Pose out of frontal band (|yaw|<=15.0, |pitch|<=15.0): yaw=-19.1, pitch=-30.4"
lfw_02132,data/raw/images/lfw_02132.jpg,FACE_TOO_ANGLED_OR_SMALL,"Pose out of frontal band (|yaw|<=15.0, |pitch|<=15.0): yaw=0.8, pitch=-37.4"
lfw_02133,data/raw/images/lfw_02133.jpg,FACE_TOO_ANGLED_OR_SMALL,"Pose out of frontal band (|yaw|<=15.0, |pitch|<=15.0): yaw=-2.1, pitch=-41.6"
lfw_02134,data/raw/images/lfw_02134.jpg,FACE_TOO_ANGLED_OR_SMALL,"Pose out of frontal band (|yaw|<=15.0, |pitch|<=15.0): yaw=-29.0, pitch=-21.6"
lfw_02135,data/raw/images/lfw_02135.jpg,FACE_TOO_ANGLED_OR_SMALL,"Pose out of frontal band (|yaw|<=15.0, |pitch|<=15.0): yaw=4.4, pitch=-21.6"
lfw_02136,data/raw/images/lfw_02136.jpg,FACE_TOO_ANGLED_OR_SMALL,"Pose out of frontal band (|yaw|<=15.0, |pitch|<=15.0): yaw=-26.9, pitch=-36.2"
lfw_02137,data/raw/images/lfw_02137.jpg,FACE_TOO_ANGLED_OR_SMALL,"Pose out of frontal band (|yaw|<=15.0, |pitch|<=15.0): yaw=-13.3, pitch=-16.9"
lfw_02138,data/raw/images/lfw_02138.jpg,MULTIPLE_FACES_DETECTED,
lfw_02139,data/raw/images/lfw_02139.jpg,FACE_TOO_ANGLED_OR_SMALL,"Pose out of frontal band (|yaw|<=15.0, |pitch|<=15.0): yaw=5.2, pitch=-47.1"
lfw_02141,data/raw/images/lfw_02141.jpg,FACE_TOO_ANGLED_OR_SMALL,"Pose out of frontal band (|yaw|<=15.0, |pitch|<=15.0): yaw=-19.2, pitch=-29.4"
lfw_02142,data/raw/images/lfw_02142.jpg,FACE_TOO_ANGLED_OR_SMALL,"Pose out of frontal band (|yaw|<=15.0, |pitch|<=15.0): yaw=-15.9, pitch=-25.7"
lfw_02143,data/raw/images/lfw_02143.jpg,FACE_TOO_ANGLED_OR_SMALL,"Pose out of frontal band (|yaw|<=15.0, |pitch|<=15.0): yaw=11.1, pitch=-21.7"
lfw_02145,data/raw/images/lfw_02145.jpg,FACE_TOO_ANGLED_OR_SMALL,"Pose out of frontal band (|yaw|<=15.0, |pitch|<=15.0): yaw=-8.0, pitch=-16.5"
lfw_02146,data/raw/images/lfw_02146.jpg,FACE_TOO_ANGLED_OR_SMALL,"Pose out of frontal band (|yaw|<=15.0, |pitch|<=15.0): yaw=41.5, pitch=-23.3"
lfw_02147,data/raw/images/lfw_02147.jpg,FACE_TOO_ANGLED_OR_SMALL,"Pose out of frontal band (|yaw|<=15.0, |pitch|<=15.0): yaw=14.5, pitch=-18.7"
lfw_02148,data/raw/images/lfw_02148.jpg,FACE_TOO_ANGLED_OR_SMALL,"Pose out of frontal band (|yaw|<=15.0, |pitch|<=15.0): yaw=-12.9, pitch=-28.7"
lfw_02149,data/raw/images/lfw_02149.jpg,FACE_TOO_ANGLED_OR_SMALL,"Pose out of frontal band (|yaw|<=15.0, |pitch|<=15.0): yaw=-20.5, pitch=-27.2"
lfw_02150,data/raw/images/lfw_02150.jpg,FACE_TOO_ANGLED_OR_SMALL,"Pose out of frontal band (|yaw|<=15.0, |pitch|<=15.0): yaw=-35.7, pitch=-29.9"
lfw_02151,data/raw/images/lfw_02151.jpg,FACE_TOO_ANGLED_OR_SMALL,"Pose out of frontal band (|yaw|<=15.0, |pitch|<=15.0): yaw=-36.0, pitch=-22.8"
lfw_02152,data/raw/images/lfw_02152.jpg,FACE_TOO_ANGLED_OR_SMALL,"Pose out of frontal band (|yaw|<=15.0, |pitch|<=15.0): yaw=33.3, pitch=-17.4"
lfw_02153,data/raw/images/lfw_02153.jpg,FACE_TOO_ANGLED_OR_SMALL,"Pose out of frontal band (|yaw|<=15.0, |pitch|<=15.0): yaw=7.3, pitch=-32.8"
lfw_02154,data/raw/images/lfw_02154.jpg,FACE_TOO_ANGLED_OR_SMALL,"Pose out of frontal band (|yaw|<=15.0, |pitch|<=15.0): yaw=1.2, pitch=-19.7"
lfw_02155,data/raw/images/lfw_02155.jpg,FACE_TOO_ANGLED_OR_SMALL,"Pose out of frontal band (|yaw|<=15.0, |pitch|<=15.0): yaw=-22.7, pitch=-22.7"
lfw_02157,data/raw/images/lfw_02157.jpg,FACE_TOO_ANGLED_OR_SMALL,"Pose out of frontal band (|yaw|<=15.0, |pitch|<=15.0): yaw=-2.0, pitch=-34.2"
lfw_02158,data/raw/images/lfw_02158.jpg,FACE_TOO_ANGLED_OR_SMALL,"Pose out of frontal band (|yaw|<=15.0, |pitch|<=15.0): yaw=3.3, pitch=-17.2"
lfw_02159,data/raw/images/lfw_02159.jpg,FACE_TOO_ANGLED_OR_SMALL,"Pose out of frontal band (|yaw|<=15.0, |pitch|<=15.0): yaw=48.1, pitch=-9.6"
lfw_02160,data/raw/images/lfw_02160.jpg,FACE_TOO_ANGLED_OR_SMALL,"Pose out of frontal band (|yaw|<=15.0, |pitch|<=15.0): yaw=8.1, pitch=-20.2"
lfw_02161,data/raw/images/lfw_02161.jpg,FACE_TOO_ANGLED_OR_SMALL,"Pose out of frontal band (|yaw|<=15.0, |pitch|<=15.0): yaw=-1.3, pitch=-20.1"
lfw_02162,data/raw/images/lfw_02162.jpg,FACE_TOO_ANGLED_OR_SMALL,"Pose out of frontal band (|yaw|<=15.0, |pitch|<=15.0): yaw=-4.3, pitch=-29.6"
lfw_02163,data/raw/images/lfw_02163.jpg,MULTIPLE_FACES_DETECTED,
lfw_02164,data/raw/images/lfw_02164.jpg,FACE_TOO_ANGLED_OR_SMALL,"Pose out of frontal band (|yaw|<=15.0, |pitch|<=15.0): yaw=43.0, pitch=2.1"
lfw_02165,data/raw/images/lfw_02165.jpg,FACE_TOO_ANGLED_OR_SMALL,"Pose out of frontal band (|yaw|<=15.0, |pitch|<=15.0): yaw=-15.5, pitch=-23.9"
lfw_02166,data/raw/images/lfw_02166.jpg,FACE_TOO_ANGLED_OR_SMALL,"Pose out of frontal band (|yaw|<=15.0, |pitch|<=15.0): yaw=-24.0, pitch=-31.4"
lfw_02167,data/raw/images/lfw_02167.jpg,FACE_TOO_ANGLED_OR_SMALL,"Pose out of frontal band (|yaw|<=15.0, |pitch|<=15.0): yaw=3.6, pitch=-18.8"
lfw_02169,data/raw/images/lfw_02169.jpg,FACE_TOO_ANGLED_OR_SMALL,"Pose out of frontal band (|yaw|<=15.0, |pitch|<=15.0): yaw=-25.2, pitch=-6.2"
lfw_02171,data/raw/images/lfw_02171.jpg,FACE_TOO_ANGLED_OR_SMALL,"Pose out of frontal band (|yaw|<=15.0, |pitch|<=15.0): yaw=71.8, pitch=-29.4"
lfw_02172,data/raw/images/lfw_02172.jpg,FACE_TOO_ANGLED_OR_SMALL,"Pose out of frontal band (|yaw|<=15.0, |pitch|<=15.0): yaw=-7.1, pitch=-25.8"
lfw_02173,data/raw/images/lfw_02173.jpg,FACE_TOO_ANGLED_OR_SMALL,"Pose out of frontal band (|yaw|<=15.0, |pitch|<=15.0): yaw=68.6, pitch=-16.1"
lfw_02174,data/raw/images/lfw_02174.jpg,FACE_TOO_ANGLED_OR_SMALL,"Pose out of frontal band (|yaw|<=15.0, |pitch|<=15.0): yaw=18.2, pitch=-12.8"
lfw_02175,data/raw/images/lfw_02175.jpg,FACE_TOO_ANGLED_OR_SMALL,"Pose out of frontal band (|yaw|<=15.0, |pitch|<=15.0): yaw=4.5, pitch=-25.4"
lfw_02176,data/raw/images/lfw_02176.jpg,FACE_TOO_ANGLED_OR_SMALL,"Pose out of frontal band (|yaw|<=15.0, |pitch|<=15.0): yaw=36.0, pitch=-7.9"
lfw_02178,data/raw/images/lfw_02178.jpg,FACE_TOO_ANGLED_OR_SMALL,"Pose out of frontal band (|yaw|<=15.0, |pitch|<=15.0): yaw=21.5, pitch=-12.9"
lfw_02179,data/raw/images/lfw_02179.jpg,FACE_TOO_ANGLED_OR_SMALL,"Pose out of frontal band (|yaw|<=15.0, |pitch|<=15.0): yaw=8.0, pitch=-25.0"
lfw_02180,data/raw/images/lfw_02180.jpg,MULTIPLE_FACES_DETECTED,
lfw_02181,data/raw/images/lfw_02181.jpg,FACE_TOO_ANGLED_OR_SMALL,"Pose out of frontal band (|yaw|<=15.0, |pitch|<=15.0): yaw=2.2, pitch=-19.7"
lfw_02182,data/raw/images/lfw_02182.jpg,FACE_TOO_ANGLED_OR_SMALL,"Pose out of frontal band (|yaw|<=15.0, |pitch|<=15.0): yaw=9.5, pitch=-31.8"
lfw_02184,data/raw/images/lfw_02184.jpg,FACE_TOO_ANGLED_OR_SMALL,"Pose out of frontal band (|yaw|<=15.0, |pitch|<=15.0): yaw=37.6, pitch=-16.9"
lfw_02188,data/raw/images/lfw_02188.jpg,FACE_TOO_ANGLED_OR_SMALL,"Pose out of frontal band (|yaw|<=15.0, |pitch|<=15.0): yaw=-8.4, pitch=-23.1"
lfw_02189,data/raw/images/lfw_02189.jpg,FACE_TOO_ANGLED_OR_SMALL,"Pose out of frontal band (|yaw|<=15.0, |pitch|<=15.0): yaw=-13.1, pitch=-27.2"
lfw_02190,data/raw/images/lfw_02190.jpg,FACE_TOO_ANGLED_OR_SMALL,"Pose out of frontal band (|yaw|<=15.0, |pitch|<=15.0): yaw=-13.4, pitch=-29.1"
lfw_02191,data/raw/images/lfw_02191.jpg,FACE_TOO_ANGLED_OR_SMALL,"Pose out of frontal band (|yaw|<=15.0, |pitch|<=15.0): yaw=17.7, pitch=-38.9"
lfw_02192,data/raw/images/lfw_02192.jpg,FACE_TOO_ANGLED_OR_SMALL,"Pose out of frontal band (|yaw|<=15.0, |pitch|<=15.0): yaw=24.6, pitch=-50.4"
lfw_02193,data/raw/images/lfw_02193.jpg,FACE_TOO_ANGLED_OR_SMALL,"Pose out of frontal band (|yaw|<=15.0, |pitch|<=15.0): yaw=11.0, pitch=-20.1"
lfw_02194,data/raw/images/lfw_02194.jpg,FACE_TOO_ANGLED_OR_SMALL,"Pose out of frontal band (|yaw|<=15.0, |pitch|<=15.0): yaw=-14.5, pitch=-18.1"
lfw_02195,data/raw/images/lfw_02195.jpg,FACE_TOO_ANGLED_OR_SMALL,"Pose out of frontal band (|yaw|<=15.0, |pitch|<=15.0): yaw=31.6, pitch=-29.3"
lfw_02196,data/raw/images/lfw_02196.jpg,FACE_TOO_ANGLED_OR_SMALL,"Pose out of frontal band (|yaw|<=15.0, |pitch|<=15.0): yaw=12.7, pitch=-24.0"
lfw_02197,data/raw/images/lfw_02197.jpg,FACE_TOO_ANGLED_OR_SMALL,"Pose out of frontal band (|yaw|<=15.0, |pitch|<=15.0): yaw=-30.6, pitch=-28.8"
lfw_02198,data/raw/images/lfw_02198.jpg,FACE_TOO_ANGLED_OR_SMALL,"Pose out of frontal band (|yaw|<=15.0, |pitch|<=15.0): yaw=-3.7, pitch=-28.4"
lfw_02199,data/raw/images/lfw_02199.jpg,FACE_TOO_ANGLED_OR_SMALL,"Pose out of frontal band (|yaw|<=15.0, |pitch|<=15.0): yaw=-16.4, pitch=-24.9"
lfw_02200,data/raw/images/lfw_02200.jpg,FACE_TOO_ANGLED_OR_SMALL,"Pose out of frontal band (|yaw|<=15.0, |pitch|<=15.0): yaw=-22.7, pitch=-19.8"
lfw_02201,data/raw/images/lfw_02201.jpg,FACE_TOO_ANGLED_OR_SMALL,"Pose out of frontal band (|yaw|<=15.0, |pitch|<=15.0): yaw=-13.6, pitch=-32.5"
lfw_02202,data/raw/images/lfw_02202.jpg,FACE_TOO_ANGLED_OR_SMALL,"Pose out of frontal band (|yaw|<=15.0, |pitch|<=15.0): yaw=6.9, pitch=-20.6"
lfw_02203,data/raw/images/lfw_02203.jpg,FACE_TOO_ANGLED_OR_SMALL,"Pose out of frontal band (|yaw|<=15.0, |pitch|<=15.0): yaw=4.1, pitch=-25.3"
lfw_02204,data/raw/images/lfw_02204.jpg,FACE_TOO_ANGLED_OR_SMALL,"Pose out of frontal band (|yaw|<=15.0, |pitch|<=15.0): yaw=-14.4, pitch=-30.9"
lfw_02205,data/raw/images/lfw_02205.jpg,MULTIPLE_FACES_DETECTED,
lfw_02206,data/raw/images/lfw_02206.jpg,FACE_TOO_ANGLED_OR_SMALL,"Pose out of frontal band (|yaw|<=15.0, |pitch|<=15.0): yaw=-23.3, pitch=-25.2"
lfw_02207,data/raw/images/lfw_02207.jpg,FACE_TOO_ANGLED_OR_SMALL,"Pose out of frontal band (|yaw|<=15.0, |pitch|<=15.0): yaw=12.3, pitch=-29.9"
lfw_02208,data/raw/images/lfw_02208.jpg,FACE_TOO_ANGLED_OR_SMALL,"Pose out of frontal band (|yaw|<=15.0, |pitch|<=15.0): yaw=-45.2, pitch=-16.2"
lfw_02209,data/raw/images/lfw_02209.jpg,FACE_TOO_ANGLED_OR_SMALL,"Pose out of frontal band (|yaw|<=15.0, |pitch|<=15.0): yaw=15.2, pitch=-16.5"
lfw_02210,data/raw/images/lfw_02210.jpg,FACE_TOO_ANGLED_OR_SMALL,"Pose out of frontal band (|yaw|<=15.0, |pitch|<=15.0): yaw=35.6, pitch=-19.2"
lfw_02211,data/raw/images/lfw_02211.jpg,FACE_TOO_ANGLED_OR_SMALL,"Pose out of frontal band (|yaw|<=15.0, |pitch|<=15.0): yaw=-40.6, pitch=-24.2"
lfw_02212,data/raw/images/lfw_02212.jpg,FACE_TOO_ANGLED_OR_SMALL,"Pose out of frontal band (|yaw|<=15.0, |pitch|<=15.0): yaw=-54.9, pitch=-20.0"
lfw_02213,data/raw/images/lfw_02213.jpg,FACE_TOO_ANGLED_OR_SMALL,"Pose out of frontal band (|yaw|<=15.0, |pitch|<=15.0): yaw=35.5, pitch=-29.2"
lfw_02215,data/raw/images/lfw_02215.jpg,FACE_TOO_ANGLED_OR_SMALL,"Pose out of frontal band (|yaw|<=15.0, |pitch|<=15.0): yaw=24.1, pitch=-14.5"
lfw_02216,data/raw/images/lfw_02216.jpg,FACE_TOO_ANGLED_OR_SMALL,"Pose out of frontal band (|yaw|<=15.0, |pitch|<=15.0): yaw=28.1, pitch=-30.4"
lfw_02217,data/raw/images/lfw_02217.jpg,MULTIPLE_FACES_DETECTED,
lfw_02218,data/raw/images/lfw_02218.jpg,FACE_TOO_ANGLED_OR_SMALL,"Pose out of frontal band (|yaw|<=15.0, |pitch|<=15.0): yaw=9.3, pitch=-40.3"
lfw_02219,data/raw/images/lfw_02219.jpg,FACE_TOO_ANGLED_OR_SMALL,"Pose out of frontal band (|yaw|<=15.0, |pitch|<=15.0): yaw=34.5, pitch=-21.9"
lfw_02220,data/raw/images/lfw_02220.jpg,FACE_TOO_ANGLED_OR_SMALL,"Pose out of frontal band (|yaw|<=15.0, |pitch|<=15.0): yaw=-31.0, pitch=-19.2"
lfw_02222,data/raw/images/lfw_02222.jpg,FACE_TOO_ANGLED_OR_SMALL,"Pose out of frontal band (|yaw|<=15.0, |pitch|<=15.0): yaw=36.8, pitch=-18.3"
lfw_02223,data/raw/images/lfw_02223.jpg,FACE_TOO_ANGLED_OR_SMALL,"Pose out of frontal band (|yaw|<=15.0, |pitch|<=15.0): yaw=-2.5, pitch=-15.7"
lfw_02224,data/raw/images/lfw_02224.jpg,FACE_TOO_ANGLED_OR_SMALL,"Pose out of frontal band (|yaw|<=15.0, |pitch|<=15.0): yaw=25.6, pitch=-28.3"
lfw_02225,data/raw/images/lfw_02225.jpg,FACE_TOO_ANGLED_OR_SMALL,"Pose out of frontal band (|yaw|<=15.0, |pitch|<=15.0): yaw=39.1, pitch=-21.7"
lfw_02226,data/raw/images/lfw_02226.jpg,FACE_TOO_ANGLED_OR_SMALL,"Pose out of frontal band (|yaw|<=15.0, |pitch|<=15.0): yaw=13.7, pitch=-19.7"
lfw_02227,data/raw/images/lfw_02227.jpg,FACE_TOO_ANGLED_OR_SMALL,"Pose out of frontal band (|yaw|<=15.0, |pitch|<=15.0): yaw=-8.7, pitch=-24.3"
lfw_02228,data/raw/images/lfw_02228.jpg,MULTIPLE_FACES_DETECTED,
lfw_02229,data/raw/images/lfw_02229.jpg,FACE_TOO_ANGLED_OR_SMALL,"Pose out of frontal band (|yaw|<=15.0, |pitch|<=15.0): yaw=11.9, pitch=-24.8"
lfw_02230,data/raw/images/lfw_02230.jpg,MULTIPLE_FACES_DETECTED,
lfw_02231,data/raw/images/lfw_02231.jpg,FACE_TOO_ANGLED_OR_SMALL,"Pose out of frontal band (|yaw|<=15.0, |pitch|<=15.0): yaw=-9.0, pitch=-20.6"
lfw_02232,data/raw/images/lfw_02232.jpg,FACE_TOO_ANGLED_OR_SMALL,"Pose out of frontal band (|yaw|<=15.0, |pitch|<=15.0): yaw=11.5, pitch=-19.9"
lfw_02233,data/raw/images/lfw_02233.jpg,FACE_TOO_ANGLED_OR_SMALL,"Pose out of frontal band (|yaw|<=15.0, |pitch|<=15.0): yaw=-42.1, pitch=-18.7"
lfw_02234,data/raw/images/lfw_02234.jpg,FACE_TOO_ANGLED_OR_SMALL,"Pose out of frontal band (|yaw|<=15.0, |pitch|<=15.0): yaw=0.8, pitch=-19.2"
lfw_02235,data/raw/images/lfw_02235.jpg,FACE_TOO_ANGLED_OR_SMALL,"Pose out of frontal band (|yaw|<=15.0, |pitch|<=15.0): yaw=-6.3, pitch=-20.5"
lfw_02236,data/raw/images/lfw_02236.jpg,MULTIPLE_FACES_DETECTED,
lfw_02237,data/raw/images/lfw_02237.jpg,FACE_TOO_ANGLED_OR_SMALL,"Pose out of frontal band (|yaw|<=15.0, |pitch|<=15.0): yaw=-70.6, pitch=-25.5"
lfw_02238,data/raw/images/lfw_02238.jpg,FACE_TOO_ANGLED_OR_SMALL,"Pose out of frontal band (|yaw|<=15.0, |pitch|<=15.0): yaw=21.7, pitch=-19.6"
lfw_02239,data/raw/images/lfw_02239.jpg,FACE_TOO_ANGLED_OR_SMALL,"Pose out of frontal band (|yaw|<=15.0, |pitch|<=15.0): yaw=-11.2, pitch=-15.8"
lfw_02240,data/raw/images/lfw_02240.jpg,MULTIPLE_FACES_DETECTED,
lfw_02241,data/raw/images/lfw_02241.jpg,FACE_TOO_ANGLED_OR_SMALL,"Pose out of frontal band (|yaw|<=15.0, |pitch|<=15.0): yaw=2.0, pitch=-23.0"
lfw_02242,data/raw/images/lfw_02242.jpg,MULTIPLE_FACES_DETECTED,
lfw_02243,data/raw/images/lfw_02243.jpg,MULTIPLE_FACES_DETECTED,
lfw_02245,data/raw/images/lfw_02245.jpg,FACE_TOO_ANGLED_OR_SMALL,"Pose out of frontal band (|yaw|<=15.0, |pitch|<=15.0): yaw=-27.5, pitch=-18.9"
lfw_02246,data/raw/images/lfw_02246.jpg,FACE_TOO_ANGLED_OR_SMALL,"Pose out of frontal band (|yaw|<=15.0, |pitch|<=15.0): yaw=35.0, pitch=-24.6"
lfw_02247,data/raw/images/lfw_02247.jpg,FACE_TOO_ANGLED_OR_SMALL,"Pose out of frontal band (|yaw|<=15.0, |pitch|<=15.0): yaw=15.9, pitch=-16.7"
lfw_02248,data/raw/images/lfw_02248.jpg,FACE_TOO_ANGLED_OR_SMALL,"Pose out of frontal band (|yaw|<=15.0, |pitch|<=15.0): yaw=-57.4, pitch=-14.0"
lfw_02249,data/raw/images/lfw_02249.jpg,FACE_TOO_ANGLED_OR_SMALL,"Pose out of frontal band (|yaw|<=15.0, |pitch|<=15.0): yaw=20.8, pitch=-29.1"
lfw_02250,data/raw/images/lfw_02250.jpg,FACE_TOO_ANGLED_OR_SMALL,"Pose out of frontal band (|yaw|<=15.0, |pitch|<=15.0): yaw=-34.3, pitch=-19.1"
lfw_02251,data/raw/images/lfw_02251.jpg,FACE_TOO_ANGLED_OR_SMALL,"Pose out of frontal band (|yaw|<=15.0, |pitch|<=15.0): yaw=-14.9, pitch=-32.7"
lfw_02252,data/raw/images/lfw_02252.jpg,FACE_TOO_ANGLED_OR_SMALL,"Pose out of frontal band (|yaw|<=15.0, |pitch|<=15.0): yaw=-24.5, pitch=-29.5"
lfw_02253,data/raw/images/lfw_02253.jpg,FACE_TOO_ANGLED_OR_SMALL,"Pose out of frontal band (|yaw|<=15.0, |pitch|<=15.0): yaw=35.6, pitch=-26.4"
lfw_02254,data/raw/images/lfw_02254.jpg,FACE_TOO_ANGLED_OR_SMALL,"Pose out of frontal band (|yaw|<=15.0, |pitch|<=15.0): yaw=-10.6, pitch=-17.2"
lfw_02255,data/raw/images/lfw_02255.jpg,FACE_TOO_ANGLED_OR_SMALL,"Pose out of frontal band (|yaw|<=15.0, |pitch|<=15.0): yaw=-21.9, pitch=-20.0"
lfw_02256,data/raw/images/lfw_02256.jpg,FACE_TOO_ANGLED_OR_SMALL,"Pose out of frontal band (|yaw|<=15.0, |pitch|<=15.0): yaw=1.8, pitch=-23.1"
lfw_02257,data/raw/images/lfw_02257.jpg,FACE_TOO_ANGLED_OR_SMALL,"Pose out of frontal band (|yaw|<=15.0, |pitch|<=15.0): yaw=11.0, pitch=-16.4"
lfw_02258,data/raw/images/lfw_02258.jpg,FACE_TOO_ANGLED_OR_SMALL,"Pose out of frontal band (|yaw|<=15.0, |pitch|<=15.0): yaw=13.1, pitch=-22.3"
lfw_02259,data/raw/images/lfw_02259.jpg,FACE_TOO_ANGLED_OR_SMALL,"Pose out of frontal band (|yaw|<=15.0, |pitch|<=15.0): yaw=20.9, pitch=-27.3"
lfw_02260,data/raw/images/lfw_02260.jpg,FACE_TOO_ANGLED_OR_SMALL,"Pose out of frontal band (|yaw|<=15.0, |pitch|<=15.0): yaw=-50.2, pitch=-23.4"
lfw_02261,data/raw/images/lfw_02261.jpg,FACE_TOO_ANGLED_OR_SMALL,"Pose out of frontal band (|yaw|<=15.0, |pitch|<=15.0): yaw=7.2, pitch=-23.4"
lfw_02262,data/raw/images/lfw_02262.jpg,MULTIPLE_FACES_DETECTED,
lfw_02263,data/raw/images/lfw_02263.jpg,FACE_TOO_ANGLED_OR_SMALL,"Pose out of frontal band (|yaw|<=15.0, |pitch|<=15.0): yaw=53.5, pitch=-14.4"
lfw_02264,data/raw/images/lfw_02264.jpg,MULTIPLE_FACES_DETECTED,
lfw_02265,data/raw/images/lfw_02265.jpg,FACE_TOO_ANGLED_OR_SMALL,"Pose out of frontal band (|yaw|<=15.0, |pitch|<=15.0): yaw=-68.6, pitch=-14.2"
lfw_02266,data/raw/images/lfw_02266.jpg,FACE_TOO_ANGLED_OR_SMALL,"Pose out of frontal band (|yaw|<=15.0, |pitch|<=15.0): yaw=-29.0, pitch=-24.5"
lfw_02267,data/raw/images/lfw_02267.jpg,FACE_TOO_ANGLED_OR_SMALL,"Pose out of frontal band (|yaw|<=15.0, |pitch|<=15.0): yaw=-20.9, pitch=-16.4"
lfw_02268,data/raw/images/lfw_02268.jpg,FACE_TOO_ANGLED_OR_SMALL,"Pose out of frontal band (|yaw|<=15.0, |pitch|<=15.0): yaw=10.3, pitch=-22.0"
lfw_02269,data/raw/images/lfw_02269.jpg,FACE_TOO_ANGLED_OR_SMALL,"Pose out of frontal band (|yaw|<=15.0, |pitch|<=15.0): yaw=-38.4, pitch=-17.4"
lfw_02270,data/raw/images/lfw_02270.jpg,FACE_TOO_ANGLED_OR_SMALL,"Pose out of frontal band (|yaw|<=15.0, |pitch|<=15.0): yaw=-31.8, pitch=-13.3"
lfw_02271,data/raw/images/lfw_02271.jpg,FACE_TOO_ANGLED_OR_SMALL,"Pose out of frontal band (|yaw|<=15.0, |pitch|<=15.0): yaw=14.0, pitch=-25.8"
lfw_02272,data/raw/images/lfw_02272.jpg,FACE_TOO_ANGLED_OR_SMALL,"Pose out of frontal band (|yaw|<=15.0, |pitch|<=15.0): yaw=-9.7, pitch=-17.8"
lfw_02273,data/raw/images/lfw_02273.jpg,FACE_TOO_ANGLED_OR_SMALL,"Pose out of frontal band (|yaw|<=15.0, |pitch|<=15.0): yaw=28.2, pitch=-26.4"
lfw_02274,data/raw/images/lfw_02274.jpg,FACE_TOO_ANGLED_OR_SMALL,"Pose out of frontal band (|yaw|<=15.0, |pitch|<=15.0): yaw=0.3, pitch=-20.7"
lfw_02275,data/raw/images/lfw_02275.jpg,FACE_TOO_ANGLED_OR_SMALL,"Pose out of frontal band (|yaw|<=15.0, |pitch|<=15.0): yaw=9.0, pitch=-26.3"
lfw_02276,data/raw/images/lfw_02276.jpg,FACE_TOO_ANGLED_OR_SMALL,"Pose out of frontal band (|yaw|<=15.0, |pitch|<=15.0): yaw=-11.4, pitch=-25.1"
lfw_02277,data/raw/images/lfw_02277.jpg,FACE_TOO_ANGLED_OR_SMALL,"Pose out of frontal band (|yaw|<=15.0, |pitch|<=15.0): yaw=-16.1, pitch=-11.9"
lfw_02278,data/raw/images/lfw_02278.jpg,FACE_TOO_ANGLED_OR_SMALL,"Pose out of frontal band (|yaw|<=15.0, |pitch|<=15.0): yaw=-50.8, pitch=-23.7"
lfw_02279,data/raw/images/lfw_02279.jpg,FACE_TOO_ANGLED_OR_SMALL,"Pose out of frontal band (|yaw|<=15.0, |pitch|<=15.0): yaw=28.1, pitch=-24.0"
lfw_02280,data/raw/images/lfw_02280.jpg,FACE_TOO_ANGLED_OR_SMALL,"Pose out of frontal band (|yaw|<=15.0, |pitch|<=15.0): yaw=-25.3, pitch=-26.1"
lfw_02281,data/raw/images/lfw_02281.jpg,FACE_TOO_ANGLED_OR_SMALL,"Pose out of frontal band (|yaw|<=15.0, |pitch|<=15.0): yaw=6.7, pitch=-18.8"
lfw_02282,data/raw/images/lfw_02282.jpg,FACE_TOO_ANGLED_OR_SMALL,"Pose out of frontal band (|yaw|<=15.0, |pitch|<=15.0): yaw=-52.9, pitch=-9.3"
lfw_02283,data/raw/images/lfw_02283.jpg,FACE_TOO_ANGLED_OR_SMALL,"Pose out of frontal band (|yaw|<=15.0, |pitch|<=15.0): yaw=19.3, pitch=-21.0"
lfw_02284,data/raw/images/lfw_02284.jpg,FACE_TOO_ANGLED_OR_SMALL,"Pose out of frontal band (|yaw|<=15.0, |pitch|<=15.0): yaw=-21.8, pitch=-22.4"
lfw_02285,data/raw/images/lfw_02285.jpg,FACE_TOO_ANGLED_OR_SMALL,"Pose out of frontal band (|yaw|<=15.0, |pitch|<=15.0): yaw=-17.8, pitch=-13.6"
lfw_02286,data/raw/images/lfw_02286.jpg,FACE_TOO_ANGLED_OR_SMALL,"Pose out of frontal band (|yaw|<=15.0, |pitch|<=15.0): yaw=-43.1, pitch=-25.5"
lfw_02287,data/raw/images/lfw_02287.jpg,FACE_TOO_ANGLED_OR_SMALL,"Pose out of frontal band (|yaw|<=15.0, |pitch|<=15.0): yaw=5.6, pitch=-25.7"
lfw_02288,data/raw/images/lfw_02288.jpg,FACE_TOO_ANGLED_OR_SMALL,"Pose out of frontal band (|yaw|<=15.0, |pitch|<=15.0): yaw=34.4, pitch=-23.7"
lfw_02289,data/raw/images/lfw_02289.jpg,MULTIPLE_FACES_DETECTED,
lfw_02290,data/raw/images/lfw_02290.jpg,FACE_TOO_ANGLED_OR_SMALL,"Pose out of frontal band (|yaw|<=15.0, |pitch|<=15.0): yaw=-33.9, pitch=-27.7"
lfw_02291,data/raw/images/lfw_02291.jpg,FACE_TOO_ANGLED_OR_SMALL,"Pose out of frontal band (|yaw|<=15.0, |pitch|<=15.0): yaw=-3.6, pitch=-24.6"
lfw_02292,data/raw/images/lfw_02292.jpg,FACE_TOO_ANGLED_OR_SMALL,"Pose out of frontal band (|yaw|<=15.0, |pitch|<=15.0): yaw=-27.8, pitch=-15.7"
lfw_02293,data/raw/images/lfw_02293.jpg,FACE_TOO_ANGLED_OR_SMALL,"Pose out of frontal band (|yaw|<=15.0, |pitch|<=15.0): yaw=38.7, pitch=-19.9"
lfw_02294,data/raw/images/lfw_02294.jpg,FACE_TOO_ANGLED_OR_SMALL,"Pose out of frontal band (|yaw|<=15.0, |pitch|<=15.0): yaw=1.2, pitch=-18.4"
lfw_02295,data/raw/images/lfw_02295.jpg,FACE_TOO_ANGLED_OR_SMALL,"Pose out of frontal band (|yaw|<=15.0, |pitch|<=15.0): yaw=-13.9, pitch=-17.2"
lfw_02296,data/raw/images/lfw_02296.jpg,FACE_TOO_ANGLED_OR_SMALL,"Pose out of frontal band (|yaw|<=15.0, |pitch|<=15.0): yaw=-14.0, pitch=-16.8"
lfw_02297,data/raw/images/lfw_02297.jpg,MULTIPLE_FACES_DETECTED,
lfw_02298,data/raw/images/lfw_02298.jpg,FACE_TOO_ANGLED_OR_SMALL,"Pose out of frontal band (|yaw|<=15.0, |pitch|<=15.0): yaw=-49.3, pitch=-19.1"
lfw_02299,data/raw/images/lfw_02299.jpg,FACE_TOO_ANGLED_OR_SMALL,"Pose out of frontal band (|yaw|<=15.0, |pitch|<=15.0): yaw=20.2, pitch=-28.3"
lfw_02300,data/raw/images/lfw_02300.jpg,FACE_TOO_ANGLED_OR_SMALL,"Pose out of frontal band (|yaw|<=15.0, |pitch|<=15.0): yaw=-46.3, pitch=-30.1"
lfw_02301,data/raw/images/lfw_02301.jpg,FACE_TOO_ANGLED_OR_SMALL,"Pose out of frontal band (|yaw|<=15.0, |pitch|<=15.0): yaw=-15.0, pitch=-19.3"
lfw_02302,data/raw/images/lfw_02302.jpg,FACE_TOO_ANGLED_OR_SMALL,"Pose out of frontal band (|yaw|<=15.0, |pitch|<=15.0): yaw=-2.0, pitch=-25.7"
lfw_02303,data/raw/images/lfw_02303.jpg,FACE_TOO_ANGLED_OR_SMALL,"Pose out of frontal band (|yaw|<=15.0, |pitch|<=15.0): yaw=-8.7, pitch=-24.4"
lfw_02304,data/raw/images/lfw_02304.jpg,FACE_TOO_ANGLED_OR_SMALL,"Pose out of frontal band (|yaw|<=15.0, |pitch|<=15.0): yaw=-10.5, pitch=-25.1"
lfw_02305,data/raw/images/lfw_02305.jpg,FACE_TOO_ANGLED_OR_SMALL,"Pose out of frontal band (|yaw|<=15.0, |pitch|<=15.0): yaw=33.4, pitch=-33.5"
lfw_02306,data/raw/images/lfw_02306.jpg,FACE_TOO_ANGLED_OR_SMALL,"Pose out of frontal band (|yaw|<=15.0, |pitch|<=15.0): yaw=-53.5, pitch=-34.2"
lfw_02307,data/raw/images/lfw_02307.jpg,FACE_TOO_ANGLED_OR_SMALL,"Pose out of frontal band (|yaw|<=15.0, |pitch|<=15.0): yaw=-52.6, pitch=-34.2"
lfw_02308,data/raw/images/lfw_02308.jpg,FACE_TOO_ANGLED_OR_SMALL,"Pose out of frontal band (|yaw|<=15.0, |pitch|<=15.0): yaw=27.2, pitch=-26.4"
lfw_02309,data/raw/images/lfw_02309.jpg,FACE_TOO_ANGLED_OR_SMALL,"Pose out of frontal band (|yaw|<=15.0, |pitch|<=15.0): yaw=-21.9, pitch=-37.4"
lfw_02310,data/raw/images/lfw_02310.jpg,FACE_TOO_ANGLED_OR_SMALL,"Pose out of frontal band (|yaw|<=15.0, |pitch|<=15.0): yaw=29.1, pitch=-23.8"
lfw_02311,data/raw/images/lfw_02311.jpg,FACE_TOO_ANGLED_OR_SMALL,"Pose out of frontal band (|yaw|<=15.0, |pitch|<=15.0): yaw=-22.0, pitch=-37.1"
lfw_02312,data/raw/images/lfw_02312.jpg,FACE_TOO_ANGLED_OR_SMALL,"Pose out of frontal band (|yaw|<=15.0, |pitch|<=15.0): yaw=-32.4, pitch=-23.8"
lfw_02313,data/raw/images/lfw_02313.jpg,FACE_TOO_ANGLED_OR_SMALL,"Pose out of frontal band (|yaw|<=15.0, |pitch|<=15.0): yaw=-25.8, pitch=-35.0"
lfw_02314,data/raw/images/lfw_02314.jpg,FACE_TOO_ANGLED_OR_SMALL,"Pose out of frontal band (|yaw|<=15.0, |pitch|<=15.0): yaw=25.4, pitch=-23.8"
lfw_02315,data/raw/images/lfw_02315.jpg,FACE_TOO_ANGLED_OR_SMALL,"Pose out of frontal band (|yaw|<=15.0, |pitch|<=15.0): yaw=-56.2, pitch=-15.9"
lfw_02316,data/raw/images/lfw_02316.jpg,FACE_TOO_ANGLED_OR_SMALL,"Pose out of frontal band (|yaw|<=15.0, |pitch|<=15.0): yaw=-31.6, pitch=-58.9"
lfw_02317,data/raw/images/lfw_02317.jpg,FACE_TOO_ANGLED_OR_SMALL,"Pose out of frontal band (|yaw|<=15.0, |pitch|<=15.0): yaw=2.8, pitch=-26.1"
lfw_02318,data/raw/images/lfw_02318.jpg,FACE_TOO_ANGLED_OR_SMALL,"Pose out of frontal band (|yaw|<=15.0, |pitch|<=15.0): yaw=-55.4, pitch=-32.7"
lfw_02319,data/raw/images/lfw_02319.jpg,FACE_TOO_ANGLED_OR_SMALL,"Pose out of frontal band (|yaw|<=15.0, |pitch|<=15.0): yaw=0.8, pitch=-29.5"
lfw_02320,data/raw/images/lfw_02320.jpg,FACE_TOO_ANGLED_OR_SMALL,"Pose out of frontal band (|yaw|<=15.0, |pitch|<=15.0): yaw=1.8, pitch=-21.9"
lfw_02321,data/raw/images/lfw_02321.jpg,FACE_TOO_ANGLED_OR_SMALL,"Pose out of frontal band (|yaw|<=15.0, |pitch|<=15.0): yaw=15.1, pitch=-39.8"
lfw_02323,data/raw/images/lfw_02323.jpg,FACE_TOO_ANGLED_OR_SMALL,"Pose out of frontal band (|yaw|<=15.0, |pitch|<=15.0): yaw=33.8, pitch=1.1"
lfw_02324,data/raw/images/lfw_02324.jpg,FACE_TOO_ANGLED_OR_SMALL,"Pose out of frontal band (|yaw|<=15.0, |pitch|<=15.0): yaw=-22.4, pitch=-23.5"
lfw_02325,data/raw/images/lfw_02325.jpg,FACE_TOO_ANGLED_OR_SMALL,"Pose out of frontal band (|yaw|<=15.0, |pitch|<=15.0): yaw=23.0, pitch=-18.4"
lfw_02326,data/raw/images/lfw_02326.jpg,FACE_TOO_ANGLED_OR_SMALL,"Pose out of frontal band (|yaw|<=15.0, |pitch|<=15.0): yaw=-26.4, pitch=-26.2"
lfw_02327,data/raw/images/lfw_02327.jpg,FACE_TOO_ANGLED_OR_SMALL,"Pose out of frontal band (|yaw|<=15.0, |pitch|<=15.0): yaw=8.3, pitch=-21.9"
lfw_02328,data/raw/images/lfw_02328.jpg,FACE_TOO_ANGLED_OR_SMALL,"Pose out of frontal band (|yaw|<=15.0, |pitch|<=15.0): yaw=14.4, pitch=-17.8"
lfw_02330,data/raw/images/lfw_02330.jpg,FACE_TOO_ANGLED_OR_SMALL,"Pose out of frontal band (|yaw|<=15.0, |pitch|<=15.0): yaw=-21.7, pitch=-13.5"
lfw_02331,data/raw/images/lfw_02331.jpg,FACE_TOO_ANGLED_OR_SMALL,"Pose out of frontal band (|yaw|<=15.0, |pitch|<=15.0): yaw=-54.6, pitch=-19.6"
lfw_02332,data/raw/images/lfw_02332.jpg,FACE_TOO_ANGLED_OR_SMALL,"Pose out of frontal band (|yaw|<=15.0, |pitch|<=15.0): yaw=12.0, pitch=-29.2"
lfw_02333,data/raw/images/lfw_02333.jpg,FACE_TOO_ANGLED_OR_SMALL,"Pose out of frontal band (|yaw|<=15.0, |pitch|<=15.0): yaw=-1.2, pitch=-17.8"
lfw_02334,data/raw/images/lfw_02334.jpg,FACE_TOO_ANGLED_OR_SMALL,"Pose out of frontal band (|yaw|<=15.0, |pitch|<=15.0): yaw=18.4, pitch=-26.4"
lfw_02335,data/raw/images/lfw_02335.jpg,FACE_TOO_ANGLED_OR_SMALL,"Pose out of frontal band (|yaw|<=15.0, |pitch|<=15.0): yaw=-9.0, pitch=-28.2"
lfw_02336,data/raw/images/lfw_02336.jpg,FACE_TOO_ANGLED_OR_SMALL,"Pose out of frontal band (|yaw|<=15.0, |pitch|<=15.0): yaw=-43.2, pitch=-36.2"
lfw_02337,data/raw/images/lfw_02337.jpg,FACE_TOO_ANGLED_OR_SMALL,"Pose out of frontal band (|yaw|<=15.0, |pitch|<=15.0): yaw=-29.8, pitch=-29.6"
lfw_02338,data/raw/images/lfw_02338.jpg,FACE_TOO_ANGLED_OR_SMALL,"Pose out of frontal band (|yaw|<=15.0, |pitch|<=15.0): yaw=-26.4, pitch=-27.9"
lfw_02339,data/raw/images/lfw_02339.jpg,FACE_TOO_ANGLED_OR_SMALL,"Pose out of frontal band (|yaw|<=15.0, |pitch|<=15.0): yaw=-25.6, pitch=-23.4"
lfw_02340,data/raw/images/lfw_02340.jpg,FACE_TOO_ANGLED_OR_SMALL,"Pose out of frontal band (|yaw|<=15.0, |pitch|<=15.0): yaw=53.2, pitch=-22.9"
lfw_02341,data/raw/images/lfw_02341.jpg,FACE_TOO_ANGLED_OR_SMALL,"Pose out of frontal band (|yaw|<=15.0, |pitch|<=15.0): yaw=-20.8, pitch=-30.7"
lfw_02342,data/raw/images/lfw_02342.jpg,FACE_TOO_ANGLED_OR_SMALL,"Pose out of frontal band (|yaw|<=15.0, |pitch|<=15.0): yaw=36.6, pitch=-36.9"
lfw_02343,data/raw/images/lfw_02343.jpg,FACE_TOO_ANGLED_OR_SMALL,"Pose out of frontal band (|yaw|<=15.0, |pitch|<=15.0): yaw=11.7, pitch=-21.9"
lfw_02344,data/raw/images/lfw_02344.jpg,FACE_TOO_ANGLED_OR_SMALL,"Pose out of frontal band (|yaw|<=15.0, |pitch|<=15.0): yaw=16.3, pitch=-44.7"
lfw_02345,data/raw/images/lfw_02345.jpg,FACE_TOO_ANGLED_OR_SMALL,"Pose out of frontal band (|yaw|<=15.0, |pitch|<=15.0): yaw=20.2, pitch=-20.8"
lfw_02346,data/raw/images/lfw_02346.jpg,FACE_TOO_ANGLED_OR_SMALL,"Pose out of frontal band (|yaw|<=15.0, |pitch|<=15.0): yaw=28.5, pitch=-30.6"
lfw_02347,data/raw/images/lfw_02347.jpg,FACE_TOO_ANGLED_OR_SMALL,"Pose out of frontal band (|yaw|<=15.0, |pitch|<=15.0): yaw=25.5, pitch=-25.0"
lfw_02348,data/raw/images/lfw_02348.jpg,FACE_TOO_ANGLED_OR_SMALL,"Pose out of frontal band (|yaw|<=15.0, |pitch|<=15.0): yaw=4.7, pitch=-22.3"
lfw_02349,data/raw/images/lfw_02349.jpg,FACE_TOO_ANGLED_OR_SMALL,"Pose out of frontal band (|yaw|<=15.0, |pitch|<=15.0): yaw=7.4, pitch=-15.1"
lfw_02350,data/raw/images/lfw_02350.jpg,FACE_TOO_ANGLED_OR_SMALL,"Pose out of frontal band (|yaw|<=15.0, |pitch|<=15.0): yaw=-16.1, pitch=-27.8"
lfw_02351,data/raw/images/lfw_02351.jpg,MULTIPLE_FACES_DETECTED,
lfw_02352,data/raw/images/lfw_02352.jpg,FACE_TOO_ANGLED_OR_SMALL,"Pose out of frontal band (|yaw|<=15.0, |pitch|<=15.0): yaw=-11.9, pitch=-36.9"
lfw_02353,data/raw/images/lfw_02353.jpg,FACE_TOO_ANGLED_OR_SMALL,"Pose out of frontal band (|yaw|<=15.0, |pitch|<=15.0): yaw=15.8, pitch=-21.8"
lfw_02355,data/raw/images/lfw_02355.jpg,FACE_TOO_ANGLED_OR_SMALL,"Pose out of frontal band (|yaw|<=15.0, |pitch|<=15.0): yaw=45.3, pitch=-20.7"
lfw_02356,data/raw/images/lfw_02356.jpg,FACE_TOO_ANGLED_OR_SMALL,"Pose out of frontal band (|yaw|<=15.0, |pitch|<=15.0): yaw=16.1, pitch=-16.6"
lfw_02357,data/raw/images/lfw_02357.jpg,FACE_TOO_ANGLED_OR_SMALL,"Pose out of frontal band (|yaw|<=15.0, |pitch|<=15.0): yaw=-23.4, pitch=-22.5"
lfw_02358,data/raw/images/lfw_02358.jpg,FACE_TOO_ANGLED_OR_SMALL,"Pose out of frontal band (|yaw|<=15.0, |pitch|<=15.0): yaw=-8.0, pitch=-21.6"
lfw_02359,data/raw/images/lfw_02359.jpg,FACE_TOO_ANGLED_OR_SMALL,"Pose out of frontal band (|yaw|<=15.0, |pitch|<=15.0): yaw=-6.2, pitch=-25.9"
lfw_02360,data/raw/images/lfw_02360.jpg,FACE_TOO_ANGLED_OR_SMALL,"Pose out of frontal band (|yaw|<=15.0, |pitch|<=15.0): yaw=-62.6, pitch=-32.9"
lfw_02361,data/raw/images/lfw_02361.jpg,FACE_TOO_ANGLED_OR_SMALL,"Pose out of frontal band (|yaw|<=15.0, |pitch|<=15.0): yaw=-13.2, pitch=-20.5"
lfw_02363,data/raw/images/lfw_02363.jpg,FACE_TOO_ANGLED_OR_SMALL,"Pose out of frontal band (|yaw|<=15.0, |pitch|<=15.0): yaw=21.0, pitch=-11.0"
lfw_02364,data/raw/images/lfw_02364.jpg,FACE_TOO_ANGLED_OR_SMALL,"Pose out of frontal band (|yaw|<=15.0, |pitch|<=15.0): yaw=-34.7, pitch=-24.9"
lfw_02365,data/raw/images/lfw_02365.jpg,MULTIPLE_FACES_DETECTED,
lfw_02366,data/raw/images/lfw_02366.jpg,FACE_TOO_ANGLED_OR_SMALL,"Pose out of frontal band (|yaw|<=15.0, |pitch|<=15.0): yaw=1.7, pitch=-17.0"
lfw_02367,data/raw/images/lfw_02367.jpg,FACE_TOO_ANGLED_OR_SMALL,"Pose out of frontal band (|yaw|<=15.0, |pitch|<=15.0): yaw=-26.3, pitch=-25.7"
lfw_02369,data/raw/images/lfw_02369.jpg,MULTIPLE_FACES_DETECTED,
lfw_02370,data/raw/images/lfw_02370.jpg,FACE_TOO_ANGLED_OR_SMALL,"Pose out of frontal band (|yaw|<=15.0, |pitch|<=15.0): yaw=47.1, pitch=-21.4"
lfw_02371,data/raw/images/lfw_02371.jpg,FACE_TOO_ANGLED_OR_SMALL,"Pose out of frontal band (|yaw|<=15.0, |pitch|<=15.0): yaw=50.5, pitch=-9.7"
lfw_02372,data/raw/images/lfw_02372.jpg,FACE_TOO_ANGLED_OR_SMALL,"Pose out of frontal band (|yaw|<=15.0, |pitch|<=15.0): yaw=43.6, pitch=-20.9"
lfw_02373,data/raw/images/lfw_02373.jpg,FACE_TOO_ANGLED_OR_SMALL,"Pose out of frontal band (|yaw|<=15.0, |pitch|<=15.0): yaw=21.1, pitch=-22.0"
lfw_02374,data/raw/images/lfw_02374.jpg,FACE_TOO_ANGLED_OR_SMALL,"Pose out of frontal band (|yaw|<=15.0, |pitch|<=15.0): yaw=39.0, pitch=-20.0"
lfw_02375,data/raw/images/lfw_02375.jpg,FACE_TOO_ANGLED_OR_SMALL,"Pose out of frontal band (|yaw|<=15.0, |pitch|<=15.0): yaw=34.2, pitch=-16.3"
lfw_02376,data/raw/images/lfw_02376.jpg,FACE_TOO_ANGLED_OR_SMALL,"Pose out of frontal band (|yaw|<=15.0, |pitch|<=15.0): yaw=29.8, pitch=-24.1"
lfw_02377,data/raw/images/lfw_02377.jpg,FACE_TOO_ANGLED_OR_SMALL,"Pose out of frontal band (|yaw|<=15.0, |pitch|<=15.0): yaw=-36.5, pitch=-19.4"
lfw_02378,data/raw/images/lfw_02378.jpg,FACE_TOO_ANGLED_OR_SMALL,"Pose out of frontal band (|yaw|<=15.0, |pitch|<=15.0): yaw=-14.3, pitch=-21.7"
lfw_02379,data/raw/images/lfw_02379.jpg,FACE_TOO_ANGLED_OR_SMALL,"Pose out of frontal band (|yaw|<=15.0, |pitch|<=15.0): yaw=-27.4, pitch=-21.1"
lfw_02380,data/raw/images/lfw_02380.jpg,FACE_TOO_ANGLED_OR_SMALL,"Pose out of frontal band (|yaw|<=15.0, |pitch|<=15.0): yaw=-37.2, pitch=-21.4"
lfw_02381,data/raw/images/lfw_02381.jpg,FACE_TOO_ANGLED_OR_SMALL,"Pose out of frontal band (|yaw|<=15.0, |pitch|<=15.0): yaw=-17.7, pitch=-29.8"
lfw_02382,data/raw/images/lfw_02382.jpg,FACE_TOO_ANGLED_OR_SMALL,"Pose out of frontal band (|yaw|<=15.0, |pitch|<=15.0): yaw=-5.7, pitch=-26.5"
lfw_02383,data/raw/images/lfw_02383.jpg,FACE_TOO_ANGLED_OR_SMALL,"Pose out of frontal band (|yaw|<=15.0, |pitch|<=15.0): yaw=8.0, pitch=-23.3"
lfw_02384,data/raw/images/lfw_02384.jpg,FACE_TOO_ANGLED_OR_SMALL,"Pose out of frontal band (|yaw|<=15.0, |pitch|<=15.0): yaw=36.7, pitch=-21.8"
lfw_02386,data/raw/images/lfw_02386.jpg,FACE_TOO_ANGLED_OR_SMALL,"Pose out of frontal band (|yaw|<=15.0, |pitch|<=15.0): yaw=-8.1, pitch=-24.1"
lfw_02387,data/raw/images/lfw_02387.jpg,FACE_TOO_ANGLED_OR_SMALL,"Pose out of frontal band (|yaw|<=15.0, |pitch|<=15.0): yaw=14.2, pitch=-22.4"
lfw_02388,data/raw/images/lfw_02388.jpg,FACE_TOO_ANGLED_OR_SMALL,"Pose out of frontal band (|yaw|<=15.0, |pitch|<=15.0): yaw=30.3, pitch=-11.8"
lfw_02391,data/raw/images/lfw_02391.jpg,MULTIPLE_FACES_DETECTED,
lfw_02392,data/raw/images/lfw_02392.jpg,FACE_TOO_ANGLED_OR_SMALL,"Pose out of frontal band (|yaw|<=15.0, |pitch|<=15.0): yaw=8.5, pitch=-27.2"
lfw_02394,data/raw/images/lfw_02394.jpg,FACE_TOO_ANGLED_OR_SMALL,"Pose out of frontal band (|yaw|<=15.0, |pitch|<=15.0): yaw=21.3, pitch=-4.3"
lfw_02395,data/raw/images/lfw_02395.jpg,FACE_TOO_ANGLED_OR_SMALL,"Pose out of frontal band (|yaw|<=15.0, |pitch|<=15.0): yaw=-13.2, pitch=-21.6"
lfw_02396,data/raw/images/lfw_02396.jpg,FACE_TOO_ANGLED_OR_SMALL,"Pose out of frontal band (|yaw|<=15.0, |pitch|<=15.0): yaw=-2.1, pitch=-25.9"
lfw_02397,data/raw/images/lfw_02397.jpg,FACE_TOO_ANGLED_OR_SMALL,"Pose out of frontal band (|yaw|<=15.0, |pitch|<=15.0): yaw=25.2, pitch=-19.5"
lfw_02398,data/raw/images/lfw_02398.jpg,FACE_TOO_ANGLED_OR_SMALL,"Pose out of frontal band (|yaw|<=15.0, |pitch|<=15.0): yaw=-24.4, pitch=-24.6"
lfw_02399,data/raw/images/lfw_02399.jpg,FACE_TOO_ANGLED_OR_SMALL,"Pose out of frontal band (|yaw|<=15.0, |pitch|<=15.0): yaw=26.3, pitch=-24.9"
lfw_02400,data/raw/images/lfw_02400.jpg,MULTIPLE_FACES_DETECTED,
lfw_02401,data/raw/images/lfw_02401.jpg,FACE_TOO_ANGLED_OR_SMALL,"Pose out of frontal band (|yaw|<=15.0, |pitch|<=15.0): yaw=21.4, pitch=-16.4"
lfw_02403,data/raw/images/lfw_02403.jpg,FACE_TOO_ANGLED_OR_SMALL,"Pose out of frontal band (|yaw|<=15.0, |pitch|<=15.0): yaw=-38.8, pitch=-22.1"
lfw_02404,data/raw/images/lfw_02404.jpg,FACE_TOO_ANGLED_OR_SMALL,"Pose out of frontal band (|yaw|<=15.0, |pitch|<=15.0): yaw=-16.1, pitch=-18.4"
lfw_02405,data/raw/images/lfw_02405.jpg,FACE_TOO_ANGLED_OR_SMALL,"Pose out of frontal band (|yaw|<=15.0, |pitch|<=15.0): yaw=2.6, pitch=-41.1"
lfw_02406,data/raw/images/lfw_02406.jpg,FACE_TOO_ANGLED_OR_SMALL,"Pose out of frontal band (|yaw|<=15.0, |pitch|<=15.0): yaw=-10.7, pitch=-25.8"
lfw_02407,data/raw/images/lfw_02407.jpg,FACE_TOO_ANGLED_OR_SMALL,"Pose out of frontal band (|yaw|<=15.0, |pitch|<=15.0): yaw=42.4, pitch=-25.8"
lfw_02408,data/raw/images/lfw_02408.jpg,FACE_TOO_ANGLED_OR_SMALL,"Pose out of frontal band (|yaw|<=15.0, |pitch|<=15.0): yaw=19.0, pitch=-20.5"
lfw_02409,data/raw/images/lfw_02409.jpg,FACE_TOO_ANGLED_OR_SMALL,"Pose out of frontal band (|yaw|<=15.0, |pitch|<=15.0): yaw=30.8, pitch=-24.9"
lfw_02410,data/raw/images/lfw_02410.jpg,FACE_TOO_ANGLED_OR_SMALL,"Pose out of frontal band (|yaw|<=15.0, |pitch|<=15.0): yaw=-1.4, pitch=-19.5"
lfw_02411,data/raw/images/lfw_02411.jpg,MULTIPLE_FACES_DETECTED,
lfw_02412,data/raw/images/lfw_02412.jpg,FACE_TOO_ANGLED_OR_SMALL,"Pose out of frontal band (|yaw|<=15.0, |pitch|<=15.0): yaw=16.0, pitch=-27.9"
lfw_02413,data/raw/images/lfw_02413.jpg,FACE_TOO_ANGLED_OR_SMALL,"Pose out of frontal band (|yaw|<=15.0, |pitch|<=15.0): yaw=14.0, pitch=-23.9"
lfw_02414,data/raw/images/lfw_02414.jpg,FACE_TOO_ANGLED_OR_SMALL,"Pose out of frontal band (|yaw|<=15.0, |pitch|<=15.0): yaw=-8.7, pitch=-38.7"
lfw_02415,data/raw/images/lfw_02415.jpg,FACE_TOO_ANGLED_OR_SMALL,"Pose out of frontal band (|yaw|<=15.0, |pitch|<=15.0): yaw=-0.7, pitch=-19.9"
lfw_02416,data/raw/images/lfw_02416.jpg,FACE_TOO_ANGLED_OR_SMALL,"Pose out of frontal band (|yaw|<=15.0, |pitch|<=15.0): yaw=13.7, pitch=-25.8"
lfw_02417,data/raw/images/lfw_02417.jpg,FACE_TOO_ANGLED_OR_SMALL,"Pose out of frontal band (|yaw|<=15.0, |pitch|<=15.0): yaw=-36.5, pitch=-9.0"
lfw_02418,data/raw/images/lfw_02418.jpg,FACE_TOO_ANGLED_OR_SMALL,"Pose out of frontal band (|yaw|<=15.0, |pitch|<=15.0): yaw=-40.8, pitch=-11.3"
lfw_02419,data/raw/images/lfw_02419.jpg,FACE_TOO_ANGLED_OR_SMALL,"Pose out of frontal band (|yaw|<=15.0, |pitch|<=15.0): yaw=-33.0, pitch=-19.5"
lfw_02421,data/raw/images/lfw_02421.jpg,MULTIPLE_FACES_DETECTED,
lfw_02422,data/raw/images/lfw_02422.jpg,FACE_TOO_ANGLED_OR_SMALL,"Pose out of frontal band (|yaw|<=15.0, |pitch|<=15.0): yaw=-69.7, pitch=-34.2"
lfw_02423,data/raw/images/lfw_02423.jpg,FACE_TOO_ANGLED_OR_SMALL,"Pose out of frontal band (|yaw|<=15.0, |pitch|<=15.0): yaw=17.4, pitch=-30.2"
lfw_02424,data/raw/images/lfw_02424.jpg,FACE_TOO_ANGLED_OR_SMALL,"Pose out of frontal band (|yaw|<=15.0, |pitch|<=15.0): yaw=22.9, pitch=-15.2"
lfw_02425,data/raw/images/lfw_02425.jpg,FACE_TOO_ANGLED_OR_SMALL,"Pose out of frontal band (|yaw|<=15.0, |pitch|<=15.0): yaw=-3.2, pitch=-21.2"
lfw_02427,data/raw/images/lfw_02427.jpg,FACE_TOO_ANGLED_OR_SMALL,"Pose out of frontal band (|yaw|<=15.0, |pitch|<=15.0): yaw=-59.0, pitch=-16.8"
lfw_02428,data/raw/images/lfw_02428.jpg,FACE_TOO_ANGLED_OR_SMALL,"Pose out of frontal band (|yaw|<=15.0, |pitch|<=15.0): yaw=71.2, pitch=-9.6"
lfw_02429,data/raw/images/lfw_02429.jpg,FACE_TOO_ANGLED_OR_SMALL,"Pose out of frontal band (|yaw|<=15.0, |pitch|<=15.0): yaw=-29.2, pitch=-20.0"
lfw_02430,data/raw/images/lfw_02430.jpg,FACE_TOO_ANGLED_OR_SMALL,"Pose out of frontal band (|yaw|<=15.0, |pitch|<=15.0): yaw=9.9, pitch=-26.1"
lfw_02432,data/raw/images/lfw_02432.jpg,FACE_TOO_ANGLED_OR_SMALL,"Pose out of frontal band (|yaw|<=15.0, |pitch|<=15.0): yaw=-13.3, pitch=-24.4"
lfw_02433,data/raw/images/lfw_02433.jpg,FACE_TOO_ANGLED_OR_SMALL,"Pose out of frontal band (|yaw|<=15.0, |pitch|<=15.0): yaw=19.8, pitch=-26.6"
lfw_02434,data/raw/images/lfw_02434.jpg,FACE_TOO_ANGLED_OR_SMALL,"Pose out of frontal band (|yaw|<=15.0, |pitch|<=15.0): yaw=24.9, pitch=-24.4"
lfw_02435,data/raw/images/lfw_02435.jpg,FACE_TOO_ANGLED_OR_SMALL,"Pose out of frontal band (|yaw|<=15.0, |pitch|<=15.0): yaw=70.8, pitch=-28.4"
lfw_02436,data/raw/images/lfw_02436.jpg,FACE_TOO_ANGLED_OR_SMALL,"Pose out of frontal band (|yaw|<=15.0, |pitch|<=15.0): yaw=-36.7, pitch=-24.8"
lfw_02437,data/raw/images/lfw_02437.jpg,FACE_TOO_ANGLED_OR_SMALL,"Pose out of frontal band (|yaw|<=15.0, |pitch|<=15.0): yaw=-28.2, pitch=-14.9"
lfw_02438,data/raw/images/lfw_02438.jpg,FACE_TOO_ANGLED_OR_SMALL,"Pose out of frontal band (|yaw|<=15.0, |pitch|<=15.0): yaw=3.4, pitch=-46.1"
lfw_02439,data/raw/images/lfw_02439.jpg,FACE_TOO_ANGLED_OR_SMALL,"Pose out of frontal band (|yaw|<=15.0, |pitch|<=15.0): yaw=-12.8, pitch=-39.9"
lfw_02440,data/raw/images/lfw_02440.jpg,FACE_TOO_ANGLED_OR_SMALL,"Pose out of frontal band (|yaw|<=15.0, |pitch|<=15.0): yaw=18.0, pitch=-9.8"
lfw_02441,data/raw/images/lfw_02441.jpg,FACE_TOO_ANGLED_OR_SMALL,"Pose out of frontal band (|yaw|<=15.0, |pitch|<=15.0): yaw=19.5, pitch=-5.2"
lfw_02442,data/raw/images/lfw_02442.jpg,FACE_TOO_ANGLED_OR_SMALL,"Pose out of frontal band (|yaw|<=15.0, |pitch|<=15.0): yaw=-14.4, pitch=-30.9"
lfw_02443,data/raw/images/lfw_02443.jpg,FACE_TOO_ANGLED_OR_SMALL,"Pose out of frontal band (|yaw|<=15.0, |pitch|<=15.0): yaw=23.0, pitch=-23.9"
lfw_02444,data/raw/images/lfw_02444.jpg,FACE_TOO_ANGLED_OR_SMALL,"Pose out of frontal band (|yaw|<=15.0, |pitch|<=15.0): yaw=3.8, pitch=-20.9"
lfw_02445,data/raw/images/lfw_02445.jpg,FACE_TOO_ANGLED_OR_SMALL,"Pose out of frontal band (|yaw|<=15.0, |pitch|<=15.0): yaw=19.7, pitch=-19.0"
lfw_02446,data/raw/images/lfw_02446.jpg,FACE_TOO_ANGLED_OR_SMALL,"Pose out of frontal band (|yaw|<=15.0, |pitch|<=15.0): yaw=68.1, pitch=-16.5"
lfw_02447,data/raw/images/lfw_02447.jpg,FACE_TOO_ANGLED_OR_SMALL,"Pose out of frontal band (|yaw|<=15.0, |pitch|<=15.0): yaw=1.2, pitch=-24.7"
lfw_02448,data/raw/images/lfw_02448.jpg,FACE_TOO_ANGLED_OR_SMALL,"Pose out of frontal band (|yaw|<=15.0, |pitch|<=15.0): yaw=-19.9, pitch=-23.5"
lfw_02449,data/raw/images/lfw_02449.jpg,FACE_TOO_ANGLED_OR_SMALL,"Pose out of frontal band (|yaw|<=15.0, |pitch|<=15.0): yaw=31.9, pitch=-28.0"
lfw_02450,data/raw/images/lfw_02450.jpg,MULTIPLE_FACES_DETECTED,
lfw_02451,data/raw/images/lfw_02451.jpg,MULTIPLE_FACES_DETECTED,
lfw_02452,data/raw/images/lfw_02452.jpg,FACE_TOO_ANGLED_OR_SMALL,"Pose out of frontal band (|yaw|<=15.0, |pitch|<=15.0): yaw=43.4, pitch=-20.2"
lfw_02453,data/raw/images/lfw_02453.jpg,FACE_TOO_ANGLED_OR_SMALL,"Pose out of frontal band (|yaw|<=15.0, |pitch|<=15.0): yaw=41.0, pitch=-30.0"
lfw_02454,data/raw/images/lfw_02454.jpg,FACE_TOO_ANGLED_OR_SMALL,"Pose out of frontal band (|yaw|<=15.0, |pitch|<=15.0): yaw=8.7, pitch=-24.0"
lfw_02455,data/raw/images/lfw_02455.jpg,FACE_TOO_ANGLED_OR_SMALL,"Pose out of frontal band (|yaw|<=15.0, |pitch|<=15.0): yaw=39.2, pitch=-2.6"
lfw_02456,data/raw/images/lfw_02456.jpg,FACE_TOO_ANGLED_OR_SMALL,"Pose out of frontal band (|yaw|<=15.0, |pitch|<=15.0): yaw=15.9, pitch=-16.1"
lfw_02457,data/raw/images/lfw_02457.jpg,FACE_TOO_ANGLED_OR_SMALL,"Pose out of frontal band (|yaw|<=15.0, |pitch|<=15.0): yaw=13.6, pitch=-32.5"
lfw_02458,data/raw/images/lfw_02458.jpg,FACE_TOO_ANGLED_OR_SMALL,"Pose out of frontal band (|yaw|<=15.0, |pitch|<=15.0): yaw=-56.2, pitch=-21.1"
lfw_02459,data/raw/images/lfw_02459.jpg,FACE_TOO_ANGLED_OR_SMALL,"Pose out of frontal band (|yaw|<=15.0, |pitch|<=15.0): yaw=-44.7, pitch=-20.3"
lfw_02460,data/raw/images/lfw_02460.jpg,FACE_TOO_ANGLED_OR_SMALL,"Pose out of frontal band (|yaw|<=15.0, |pitch|<=15.0): yaw=17.4, pitch=-19.1"
lfw_02461,data/raw/images/lfw_02461.jpg,FACE_TOO_ANGLED_OR_SMALL,"Pose out of frontal band (|yaw|<=15.0, |pitch|<=15.0): yaw=-4.3, pitch=-18.9"
lfw_02462,data/raw/images/lfw_02462.jpg,FACE_TOO_ANGLED_OR_SMALL,"Pose out of frontal band (|yaw|<=15.0, |pitch|<=15.0): yaw=-15.6, pitch=-22.5"
lfw_02463,data/raw/images/lfw_02463.jpg,FACE_TOO_ANGLED_OR_SMALL,"Pose out of frontal band (|yaw|<=15.0, |pitch|<=15.0): yaw=5.2, pitch=-31.5"
lfw_02464,data/raw/images/lfw_02464.jpg,FACE_TOO_ANGLED_OR_SMALL,"Pose out of frontal band (|yaw|<=15.0, |pitch|<=15.0): yaw=-3.5, pitch=-22.2"
lfw_02465,data/raw/images/lfw_02465.jpg,FACE_TOO_ANGLED_OR_SMALL,"Pose out of frontal band (|yaw|<=15.0, |pitch|<=15.0): yaw=22.0, pitch=-41.4"
lfw_02466,data/raw/images/lfw_02466.jpg,MULTIPLE_FACES_DETECTED,
lfw_02467,data/raw/images/lfw_02467.jpg,FACE_TOO_ANGLED_OR_SMALL,"Pose out of frontal band (|yaw|<=15.0, |pitch|<=15.0): yaw=-15.4, pitch=-24.0"
lfw_02468,data/raw/images/lfw_02468.jpg,FACE_TOO_ANGLED_OR_SMALL,"Pose out of frontal band (|yaw|<=15.0, |pitch|<=15.0): yaw=-33.1, pitch=-26.0"
lfw_02469,data/raw/images/lfw_02469.jpg,MULTIPLE_FACES_DETECTED,
lfw_02470,data/raw/images/lfw_02470.jpg,FACE_TOO_ANGLED_OR_SMALL,"Pose out of frontal band (|yaw|<=15.0, |pitch|<=15.0): yaw=30.9, pitch=-12.2"
lfw_02471,data/raw/images/lfw_02471.jpg,FACE_TOO_ANGLED_OR_SMALL,"Pose out of frontal band (|yaw|<=15.0, |pitch|<=15.0): yaw=-3.8, pitch=-17.8"
lfw_02472,data/raw/images/lfw_02472.jpg,FACE_TOO_ANGLED_OR_SMALL,"Pose out of frontal band (|yaw|<=15.0, |pitch|<=15.0): yaw=35.1, pitch=-7.7"
lfw_02473,data/raw/images/lfw_02473.jpg,FACE_TOO_ANGLED_OR_SMALL,"Pose out of frontal band (|yaw|<=15.0, |pitch|<=15.0): yaw=-2.0, pitch=-30.3"
lfw_02475,data/raw/images/lfw_02475.jpg,MULTIPLE_FACES_DETECTED,
lfw_02476,data/raw/images/lfw_02476.jpg,FACE_TOO_ANGLED_OR_SMALL,"Pose out of frontal band (|yaw|<=15.0, |pitch|<=15.0): yaw=-68.8, pitch=-12.8"
lfw_02477,data/raw/images/lfw_02477.jpg,FACE_TOO_ANGLED_OR_SMALL,"Pose out of frontal band (|yaw|<=15.0, |pitch|<=15.0): yaw=-5.0, pitch=-34.8"
lfw_02478,data/raw/images/lfw_02478.jpg,MULTIPLE_FACES_DETECTED,
lfw_02479,data/raw/images/lfw_02479.jpg,FACE_TOO_ANGLED_OR_SMALL,"Pose out of frontal band (|yaw|<=15.0, |pitch|<=15.0): yaw=-38.6, pitch=-15.3"
lfw_02480,data/raw/images/lfw_02480.jpg,FACE_TOO_ANGLED_OR_SMALL,"Pose out of frontal band (|yaw|<=15.0, |pitch|<=15.0): yaw=-26.5, pitch=-37.0"
lfw_02481,data/raw/images/lfw_02481.jpg,FACE_TOO_ANGLED_OR_SMALL,"Pose out of frontal band (|yaw|<=15.0, |pitch|<=15.0): yaw=-18.1, pitch=-20.1"
lfw_02482,data/raw/images/lfw_02482.jpg,FACE_TOO_ANGLED_OR_SMALL,"Pose out of frontal band (|yaw|<=15.0, |pitch|<=15.0): yaw=15.8, pitch=-44.2"
lfw_02483,data/raw/images/lfw_02483.jpg,FACE_TOO_ANGLED_OR_SMALL,"Pose out of frontal band (|yaw|<=15.0, |pitch|<=15.0): yaw=-22.8, pitch=-17.3"
lfw_02484,data/raw/images/lfw_02484.jpg,FACE_TOO_ANGLED_OR_SMALL,"Pose out of frontal band (|yaw|<=15.0, |pitch|<=15.0): yaw=8.4, pitch=-40.7"
lfw_02487,data/raw/images/lfw_02487.jpg,FACE_TOO_ANGLED_OR_SMALL,"Pose out of frontal band (|yaw|<=15.0, |pitch|<=15.0): yaw=32.5, pitch=-32.3"
lfw_02488,data/raw/images/lfw_02488.jpg,FACE_TOO_ANGLED_OR_SMALL,"Pose out of frontal band (|yaw|<=15.0, |pitch|<=15.0): yaw=-18.4, pitch=-33.9"
lfw_02490,data/raw/images/lfw_02490.jpg,FACE_TOO_ANGLED_OR_SMALL,"Pose out of frontal band (|yaw|<=15.0, |pitch|<=15.0): yaw=62.0, pitch=-8.5"
lfw_02491,data/raw/images/lfw_02491.jpg,FACE_TOO_ANGLED_OR_SMALL,"Pose out of frontal band (|yaw|<=15.0, |pitch|<=15.0): yaw=14.9, pitch=-27.9"
lfw_02492,data/raw/images/lfw_02492.jpg,FACE_TOO_ANGLED_OR_SMALL,"Pose out of frontal band (|yaw|<=15.0, |pitch|<=15.0): yaw=-15.4, pitch=-18.7"
lfw_02493,data/raw/images/lfw_02493.jpg,FACE_TOO_ANGLED_OR_SMALL,"Pose out of frontal band (|yaw|<=15.0, |pitch|<=15.0): yaw=-11.0, pitch=-17.7"
lfw_02494,data/raw/images/lfw_02494.jpg,FACE_TOO_ANGLED_OR_SMALL,"Pose out of frontal band (|yaw|<=15.0, |pitch|<=15.0): yaw=-27.8, pitch=-10.5"
lfw_02495,data/raw/images/lfw_02495.jpg,FACE_TOO_ANGLED_OR_SMALL,"Pose out of frontal band (|yaw|<=15.0, |pitch|<=15.0): yaw=-28.5, pitch=-8.0"
lfw_02496,data/raw/images/lfw_02496.jpg,FACE_TOO_ANGLED_OR_SMALL,"Pose out of frontal band (|yaw|<=15.0, |pitch|<=15.0): yaw=36.5, pitch=-2.4"
lfw_02497,data/raw/images/lfw_02497.jpg,FACE_TOO_ANGLED_OR_SMALL,"Pose out of frontal band (|yaw|<=15.0, |pitch|<=15.0): yaw=32.6, pitch=-13.3"
lfw_02498,data/raw/images/lfw_02498.jpg,FACE_TOO_ANGLED_OR_SMALL,"Pose out of frontal band (|yaw|<=15.0, |pitch|<=15.0): yaw=-14.7, pitch=-25.5"
lfw_02499,data/raw/images/lfw_02499.jpg,FACE_TOO_ANGLED_OR_SMALL,"Pose out of frontal band (|yaw|<=15.0, |pitch|<=15.0): yaw=53.5, pitch=-39.0"
lfw_02500,data/raw/images/lfw_02500.jpg,MULTIPLE_FACES_DETECTED,
lfw_02501,data/raw/images/lfw_02501.jpg,FACE_TOO_ANGLED_OR_SMALL,"Pose out of frontal band (|yaw|<=15.0, |pitch|<=15.0): yaw=18.0, pitch=-10.2"
lfw_02502,data/raw/images/lfw_02502.jpg,FACE_TOO_ANGLED_OR_SMALL,"Pose out of frontal band (|yaw|<=15.0, |pitch|<=15.0): yaw=-17.1, pitch=-37.2"
lfw_02503,data/raw/images/lfw_02503.jpg,FACE_TOO_ANGLED_OR_SMALL,"Pose out of frontal band (|yaw|<=15.0, |pitch|<=15.0): yaw=-10.8, pitch=-49.5"
lfw_02504,data/raw/images/lfw_02504.jpg,MULTIPLE_FACES_DETECTED,
lfw_02505,data/raw/images/lfw_02505.jpg,FACE_TOO_ANGLED_OR_SMALL,"Pose out of frontal band (|yaw|<=15.0, |pitch|<=15.0): yaw=-13.8, pitch=-32.7"
lfw_02506,data/raw/images/lfw_02506.jpg,FACE_TOO_ANGLED_OR_SMALL,"Pose out of frontal band (|yaw|<=15.0, |pitch|<=15.0): yaw=38.3, pitch=-42.1"
lfw_02507,data/raw/images/lfw_02507.jpg,FACE_TOO_ANGLED_OR_SMALL,"Pose out of frontal band (|yaw|<=15.0, |pitch|<=15.0): yaw=0.5, pitch=-29.4"
lfw_02508,data/raw/images/lfw_02508.jpg,FACE_TOO_ANGLED_OR_SMALL,"Pose out of frontal band (|yaw|<=15.0, |pitch|<=15.0): yaw=-13.2, pitch=-29.5"
lfw_02509,data/raw/images/lfw_02509.jpg,FACE_TOO_ANGLED_OR_SMALL,"Pose out of frontal band (|yaw|<=15.0, |pitch|<=15.0): yaw=-9.7, pitch=-31.4"
lfw_02510,data/raw/images/lfw_02510.jpg,FACE_TOO_ANGLED_OR_SMALL,"Pose out of frontal band (|yaw|<=15.0, |pitch|<=15.0): yaw=-37.1, pitch=-26.3"
lfw_02511,data/raw/images/lfw_02511.jpg,FACE_TOO_ANGLED_OR_SMALL,"Pose out of frontal band (|yaw|<=15.0, |pitch|<=15.0): yaw=-29.6, pitch=-24.6"
lfw_02512,data/raw/images/lfw_02512.jpg,FACE_TOO_ANGLED_OR_SMALL,"Pose out of frontal band (|yaw|<=15.0, |pitch|<=15.0): yaw=-11.4, pitch=-22.2"
lfw_02513,data/raw/images/lfw_02513.jpg,FACE_TOO_ANGLED_OR_SMALL,"Pose out of frontal band (|yaw|<=15.0, |pitch|<=15.0): yaw=-33.2, pitch=-15.2"
lfw_02514,data/raw/images/lfw_02514.jpg,FACE_TOO_ANGLED_OR_SMALL,"Pose out of frontal band (|yaw|<=15.0, |pitch|<=15.0): yaw=-31.0, pitch=-15.7"
lfw_02515,data/raw/images/lfw_02515.jpg,FACE_TOO_ANGLED_OR_SMALL,"Pose out of frontal band (|yaw|<=15.0, |pitch|<=15.0): yaw=-7.5, pitch=-24.7"
lfw_02516,data/raw/images/lfw_02516.jpg,FACE_TOO_ANGLED_OR_SMALL,"Pose out of frontal band (|yaw|<=15.0, |pitch|<=15.0): yaw=-23.1, pitch=-36.2"
lfw_02517,data/raw/images/lfw_02517.jpg,FACE_TOO_ANGLED_OR_SMALL,"Pose out of frontal band (|yaw|<=15.0, |pitch|<=15.0): yaw=-26.0, pitch=-24.1"
lfw_02518,data/raw/images/lfw_02518.jpg,FACE_TOO_ANGLED_OR_SMALL,"Pose out of frontal band (|yaw|<=15.0, |pitch|<=15.0): yaw=-5.0, pitch=-40.3"
lfw_02519,data/raw/images/lfw_02519.jpg,MULTIPLE_FACES_DETECTED,
lfw_02520,data/raw/images/lfw_02520.jpg,FACE_TOO_ANGLED_OR_SMALL,"Pose out of frontal band (|yaw|<=15.0, |pitch|<=15.0): yaw=4.3, pitch=-23.0"
lfw_02521,data/raw/images/lfw_02521.jpg,FACE_TOO_ANGLED_OR_SMALL,"Pose out of frontal band (|yaw|<=15.0, |pitch|<=15.0): yaw=-8.3, pitch=-26.7"
lfw_02522,data/raw/images/lfw_02522.jpg,FACE_TOO_ANGLED_OR_SMALL,"Pose out of frontal band (|yaw|<=15.0, |pitch|<=15.0): yaw=-27.0, pitch=-11.8"
lfw_02524,data/raw/images/lfw_02524.jpg,FACE_TOO_ANGLED_OR_SMALL,"Pose out of frontal band (|yaw|<=15.0, |pitch|<=15.0): yaw=-36.1, pitch=4.2"
lfw_02525,data/raw/images/lfw_02525.jpg,FACE_TOO_ANGLED_OR_SMALL,"Pose out of frontal band (|yaw|<=15.0, |pitch|<=15.0): yaw=-25.2, pitch=-21.8"
lfw_02526,data/raw/images/lfw_02526.jpg,MULTIPLE_FACES_DETECTED,
lfw_02527,data/raw/images/lfw_02527.jpg,MULTIPLE_FACES_DETECTED,
lfw_02528,data/raw/images/lfw_02528.jpg,FACE_TOO_ANGLED_OR_SMALL,"Pose out of frontal band (|yaw|<=15.0, |pitch|<=15.0): yaw=6.1, pitch=-18.6"
lfw_02529,data/raw/images/lfw_02529.jpg,FACE_TOO_ANGLED_OR_SMALL,"Pose out of frontal band (|yaw|<=15.0, |pitch|<=15.0): yaw=-12.1, pitch=-17.9"
lfw_02530,data/raw/images/lfw_02530.jpg,FACE_TOO_ANGLED_OR_SMALL,"Pose out of frontal band (|yaw|<=15.0, |pitch|<=15.0): yaw=-17.7, pitch=-13.0"
lfw_02531,data/raw/images/lfw_02531.jpg,MULTIPLE_FACES_DETECTED,
lfw_02532,data/raw/images/lfw_02532.jpg,FACE_TOO_ANGLED_OR_SMALL,"Pose out of frontal band (|yaw|<=15.0, |pitch|<=15.0): yaw=35.2, pitch=-14.6"
lfw_02533,data/raw/images/lfw_02533.jpg,FACE_TOO_ANGLED_OR_SMALL,"Pose out of frontal band (|yaw|<=15.0, |pitch|<=15.0): yaw=-12.3, pitch=-18.6"
lfw_02534,data/raw/images/lfw_02534.jpg,FACE_TOO_ANGLED_OR_SMALL,"Pose out of frontal band (|yaw|<=15.0, |pitch|<=15.0): yaw=14.3, pitch=-23.2"
lfw_02535,data/raw/images/lfw_02535.jpg,FACE_TOO_ANGLED_OR_SMALL,"Pose out of frontal band (|yaw|<=15.0, |pitch|<=15.0): yaw=-5.8, pitch=-60.4"
lfw_02536,data/raw/images/lfw_02536.jpg,FACE_TOO_ANGLED_OR_SMALL,"Pose out of frontal band (|yaw|<=15.0, |pitch|<=15.0): yaw=9.3, pitch=-43.8"
lfw_02537,data/raw/images/lfw_02537.jpg,MULTIPLE_FACES_DETECTED,
lfw_02538,data/raw/images/lfw_02538.jpg,FACE_TOO_ANGLED_OR_SMALL,"Pose out of frontal band (|yaw|<=15.0, |pitch|<=15.0): yaw=-15.8, pitch=-18.5"
lfw_02539,data/raw/images/lfw_02539.jpg,FACE_TOO_ANGLED_OR_SMALL,"Pose out of frontal band (|yaw|<=15.0, |pitch|<=15.0): yaw=-58.1, pitch=-23.9"
lfw_02540,data/raw/images/lfw_02540.jpg,FACE_TOO_ANGLED_OR_SMALL,"Pose out of frontal band (|yaw|<=15.0, |pitch|<=15.0): yaw=22.9, pitch=-22.5"
lfw_02541,data/raw/images/lfw_02541.jpg,FACE_TOO_ANGLED_OR_SMALL,"Pose out of frontal band (|yaw|<=15.0, |pitch|<=15.0): yaw=29.4, pitch=-53.1"
lfw_02542,data/raw/images/lfw_02542.jpg,FACE_TOO_ANGLED_OR_SMALL,"Pose out of frontal band (|yaw|<=15.0, |pitch|<=15.0): yaw=36.1, pitch=2.4"
lfw_02543,data/raw/images/lfw_02543.jpg,FACE_TOO_ANGLED_OR_SMALL,"Pose out of frontal band (|yaw|<=15.0, |pitch|<=15.0): yaw=-19.3, pitch=-22.3"
lfw_02544,data/raw/images/lfw_02544.jpg,FACE_TOO_ANGLED_OR_SMALL,"Pose out of frontal band (|yaw|<=15.0, |pitch|<=15.0): yaw=-24.1, pitch=-34.2"
lfw_02545,data/raw/images/lfw_02545.jpg,FACE_TOO_ANGLED_OR_SMALL,"Pose out of frontal band (|yaw|<=15.0, |pitch|<=15.0): yaw=13.6, pitch=-35.7"
lfw_02546,data/raw/images/lfw_02546.jpg,FACE_TOO_ANGLED_OR_SMALL,"Pose out of frontal band (|yaw|<=15.0, |pitch|<=15.0): yaw=-22.7, pitch=-4.8"
lfw_02547,data/raw/images/lfw_02547.jpg,FACE_TOO_ANGLED_OR_SMALL,"Pose out of frontal band (|yaw|<=15.0, |pitch|<=15.0): yaw=15.7, pitch=-31.5"
lfw_02548,data/raw/images/lfw_02548.jpg,MULTIPLE_FACES_DETECTED,
lfw_02549,data/raw/images/lfw_02549.jpg,FACE_TOO_ANGLED_OR_SMALL,"Pose out of frontal band (|yaw|<=15.0, |pitch|<=15.0): yaw=10.1, pitch=-19.1"
lfw_02550,data/raw/images/lfw_02550.jpg,FACE_TOO_ANGLED_OR_SMALL,"Pose out of frontal band (|yaw|<=15.0, |pitch|<=15.0): yaw=-3.8, pitch=-24.2"
lfw_02551,data/raw/images/lfw_02551.jpg,FACE_TOO_ANGLED_OR_SMALL,"Pose out of frontal band (|yaw|<=15.0, |pitch|<=15.0): yaw=27.9, pitch=-35.5"
lfw_02552,data/raw/images/lfw_02552.jpg,FACE_TOO_ANGLED_OR_SMALL,"Pose out of frontal band (|yaw|<=15.0, |pitch|<=15.0): yaw=-17.3, pitch=-19.4"
lfw_02553,data/raw/images/lfw_02553.jpg,FACE_TOO_ANGLED_OR_SMALL,"Pose out of frontal band (|yaw|<=15.0, |pitch|<=15.0): yaw=12.4, pitch=-21.8"
lfw_02555,data/raw/images/lfw_02555.jpg,FACE_TOO_ANGLED_OR_SMALL,"Pose out of frontal band (|yaw|<=15.0, |pitch|<=15.0): yaw=3.5, pitch=-31.3"
lfw_02556,data/raw/images/lfw_02556.jpg,FACE_TOO_ANGLED_OR_SMALL,"Pose out of frontal band (|yaw|<=15.0, |pitch|<=15.0): yaw=-11.5, pitch=-29.3"
lfw_02557,data/raw/images/lfw_02557.jpg,FACE_TOO_ANGLED_OR_SMALL,"Pose out of frontal band (|yaw|<=15.0, |pitch|<=15.0): yaw=44.7, pitch=-15.5"
lfw_02558,data/raw/images/lfw_02558.jpg,FACE_TOO_ANGLED_OR_SMALL,"Pose out of frontal band (|yaw|<=15.0, |pitch|<=15.0): yaw=-12.8, pitch=-38.6"
lfw_02559,data/raw/images/lfw_02559.jpg,FACE_TOO_ANGLED_OR_SMALL,"Pose out of frontal band (|yaw|<=15.0, |pitch|<=15.0): yaw=37.8, pitch=-29.7"
lfw_02560,data/raw/images/lfw_02560.jpg,FACE_TOO_ANGLED_OR_SMALL,"Pose out of frontal band (|yaw|<=15.0, |pitch|<=15.0): yaw=22.5, pitch=-15.8"
lfw_02562,data/raw/images/lfw_02562.jpg,FACE_TOO_ANGLED_OR_SMALL,"Pose out of frontal band (|yaw|<=15.0, |pitch|<=15.0): yaw=22.9, pitch=-22.6"
lfw_02563,data/raw/images/lfw_02563.jpg,FACE_TOO_ANGLED_OR_SMALL,"Pose out of frontal band (|yaw|<=15.0, |pitch|<=15.0): yaw=-18.0, pitch=-17.0"
lfw_02564,data/raw/images/lfw_02564.jpg,FACE_TOO_ANGLED_OR_SMALL,"Pose out of frontal band (|yaw|<=15.0, |pitch|<=15.0): yaw=54.7, pitch=-21.8"
lfw_02565,data/raw/images/lfw_02565.jpg,FACE_TOO_ANGLED_OR_SMALL,"Pose out of frontal band (|yaw|<=15.0, |pitch|<=15.0): yaw=-11.8, pitch=-20.5"
lfw_02569,data/raw/images/lfw_02569.jpg,FACE_TOO_ANGLED_OR_SMALL,"Pose out of frontal band (|yaw|<=15.0, |pitch|<=15.0): yaw=-21.8, pitch=-22.2"
lfw_02570,data/raw/images/lfw_02570.jpg,FACE_TOO_ANGLED_OR_SMALL,"Pose out of frontal band (|yaw|<=15.0, |pitch|<=15.0): yaw=34.2, pitch=-35.9"
lfw_02571,data/raw/images/lfw_02571.jpg,FACE_TOO_ANGLED_OR_SMALL,"Pose out of frontal band (|yaw|<=15.0, |pitch|<=15.0): yaw=13.5, pitch=-27.6"
lfw_02572,data/raw/images/lfw_02572.jpg,FACE_TOO_ANGLED_OR_SMALL,"Pose out of frontal band (|yaw|<=15.0, |pitch|<=15.0): yaw=12.1, pitch=-49.3"
lfw_02573,data/raw/images/lfw_02573.jpg,FACE_TOO_ANGLED_OR_SMALL,"Pose out of frontal band (|yaw|<=15.0, |pitch|<=15.0): yaw=-20.1, pitch=-40.1"
lfw_02574,data/raw/images/lfw_02574.jpg,FACE_TOO_ANGLED_OR_SMALL,"Pose out of frontal band (|yaw|<=15.0, |pitch|<=15.0): yaw=12.0, pitch=-29.7"
lfw_02575,data/raw/images/lfw_02575.jpg,FACE_TOO_ANGLED_OR_SMALL,"Pose out of frontal band (|yaw|<=15.0, |pitch|<=15.0): yaw=16.1, pitch=-16.7"
lfw_02576,data/raw/images/lfw_02576.jpg,FACE_TOO_ANGLED_OR_SMALL,"Pose out of frontal band (|yaw|<=15.0, |pitch|<=15.0): yaw=-64.8, pitch=-18.4"
lfw_02577,data/raw/images/lfw_02577.jpg,FACE_TOO_ANGLED_OR_SMALL,"Pose out of frontal band (|yaw|<=15.0, |pitch|<=15.0): yaw=58.5, pitch=-24.0"
lfw_02578,data/raw/images/lfw_02578.jpg,FACE_TOO_ANGLED_OR_SMALL,"Pose out of frontal band (|yaw|<=15.0, |pitch|<=15.0): yaw=-6.7, pitch=-18.7"
lfw_02579,data/raw/images/lfw_02579.jpg,FACE_TOO_ANGLED_OR_SMALL,"Pose out of frontal band (|yaw|<=15.0, |pitch|<=15.0): yaw=18.0, pitch=-19.7"
lfw_02580,data/raw/images/lfw_02580.jpg,FACE_TOO_ANGLED_OR_SMALL,"Pose out of frontal band (|yaw|<=15.0, |pitch|<=15.0): yaw=22.5, pitch=-22.4"
lfw_02581,data/raw/images/lfw_02581.jpg,FACE_TOO_ANGLED_OR_SMALL,"Pose out of frontal band (|yaw|<=15.0, |pitch|<=15.0): yaw=42.4, pitch=4.5"
lfw_02582,data/raw/images/lfw_02582.jpg,FACE_TOO_ANGLED_OR_SMALL,"Pose out of frontal band (|yaw|<=15.0, |pitch|<=15.0): yaw=12.7, pitch=-22.3"
lfw_02583,data/raw/images/lfw_02583.jpg,FACE_TOO_ANGLED_OR_SMALL,"Pose out of frontal band (|yaw|<=15.0, |pitch|<=15.0): yaw=-33.9, pitch=-28.2"
lfw_02584,data/raw/images/lfw_02584.jpg,FACE_TOO_ANGLED_OR_SMALL,"Pose out of frontal band (|yaw|<=15.0, |pitch|<=15.0): yaw=-33.2, pitch=-21.1"
lfw_02585,data/raw/images/lfw_02585.jpg,FACE_TOO_ANGLED_OR_SMALL,"Pose out of frontal band (|yaw|<=15.0, |pitch|<=15.0): yaw=-4.9, pitch=-28.3"
lfw_02586,data/raw/images/lfw_02586.jpg,FACE_TOO_ANGLED_OR_SMALL,"Pose out of frontal band (|yaw|<=15.0, |pitch|<=15.0): yaw=-37.1, pitch=-15.1"
lfw_02587,data/raw/images/lfw_02587.jpg,FACE_TOO_ANGLED_OR_SMALL,"Pose out of frontal band (|yaw|<=15.0, |pitch|<=15.0): yaw=27.9, pitch=-12.0"
lfw_02588,data/raw/images/lfw_02588.jpg,FACE_TOO_ANGLED_OR_SMALL,"Pose out of frontal band (|yaw|<=15.0, |pitch|<=15.0): yaw=7.9, pitch=-26.3"
lfw_02589,data/raw/images/lfw_02589.jpg,FACE_TOO_ANGLED_OR_SMALL,"Pose out of frontal band (|yaw|<=15.0, |pitch|<=15.0): yaw=0.1, pitch=-31.6"
lfw_02590,data/raw/images/lfw_02590.jpg,FACE_TOO_ANGLED_OR_SMALL,"Pose out of frontal band (|yaw|<=15.0, |pitch|<=15.0): yaw=53.7, pitch=-20.9"
lfw_02592,data/raw/images/lfw_02592.jpg,FACE_TOO_ANGLED_OR_SMALL,"Pose out of frontal band (|yaw|<=15.0, |pitch|<=15.0): yaw=-41.9, pitch=-11.0"
lfw_02593,data/raw/images/lfw_02593.jpg,FACE_TOO_ANGLED_OR_SMALL,"Pose out of frontal band (|yaw|<=15.0, |pitch|<=15.0): yaw=-10.2, pitch=-25.6"
lfw_02594,data/raw/images/lfw_02594.jpg,FACE_TOO_ANGLED_OR_SMALL,"Pose out of frontal band (|yaw|<=15.0, |pitch|<=15.0): yaw=-10.2, pitch=-33.4"
lfw_02595,data/raw/images/lfw_02595.jpg,FACE_TOO_ANGLED_OR_SMALL,"Pose out of frontal band (|yaw|<=15.0, |pitch|<=15.0): yaw=-9.4, pitch=-32.9"
lfw_02596,data/raw/images/lfw_02596.jpg,FACE_TOO_ANGLED_OR_SMALL,"Pose out of frontal band (|yaw|<=15.0, |pitch|<=15.0): yaw=-19.2, pitch=-42.5"
lfw_02598,data/raw/images/lfw_02598.jpg,FACE_TOO_ANGLED_OR_SMALL,"Pose out of frontal band (|yaw|<=15.0, |pitch|<=15.0): yaw=22.7, pitch=-16.7"
lfw_02599,data/raw/images/lfw_02599.jpg,FACE_TOO_ANGLED_OR_SMALL,"Pose out of frontal band (|yaw|<=15.0, |pitch|<=15.0): yaw=38.4, pitch=-12.6"
lfw_02600,data/raw/images/lfw_02600.jpg,FACE_TOO_ANGLED_OR_SMALL,"Pose out of frontal band (|yaw|<=15.0, |pitch|<=15.0): yaw=-7.7, pitch=-18.9"
lfw_02601,data/raw/images/lfw_02601.jpg,FACE_TOO_ANGLED_OR_SMALL,"Pose out of frontal band (|yaw|<=15.0, |pitch|<=15.0): yaw=-19.3, pitch=-20.2"
lfw_02602,data/raw/images/lfw_02602.jpg,FACE_TOO_ANGLED_OR_SMALL,"Pose out of frontal band (|yaw|<=15.0, |pitch|<=15.0): yaw=-8.2, pitch=-25.4"
lfw_02603,data/raw/images/lfw_02603.jpg,MULTIPLE_FACES_DETECTED,
lfw_02604,data/raw/images/lfw_02604.jpg,FACE_TOO_ANGLED_OR_SMALL,"Pose out of frontal band (|yaw|<=15.0, |pitch|<=15.0): yaw=-11.4, pitch=-40.7"
lfw_02605,data/raw/images/lfw_02605.jpg,FACE_TOO_ANGLED_OR_SMALL,"Pose out of frontal band (|yaw|<=15.0, |pitch|<=15.0): yaw=-26.6, pitch=-31.3"
lfw_02606,data/raw/images/lfw_02606.jpg,FACE_TOO_ANGLED_OR_SMALL,"Pose out of frontal band (|yaw|<=15.0, |pitch|<=15.0): yaw=-21.6, pitch=-20.6"
lfw_02607,data/raw/images/lfw_02607.jpg,FACE_TOO_ANGLED_OR_SMALL,"Pose out of frontal band (|yaw|<=15.0, |pitch|<=15.0): yaw=11.5, pitch=-32.6"
lfw_02608,data/raw/images/lfw_02608.jpg,FACE_TOO_ANGLED_OR_SMALL,"Pose out of frontal band (|yaw|<=15.0, |pitch|<=15.0): yaw=-21.5, pitch=-21.1"
lfw_02609,data/raw/images/lfw_02609.jpg,FACE_TOO_ANGLED_OR_SMALL,"Pose out of frontal band (|yaw|<=15.0, |pitch|<=15.0): yaw=26.4, pitch=-28.3"
lfw_02610,data/raw/images/lfw_02610.jpg,FACE_TOO_ANGLED_OR_SMALL,"Pose out of frontal band (|yaw|<=15.0, |pitch|<=15.0): yaw=5.4, pitch=-26.4"
lfw_02611,data/raw/images/lfw_02611.jpg,FACE_TOO_ANGLED_OR_SMALL,"Pose out of frontal band (|yaw|<=15.0, |pitch|<=15.0): yaw=10.3, pitch=-36.5"
lfw_02612,data/raw/images/lfw_02612.jpg,FACE_TOO_ANGLED_OR_SMALL,"Pose out of frontal band (|yaw|<=15.0, |pitch|<=15.0): yaw=-1.0, pitch=-22.0"
lfw_02613,data/raw/images/lfw_02613.jpg,FACE_TOO_ANGLED_OR_SMALL,"Pose out of frontal band (|yaw|<=15.0, |pitch|<=15.0): yaw=-17.3, pitch=-25.3"
lfw_02614,data/raw/images/lfw_02614.jpg,FACE_TOO_ANGLED_OR_SMALL,"Pose out of frontal band (|yaw|<=15.0, |pitch|<=15.0): yaw=-7.8, pitch=-16.7"
lfw_02616,data/raw/images/lfw_02616.jpg,FACE_TOO_ANGLED_OR_SMALL,"Pose out of frontal band (|yaw|<=15.0, |pitch|<=15.0): yaw=-63.2, pitch=-30.3"
lfw_02617,data/raw/images/lfw_02617.jpg,FACE_TOO_ANGLED_OR_SMALL,"Pose out of frontal band (|yaw|<=15.0, |pitch|<=15.0): yaw=12.4, pitch=-22.0"
lfw_02618,data/raw/images/lfw_02618.jpg,FACE_TOO_ANGLED_OR_SMALL,"Pose out of frontal band (|yaw|<=15.0, |pitch|<=15.0): yaw=-5.3, pitch=-43.7"
lfw_02619,data/raw/images/lfw_02619.jpg,MULTIPLE_FACES_DETECTED,
lfw_02620,data/raw/images/lfw_02620.jpg,FACE_TOO_ANGLED_OR_SMALL,"Pose out of frontal band (|yaw|<=15.0, |pitch|<=15.0): yaw=34.5, pitch=-13.4"
lfw_02621,data/raw/images/lfw_02621.jpg,FACE_TOO_ANGLED_OR_SMALL,"Pose out of frontal band (|yaw|<=15.0, |pitch|<=15.0): yaw=-25.0, pitch=-28.5"
lfw_02622,data/raw/images/lfw_02622.jpg,FACE_TOO_ANGLED_OR_SMALL,"Pose out of frontal band (|yaw|<=15.0, |pitch|<=15.0): yaw=-29.8, pitch=-12.9"
lfw_02624,data/raw/images/lfw_02624.jpg,FACE_TOO_ANGLED_OR_SMALL,"Pose out of frontal band (|yaw|<=15.0, |pitch|<=15.0): yaw=2.6, pitch=-25.7"
lfw_02625,data/raw/images/lfw_02625.jpg,FACE_TOO_ANGLED_OR_SMALL,"Pose out of frontal band (|yaw|<=15.0, |pitch|<=15.0): yaw=3.3, pitch=-24.6"
lfw_02626,data/raw/images/lfw_02626.jpg,FACE_TOO_ANGLED_OR_SMALL,"Pose out of frontal band (|yaw|<=15.0, |pitch|<=15.0): yaw=9.9, pitch=-29.5"
lfw_02627,data/raw/images/lfw_02627.jpg,FACE_TOO_ANGLED_OR_SMALL,"Pose out of frontal band (|yaw|<=15.0, |pitch|<=15.0): yaw=29.7, pitch=-28.9"
lfw_02628,data/raw/images/lfw_02628.jpg,FACE_TOO_ANGLED_OR_SMALL,"Pose out of frontal band (|yaw|<=15.0, |pitch|<=15.0): yaw=-24.2, pitch=-21.3"
lfw_02629,data/raw/images/lfw_02629.jpg,FACE_TOO_ANGLED_OR_SMALL,"Pose out of frontal band (|yaw|<=15.0, |pitch|<=15.0): yaw=-40.3, pitch=-9.0"
lfw_02630,data/raw/images/lfw_02630.jpg,FACE_TOO_ANGLED_OR_SMALL,"Pose out of frontal band (|yaw|<=15.0, |pitch|<=15.0): yaw=-23.3, pitch=-34.9"
lfw_02631,data/raw/images/lfw_02631.jpg,FACE_TOO_ANGLED_OR_SMALL,"Pose out of frontal band (|yaw|<=15.0, |pitch|<=15.0): yaw=11.4, pitch=-39.2"
lfw_02632,data/raw/images/lfw_02632.jpg,FACE_TOO_ANGLED_OR_SMALL,"Pose out of frontal band (|yaw|<=15.0, |pitch|<=15.0): yaw=-3.1, pitch=-15.7"
lfw_02633,data/raw/images/lfw_02633.jpg,FACE_TOO_ANGLED_OR_SMALL,"Pose out of frontal band (|yaw|<=15.0, |pitch|<=15.0): yaw=-2.0, pitch=-63.6"
lfw_02634,data/raw/images/lfw_02634.jpg,FACE_TOO_ANGLED_OR_SMALL,"Pose out of frontal band (|yaw|<=15.0, |pitch|<=15.0): yaw=-22.4, pitch=-36.6"
lfw_02635,data/raw/images/lfw_02635.jpg,FACE_TOO_ANGLED_OR_SMALL,"Pose out of frontal band (|yaw|<=15.0, |pitch|<=15.0): yaw=-17.9, pitch=-27.0"
lfw_02636,data/raw/images/lfw_02636.jpg,FACE_TOO_ANGLED_OR_SMALL,"Pose out of frontal band (|yaw|<=15.0, |pitch|<=15.0): yaw=-17.3, pitch=-31.5"
lfw_02637,data/raw/images/lfw_02637.jpg,FACE_TOO_ANGLED_OR_SMALL,"Pose out of frontal band (|yaw|<=15.0, |pitch|<=15.0): yaw=37.0, pitch=-29.8"
lfw_02638,data/raw/images/lfw_02638.jpg,FACE_TOO_ANGLED_OR_SMALL,"Pose out of frontal band (|yaw|<=15.0, |pitch|<=15.0): yaw=5.5, pitch=-19.7"
lfw_02639,data/raw/images/lfw_02639.jpg,FACE_TOO_ANGLED_OR_SMALL,"Pose out of frontal band (|yaw|<=15.0, |pitch|<=15.0): yaw=-2.8, pitch=-22.6"
lfw_02640,data/raw/images/lfw_02640.jpg,FACE_TOO_ANGLED_OR_SMALL,"Pose out of frontal band (|yaw|<=15.0, |pitch|<=15.0): yaw=-38.5, pitch=-28.2"
lfw_02641,data/raw/images/lfw_02641.jpg,FACE_TOO_ANGLED_OR_SMALL,"Pose out of frontal band (|yaw|<=15.0, |pitch|<=15.0): yaw=-11.0, pitch=-25.1"
lfw_02642,data/raw/images/lfw_02642.jpg,FACE_TOO_ANGLED_OR_SMALL,"Pose out of frontal band (|yaw|<=15.0, |pitch|<=15.0): yaw=3.1, pitch=-23.2"
lfw_02644,data/raw/images/lfw_02644.jpg,FACE_TOO_ANGLED_OR_SMALL,"Pose out of frontal band (|yaw|<=15.0, |pitch|<=15.0): yaw=42.4, pitch=-21.2"
lfw_02645,data/raw/images/lfw_02645.jpg,FACE_TOO_ANGLED_OR_SMALL,"Pose out of frontal band (|yaw|<=15.0, |pitch|<=15.0): yaw=11.6, pitch=-25.5"
lfw_02646,data/raw/images/lfw_02646.jpg,MULTIPLE_FACES_DETECTED,
lfw_02647,data/raw/images/lfw_02647.jpg,FACE_TOO_ANGLED_OR_SMALL,"Pose out of frontal band (|yaw|<=15.0, |pitch|<=15.0): yaw=12.4, pitch=-40.2"
lfw_02649,data/raw/images/lfw_02649.jpg,FACE_TOO_ANGLED_OR_SMALL,"Pose out of frontal band (|yaw|<=15.0, |pitch|<=15.0): yaw=0.6, pitch=-16.1"
lfw_02650,data/raw/images/lfw_02650.jpg,FACE_TOO_ANGLED_OR_SMALL,"Pose out of frontal band (|yaw|<=15.0, |pitch|<=15.0): yaw=-24.8, pitch=-3.5"
lfw_02652,data/raw/images/lfw_02652.jpg,FACE_TOO_ANGLED_OR_SMALL,"Pose out of frontal band (|yaw|<=15.0, |pitch|<=15.0): yaw=58.4, pitch=-9.7"
lfw_02653,data/raw/images/lfw_02653.jpg,FACE_TOO_ANGLED_OR_SMALL,"Pose out of frontal band (|yaw|<=15.0, |pitch|<=15.0): yaw=-42.5, pitch=-9.5"
lfw_02655,data/raw/images/lfw_02655.jpg,FACE_TOO_ANGLED_OR_SMALL,"Pose out of frontal band (|yaw|<=15.0, |pitch|<=15.0): yaw=16.2, pitch=-12.7"
lfw_02656,data/raw/images/lfw_02656.jpg,FACE_TOO_ANGLED_OR_SMALL,"Pose out of frontal band (|yaw|<=15.0, |pitch|<=15.0): yaw=-6.3, pitch=-15.7"
lfw_02659,data/raw/images/lfw_02659.jpg,FACE_TOO_ANGLED_OR_SMALL,"Pose out of frontal band (|yaw|<=15.0, |pitch|<=15.0): yaw=-31.5, pitch=-15.9"
lfw_02660,data/raw/images/lfw_02660.jpg,FACE_TOO_ANGLED_OR_SMALL,"Pose out of frontal band (|yaw|<=15.0, |pitch|<=15.0): yaw=37.6, pitch=-17.5"
lfw_02661,data/raw/images/lfw_02661.jpg,FACE_TOO_ANGLED_OR_SMALL,"Pose out of frontal band (|yaw|<=15.0, |pitch|<=15.0): yaw=24.9, pitch=-14.9"
lfw_02662,data/raw/images/lfw_02662.jpg,FACE_TOO_ANGLED_OR_SMALL,"Pose out of frontal band (|yaw|<=15.0, |pitch|<=15.0): yaw=11.6, pitch=-21.9"
lfw_02663,data/raw/images/lfw_02663.jpg,FACE_TOO_ANGLED_OR_SMALL,"Pose out of frontal band (|yaw|<=15.0, |pitch|<=15.0): yaw=31.7, pitch=-29.5"
lfw_02664,data/raw/images/lfw_02664.jpg,FACE_TOO_ANGLED_OR_SMALL,"Pose out of frontal band (|yaw|<=15.0, |pitch|<=15.0): yaw=22.0, pitch=-24.1"
lfw_02665,data/raw/images/lfw_02665.jpg,FACE_TOO_ANGLED_OR_SMALL,"Pose out of frontal band (|yaw|<=15.0, |pitch|<=15.0): yaw=11.4, pitch=-18.6"
lfw_02666,data/raw/images/lfw_02666.jpg,FACE_TOO_ANGLED_OR_SMALL,"Pose out of frontal band (|yaw|<=15.0, |pitch|<=15.0): yaw=12.8, pitch=-27.8"
lfw_02669,data/raw/images/lfw_02669.jpg,FACE_TOO_ANGLED_OR_SMALL,"Pose out of frontal band (|yaw|<=15.0, |pitch|<=15.0): yaw=37.5, pitch=-23.4"
lfw_02670,data/raw/images/lfw_02670.jpg,FACE_TOO_ANGLED_OR_SMALL,"Pose out of frontal band (|yaw|<=15.0, |pitch|<=15.0): yaw=25.0, pitch=-31.2"
lfw_02672,data/raw/images/lfw_02672.jpg,FACE_TOO_ANGLED_OR_SMALL,"Pose out of frontal band (|yaw|<=15.0, |pitch|<=15.0): yaw=31.9, pitch=-15.2"
lfw_02673,data/raw/images/lfw_02673.jpg,FACE_TOO_ANGLED_OR_SMALL,"Pose out of frontal band (|yaw|<=15.0, |pitch|<=15.0): yaw=-7.2, pitch=-26.6"
lfw_02674,data/raw/images/lfw_02674.jpg,FACE_TOO_ANGLED_OR_SMALL,"Pose out of frontal band (|yaw|<=15.0, |pitch|<=15.0): yaw=67.9, pitch=-15.3"
lfw_02675,data/raw/images/lfw_02675.jpg,FACE_TOO_ANGLED_OR_SMALL,"Pose out of frontal band (|yaw|<=15.0, |pitch|<=15.0): yaw=-21.1, pitch=-13.0"
lfw_02676,data/raw/images/lfw_02676.jpg,FACE_TOO_ANGLED_OR_SMALL,"Pose out of frontal band (|yaw|<=15.0, |pitch|<=15.0): yaw=-21.0, pitch=-32.5"
lfw_02677,data/raw/images/lfw_02677.jpg,FACE_TOO_ANGLED_OR_SMALL,"Pose out of frontal band (|yaw|<=15.0, |pitch|<=15.0): yaw=-12.7, pitch=-17.2"
lfw_02678,data/raw/images/lfw_02678.jpg,FACE_TOO_ANGLED_OR_SMALL,"Pose out of frontal band (|yaw|<=15.0, |pitch|<=15.0): yaw=-2.5, pitch=-23.1"
lfw_02679,data/raw/images/lfw_02679.jpg,FACE_TOO_ANGLED_OR_SMALL,"Pose out of frontal band (|yaw|<=15.0, |pitch|<=15.0): yaw=-9.7, pitch=-21.5"
lfw_02680,data/raw/images/lfw_02680.jpg,FACE_TOO_ANGLED_OR_SMALL,"Pose out of frontal band (|yaw|<=15.0, |pitch|<=15.0): yaw=19.3, pitch=-30.8"
lfw_02681,data/raw/images/lfw_02681.jpg,FACE_TOO_ANGLED_OR_SMALL,"Pose out of frontal band (|yaw|<=15.0, |pitch|<=15.0): yaw=-9.4, pitch=-40.7"
lfw_02682,data/raw/images/lfw_02682.jpg,MULTIPLE_FACES_DETECTED,
lfw_02683,data/raw/images/lfw_02683.jpg,FACE_TOO_ANGLED_OR_SMALL,"Pose out of frontal band (|yaw|<=15.0, |pitch|<=15.0): yaw=-59.0, pitch=-18.3"
lfw_02684,data/raw/images/lfw_02684.jpg,FACE_TOO_ANGLED_OR_SMALL,"Pose out of frontal band (|yaw|<=15.0, |pitch|<=15.0): yaw=-0.1, pitch=-37.4"
lfw_02685,data/raw/images/lfw_02685.jpg,FACE_TOO_ANGLED_OR_SMALL,"Pose out of frontal band (|yaw|<=15.0, |pitch|<=15.0): yaw=-20.0, pitch=-22.1"
lfw_02686,data/raw/images/lfw_02686.jpg,FACE_TOO_ANGLED_OR_SMALL,"Pose out of frontal band (|yaw|<=15.0, |pitch|<=15.0): yaw=-6.7, pitch=-22.2"
lfw_02687,data/raw/images/lfw_02687.jpg,FACE_TOO_ANGLED_OR_SMALL,"Pose out of frontal band (|yaw|<=15.0, |pitch|<=15.0): yaw=13.4, pitch=-32.3"
lfw_02688,data/raw/images/lfw_02688.jpg,FACE_TOO_ANGLED_OR_SMALL,"Pose out of frontal band (|yaw|<=15.0, |pitch|<=15.0): yaw=6.1, pitch=-26.8"
lfw_02689,data/raw/images/lfw_02689.jpg,FACE_TOO_ANGLED_OR_SMALL,"Pose out of frontal band (|yaw|<=15.0, |pitch|<=15.0): yaw=-30.4, pitch=-8.0"
lfw_02690,data/raw/images/lfw_02690.jpg,FACE_TOO_ANGLED_OR_SMALL,"Pose out of frontal band (|yaw|<=15.0, |pitch|<=15.0): yaw=13.0, pitch=-21.3"
lfw_02691,data/raw/images/lfw_02691.jpg,FACE_TOO_ANGLED_OR_SMALL,"Pose out of frontal band (|yaw|<=15.0, |pitch|<=15.0): yaw=37.9, pitch=-20.6"
lfw_02692,data/raw/images/lfw_02692.jpg,FACE_TOO_ANGLED_OR_SMALL,"Pose out of frontal band (|yaw|<=15.0, |pitch|<=15.0): yaw=46.8, pitch=-28.0"
lfw_02693,data/raw/images/lfw_02693.jpg,FACE_TOO_ANGLED_OR_SMALL,"Pose out of frontal band (|yaw|<=15.0, |pitch|<=15.0): yaw=-70.1, pitch=-26.5"
lfw_02694,data/raw/images/lfw_02694.jpg,FACE_TOO_ANGLED_OR_SMALL,"Pose out of frontal band (|yaw|<=15.0, |pitch|<=15.0): yaw=26.1, pitch=-21.4"
lfw_02695,data/raw/images/lfw_02695.jpg,FACE_TOO_ANGLED_OR_SMALL,"Pose out of frontal band (|yaw|<=15.0, |pitch|<=15.0): yaw=-39.1, pitch=-12.9"
lfw_02696,data/raw/images/lfw_02696.jpg,FACE_TOO_ANGLED_OR_SMALL,"Pose out of frontal band (|yaw|<=15.0, |pitch|<=15.0): yaw=33.9, pitch=-17.2"
lfw_02698,data/raw/images/lfw_02698.jpg,MULTIPLE_FACES_DETECTED,
lfw_02699,data/raw/images/lfw_02699.jpg,FACE_TOO_ANGLED_OR_SMALL,"Pose out of frontal band (|yaw|<=15.0, |pitch|<=15.0): yaw=-53.3, pitch=-24.4"
lfw_02701,data/raw/images/lfw_02701.jpg,FACE_TOO_ANGLED_OR_SMALL,"Pose out of frontal band (|yaw|<=15.0, |pitch|<=15.0): yaw=9.1, pitch=-21.1"
lfw_02702,data/raw/images/lfw_02702.jpg,FACE_TOO_ANGLED_OR_SMALL,"Pose out of frontal band (|yaw|<=15.0, |pitch|<=15.0): yaw=-4.8, pitch=-20.8"
lfw_02703,data/raw/images/lfw_02703.jpg,FACE_TOO_ANGLED_OR_SMALL,"Pose out of frontal band (|yaw|<=15.0, |pitch|<=15.0): yaw=17.2, pitch=-24.8"
lfw_02704,data/raw/images/lfw_02704.jpg,FACE_TOO_ANGLED_OR_SMALL,"Pose out of frontal band (|yaw|<=15.0, |pitch|<=15.0): yaw=-7.6, pitch=-38.6"
lfw_02705,data/raw/images/lfw_02705.jpg,FACE_TOO_ANGLED_OR_SMALL,"Pose out of frontal band (|yaw|<=15.0, |pitch|<=15.0): yaw=-37.9, pitch=-10.6"
lfw_02706,data/raw/images/lfw_02706.jpg,FACE_TOO_ANGLED_OR_SMALL,"Pose out of frontal band (|yaw|<=15.0, |pitch|<=15.0): yaw=40.0, pitch=-12.2"
lfw_02707,data/raw/images/lfw_02707.jpg,FACE_TOO_ANGLED_OR_SMALL,"Pose out of frontal band (|yaw|<=15.0, |pitch|<=15.0): yaw=21.4, pitch=-26.9"
lfw_02709,data/raw/images/lfw_02709.jpg,FACE_TOO_ANGLED_OR_SMALL,"Pose out of frontal band (|yaw|<=15.0, |pitch|<=15.0): yaw=24.2, pitch=-19.5"
lfw_02710,data/raw/images/lfw_02710.jpg,FACE_TOO_ANGLED_OR_SMALL,"Pose out of frontal band (|yaw|<=15.0, |pitch|<=15.0): yaw=26.2, pitch=-26.4"
lfw_02711,data/raw/images/lfw_02711.jpg,FACE_TOO_ANGLED_OR_SMALL,"Pose out of frontal band (|yaw|<=15.0, |pitch|<=15.0): yaw=0.4, pitch=-21.1"
lfw_02712,data/raw/images/lfw_02712.jpg,FACE_TOO_ANGLED_OR_SMALL,"Pose out of frontal band (|yaw|<=15.0, |pitch|<=15.0): yaw=-20.3, pitch=-17.8"
lfw_02714,data/raw/images/lfw_02714.jpg,FACE_TOO_ANGLED_OR_SMALL,"Pose out of frontal band (|yaw|<=15.0, |pitch|<=15.0): yaw=-42.2, pitch=-26.6"
lfw_02715,data/raw/images/lfw_02715.jpg,FACE_TOO_ANGLED_OR_SMALL,"Pose out of frontal band (|yaw|<=15.0, |pitch|<=15.0): yaw=-18.8, pitch=-29.4"
lfw_02718,data/raw/images/lfw_02718.jpg,FACE_TOO_ANGLED_OR_SMALL,"Pose out of frontal band (|yaw|<=15.0, |pitch|<=15.0): yaw=0.2, pitch=-23.5"
lfw_02719,data/raw/images/lfw_02719.jpg,FACE_TOO_ANGLED_OR_SMALL,"Pose out of frontal band (|yaw|<=15.0, |pitch|<=15.0): yaw=41.0, pitch=-3.8"
lfw_02721,data/raw/images/lfw_02721.jpg,FACE_TOO_ANGLED_OR_SMALL,"Pose out of frontal band (|yaw|<=15.0, |pitch|<=15.0): yaw=26.0, pitch=-22.3"
lfw_02723,data/raw/images/lfw_02723.jpg,FACE_TOO_ANGLED_OR_SMALL,"Pose out of frontal band (|yaw|<=15.0, |pitch|<=15.0): yaw=23.0, pitch=-23.3"
lfw_02724,data/raw/images/lfw_02724.jpg,MULTIPLE_FACES_DETECTED,
lfw_02725,data/raw/images/lfw_02725.jpg,MULTIPLE_FACES_DETECTED,
lfw_02726,data/raw/images/lfw_02726.jpg,FACE_TOO_ANGLED_OR_SMALL,"Pose out of frontal band (|yaw|<=15.0, |pitch|<=15.0): yaw=37.4, pitch=-24.1"
lfw_02727,data/raw/images/lfw_02727.jpg,MULTIPLE_FACES_DETECTED,
lfw_02728,data/raw/images/lfw_02728.jpg,MULTIPLE_FACES_DETECTED,
lfw_02729,data/raw/images/lfw_02729.jpg,FACE_TOO_ANGLED_OR_SMALL,"Pose out of frontal band (|yaw|<=15.0, |pitch|<=15.0): yaw=15.0, pitch=-9.6"
lfw_02730,data/raw/images/lfw_02730.jpg,FACE_TOO_ANGLED_OR_SMALL,"Pose out of frontal band (|yaw|<=15.0, |pitch|<=15.0): yaw=0.7, pitch=-20.5"
lfw_02731,data/raw/images/lfw_02731.jpg,FACE_TOO_ANGLED_OR_SMALL,"Pose out of frontal band (|yaw|<=15.0, |pitch|<=15.0): yaw=17.5, pitch=-30.1"
lfw_02732,data/raw/images/lfw_02732.jpg,FACE_TOO_ANGLED_OR_SMALL,"Pose out of frontal band (|yaw|<=15.0, |pitch|<=15.0): yaw=1.6, pitch=-29.8"
lfw_02733,data/raw/images/lfw_02733.jpg,FACE_TOO_ANGLED_OR_SMALL,"Pose out of frontal band (|yaw|<=15.0, |pitch|<=15.0): yaw=50.5, pitch=-35.2"
lfw_02734,data/raw/images/lfw_02734.jpg,FACE_TOO_ANGLED_OR_SMALL,"Pose out of frontal band (|yaw|<=15.0, |pitch|<=15.0): yaw=23.8, pitch=-14.7"
lfw_02735,data/raw/images/lfw_02735.jpg,FACE_TOO_ANGLED_OR_SMALL,"Pose out of frontal band (|yaw|<=15.0, |pitch|<=15.0): yaw=-15.3, pitch=-14.0"
lfw_02736,data/raw/images/lfw_02736.jpg,FACE_TOO_ANGLED_OR_SMALL,"Pose out of frontal band (|yaw|<=15.0, |pitch|<=15.0): yaw=-46.4, pitch=-16.3"
lfw_02738,data/raw/images/lfw_02738.jpg,FACE_TOO_ANGLED_OR_SMALL,"Pose out of frontal band (|yaw|<=15.0, |pitch|<=15.0): yaw=9.2, pitch=-39.4"
lfw_02739,data/raw/images/lfw_02739.jpg,FACE_TOO_ANGLED_OR_SMALL,"Pose out of frontal band (|yaw|<=15.0, |pitch|<=15.0): yaw=28.1, pitch=-34.6"
lfw_02740,data/raw/images/lfw_02740.jpg,FACE_TOO_ANGLED_OR_SMALL,"Pose out of frontal band (|yaw|<=15.0, |pitch|<=15.0): yaw=-21.8, pitch=-43.1"
lfw_02741,data/raw/images/lfw_02741.jpg,FACE_TOO_ANGLED_OR_SMALL,"Pose out of frontal band (|yaw|<=15.0, |pitch|<=15.0): yaw=-10.7, pitch=-44.8"
lfw_02742,data/raw/images/lfw_02742.jpg,FACE_TOO_ANGLED_OR_SMALL,"Pose out of frontal band (|yaw|<=15.0, |pitch|<=15.0): yaw=-28.2, pitch=-24.9"
lfw_02743,data/raw/images/lfw_02743.jpg,FACE_TOO_ANGLED_OR_SMALL,"Pose out of frontal band (|yaw|<=15.0, |pitch|<=15.0): yaw=51.5, pitch=-32.2"
lfw_02744,data/raw/images/lfw_02744.jpg,FACE_TOO_ANGLED_OR_SMALL,"Pose out of frontal band (|yaw|<=15.0, |pitch|<=15.0): yaw=-19.7, pitch=-59.3"
lfw_02746,data/raw/images/lfw_02746.jpg,FACE_TOO_ANGLED_OR_SMALL,"Pose out of frontal band (|yaw|<=15.0, |pitch|<=15.0): yaw=-8.6, pitch=-23.1"
lfw_02747,data/raw/images/lfw_02747.jpg,FACE_TOO_ANGLED_OR_SMALL,"Pose out of frontal band (|yaw|<=15.0, |pitch|<=15.0): yaw=25.6, pitch=-28.6"
lfw_02748,data/raw/images/lfw_02748.jpg,FACE_TOO_ANGLED_OR_SMALL,"Pose out of frontal band (|yaw|<=15.0, |pitch|<=15.0): yaw=-1.4, pitch=-45.9"
lfw_02749,data/raw/images/lfw_02749.jpg,FACE_TOO_ANGLED_OR_SMALL,"Pose out of frontal band (|yaw|<=15.0, |pitch|<=15.0): yaw=0.5, pitch=-31.9"
lfw_02752,data/raw/images/lfw_02752.jpg,FACE_TOO_ANGLED_OR_SMALL,"Pose out of frontal band (|yaw|<=15.0, |pitch|<=15.0): yaw=5.9, pitch=-25.2"
lfw_02753,data/raw/images/lfw_02753.jpg,FACE_TOO_ANGLED_OR_SMALL,"Pose out of frontal band (|yaw|<=15.0, |pitch|<=15.0): yaw=-13.0, pitch=-30.3"
lfw_02754,data/raw/images/lfw_02754.jpg,FACE_TOO_ANGLED_OR_SMALL,"Pose out of frontal band (|yaw|<=15.0, |pitch|<=15.0): yaw=-4.6, pitch=-19.9"
lfw_02755,data/raw/images/lfw_02755.jpg,FACE_TOO_ANGLED_OR_SMALL,"Pose out of frontal band (|yaw|<=15.0, |pitch|<=15.0): yaw=23.7, pitch=-32.4"
lfw_02756,data/raw/images/lfw_02756.jpg,FACE_TOO_ANGLED_OR_SMALL,"Pose out of frontal band (|yaw|<=15.0, |pitch|<=15.0): yaw=3.5, pitch=-41.6"
lfw_02757,data/raw/images/lfw_02757.jpg,FACE_TOO_ANGLED_OR_SMALL,"Pose out of frontal band (|yaw|<=15.0, |pitch|<=15.0): yaw=51.8, pitch=-5.1"
lfw_02758,data/raw/images/lfw_02758.jpg,MULTIPLE_FACES_DETECTED,
lfw_02759,data/raw/images/lfw_02759.jpg,FACE_TOO_ANGLED_OR_SMALL,"Pose out of frontal band (|yaw|<=15.0, |pitch|<=15.0): yaw=39.4, pitch=-15.9"
lfw_02760,data/raw/images/lfw_02760.jpg,FACE_TOO_ANGLED_OR_SMALL,"Pose out of frontal band (|yaw|<=15.0, |pitch|<=15.0): yaw=-22.1, pitch=-17.2"
lfw_02761,data/raw/images/lfw_02761.jpg,FACE_TOO_ANGLED_OR_SMALL,"Pose out of frontal band (|yaw|<=15.0, |pitch|<=15.0): yaw=-22.5, pitch=-17.5"
lfw_02762,data/raw/images/lfw_02762.jpg,FACE_TOO_ANGLED_OR_SMALL,"Pose out of frontal band (|yaw|<=15.0, |pitch|<=15.0): yaw=21.2, pitch=-19.5"
lfw_02763,data/raw/images/lfw_02763.jpg,FACE_TOO_ANGLED_OR_SMALL,"Pose out of frontal band (|yaw|<=15.0, |pitch|<=15.0): yaw=12.5, pitch=-35.7"
lfw_02764,data/raw/images/lfw_02764.jpg,FACE_TOO_ANGLED_OR_SMALL,"Pose out of frontal band (|yaw|<=15.0, |pitch|<=15.0): yaw=-13.1, pitch=-37.0"
lfw_02765,data/raw/images/lfw_02765.jpg,FACE_TOO_ANGLED_OR_SMALL,"Pose out of frontal band (|yaw|<=15.0, |pitch|<=15.0): yaw=31.5, pitch=-25.7"
lfw_02766,data/raw/images/lfw_02766.jpg,FACE_TOO_ANGLED_OR_SMALL,"Pose out of frontal band (|yaw|<=15.0, |pitch|<=15.0): yaw=11.7, pitch=-28.2"
lfw_02767,data/raw/images/lfw_02767.jpg,FACE_TOO_ANGLED_OR_SMALL,"Pose out of frontal band (|yaw|<=15.0, |pitch|<=15.0): yaw=-1.5, pitch=-26.1"
lfw_02768,data/raw/images/lfw_02768.jpg,FACE_TOO_ANGLED_OR_SMALL,"Pose out of frontal band (|yaw|<=15.0, |pitch|<=15.0): yaw=34.0, pitch=-18.6"
lfw_02769,data/raw/images/lfw_02769.jpg,FACE_TOO_ANGLED_OR_SMALL,"Pose out of frontal band (|yaw|<=15.0, |pitch|<=15.0): yaw=40.7, pitch=-29.2"
lfw_02770,data/raw/images/lfw_02770.jpg,FACE_TOO_ANGLED_OR_SMALL,"Pose out of frontal band (|yaw|<=15.0, |pitch|<=15.0): yaw=15.2, pitch=-65.7"
lfw_02771,data/raw/images/lfw_02771.jpg,MULTIPLE_FACES_DETECTED,
lfw_02772,data/raw/images/lfw_02772.jpg,FACE_TOO_ANGLED_OR_SMALL,"Pose out of frontal band (|yaw|<=15.0, |pitch|<=15.0): yaw=36.1, pitch=-26.6"
lfw_02773,data/raw/images/lfw_02773.jpg,MULTIPLE_FACES_DETECTED,
lfw_02774,data/raw/images/lfw_02774.jpg,FACE_TOO_ANGLED_OR_SMALL,"Pose out of frontal band (|yaw|<=15.0, |pitch|<=15.0): yaw=9.6, pitch=-39.1"
lfw_02775,data/raw/images/lfw_02775.jpg,FACE_TOO_ANGLED_OR_SMALL,"Pose out of frontal band (|yaw|<=15.0, |pitch|<=15.0): yaw=-43.6, pitch=-21.7"
lfw_02776,data/raw/images/lfw_02776.jpg,FACE_TOO_ANGLED_OR_SMALL,"Pose out of frontal band (|yaw|<=15.0, |pitch|<=15.0): yaw=13.8, pitch=-23.2"
lfw_02777,data/raw/images/lfw_02777.jpg,FACE_TOO_ANGLED_OR_SMALL,"Pose out of frontal band (|yaw|<=15.0, |pitch|<=15.0): yaw=-15.7, pitch=-31.9"
lfw_02778,data/raw/images/lfw_02778.jpg,FACE_TOO_ANGLED_OR_SMALL,"Pose out of frontal band (|yaw|<=15.0, |pitch|<=15.0): yaw=42.8, pitch=-24.2"
lfw_02779,data/raw/images/lfw_02779.jpg,FACE_TOO_ANGLED_OR_SMALL,"Pose out of frontal band (|yaw|<=15.0, |pitch|<=15.0): yaw=-3.6, pitch=-21.6"
lfw_02780,data/raw/images/lfw_02780.jpg,FACE_TOO_ANGLED_OR_SMALL,"Pose out of frontal band (|yaw|<=15.0, |pitch|<=15.0): yaw=-17.9, pitch=-32.2"
lfw_02782,data/raw/images/lfw_02782.jpg,FACE_TOO_ANGLED_OR_SMALL,"Pose out of frontal band (|yaw|<=15.0, |pitch|<=15.0): yaw=-16.6, pitch=-44.4"
lfw_02783,data/raw/images/lfw_02783.jpg,FACE_TOO_ANGLED_OR_SMALL,"Pose out of frontal band (|yaw|<=15.0, |pitch|<=15.0): yaw=-9.0, pitch=-27.9"
lfw_02784,data/raw/images/lfw_02784.jpg,FACE_TOO_ANGLED_OR_SMALL,"Pose out of frontal band (|yaw|<=15.0, |pitch|<=15.0): yaw=9.3, pitch=-34.6"
lfw_02785,data/raw/images/lfw_02785.jpg,FACE_TOO_ANGLED_OR_SMALL,"Pose out of frontal band (|yaw|<=15.0, |pitch|<=15.0): yaw=16.2, pitch=-41.9"
lfw_02786,data/raw/images/lfw_02786.jpg,FACE_TOO_ANGLED_OR_SMALL,"Pose out of frontal band (|yaw|<=15.0, |pitch|<=15.0): yaw=9.6, pitch=-33.4"
lfw_02787,data/raw/images/lfw_02787.jpg,FACE_TOO_ANGLED_OR_SMALL,"Pose out of frontal band (|yaw|<=15.0, |pitch|<=15.0): yaw=23.6, pitch=-6.4"
lfw_02788,data/raw/images/lfw_02788.jpg,FACE_TOO_ANGLED_OR_SMALL,"Pose out of frontal band (|yaw|<=15.0, |pitch|<=15.0): yaw=36.7, pitch=-38.1"
lfw_02789,data/raw/images/lfw_02789.jpg,MULTIPLE_FACES_DETECTED,
lfw_02790,data/raw/images/lfw_02790.jpg,FACE_TOO_ANGLED_OR_SMALL,"Pose out of frontal band (|yaw|<=15.0, |pitch|<=15.0): yaw=51.5, pitch=-15.7"
lfw_02792,data/raw/images/lfw_02792.jpg,FACE_TOO_ANGLED_OR_SMALL,"Pose out of frontal band (|yaw|<=15.0, |pitch|<=15.0): yaw=-0.0, pitch=-28.6"
lfw_02793,data/raw/images/lfw_02793.jpg,FACE_TOO_ANGLED_OR_SMALL,"Pose out of frontal band (|yaw|<=15.0, |pitch|<=15.0): yaw=49.4, pitch=-35.1"
lfw_02794,data/raw/images/lfw_02794.jpg,FACE_TOO_ANGLED_OR_SMALL,"Pose out of frontal band (|yaw|<=15.0, |pitch|<=15.0): yaw=23.8, pitch=-41.9"
lfw_02795,data/raw/images/lfw_02795.jpg,FACE_TOO_ANGLED_OR_SMALL,"Pose out of frontal band (|yaw|<=15.0, |pitch|<=15.0): yaw=28.0, pitch=-12.3"
lfw_02796,data/raw/images/lfw_02796.jpg,FACE_TOO_ANGLED_OR_SMALL,"Pose out of frontal band (|yaw|<=15.0, |pitch|<=15.0): yaw=16.6, pitch=-26.1"
lfw_02797,data/raw/images/lfw_02797.jpg,FACE_TOO_ANGLED_OR_SMALL,"Pose out of frontal band (|yaw|<=15.0, |pitch|<=15.0): yaw=38.6, pitch=-37.6"
lfw_02798,data/raw/images/lfw_02798.jpg,FACE_TOO_ANGLED_OR_SMALL,"Pose out of frontal band (|yaw|<=15.0, |pitch|<=15.0): yaw=20.0, pitch=-30.7"
lfw_02799,data/raw/images/lfw_02799.jpg,FACE_TOO_ANGLED_OR_SMALL,"Pose out of frontal band (|yaw|<=15.0, |pitch|<=15.0): yaw=29.9, pitch=-23.1"
lfw_02800,data/raw/images/lfw_02800.jpg,FACE_TOO_ANGLED_OR_SMALL,"Pose out of frontal band (|yaw|<=15.0, |pitch|<=15.0): yaw=28.6, pitch=-34.0"
lfw_02801,data/raw/images/lfw_02801.jpg,FACE_TOO_ANGLED_OR_SMALL,"Pose out of frontal band (|yaw|<=15.0, |pitch|<=15.0): yaw=-1.6, pitch=-37.7"
lfw_02802,data/raw/images/lfw_02802.jpg,FACE_TOO_ANGLED_OR_SMALL,"Pose out of frontal band (|yaw|<=15.0, |pitch|<=15.0): yaw=-31.0, pitch=-12.2"
lfw_02803,data/raw/images/lfw_02803.jpg,FACE_TOO_ANGLED_OR_SMALL,"Pose out of frontal band (|yaw|<=15.0, |pitch|<=15.0): yaw=-32.7, pitch=-24.4"
lfw_02804,data/raw/images/lfw_02804.jpg,FACE_TOO_ANGLED_OR_SMALL,"Pose out of frontal band (|yaw|<=15.0, |pitch|<=15.0): yaw=-33.6, pitch=-22.7"
lfw_02805,data/raw/images/lfw_02805.jpg,FACE_TOO_ANGLED_OR_SMALL,"Pose out of frontal band (|yaw|<=15.0, |pitch|<=15.0): yaw=9.8, pitch=-26.4"
lfw_02806,data/raw/images/lfw_02806.jpg,FACE_TOO_ANGLED_OR_SMALL,"Pose out of frontal band (|yaw|<=15.0, |pitch|<=15.0): yaw=-18.9, pitch=-16.8"
lfw_02807,data/raw/images/lfw_02807.jpg,MULTIPLE_FACES_DETECTED,
lfw_02808,data/raw/images/lfw_02808.jpg,FACE_TOO_ANGLED_OR_SMALL,"Pose out of frontal band (|yaw|<=15.0, |pitch|<=15.0): yaw=19.2, pitch=-39.6"
lfw_02809,data/raw/images/lfw_02809.jpg,FACE_TOO_ANGLED_OR_SMALL,"Pose out of frontal band (|yaw|<=15.0, |pitch|<=15.0): yaw=53.3, pitch=-21.8"
lfw_02810,data/raw/images/lfw_02810.jpg,FACE_TOO_ANGLED_OR_SMALL,"Pose out of frontal band (|yaw|<=15.0, |pitch|<=15.0): yaw=5.7, pitch=-58.2"
lfw_02812,data/raw/images/lfw_02812.jpg,FACE_TOO_ANGLED_OR_SMALL,"Pose out of frontal band (|yaw|<=15.0, |pitch|<=15.0): yaw=19.6, pitch=-16.5"
lfw_02814,data/raw/images/lfw_02814.jpg,FACE_TOO_ANGLED_OR_SMALL,"Pose out of frontal band (|yaw|<=15.0, |pitch|<=15.0): yaw=16.9, pitch=-23.5"
lfw_02815,data/raw/images/lfw_02815.jpg,FACE_TOO_ANGLED_OR_SMALL,"Pose out of frontal band (|yaw|<=15.0, |pitch|<=15.0): yaw=45.5, pitch=-24.3"
lfw_02816,data/raw/images/lfw_02816.jpg,FACE_TOO_ANGLED_OR_SMALL,"Pose out of frontal band (|yaw|<=15.0, |pitch|<=15.0): yaw=-29.6, pitch=-27.7"
lfw_02817,data/raw/images/lfw_02817.jpg,FACE_TOO_ANGLED_OR_SMALL,"Pose out of frontal band (|yaw|<=15.0, |pitch|<=15.0): yaw=12.3, pitch=-18.2"
lfw_02818,data/raw/images/lfw_02818.jpg,FACE_TOO_ANGLED_OR_SMALL,"Pose out of frontal band (|yaw|<=15.0, |pitch|<=15.0): yaw=-18.7, pitch=-48.1"
lfw_02819,data/raw/images/lfw_02819.jpg,FACE_TOO_ANGLED_OR_SMALL,"Pose out of frontal band (|yaw|<=15.0, |pitch|<=15.0): yaw=38.2, pitch=-37.1"
lfw_02820,data/raw/images/lfw_02820.jpg,MULTIPLE_FACES_DETECTED,
lfw_02821,data/raw/images/lfw_02821.jpg,FACE_TOO_ANGLED_OR_SMALL,"Pose out of frontal band (|yaw|<=15.0, |pitch|<=15.0): yaw=-50.4, pitch=-15.8"
lfw_02822,data/raw/images/lfw_02822.jpg,FACE_TOO_ANGLED_OR_SMALL,"Pose out of frontal band (|yaw|<=15.0, |pitch|<=15.0): yaw=17.7, pitch=-38.8"
lfw_02823,data/raw/images/lfw_02823.jpg,FACE_TOO_ANGLED_OR_SMALL,"Pose out of frontal band (|yaw|<=15.0, |pitch|<=15.0): yaw=4.4, pitch=-28.8"
lfw_02824,data/raw/images/lfw_02824.jpg,MULTIPLE_FACES_DETECTED,
lfw_02825,data/raw/images/lfw_02825.jpg,FACE_TOO_ANGLED_OR_SMALL,"Pose out of frontal band (|yaw|<=15.0, |pitch|<=15.0): yaw=-27.7, pitch=-22.5"
lfw_02826,data/raw/images/lfw_02826.jpg,MULTIPLE_FACES_DETECTED,
lfw_02827,data/raw/images/lfw_02827.jpg,FACE_TOO_ANGLED_OR_SMALL,"Pose out of frontal band (|yaw|<=15.0, |pitch|<=15.0): yaw=36.8, pitch=-16.3"
lfw_02828,data/raw/images/lfw_02828.jpg,FACE_TOO_ANGLED_OR_SMALL,"Pose out of frontal band (|yaw|<=15.0, |pitch|<=15.0): yaw=-34.4, pitch=-37.3"
lfw_02829,data/raw/images/lfw_02829.jpg,FACE_TOO_ANGLED_OR_SMALL,"Pose out of frontal band (|yaw|<=15.0, |pitch|<=15.0): yaw=21.4, pitch=-26.2"
lfw_02830,data/raw/images/lfw_02830.jpg,MULTIPLE_FACES_DETECTED,
lfw_02831,data/raw/images/lfw_02831.jpg,FACE_TOO_ANGLED_OR_SMALL,"Pose out of frontal band (|yaw|<=15.0, |pitch|<=15.0): yaw=40.4, pitch=-20.7"
lfw_02832,data/raw/images/lfw_02832.jpg,MULTIPLE_FACES_DETECTED,
lfw_02833,data/raw/images/lfw_02833.jpg,FACE_TOO_ANGLED_OR_SMALL,"Pose out of frontal band (|yaw|<=15.0, |pitch|<=15.0): yaw=-26.5, pitch=-26.5"
lfw_02834,data/raw/images/lfw_02834.jpg,FACE_TOO_ANGLED_OR_SMALL,"Pose out of frontal band (|yaw|<=15.0, |pitch|<=15.0): yaw=-27.5, pitch=-6.1"
lfw_02835,data/raw/images/lfw_02835.jpg,FACE_TOO_ANGLED_OR_SMALL,"Pose out of frontal band (|yaw|<=15.0, |pitch|<=15.0): yaw=-46.4, pitch=-9.2"
lfw_02836,data/raw/images/lfw_02836.jpg,FACE_TOO_ANGLED_OR_SMALL,"Pose out of frontal band (|yaw|<=15.0, |pitch|<=15.0): yaw=26.6, pitch=0.3"
lfw_02837,data/raw/images/lfw_02837.jpg,FACE_TOO_ANGLED_OR_SMALL,"Pose out of frontal band (|yaw|<=15.0, |pitch|<=15.0): yaw=6.4, pitch=-32.8"
lfw_02838,data/raw/images/lfw_02838.jpg,FACE_TOO_ANGLED_OR_SMALL,"Pose out of frontal band (|yaw|<=15.0, |pitch|<=15.0): yaw=10.0, pitch=-32.1"
lfw_02839,data/raw/images/lfw_02839.jpg,MULTIPLE_FACES_DETECTED,
lfw_02840,data/raw/images/lfw_02840.jpg,FACE_TOO_ANGLED_OR_SMALL,"Pose out of frontal band (|yaw|<=15.0, |pitch|<=15.0): yaw=-18.5, pitch=-26.2"
lfw_02841,data/raw/images/lfw_02841.jpg,FACE_TOO_ANGLED_OR_SMALL,"Pose out of frontal band (|yaw|<=15.0, |pitch|<=15.0): yaw=-9.8, pitch=-36.0"
lfw_02842,data/raw/images/lfw_02842.jpg,FACE_TOO_ANGLED_OR_SMALL,"Pose out of frontal band (|yaw|<=15.0, |pitch|<=15.0): yaw=10.0, pitch=-50.1"
lfw_02843,data/raw/images/lfw_02843.jpg,FACE_TOO_ANGLED_OR_SMALL,"Pose out of frontal band (|yaw|<=15.0, |pitch|<=15.0): yaw=-1.7, pitch=-23.2"
lfw_02844,data/raw/images/lfw_02844.jpg,FACE_TOO_ANGLED_OR_SMALL,"Pose out of frontal band (|yaw|<=15.0, |pitch|<=15.0): yaw=10.2, pitch=-25.2"
lfw_02845,data/raw/images/lfw_02845.jpg,FACE_TOO_ANGLED_OR_SMALL,"Pose out of frontal band (|yaw|<=15.0, |pitch|<=15.0): yaw=18.1, pitch=-24.9"
lfw_02846,data/raw/images/lfw_02846.jpg,FACE_TOO_ANGLED_OR_SMALL,"Pose out of frontal band (|yaw|<=15.0, |pitch|<=15.0): yaw=-5.6, pitch=-34.4"
lfw_02847,data/raw/images/lfw_02847.jpg,FACE_TOO_ANGLED_OR_SMALL,"Pose out of frontal band (|yaw|<=15.0, |pitch|<=15.0): yaw=-28.3, pitch=-16.4"
lfw_02849,data/raw/images/lfw_02849.jpg,FACE_TOO_ANGLED_OR_SMALL,"Pose out of frontal band (|yaw|<=15.0, |pitch|<=15.0): yaw=10.2, pitch=-29.1"
lfw_02850,data/raw/images/lfw_02850.jpg,FACE_TOO_ANGLED_OR_SMALL,"Pose out of frontal band (|yaw|<=15.0, |pitch|<=15.0): yaw=3.1, pitch=-40.4"
lfw_02851,data/raw/images/lfw_02851.jpg,FACE_TOO_ANGLED_OR_SMALL,"Pose out of frontal band (|yaw|<=15.0, |pitch|<=15.0): yaw=2.1, pitch=-18.8"
lfw_02852,data/raw/images/lfw_02852.jpg,FACE_TOO_ANGLED_OR_SMALL,"Pose out of frontal band (|yaw|<=15.0, |pitch|<=15.0): yaw=-12.7, pitch=-43.3"
lfw_02853,data/raw/images/lfw_02853.jpg,FACE_TOO_ANGLED_OR_SMALL,"Pose out of frontal band (|yaw|<=15.0, |pitch|<=15.0): yaw=-6.2, pitch=-25.5"
lfw_02854,data/raw/images/lfw_02854.jpg,FACE_TOO_ANGLED_OR_SMALL,"Pose out of frontal band (|yaw|<=15.0, |pitch|<=15.0): yaw=-31.4, pitch=-7.4"
lfw_02855,data/raw/images/lfw_02855.jpg,FACE_TOO_ANGLED_OR_SMALL,"Pose out of frontal band (|yaw|<=15.0, |pitch|<=15.0): yaw=6.9, pitch=-31.6"
lfw_02856,data/raw/images/lfw_02856.jpg,FACE_TOO_ANGLED_OR_SMALL,"Pose out of frontal band (|yaw|<=15.0, |pitch|<=15.0): yaw=-3.2, pitch=-15.2"
lfw_02857,data/raw/images/lfw_02857.jpg,FACE_TOO_ANGLED_OR_SMALL,"Pose out of frontal band (|yaw|<=15.0, |pitch|<=15.0): yaw=8.6, pitch=-19.1"
lfw_02858,data/raw/images/lfw_02858.jpg,FACE_TOO_ANGLED_OR_SMALL,"Pose out of frontal band (|yaw|<=15.0, |pitch|<=15.0): yaw=45.8, pitch=-16.6"
lfw_02859,data/raw/images/lfw_02859.jpg,FACE_TOO_ANGLED_OR_SMALL,"Pose out of frontal band (|yaw|<=15.0, |pitch|<=15.0): yaw=6.9, pitch=-15.4"
lfw_02860,data/raw/images/lfw_02860.jpg,FACE_TOO_ANGLED_OR_SMALL,"Pose out of frontal band (|yaw|<=15.0, |pitch|<=15.0): yaw=3.7, pitch=-28.2"
lfw_02861,data/raw/images/lfw_02861.jpg,FACE_TOO_ANGLED_OR_SMALL,"Pose out of frontal band (|yaw|<=15.0, |pitch|<=15.0): yaw=8.5, pitch=-32.1"
lfw_02862,data/raw/images/lfw_02862.jpg,FACE_TOO_ANGLED_OR_SMALL,"Pose out of frontal band (|yaw|<=15.0, |pitch|<=15.0): yaw=-40.6, pitch=-16.8"
lfw_02863,data/raw/images/lfw_02863.jpg,FACE_TOO_ANGLED_OR_SMALL,"Pose out of frontal band (|yaw|<=15.0, |pitch|<=15.0): yaw=-10.2, pitch=-25.6"
lfw_02864,data/raw/images/lfw_02864.jpg,FACE_TOO_ANGLED_OR_SMALL,"Pose out of frontal band (|yaw|<=15.0, |pitch|<=15.0): yaw=-7.7, pitch=-18.0"
lfw_02866,data/raw/images/lfw_02866.jpg,FACE_TOO_ANGLED_OR_SMALL,"Pose out of frontal band (|yaw|<=15.0, |pitch|<=15.0): yaw=-16.8, pitch=-22.3"
lfw_02867,data/raw/images/lfw_02867.jpg,FACE_TOO_ANGLED_OR_SMALL,"Pose out of frontal band (|yaw|<=15.0, |pitch|<=15.0): yaw=9.7, pitch=-37.8"
lfw_02868,data/raw/images/lfw_02868.jpg,FACE_TOO_ANGLED_OR_SMALL,"Pose out of frontal band (|yaw|<=15.0, |pitch|<=15.0): yaw=-19.1, pitch=-17.4"
lfw_02869,data/raw/images/lfw_02869.jpg,FACE_TOO_ANGLED_OR_SMALL,"Pose out of frontal band (|yaw|<=15.0, |pitch|<=15.0): yaw=62.4, pitch=-15.3"
lfw_02870,data/raw/images/lfw_02870.jpg,FACE_TOO_ANGLED_OR_SMALL,"Pose out of frontal band (|yaw|<=15.0, |pitch|<=15.0): yaw=-9.0, pitch=-16.3"
lfw_02871,data/raw/images/lfw_02871.jpg,FACE_TOO_ANGLED_OR_SMALL,"Pose out of frontal band (|yaw|<=15.0, |pitch|<=15.0): yaw=-26.8, pitch=-22.7"
lfw_02872,data/raw/images/lfw_02872.jpg,FACE_TOO_ANGLED_OR_SMALL,"Pose out of frontal band (|yaw|<=15.0, |pitch|<=15.0): yaw=31.7, pitch=-11.3"
lfw_02873,data/raw/images/lfw_02873.jpg,FACE_TOO_ANGLED_OR_SMALL,"Pose out of frontal band (|yaw|<=15.0, |pitch|<=15.0): yaw=-44.3, pitch=-15.8"
lfw_02874,data/raw/images/lfw_02874.jpg,FACE_TOO_ANGLED_OR_SMALL,"Pose out of frontal band (|yaw|<=15.0, |pitch|<=15.0): yaw=21.6, pitch=-31.0"
lfw_02875,data/raw/images/lfw_02875.jpg,FACE_TOO_ANGLED_OR_SMALL,"Pose out of frontal band (|yaw|<=15.0, |pitch|<=15.0): yaw=19.5, pitch=-22.6"
lfw_02876,data/raw/images/lfw_02876.jpg,FACE_TOO_ANGLED_OR_SMALL,"Pose out of frontal band (|yaw|<=15.0, |pitch|<=15.0): yaw=17.4, pitch=-5.9"
lfw_02877,data/raw/images/lfw_02877.jpg,FACE_TOO_ANGLED_OR_SMALL,"Pose out of frontal band (|yaw|<=15.0, |pitch|<=15.0): yaw=4.6, pitch=-18.9"
lfw_02878,data/raw/images/lfw_02878.jpg,FACE_TOO_ANGLED_OR_SMALL,"Pose out of frontal band (|yaw|<=15.0, |pitch|<=15.0): yaw=-11.8, pitch=-22.2"
lfw_02879,data/raw/images/lfw_02879.jpg,FACE_TOO_ANGLED_OR_SMALL,"Pose out of frontal band (|yaw|<=15.0, |pitch|<=15.0): yaw=-1.2, pitch=-26.6"
lfw_02880,data/raw/images/lfw_02880.jpg,FACE_TOO_ANGLED_OR_SMALL,"Pose out of frontal band (|yaw|<=15.0, |pitch|<=15.0): yaw=-9.2, pitch=-29.0"
lfw_02881,data/raw/images/lfw_02881.jpg,FACE_TOO_ANGLED_OR_SMALL,"Pose out of frontal band (|yaw|<=15.0, |pitch|<=15.0): yaw=-13.9, pitch=-21.9"
lfw_02882,data/raw/images/lfw_02882.jpg,FACE_TOO_ANGLED_OR_SMALL,"Pose out of frontal band (|yaw|<=15.0, |pitch|<=15.0): yaw=-0.1, pitch=-33.3"
lfw_02883,data/raw/images/lfw_02883.jpg,FACE_TOO_ANGLED_OR_SMALL,"Pose out of frontal band (|yaw|<=15.0, |pitch|<=15.0): yaw=-56.2, pitch=-21.0"
lfw_02884,data/raw/images/lfw_02884.jpg,FACE_TOO_ANGLED_OR_SMALL,"Pose out of frontal band (|yaw|<=15.0, |pitch|<=15.0): yaw=-5.4, pitch=-54.4"
lfw_02885,data/raw/images/lfw_02885.jpg,FACE_TOO_ANGLED_OR_SMALL,"Pose out of frontal band (|yaw|<=15.0, |pitch|<=15.0): yaw=12.7, pitch=-36.7"
lfw_02886,data/raw/images/lfw_02886.jpg,MULTIPLE_FACES_DETECTED,
lfw_02887,data/raw/images/lfw_02887.jpg,FACE_TOO_ANGLED_OR_SMALL,"Pose out of frontal band (|yaw|<=15.0, |pitch|<=15.0): yaw=12.8, pitch=-34.9"
lfw_02888,data/raw/images/lfw_02888.jpg,FACE_TOO_ANGLED_OR_SMALL,"Pose out of frontal band (|yaw|<=15.0, |pitch|<=15.0): yaw=17.2, pitch=-39.2"
lfw_02889,data/raw/images/lfw_02889.jpg,FACE_TOO_ANGLED_OR_SMALL,"Pose out of frontal band (|yaw|<=15.0, |pitch|<=15.0): yaw=6.9, pitch=-28.1"
lfw_02890,data/raw/images/lfw_02890.jpg,FACE_TOO_ANGLED_OR_SMALL,"Pose out of frontal band (|yaw|<=15.0, |pitch|<=15.0): yaw=17.6, pitch=-32.2"
lfw_02891,data/raw/images/lfw_02891.jpg,FACE_TOO_ANGLED_OR_SMALL,"Pose out of frontal band (|yaw|<=15.0, |pitch|<=15.0): yaw=39.8, pitch=-19.8"
lfw_02892,data/raw/images/lfw_02892.jpg,FACE_TOO_ANGLED_OR_SMALL,"Pose out of frontal band (|yaw|<=15.0, |pitch|<=15.0): yaw=-35.5, pitch=-21.9"
lfw_02893,data/raw/images/lfw_02893.jpg,FACE_TOO_ANGLED_OR_SMALL,"Pose out of frontal band (|yaw|<=15.0, |pitch|<=15.0): yaw=-30.8, pitch=-31.9"
lfw_02894,data/raw/images/lfw_02894.jpg,FACE_TOO_ANGLED_OR_SMALL,"Pose out of frontal band (|yaw|<=15.0, |pitch|<=15.0): yaw=17.7, pitch=-17.5"
lfw_02895,data/raw/images/lfw_02895.jpg,FACE_TOO_ANGLED_OR_SMALL,"Pose out of frontal band (|yaw|<=15.0, |pitch|<=15.0): yaw=-18.9, pitch=-23.2"
lfw_02896,data/raw/images/lfw_02896.jpg,FACE_TOO_ANGLED_OR_SMALL,"Pose out of frontal band (|yaw|<=15.0, |pitch|<=15.0): yaw=-15.5, pitch=-28.5"
lfw_02897,data/raw/images/lfw_02897.jpg,FACE_TOO_ANGLED_OR_SMALL,"Pose out of frontal band (|yaw|<=15.0, |pitch|<=15.0): yaw=5.9, pitch=-24.6"
lfw_02898,data/raw/images/lfw_02898.jpg,FACE_TOO_ANGLED_OR_SMALL,"Pose out of frontal band (|yaw|<=15.0, |pitch|<=15.0): yaw=12.4, pitch=-29.5"
lfw_02899,data/raw/images/lfw_02899.jpg,FACE_TOO_ANGLED_OR_SMALL,"Pose out of frontal band (|yaw|<=15.0, |pitch|<=15.0): yaw=24.3, pitch=-38.8"
lfw_02900,data/raw/images/lfw_02900.jpg,FACE_TOO_ANGLED_OR_SMALL,"Pose out of frontal band (|yaw|<=15.0, |pitch|<=15.0): yaw=-31.6, pitch=-56.4"
lfw_02901,data/raw/images/lfw_02901.jpg,FACE_TOO_ANGLED_OR_SMALL,"Pose out of frontal band (|yaw|<=15.0, |pitch|<=15.0): yaw=-1.6, pitch=-26.9"
lfw_02902,data/raw/images/lfw_02902.jpg,FACE_TOO_ANGLED_OR_SMALL,"Pose out of frontal band (|yaw|<=15.0, |pitch|<=15.0): yaw=-1.0, pitch=-20.0"
lfw_02903,data/raw/images/lfw_02903.jpg,FACE_TOO_ANGLED_OR_SMALL,"Pose out of frontal band (|yaw|<=15.0, |pitch|<=15.0): yaw=18.2, pitch=-21.1"
lfw_02904,data/raw/images/lfw_02904.jpg,FACE_TOO_ANGLED_OR_SMALL,"Pose out of frontal band (|yaw|<=15.0, |pitch|<=15.0): yaw=24.7, pitch=-19.0"
lfw_02905,data/raw/images/lfw_02905.jpg,MULTIPLE_FACES_DETECTED,
lfw_02906,data/raw/images/lfw_02906.jpg,MULTIPLE_FACES_DETECTED,
lfw_02907,data/raw/images/lfw_02907.jpg,MULTIPLE_FACES_DETECTED,
lfw_02908,data/raw/images/lfw_02908.jpg,MULTIPLE_FACES_DETECTED,
lfw_02909,data/raw/images/lfw_02909.jpg,MULTIPLE_FACES_DETECTED,
lfw_02910,data/raw/images/lfw_02910.jpg,FACE_TOO_ANGLED_OR_SMALL,"Pose out of frontal band (|yaw|<=15.0, |pitch|<=15.0): yaw=-35.5, pitch=-29.4"
lfw_02911,data/raw/images/lfw_02911.jpg,FACE_TOO_ANGLED_OR_SMALL,"Pose out of frontal band (|yaw|<=15.0, |pitch|<=15.0): yaw=29.1, pitch=-65.1"
lfw_02912,data/raw/images/lfw_02912.jpg,FACE_TOO_ANGLED_OR_SMALL,"Pose out of frontal band (|yaw|<=15.0, |pitch|<=15.0): yaw=24.1, pitch=-20.5"
lfw_02913,data/raw/images/lfw_02913.jpg,FACE_TOO_ANGLED_OR_SMALL,"Pose out of frontal band (|yaw|<=15.0, |pitch|<=15.0): yaw=-16.5, pitch=-39.4"
lfw_02914,data/raw/images/lfw_02914.jpg,FACE_TOO_ANGLED_OR_SMALL,"Pose out of frontal band (|yaw|<=15.0, |pitch|<=15.0): yaw=-9.9, pitch=-23.8"
lfw_02918,data/raw/images/lfw_02918.jpg,FACE_TOO_ANGLED_OR_SMALL,"Pose out of frontal band (|yaw|<=15.0, |pitch|<=15.0): yaw=-24.0, pitch=-17.5"
lfw_02919,data/raw/images/lfw_02919.jpg,FACE_TOO_ANGLED_OR_SMALL,"Pose out of frontal band (|yaw|<=15.0, |pitch|<=15.0): yaw=25.8, pitch=-23.5"
lfw_02920,data/raw/images/lfw_02920.jpg,FACE_TOO_ANGLED_OR_SMALL,"Pose out of frontal band (|yaw|<=15.0, |pitch|<=15.0): yaw=4.7, pitch=-16.4"
lfw_02921,data/raw/images/lfw_02921.jpg,FACE_TOO_ANGLED_OR_SMALL,"Pose out of frontal band (|yaw|<=15.0, |pitch|<=15.0): yaw=-37.3, pitch=-16.5"
lfw_02922,data/raw/images/lfw_02922.jpg,FACE_TOO_ANGLED_OR_SMALL,"Pose out of frontal band (|yaw|<=15.0, |pitch|<=15.0): yaw=-14.4, pitch=-16.1"
lfw_02924,data/raw/images/lfw_02924.jpg,FACE_TOO_ANGLED_OR_SMALL,"Pose out of frontal band (|yaw|<=15.0, |pitch|<=15.0): yaw=34.0, pitch=-16.5"
lfw_02925,data/raw/images/lfw_02925.jpg,FACE_TOO_ANGLED_OR_SMALL,"Pose out of frontal band (|yaw|<=15.0, |pitch|<=15.0): yaw=9.6, pitch=-17.0"
lfw_02927,data/raw/images/lfw_02927.jpg,FACE_TOO_ANGLED_OR_SMALL,"Pose out of frontal band (|yaw|<=15.0, |pitch|<=15.0): yaw=-19.2, pitch=-20.7"
lfw_02929,data/raw/images/lfw_02929.jpg,FACE_TOO_ANGLED_OR_SMALL,"Pose out of frontal band (|yaw|<=15.0, |pitch|<=15.0): yaw=-7.6, pitch=-34.0"
lfw_02930,data/raw/images/lfw_02930.jpg,FACE_TOO_ANGLED_OR_SMALL,"Pose out of frontal band (|yaw|<=15.0, |pitch|<=15.0): yaw=33.1, pitch=-30.3"
lfw_02931,data/raw/images/lfw_02931.jpg,FACE_TOO_ANGLED_OR_SMALL,"Pose out of frontal band (|yaw|<=15.0, |pitch|<=15.0): yaw=-12.5, pitch=-38.2"
lfw_02932,data/raw/images/lfw_02932.jpg,MULTIPLE_FACES_DETECTED,
lfw_02934,data/raw/images/lfw_02934.jpg,FACE_TOO_ANGLED_OR_SMALL,"Pose out of frontal band (|yaw|<=15.0, |pitch|<=15.0): yaw=-17.1, pitch=-14.1"
lfw_02936,data/raw/images/lfw_02936.jpg,FACE_TOO_ANGLED_OR_SMALL,"Pose out of frontal band (|yaw|<=15.0, |pitch|<=15.0): yaw=25.4, pitch=-22.3"
lfw_02937,data/raw/images/lfw_02937.jpg,FACE_TOO_ANGLED_OR_SMALL,"Pose out of frontal band (|yaw|<=15.0, |pitch|<=15.0): yaw=-6.2, pitch=-26.2"
lfw_02938,data/raw/images/lfw_02938.jpg,FACE_TOO_ANGLED_OR_SMALL,"Pose out of frontal band (|yaw|<=15.0, |pitch|<=15.0): yaw=1.0, pitch=-41.5"
lfw_02939,data/raw/images/lfw_02939.jpg,FACE_TOO_ANGLED_OR_SMALL,"Pose out of frontal band (|yaw|<=15.0, |pitch|<=15.0): yaw=-17.9, pitch=-18.9"
lfw_02940,data/raw/images/lfw_02940.jpg,FACE_TOO_ANGLED_OR_SMALL,"Pose out of frontal band (|yaw|<=15.0, |pitch|<=15.0): yaw=15.3, pitch=-23.2"
lfw_02941,data/raw/images/lfw_02941.jpg,MULTIPLE_FACES_DETECTED,
lfw_02942,data/raw/images/lfw_02942.jpg,FACE_TOO_ANGLED_OR_SMALL,"Pose out of frontal band (|yaw|<=15.0, |pitch|<=15.0): yaw=-20.6, pitch=-23.8"
lfw_02943,data/raw/images/lfw_02943.jpg,FACE_TOO_ANGLED_OR_SMALL,"Pose out of frontal band (|yaw|<=15.0, |pitch|<=15.0): yaw=-17.0, pitch=-9.1"
lfw_02944,data/raw/images/lfw_02944.jpg,FACE_TOO_ANGLED_OR_SMALL,"Pose out of frontal band (|yaw|<=15.0, |pitch|<=15.0): yaw=14.5, pitch=-29.6"
lfw_02945,data/raw/images/lfw_02945.jpg,FACE_TOO_ANGLED_OR_SMALL,"Pose out of frontal band (|yaw|<=15.0, |pitch|<=15.0): yaw=-6.9, pitch=-15.5"
lfw_02946,data/raw/images/lfw_02946.jpg,FACE_TOO_ANGLED_OR_SMALL,"Pose out of frontal band (|yaw|<=15.0, |pitch|<=15.0): yaw=28.5, pitch=-24.7"
lfw_02947,data/raw/images/lfw_02947.jpg,FACE_TOO_ANGLED_OR_SMALL,"Pose out of frontal band (|yaw|<=15.0, |pitch|<=15.0): yaw=-7.7, pitch=-38.5"
lfw_02948,data/raw/images/lfw_02948.jpg,MULTIPLE_FACES_DETECTED,
lfw_02949,data/raw/images/lfw_02949.jpg,FACE_TOO_ANGLED_OR_SMALL,"Pose out of frontal band (|yaw|<=15.0, |pitch|<=15.0): yaw=52.7, pitch=-17.8"
lfw_02950,data/raw/images/lfw_02950.jpg,FACE_TOO_ANGLED_OR_SMALL,"Pose out of frontal band (|yaw|<=15.0, |pitch|<=15.0): yaw=-6.9, pitch=-28.7"
lfw_02951,data/raw/images/lfw_02951.jpg,FACE_TOO_ANGLED_OR_SMALL,"Pose out of frontal band (|yaw|<=15.0, |pitch|<=15.0): yaw=-25.3, pitch=-49.5"
lfw_02952,data/raw/images/lfw_02952.jpg,FACE_TOO_ANGLED_OR_SMALL,"Pose out of frontal band (|yaw|<=15.0, |pitch|<=15.0): yaw=-15.4, pitch=-32.8"
lfw_02953,data/raw/images/lfw_02953.jpg,FACE_TOO_ANGLED_OR_SMALL,"Pose out of frontal band (|yaw|<=15.0, |pitch|<=15.0): yaw=-44.5, pitch=-8.0"
lfw_02954,data/raw/images/lfw_02954.jpg,FACE_TOO_ANGLED_OR_SMALL,"Pose out of frontal band (|yaw|<=15.0, |pitch|<=15.0): yaw=9.3, pitch=-33.4"
lfw_02955,data/raw/images/lfw_02955.jpg,FACE_TOO_ANGLED_OR_SMALL,"Pose out of frontal band (|yaw|<=15.0, |pitch|<=15.0): yaw=-19.0, pitch=-28.4"
lfw_02956,data/raw/images/lfw_02956.jpg,FACE_TOO_ANGLED_OR_SMALL,"Pose out of frontal band (|yaw|<=15.0, |pitch|<=15.0): yaw=-0.9, pitch=-33.6"
lfw_02957,data/raw/images/lfw_02957.jpg,FACE_TOO_ANGLED_OR_SMALL,"Pose out of frontal band (|yaw|<=15.0, |pitch|<=15.0): yaw=0.8, pitch=-34.2"
lfw_02958,data/raw/images/lfw_02958.jpg,FACE_TOO_ANGLED_OR_SMALL,"Pose out of frontal band (|yaw|<=15.0, |pitch|<=15.0): yaw=-25.8, pitch=-41.6"
lfw_02960,data/raw/images/lfw_02960.jpg,FACE_TOO_ANGLED_OR_SMALL,"Pose out of frontal band (|yaw|<=15.0, |pitch|<=15.0): yaw=-21.3, pitch=-28.2"
lfw_02961,data/raw/images/lfw_02961.jpg,FACE_TOO_ANGLED_OR_SMALL,"Pose out of frontal band (|yaw|<=15.0, |pitch|<=15.0): yaw=11.1, pitch=-41.3"
lfw_02962,data/raw/images/lfw_02962.jpg,FACE_TOO_ANGLED_OR_SMALL,"Pose out of frontal band (|yaw|<=15.0, |pitch|<=15.0): yaw=22.4, pitch=-27.2"
lfw_02963,data/raw/images/lfw_02963.jpg,FACE_TOO_ANGLED_OR_SMALL,"Pose out of frontal band (|yaw|<=15.0, |pitch|<=15.0): yaw=10.6, pitch=-18.6"
lfw_02964,data/raw/images/lfw_02964.jpg,FACE_TOO_ANGLED_OR_SMALL,"Pose out of frontal band (|yaw|<=15.0, |pitch|<=15.0): yaw=49.3, pitch=-28.1"
lfw_02965,data/raw/images/lfw_02965.jpg,MULTIPLE_FACES_DETECTED,
lfw_02967,data/raw/images/lfw_02967.jpg,FACE_TOO_ANGLED_OR_SMALL,"Pose out of frontal band (|yaw|<=15.0, |pitch|<=15.0): yaw=-10.4, pitch=-23.0"
lfw_02968,data/raw/images/lfw_02968.jpg,FACE_TOO_ANGLED_OR_SMALL,"Pose out of frontal band (|yaw|<=15.0, |pitch|<=15.0): yaw=-13.0, pitch=-54.2"
lfw_02969,data/raw/images/lfw_02969.jpg,FACE_TOO_ANGLED_OR_SMALL,"Pose out of frontal band (|yaw|<=15.0, |pitch|<=15.0): yaw=-28.2, pitch=-16.5"
lfw_02970,data/raw/images/lfw_02970.jpg,FACE_TOO_ANGLED_OR_SMALL,"Pose out of frontal band (|yaw|<=15.0, |pitch|<=15.0): yaw=4.6, pitch=-40.8"
lfw_02971,data/raw/images/lfw_02971.jpg,FACE_TOO_ANGLED_OR_SMALL,"Pose out of frontal band (|yaw|<=15.0, |pitch|<=15.0): yaw=6.2, pitch=-26.1"
lfw_02972,data/raw/images/lfw_02972.jpg,FACE_TOO_ANGLED_OR_SMALL,"Pose out of frontal band (|yaw|<=15.0, |pitch|<=15.0): yaw=-10.7, pitch=-18.6"
lfw_02973,data/raw/images/lfw_02973.jpg,FACE_TOO_ANGLED_OR_SMALL,"Pose out of frontal band (|yaw|<=15.0, |pitch|<=15.0): yaw=9.0, pitch=-16.9"
lfw_02974,data/raw/images/lfw_02974.jpg,FACE_TOO_ANGLED_OR_SMALL,"Pose out of frontal band (|yaw|<=15.0, |pitch|<=15.0): yaw=-45.3, pitch=-7.1"
lfw_02975,data/raw/images/lfw_02975.jpg,FACE_TOO_ANGLED_OR_SMALL,"Pose out of frontal band (|yaw|<=15.0, |pitch|<=15.0): yaw=60.1, pitch=-43.3"
lfw_02976,data/raw/images/lfw_02976.jpg,FACE_TOO_ANGLED_OR_SMALL,"Pose out of frontal band (|yaw|<=15.0, |pitch|<=15.0): yaw=57.8, pitch=-37.9"
lfw_02978,data/raw/images/lfw_02978.jpg,MULTIPLE_FACES_DETECTED,
lfw_02979,data/raw/images/lfw_02979.jpg,FACE_TOO_ANGLED_OR_SMALL,"Pose out of frontal band (|yaw|<=15.0, |pitch|<=15.0): yaw=38.4, pitch=-25.6"
lfw_02980,data/raw/images/lfw_02980.jpg,FACE_TOO_ANGLED_OR_SMALL,"Pose out of frontal band (|yaw|<=15.0, |pitch|<=15.0): yaw=1.3, pitch=-22.6"
lfw_02981,data/raw/images/lfw_02981.jpg,FACE_TOO_ANGLED_OR_SMALL,"Pose out of frontal band (|yaw|<=15.0, |pitch|<=15.0): yaw=21.3, pitch=-26.8"
lfw_02982,data/raw/images/lfw_02982.jpg,FACE_TOO_ANGLED_OR_SMALL,"Pose out of frontal band (|yaw|<=15.0, |pitch|<=15.0): yaw=-3.3, pitch=-15.1"
lfw_02983,data/raw/images/lfw_02983.jpg,FACE_TOO_ANGLED_OR_SMALL,"Pose out of frontal band (|yaw|<=15.0, |pitch|<=15.0): yaw=50.3, pitch=-15.0"
lfw_02984,data/raw/images/lfw_02984.jpg,FACE_TOO_ANGLED_OR_SMALL,"Pose out of frontal band (|yaw|<=15.0, |pitch|<=15.0): yaw=-34.9, pitch=-3.2"
lfw_02985,data/raw/images/lfw_02985.jpg,FACE_TOO_ANGLED_OR_SMALL,"Pose out of frontal band (|yaw|<=15.0, |pitch|<=15.0): yaw=-27.3, pitch=-7.9"
lfw_02987,data/raw/images/lfw_02987.jpg,FACE_TOO_ANGLED_OR_SMALL,"Pose out of frontal band (|yaw|<=15.0, |pitch|<=15.0): yaw=35.2, pitch=-17.5"
lfw_02988,data/raw/images/lfw_02988.jpg,FACE_TOO_ANGLED_OR_SMALL,"Pose out of frontal band (|yaw|<=15.0, |pitch|<=15.0): yaw=-39.6, pitch=-24.3"
lfw_02989,data/raw/images/lfw_02989.jpg,FACE_TOO_ANGLED_OR_SMALL,"Pose out of frontal band (|yaw|<=15.0, |pitch|<=15.0): yaw=14.7, pitch=-58.7"
lfw_02990,data/raw/images/lfw_02990.jpg,FACE_TOO_ANGLED_OR_SMALL,"Pose out of frontal band (|yaw|<=15.0, |pitch|<=15.0): yaw=70.6, pitch=-30.3"
lfw_02992,data/raw/images/lfw_02992.jpg,FACE_TOO_ANGLED_OR_SMALL,"Pose out of frontal band (|yaw|<=15.0, |pitch|<=15.0): yaw=40.7, pitch=-36.0"
lfw_02993,data/raw/images/lfw_02993.jpg,FACE_TOO_ANGLED_OR_SMALL,"Pose out of frontal band (|yaw|<=15.0, |pitch|<=15.0): yaw=-7.2, pitch=-20.4"
lfw_02994,data/raw/images/lfw_02994.jpg,FACE_TOO_ANGLED_OR_SMALL,"Pose out of frontal band (|yaw|<=15.0, |pitch|<=15.0): yaw=-8.8, pitch=-25.7"
lfw_02995,data/raw/images/lfw_02995.jpg,FACE_TOO_ANGLED_OR_SMALL,"Pose out of frontal band (|yaw|<=15.0, |pitch|<=15.0): yaw=-39.7, pitch=-26.5"
lfw_02996,data/raw/images/lfw_02996.jpg,FACE_TOO_ANGLED_OR_SMALL,"Pose out of frontal band (|yaw|<=15.0, |pitch|<=15.0): yaw=-30.4, pitch=-34.1"
lfw_02997,data/raw/images/lfw_02997.jpg,FACE_TOO_ANGLED_OR_SMALL,"Pose out of frontal band (|yaw|<=15.0, |pitch|<=15.0): yaw=-47.7, pitch=-24.8"
lfw_02998,data/raw/images/lfw_02998.jpg,FACE_TOO_ANGLED_OR_SMALL,"Pose out of frontal band (|yaw|<=15.0, |pitch|<=15.0): yaw=-6.5, pitch=-29.2"
lfw_02999,data/raw/images/lfw_02999.jpg,FACE_TOO_ANGLED_OR_SMALL,"Pose out of frontal band (|yaw|<=15.0, |pitch|<=15.0): yaw=6.4, pitch=-36.7"
lfw_03000,data/raw/images/lfw_03000.jpg,FACE_TOO_ANGLED_OR_SMALL,"Pose out of frontal band (|yaw|<=15.0, |pitch|<=15.0): yaw=18.6, pitch=-35.3"
lfw_03001,data/raw/images/lfw_03001.jpg,FACE_TOO_ANGLED_OR_SMALL,"Pose out of frontal band (|yaw|<=15.0, |pitch|<=15.0): yaw=-32.7, pitch=-23.0"
lfw_03003,data/raw/images/lfw_03003.jpg,FACE_TOO_ANGLED_OR_SMALL,"Pose out of frontal band (|yaw|<=15.0, |pitch|<=15.0): yaw=-17.3, pitch=-48.6"
lfw_03004,data/raw/images/lfw_03004.jpg,FACE_TOO_ANGLED_OR_SMALL,"Pose out of frontal band (|yaw|<=15.0, |pitch|<=15.0): yaw=23.3, pitch=-14.2"
lfw_03006,data/raw/images/lfw_03006.jpg,FACE_TOO_ANGLED_OR_SMALL,"Pose out of frontal band (|yaw|<=15.0, |pitch|<=15.0): yaw=-8.3, pitch=-29.2"
lfw_03007,data/raw/images/lfw_03007.jpg,FACE_TOO_ANGLED_OR_SMALL,"Pose out of frontal band (|yaw|<=15.0, |pitch|<=15.0): yaw=10.2, pitch=-17.6"
lfw_03008,data/raw/images/lfw_03008.jpg,FACE_TOO_ANGLED_OR_SMALL,"Pose out of frontal band (|yaw|<=15.0, |pitch|<=15.0): yaw=-48.4, pitch=-32.1"
lfw_03009,data/raw/images/lfw_03009.jpg,FACE_TOO_ANGLED_OR_SMALL,"Pose out of frontal band (|yaw|<=15.0, |pitch|<=15.0): yaw=-0.1, pitch=-26.4"
lfw_03010,data/raw/images/lfw_03010.jpg,FACE_TOO_ANGLED_OR_SMALL,"Pose out of frontal band (|yaw|<=15.0, |pitch|<=15.0): yaw=20.9, pitch=-24.0"
lfw_03011,data/raw/images/lfw_03011.jpg,FACE_TOO_ANGLED_OR_SMALL,"Pose out of frontal band (|yaw|<=15.0, |pitch|<=15.0): yaw=17.8, pitch=-32.6"
lfw_03012,data/raw/images/lfw_03012.jpg,MULTIPLE_FACES_DETECTED,
lfw_03013,data/raw/images/lfw_03013.jpg,FACE_TOO_ANGLED_OR_SMALL,"Pose out of frontal band (|yaw|<=15.0, |pitch|<=15.0): yaw=-30.9, pitch=-13.2"
lfw_03014,data/raw/images/lfw_03014.jpg,FACE_TOO_ANGLED_OR_SMALL,"Pose out of frontal band (|yaw|<=15.0, |pitch|<=15.0): yaw=26.2, pitch=-18.6"
lfw_03015,data/raw/images/lfw_03015.jpg,FACE_TOO_ANGLED_OR_SMALL,"Pose out of frontal band (|yaw|<=15.0, |pitch|<=15.0): yaw=-28.9, pitch=-17.3"
lfw_03016,data/raw/images/lfw_03016.jpg,FACE_TOO_ANGLED_OR_SMALL,"Pose out of frontal band (|yaw|<=15.0, |pitch|<=15.0): yaw=8.4, pitch=-37.6"
lfw_03017,data/raw/images/lfw_03017.jpg,FACE_TOO_ANGLED_OR_SMALL,"Pose out of frontal band (|yaw|<=15.0, |pitch|<=15.0): yaw=17.7, pitch=-60.1"
lfw_03018,data/raw/images/lfw_03018.jpg,FACE_TOO_ANGLED_OR_SMALL,"Pose out of frontal band (|yaw|<=15.0, |pitch|<=15.0): yaw=21.9, pitch=-22.6"
lfw_03019,data/raw/images/lfw_03019.jpg,FACE_TOO_ANGLED_OR_SMALL,"Pose out of frontal band (|yaw|<=15.0, |pitch|<=15.0): yaw=-0.1, pitch=-26.2"
lfw_03020,data/raw/images/lfw_03020.jpg,FACE_TOO_ANGLED_OR_SMALL,"Pose out of frontal band (|yaw|<=15.0, |pitch|<=15.0): yaw=-13.4, pitch=-20.1"
lfw_03021,data/raw/images/lfw_03021.jpg,FACE_TOO_ANGLED_OR_SMALL,"Pose out of frontal band (|yaw|<=15.0, |pitch|<=15.0): yaw=-69.5, pitch=-15.4"
lfw_03022,data/raw/images/lfw_03022.jpg,FACE_TOO_ANGLED_OR_SMALL,"Pose out of frontal band (|yaw|<=15.0, |pitch|<=15.0): yaw=2.2, pitch=-20.6"
lfw_03024,data/raw/images/lfw_03024.jpg,FACE_TOO_ANGLED_OR_SMALL,"Pose out of frontal band (|yaw|<=15.0, |pitch|<=15.0): yaw=-18.7, pitch=-14.8"
lfw_03025,data/raw/images/lfw_03025.jpg,FACE_TOO_ANGLED_OR_SMALL,"Pose out of frontal band (|yaw|<=15.0, |pitch|<=15.0): yaw=11.1, pitch=-17.1"
lfw_03026,data/raw/images/lfw_03026.jpg,FACE_TOO_ANGLED_OR_SMALL,"Pose out of frontal band (|yaw|<=15.0, |pitch|<=15.0): yaw=-34.8, pitch=-26.5"
lfw_03027,data/raw/images/lfw_03027.jpg,FACE_TOO_ANGLED_OR_SMALL,"Pose out of frontal band (|yaw|<=15.0, |pitch|<=15.0): yaw=-7.1, pitch=-30.0"
lfw_03028,data/raw/images/lfw_03028.jpg,FACE_TOO_ANGLED_OR_SMALL,"Pose out of frontal band (|yaw|<=15.0, |pitch|<=15.0): yaw=-0.1, pitch=-23.9"
lfw_03029,data/raw/images/lfw_03029.jpg,FACE_TOO_ANGLED_OR_SMALL,"Pose out of frontal band (|yaw|<=15.0, |pitch|<=15.0): yaw=25.1, pitch=-24.8"
lfw_03030,data/raw/images/lfw_03030.jpg,FACE_TOO_ANGLED_OR_SMALL,"Pose out of frontal band (|yaw|<=15.0, |pitch|<=15.0): yaw=8.4, pitch=-28.1"
lfw_03031,data/raw/images/lfw_03031.jpg,FACE_TOO_ANGLED_OR_SMALL,"Pose out of frontal band (|yaw|<=15.0, |pitch|<=15.0): yaw=28.1, pitch=-28.0"
lfw_03032,data/raw/images/lfw_03032.jpg,FACE_TOO_ANGLED_OR_SMALL,"Pose out of frontal band (|yaw|<=15.0, |pitch|<=15.0): yaw=16.9, pitch=-27.3"
lfw_03033,data/raw/images/lfw_03033.jpg,FACE_TOO_ANGLED_OR_SMALL,"Pose out of frontal band (|yaw|<=15.0, |pitch|<=15.0): yaw=27.8, pitch=-23.8"
lfw_03034,data/raw/images/lfw_03034.jpg,FACE_TOO_ANGLED_OR_SMALL,"Pose out of frontal band (|yaw|<=15.0, |pitch|<=15.0): yaw=-3.9, pitch=-25.5"
lfw_03035,data/raw/images/lfw_03035.jpg,MULTIPLE_FACES_DETECTED,
lfw_03036,data/raw/images/lfw_03036.jpg,FACE_TOO_ANGLED_OR_SMALL,"Pose out of frontal band (|yaw|<=15.0, |pitch|<=15.0): yaw=-7.7, pitch=-33.9"
lfw_03037,data/raw/images/lfw_03037.jpg,FACE_TOO_ANGLED_OR_SMALL,"Pose out of frontal band (|yaw|<=15.0, |pitch|<=15.0): yaw=-3.0, pitch=-21.6"
lfw_03038,data/raw/images/lfw_03038.jpg,FACE_TOO_ANGLED_OR_SMALL,"Pose out of frontal band (|yaw|<=15.0, |pitch|<=15.0): yaw=-16.7, pitch=-11.6"
lfw_03039,data/raw/images/lfw_03039.jpg,FACE_TOO_ANGLED_OR_SMALL,"Pose out of frontal band (|yaw|<=15.0, |pitch|<=15.0): yaw=-25.7, pitch=-20.1"
lfw_03040,data/raw/images/lfw_03040.jpg,FACE_TOO_ANGLED_OR_SMALL,"Pose out of frontal band (|yaw|<=15.0, |pitch|<=15.0): yaw=11.3, pitch=-24.3"
lfw_03041,data/raw/images/lfw_03041.jpg,FACE_TOO_ANGLED_OR_SMALL,"Pose out of frontal band (|yaw|<=15.0, |pitch|<=15.0): yaw=-1.4, pitch=-34.1"
lfw_03042,data/raw/images/lfw_03042.jpg,FACE_TOO_ANGLED_OR_SMALL,"Pose out of frontal band (|yaw|<=15.0, |pitch|<=15.0): yaw=20.8, pitch=-24.1"
lfw_03043,data/raw/images/lfw_03043.jpg,FACE_TOO_ANGLED_OR_SMALL,"Pose out of frontal band (|yaw|<=15.0, |pitch|<=15.0): yaw=3.7, pitch=-21.9"
lfw_03044,data/raw/images/lfw_03044.jpg,FACE_TOO_ANGLED_OR_SMALL,"Pose out of frontal band (|yaw|<=15.0, |pitch|<=15.0): yaw=-36.8, pitch=-33.9"
lfw_03045,data/raw/images/lfw_03045.jpg,FACE_TOO_ANGLED_OR_SMALL,"Pose out of frontal band (|yaw|<=15.0, |pitch|<=15.0): yaw=-70.3, pitch=-26.8"
lfw_03048,data/raw/images/lfw_03048.jpg,FACE_TOO_ANGLED_OR_SMALL,"Pose out of frontal band (|yaw|<=15.0, |pitch|<=15.0): yaw=-25.2, pitch=-23.7"
lfw_03049,data/raw/images/lfw_03049.jpg,FACE_TOO_ANGLED_OR_SMALL,"Pose out of frontal band (|yaw|<=15.0, |pitch|<=15.0): yaw=22.0, pitch=-19.1"
lfw_03050,data/raw/images/lfw_03050.jpg,FACE_TOO_ANGLED_OR_SMALL,"Pose out of frontal band (|yaw|<=15.0, |pitch|<=15.0): yaw=32.1, pitch=-14.5"
lfw_03051,data/raw/images/lfw_03051.jpg,FACE_TOO_ANGLED_OR_SMALL,"Pose out of frontal band (|yaw|<=15.0, |pitch|<=15.0): yaw=16.7, pitch=-15.1"
lfw_03053,data/raw/images/lfw_03053.jpg,FACE_TOO_ANGLED_OR_SMALL,"Pose out of frontal band (|yaw|<=15.0, |pitch|<=15.0): yaw=-15.1, pitch=-10.9"
lfw_03054,data/raw/images/lfw_03054.jpg,FACE_TOO_ANGLED_OR_SMALL,"Pose out of frontal band (|yaw|<=15.0, |pitch|<=15.0): yaw=-22.6, pitch=-40.0"
lfw_03055,data/raw/images/lfw_03055.jpg,FACE_TOO_ANGLED_OR_SMALL,"Pose out of frontal band (|yaw|<=15.0, |pitch|<=15.0): yaw=15.1, pitch=-23.7"
lfw_03056,data/raw/images/lfw_03056.jpg,FACE_TOO_ANGLED_OR_SMALL,"Pose out of frontal band (|yaw|<=15.0, |pitch|<=15.0): yaw=31.3, pitch=-24.0"
lfw_03057,data/raw/images/lfw_03057.jpg,MULTIPLE_FACES_DETECTED,
lfw_03058,data/raw/images/lfw_03058.jpg,FACE_TOO_ANGLED_OR_SMALL,"Pose out of frontal band (|yaw|<=15.0, |pitch|<=15.0): yaw=-3.9, pitch=-51.7"
lfw_03059,data/raw/images/lfw_03059.jpg,FACE_TOO_ANGLED_OR_SMALL,"Pose out of frontal band (|yaw|<=15.0, |pitch|<=15.0): yaw=11.0, pitch=-17.8"
lfw_03060,data/raw/images/lfw_03060.jpg,FACE_TOO_ANGLED_OR_SMALL,"Pose out of frontal band (|yaw|<=15.0, |pitch|<=15.0): yaw=-5.9, pitch=-17.5"
lfw_03061,data/raw/images/lfw_03061.jpg,MULTIPLE_FACES_DETECTED,
lfw_03062,data/raw/images/lfw_03062.jpg,FACE_TOO_ANGLED_OR_SMALL,"Pose out of frontal band (|yaw|<=15.0, |pitch|<=15.0): yaw=4.3, pitch=-23.4"
lfw_03063,data/raw/images/lfw_03063.jpg,FACE_TOO_ANGLED_OR_SMALL,"Pose out of frontal band (|yaw|<=15.0, |pitch|<=15.0): yaw=32.9, pitch=-17.6"
lfw_03064,data/raw/images/lfw_03064.jpg,FACE_TOO_ANGLED_OR_SMALL,"Pose out of frontal band (|yaw|<=15.0, |pitch|<=15.0): yaw=-32.8, pitch=-31.2"
lfw_03066,data/raw/images/lfw_03066.jpg,FACE_TOO_ANGLED_OR_SMALL,"Pose out of frontal band (|yaw|<=15.0, |pitch|<=15.0): yaw=5.5, pitch=-16.8"
lfw_03067,data/raw/images/lfw_03067.jpg,FACE_TOO_ANGLED_OR_SMALL,"Pose out of frontal band (|yaw|<=15.0, |pitch|<=15.0): yaw=21.5, pitch=-19.3"
lfw_03068,data/raw/images/lfw_03068.jpg,FACE_TOO_ANGLED_OR_SMALL,"Pose out of frontal band (|yaw|<=15.0, |pitch|<=15.0): yaw=-6.7, pitch=-18.7"
lfw_03069,data/raw/images/lfw_03069.jpg,FACE_TOO_ANGLED_OR_SMALL,"Pose out of frontal band (|yaw|<=15.0, |pitch|<=15.0): yaw=27.8, pitch=-21.1"
lfw_03070,data/raw/images/lfw_03070.jpg,FACE_TOO_ANGLED_OR_SMALL,"Pose out of frontal band (|yaw|<=15.0, |pitch|<=15.0): yaw=-7.3, pitch=-21.6"
lfw_03071,data/raw/images/lfw_03071.jpg,FACE_TOO_ANGLED_OR_SMALL,"Pose out of frontal band (|yaw|<=15.0, |pitch|<=15.0): yaw=37.0, pitch=-23.8"
lfw_03072,data/raw/images/lfw_03072.jpg,FACE_TOO_ANGLED_OR_SMALL,"Pose out of frontal band (|yaw|<=15.0, |pitch|<=15.0): yaw=25.3, pitch=-26.4"
lfw_03073,data/raw/images/lfw_03073.jpg,FACE_TOO_ANGLED_OR_SMALL,"Pose out of frontal band (|yaw|<=15.0, |pitch|<=15.0): yaw=16.7, pitch=-18.6"
lfw_03074,data/raw/images/lfw_03074.jpg,FACE_TOO_ANGLED_OR_SMALL,"Pose out of frontal band (|yaw|<=15.0, |pitch|<=15.0): yaw=9.8, pitch=-22.4"
lfw_03075,data/raw/images/lfw_03075.jpg,FACE_TOO_ANGLED_OR_SMALL,"Pose out of frontal band (|yaw|<=15.0, |pitch|<=15.0): yaw=22.3, pitch=-27.9"
lfw_03076,data/raw/images/lfw_03076.jpg,FACE_TOO_ANGLED_OR_SMALL,"Pose out of frontal band (|yaw|<=15.0, |pitch|<=15.0): yaw=-30.3, pitch=-21.7"
lfw_03077,data/raw/images/lfw_03077.jpg,FACE_TOO_ANGLED_OR_SMALL,"Pose out of frontal band (|yaw|<=15.0, |pitch|<=15.0): yaw=-24.4, pitch=-16.9"
lfw_03078,data/raw/images/lfw_03078.jpg,FACE_TOO_ANGLED_OR_SMALL,"Pose out of frontal band (|yaw|<=15.0, |pitch|<=15.0): yaw=2.2, pitch=-23.4"
lfw_03079,data/raw/images/lfw_03079.jpg,FACE_TOO_ANGLED_OR_SMALL,"Pose out of frontal band (|yaw|<=15.0, |pitch|<=15.0): yaw=17.2, pitch=-13.7"
lfw_03080,data/raw/images/lfw_03080.jpg,FACE_TOO_ANGLED_OR_SMALL,"Pose out of frontal band (|yaw|<=15.0, |pitch|<=15.0): yaw=-3.4, pitch=-24.5"
lfw_03081,data/raw/images/lfw_03081.jpg,FACE_TOO_ANGLED_OR_SMALL,"Pose out of frontal band (|yaw|<=15.0, |pitch|<=15.0): yaw=-3.3, pitch=-28.6"
lfw_03082,data/raw/images/lfw_03082.jpg,FACE_TOO_ANGLED_OR_SMALL,"Pose out of frontal band (|yaw|<=15.0, |pitch|<=15.0): yaw=24.8, pitch=-27.4"
lfw_03084,data/raw/images/lfw_03084.jpg,FACE_TOO_ANGLED_OR_SMALL,"Pose out of frontal band (|yaw|<=15.0, |pitch|<=15.0): yaw=45.6, pitch=-16.8"
lfw_03085,data/raw/images/lfw_03085.jpg,FACE_TOO_ANGLED_OR_SMALL,"Pose out of frontal band (|yaw|<=15.0, |pitch|<=15.0): yaw=38.1, pitch=-22.5"
lfw_03086,data/raw/images/lfw_03086.jpg,FACE_TOO_ANGLED_OR_SMALL,"Pose out of frontal band (|yaw|<=15.0, |pitch|<=15.0): yaw=6.0, pitch=-22.7"
lfw_03087,data/raw/images/lfw_03087.jpg,FACE_TOO_ANGLED_OR_SMALL,"Pose out of frontal band (|yaw|<=15.0, |pitch|<=15.0): yaw=-2.0, pitch=-24.8"
lfw_03089,data/raw/images/lfw_03089.jpg,FACE_TOO_ANGLED_OR_SMALL,"Pose out of frontal band (|yaw|<=15.0, |pitch|<=15.0): yaw=-8.3, pitch=-19.5"
lfw_03090,data/raw/images/lfw_03090.jpg,MULTIPLE_FACES_DETECTED,
lfw_03091,data/raw/images/lfw_03091.jpg,FACE_TOO_ANGLED_OR_SMALL,"Pose out of frontal band (|yaw|<=15.0, |pitch|<=15.0): yaw=13.4, pitch=-15.6"
lfw_03092,data/raw/images/lfw_03092.jpg,FACE_TOO_ANGLED_OR_SMALL,"Pose out of frontal band (|yaw|<=15.0, |pitch|<=15.0): yaw=59.2, pitch=-28.5"
lfw_03093,data/raw/images/lfw_03093.jpg,FACE_TOO_ANGLED_OR_SMALL,"Pose out of frontal band (|yaw|<=15.0, |pitch|<=15.0): yaw=16.0, pitch=-60.2"
lfw_03094,data/raw/images/lfw_03094.jpg,FACE_TOO_ANGLED_OR_SMALL,"Pose out of frontal band (|yaw|<=15.0, |pitch|<=15.0): yaw=-27.3, pitch=-29.7"
lfw_03095,data/raw/images/lfw_03095.jpg,FACE_TOO_ANGLED_OR_SMALL,"Pose out of frontal band (|yaw|<=15.0, |pitch|<=15.0): yaw=11.0, pitch=-22.3"
lfw_03096,data/raw/images/lfw_03096.jpg,MULTIPLE_FACES_DETECTED,
lfw_03097,data/raw/images/lfw_03097.jpg,FACE_TOO_ANGLED_OR_SMALL,"Pose out of frontal band (|yaw|<=15.0, |pitch|<=15.0): yaw=19.5, pitch=-20.0"
lfw_03098,data/raw/images/lfw_03098.jpg,MULTIPLE_FACES_DETECTED,
lfw_03099,data/raw/images/lfw_03099.jpg,FACE_TOO_ANGLED_OR_SMALL,"Pose out of frontal band (|yaw|<=15.0, |pitch|<=15.0): yaw=-70.6, pitch=-30.7"
lfw_03100,data/raw/images/lfw_03100.jpg,FACE_TOO_ANGLED_OR_SMALL,"Pose out of frontal band (|yaw|<=15.0, |pitch|<=15.0): yaw=24.6, pitch=-29.7"
lfw_03101,data/raw/images/lfw_03101.jpg,FACE_TOO_ANGLED_OR_SMALL,"Pose out of frontal band (|yaw|<=15.0, |pitch|<=15.0): yaw=-9.2, pitch=-25.3"
lfw_03103,data/raw/images/lfw_03103.jpg,FACE_TOO_ANGLED_OR_SMALL,"Pose out of frontal band (|yaw|<=15.0, |pitch|<=15.0): yaw=17.6, pitch=-32.7"
lfw_03104,data/raw/images/lfw_03104.jpg,FACE_TOO_ANGLED_OR_SMALL,"Pose out of frontal band (|yaw|<=15.0, |pitch|<=15.0): yaw=34.4, pitch=-22.6"
lfw_03105,data/raw/images/lfw_03105.jpg,FACE_TOO_ANGLED_OR_SMALL,"Pose out of frontal band (|yaw|<=15.0, |pitch|<=15.0): yaw=-3.6, pitch=-23.2"
lfw_03106,data/raw/images/lfw_03106.jpg,FACE_TOO_ANGLED_OR_SMALL,"Pose out of frontal band (|yaw|<=15.0, |pitch|<=15.0): yaw=-5.2, pitch=-23.8"
lfw_03107,data/raw/images/lfw_03107.jpg,FACE_TOO_ANGLED_OR_SMALL,"Pose out of frontal band (|yaw|<=15.0, |pitch|<=15.0): yaw=8.6, pitch=-20.2"
lfw_03108,data/raw/images/lfw_03108.jpg,FACE_TOO_ANGLED_OR_SMALL,"Pose out of frontal band (|yaw|<=15.0, |pitch|<=15.0): yaw=-21.9, pitch=-19.6"
lfw_03109,data/raw/images/lfw_03109.jpg,FACE_TOO_ANGLED_OR_SMALL,"Pose out of frontal band (|yaw|<=15.0, |pitch|<=15.0): yaw=-18.2, pitch=-20.6"
lfw_03110,data/raw/images/lfw_03110.jpg,FACE_TOO_ANGLED_OR_SMALL,"Pose out of frontal band (|yaw|<=15.0, |pitch|<=15.0): yaw=-24.5, pitch=-29.4"
lfw_03111,data/raw/images/lfw_03111.jpg,FACE_TOO_ANGLED_OR_SMALL,"Pose out of frontal band (|yaw|<=15.0, |pitch|<=15.0): yaw=-4.6, pitch=-24.0"
lfw_03112,data/raw/images/lfw_03112.jpg,FACE_TOO_ANGLED_OR_SMALL,"Pose out of frontal band (|yaw|<=15.0, |pitch|<=15.0): yaw=9.7, pitch=-27.1"
lfw_03113,data/raw/images/lfw_03113.jpg,FACE_TOO_ANGLED_OR_SMALL,"Pose out of frontal band (|yaw|<=15.0, |pitch|<=15.0): yaw=7.6, pitch=-37.8"
lfw_03114,data/raw/images/lfw_03114.jpg,FACE_TOO_ANGLED_OR_SMALL,"Pose out of frontal band (|yaw|<=15.0, |pitch|<=15.0): yaw=-21.8, pitch=-36.6"
lfw_03115,data/raw/images/lfw_03115.jpg,FACE_TOO_ANGLED_OR_SMALL,"Pose out of frontal band (|yaw|<=15.0, |pitch|<=15.0): yaw=-51.7, pitch=-30.7"
lfw_03116,data/raw/images/lfw_03116.jpg,FACE_TOO_ANGLED_OR_SMALL,"Pose out of frontal band (|yaw|<=15.0, |pitch|<=15.0): yaw=0.8, pitch=-20.2"
lfw_03117,data/raw/images/lfw_03117.jpg,MULTIPLE_FACES_DETECTED,
lfw_03118,data/raw/images/lfw_03118.jpg,FACE_TOO_ANGLED_OR_SMALL,"Pose out of frontal band (|yaw|<=15.0, |pitch|<=15.0): yaw=-7.0, pitch=-17.4"
lfw_03119,data/raw/images/lfw_03119.jpg,FACE_TOO_ANGLED_OR_SMALL,"Pose out of frontal band (|yaw|<=15.0, |pitch|<=15.0): yaw=8.5, pitch=-27.9"
lfw_03120,data/raw/images/lfw_03120.jpg,FACE_TOO_ANGLED_OR_SMALL,"Pose out of frontal band (|yaw|<=15.0, |pitch|<=15.0): yaw=59.2, pitch=-12.7"
lfw_03121,data/raw/images/lfw_03121.jpg,FACE_TOO_ANGLED_OR_SMALL,"Pose out of frontal band (|yaw|<=15.0, |pitch|<=15.0): yaw=32.5, pitch=-22.9"
lfw_03122,data/raw/images/lfw_03122.jpg,FACE_TOO_ANGLED_OR_SMALL,"Pose out of frontal band (|yaw|<=15.0, |pitch|<=15.0): yaw=2.9, pitch=-29.9"
lfw_03123,data/raw/images/lfw_03123.jpg,FACE_TOO_ANGLED_OR_SMALL,"Pose out of frontal band (|yaw|<=15.0, |pitch|<=15.0): yaw=-15.1, pitch=-20.3"
lfw_03124,data/raw/images/lfw_03124.jpg,FACE_TOO_ANGLED_OR_SMALL,"Pose out of frontal band (|yaw|<=15.0, |pitch|<=15.0): yaw=-0.2, pitch=-23.6"
lfw_03125,data/raw/images/lfw_03125.jpg,FACE_TOO_ANGLED_OR_SMALL,"Pose out of frontal band (|yaw|<=15.0, |pitch|<=15.0): yaw=24.4, pitch=-18.4"
lfw_03126,data/raw/images/lfw_03126.jpg,FACE_TOO_ANGLED_OR_SMALL,"Pose out of frontal band (|yaw|<=15.0, |pitch|<=15.0): yaw=34.4, pitch=-15.3"
lfw_03127,data/raw/images/lfw_03127.jpg,FACE_TOO_ANGLED_OR_SMALL,"Pose out of frontal band (|yaw|<=15.0, |pitch|<=15.0): yaw=-29.0, pitch=-17.1"
lfw_03128,data/raw/images/lfw_03128.jpg,FACE_TOO_ANGLED_OR_SMALL,"Pose out of frontal band (|yaw|<=15.0, |pitch|<=15.0): yaw=-21.4, pitch=-31.3"
lfw_03129,data/raw/images/lfw_03129.jpg,FACE_TOO_ANGLED_OR_SMALL,"Pose out of frontal band (|yaw|<=15.0, |pitch|<=15.0): yaw=-42.1, pitch=-26.9"
lfw_03130,data/raw/images/lfw_03130.jpg,FACE_TOO_ANGLED_OR_SMALL,"Pose out of frontal band (|yaw|<=15.0, |pitch|<=15.0): yaw=18.9, pitch=-31.3"
lfw_03131,data/raw/images/lfw_03131.jpg,FACE_TOO_ANGLED_OR_SMALL,"Pose out of frontal band (|yaw|<=15.0, |pitch|<=15.0): yaw=-33.3, pitch=-22.0"
lfw_03132,data/raw/images/lfw_03132.jpg,FACE_TOO_ANGLED_OR_SMALL,"Pose out of frontal band (|yaw|<=15.0, |pitch|<=15.0): yaw=-26.4, pitch=-20.2"
lfw_03133,data/raw/images/lfw_03133.jpg,FACE_TOO_ANGLED_OR_SMALL,"Pose out of frontal band (|yaw|<=15.0, |pitch|<=15.0): yaw=68.0, pitch=-29.9"
lfw_03134,data/raw/images/lfw_03134.jpg,FACE_TOO_ANGLED_OR_SMALL,"Pose out of frontal band (|yaw|<=15.0, |pitch|<=15.0): yaw=13.7, pitch=-29.2"
lfw_03135,data/raw/images/lfw_03135.jpg,FACE_TOO_ANGLED_OR_SMALL,"Pose out of frontal band (|yaw|<=15.0, |pitch|<=15.0): yaw=14.9, pitch=-20.5"
lfw_03136,data/raw/images/lfw_03136.jpg,FACE_TOO_ANGLED_OR_SMALL,"Pose out of frontal band (|yaw|<=15.0, |pitch|<=15.0): yaw=21.4, pitch=-28.2"
lfw_03137,data/raw/images/lfw_03137.jpg,FACE_TOO_ANGLED_OR_SMALL,"Pose out of frontal band (|yaw|<=15.0, |pitch|<=15.0): yaw=29.6, pitch=-19.2"
lfw_03138,data/raw/images/lfw_03138.jpg,FACE_TOO_ANGLED_OR_SMALL,"Pose out of frontal band (|yaw|<=15.0, |pitch|<=15.0): yaw=-7.8, pitch=-30.2"
lfw_03139,data/raw/images/lfw_03139.jpg,FACE_TOO_ANGLED_OR_SMALL,"Pose out of frontal band (|yaw|<=15.0, |pitch|<=15.0): yaw=14.1, pitch=-59.1"
lfw_03140,data/raw/images/lfw_03140.jpg,FACE_TOO_ANGLED_OR_SMALL,"Pose out of frontal band (|yaw|<=15.0, |pitch|<=15.0): yaw=-15.8, pitch=-7.7"
lfw_03141,data/raw/images/lfw_03141.jpg,MULTIPLE_FACES_DETECTED,
lfw_03142,data/raw/images/lfw_03142.jpg,FACE_TOO_ANGLED_OR_SMALL,"Pose out of frontal band (|yaw|<=15.0, |pitch|<=15.0): yaw=-41.9, pitch=-35.2"
lfw_03143,data/raw/images/lfw_03143.jpg,FACE_TOO_ANGLED_OR_SMALL,"Pose out of frontal band (|yaw|<=15.0, |pitch|<=15.0): yaw=-0.6, pitch=-40.1"
lfw_03144,data/raw/images/lfw_03144.jpg,FACE_TOO_ANGLED_OR_SMALL,"Pose out of frontal band (|yaw|<=15.0, |pitch|<=15.0): yaw=42.9, pitch=-27.2"
lfw_03145,data/raw/images/lfw_03145.jpg,FACE_TOO_ANGLED_OR_SMALL,"Pose out of frontal band (|yaw|<=15.0, |pitch|<=15.0): yaw=11.3, pitch=-20.9"
lfw_03146,data/raw/images/lfw_03146.jpg,FACE_TOO_ANGLED_OR_SMALL,"Pose out of frontal band (|yaw|<=15.0, |pitch|<=15.0): yaw=-42.7, pitch=-17.6"
lfw_03147,data/raw/images/lfw_03147.jpg,FACE_TOO_ANGLED_OR_SMALL,"Pose out of frontal band (|yaw|<=15.0, |pitch|<=15.0): yaw=-55.0, pitch=-29.9"
lfw_03148,data/raw/images/lfw_03148.jpg,FACE_TOO_ANGLED_OR_SMALL,"Pose out of frontal band (|yaw|<=15.0, |pitch|<=15.0): yaw=-0.9, pitch=-47.5"
lfw_03149,data/raw/images/lfw_03149.jpg,MULTIPLE_FACES_DETECTED,
lfw_03150,data/raw/images/lfw_03150.jpg,FACE_TOO_ANGLED_OR_SMALL,"Pose out of frontal band (|yaw|<=15.0, |pitch|<=15.0): yaw=0.7, pitch=-24.9"
lfw_03151,data/raw/images/lfw_03151.jpg,FACE_TOO_ANGLED_OR_SMALL,"Pose out of frontal band (|yaw|<=15.0, |pitch|<=15.0): yaw=29.8, pitch=-23.1"
lfw_03152,data/raw/images/lfw_03152.jpg,FACE_TOO_ANGLED_OR_SMALL,"Pose out of frontal band (|yaw|<=15.0, |pitch|<=15.0): yaw=-12.0, pitch=-43.5"
lfw_03153,data/raw/images/lfw_03153.jpg,FACE_TOO_ANGLED_OR_SMALL,"Pose out of frontal band (|yaw|<=15.0, |pitch|<=15.0): yaw=32.2, pitch=-28.5"
lfw_03154,data/raw/images/lfw_03154.jpg,MULTIPLE_FACES_DETECTED,
lfw_03155,data/raw/images/lfw_03155.jpg,FACE_TOO_ANGLED_OR_SMALL,"Pose out of frontal band (|yaw|<=15.0, |pitch|<=15.0): yaw=30.2, pitch=-15.6"
lfw_03156,data/raw/images/lfw_03156.jpg,FACE_TOO_ANGLED_OR_SMALL,"Pose out of frontal band (|yaw|<=15.0, |pitch|<=15.0): yaw=49.6, pitch=-17.4"
lfw_03157,data/raw/images/lfw_03157.jpg,FACE_TOO_ANGLED_OR_SMALL,"Pose out of frontal band (|yaw|<=15.0, |pitch|<=15.0): yaw=-56.4, pitch=-22.8"
lfw_03158,data/raw/images/lfw_03158.jpg,FACE_TOO_ANGLED_OR_SMALL,"Pose out of frontal band (|yaw|<=15.0, |pitch|<=15.0): yaw=-9.5, pitch=-33.8"
lfw_03159,data/raw/images/lfw_03159.jpg,FACE_TOO_ANGLED_OR_SMALL,"Pose out of frontal band (|yaw|<=15.0, |pitch|<=15.0): yaw=-26.7, pitch=-23.8"
lfw_03160,data/raw/images/lfw_03160.jpg,FACE_TOO_ANGLED_OR_SMALL,"Pose out of frontal band (|yaw|<=15.0, |pitch|<=15.0): yaw=-17.6, pitch=-12.5"
lfw_03161,data/raw/images/lfw_03161.jpg,FACE_TOO_ANGLED_OR_SMALL,"Pose out of frontal band (|yaw|<=15.0, |pitch|<=15.0): yaw=-32.2, pitch=-27.8"
lfw_03162,data/raw/images/lfw_03162.jpg,MULTIPLE_FACES_DETECTED,
lfw_03163,data/raw/images/lfw_03163.jpg,MULTIPLE_FACES_DETECTED,
lfw_03164,data/raw/images/lfw_03164.jpg,FACE_TOO_ANGLED_OR_SMALL,"Pose out of frontal band (|yaw|<=15.0, |pitch|<=15.0): yaw=-21.9, pitch=-32.6"
lfw_03165,data/raw/images/lfw_03165.jpg,FACE_TOO_ANGLED_OR_SMALL,"Pose out of frontal band (|yaw|<=15.0, |pitch|<=15.0): yaw=52.9, pitch=-26.4"
lfw_03166,data/raw/images/lfw_03166.jpg,FACE_TOO_ANGLED_OR_SMALL,"Pose out of frontal band (|yaw|<=15.0, |pitch|<=15.0): yaw=36.1, pitch=-20.3"
lfw_03167,data/raw/images/lfw_03167.jpg,FACE_TOO_ANGLED_OR_SMALL,"Pose out of frontal band (|yaw|<=15.0, |pitch|<=15.0): yaw=-66.9, pitch=-28.9"
lfw_03168,data/raw/images/lfw_03168.jpg,MULTIPLE_FACES_DETECTED,
lfw_03169,data/raw/images/lfw_03169.jpg,FACE_TOO_ANGLED_OR_SMALL,"Pose out of frontal band (|yaw|<=15.0, |pitch|<=15.0): yaw=-42.6, pitch=-22.7"
lfw_03170,data/raw/images/lfw_03170.jpg,FACE_TOO_ANGLED_OR_SMALL,"Pose out of frontal band (|yaw|<=15.0, |pitch|<=15.0): yaw=7.9, pitch=-28.0"
lfw_03171,data/raw/images/lfw_03171.jpg,FACE_TOO_ANGLED_OR_SMALL,"Pose out of frontal band (|yaw|<=15.0, |pitch|<=15.0): yaw=12.9, pitch=-28.6"
lfw_03172,data/raw/images/lfw_03172.jpg,FACE_TOO_ANGLED_OR_SMALL,"Pose out of frontal band (|yaw|<=15.0, |pitch|<=15.0): yaw=7.4, pitch=-22.6"
lfw_03173,data/raw/images/lfw_03173.jpg,FACE_TOO_ANGLED_OR_SMALL,"Pose out of frontal band (|yaw|<=15.0, |pitch|<=15.0): yaw=42.7, pitch=-24.4"
lfw_03174,data/raw/images/lfw_03174.jpg,FACE_TOO_ANGLED_OR_SMALL,"Pose out of frontal band (|yaw|<=15.0, |pitch|<=15.0): yaw=-45.6, pitch=-15.8"
lfw_03175,data/raw/images/lfw_03175.jpg,FACE_TOO_ANGLED_OR_SMALL,"Pose out of frontal band (|yaw|<=15.0, |pitch|<=15.0): yaw=22.5, pitch=-19.8"
lfw_03176,data/raw/images/lfw_03176.jpg,MULTIPLE_FACES_DETECTED,
lfw_03177,data/raw/images/lfw_03177.jpg,FACE_TOO_ANGLED_OR_SMALL,"Pose out of frontal band (|yaw|<=15.0, |pitch|<=15.0): yaw=1.1, pitch=-17.8"
lfw_03178,data/raw/images/lfw_03178.jpg,FACE_TOO_ANGLED_OR_SMALL,"Pose out of frontal band (|yaw|<=15.0, |pitch|<=15.0): yaw=-11.8, pitch=-19.2"
lfw_03180,data/raw/images/lfw_03180.jpg,FACE_TOO_ANGLED_OR_SMALL,"Pose out of frontal band (|yaw|<=15.0, |pitch|<=15.0): yaw=-24.1, pitch=-24.9"
lfw_03181,data/raw/images/lfw_03181.jpg,FACE_TOO_ANGLED_OR_SMALL,"Pose out of frontal band (|yaw|<=15.0, |pitch|<=15.0): yaw=69.6, pitch=-20.6"
lfw_03182,data/raw/images/lfw_03182.jpg,FACE_TOO_ANGLED_OR_SMALL,"Pose out of frontal band (|yaw|<=15.0, |pitch|<=15.0): yaw=-33.5, pitch=-39.1"
lfw_03183,data/raw/images/lfw_03183.jpg,FACE_TOO_ANGLED_OR_SMALL,"Pose out of frontal band (|yaw|<=15.0, |pitch|<=15.0): yaw=14.2, pitch=-33.0"
lfw_03184,data/raw/images/lfw_03184.jpg,FACE_TOO_ANGLED_OR_SMALL,"Pose out of frontal band (|yaw|<=15.0, |pitch|<=15.0): yaw=-2.2, pitch=-20.1"
lfw_03185,data/raw/images/lfw_03185.jpg,FACE_TOO_ANGLED_OR_SMALL,"Pose out of frontal band (|yaw|<=15.0, |pitch|<=15.0): yaw=-50.2, pitch=-29.8"
lfw_03186,data/raw/images/lfw_03186.jpg,FACE_TOO_ANGLED_OR_SMALL,"Pose out of frontal band (|yaw|<=15.0, |pitch|<=15.0): yaw=-12.3, pitch=-28.2"
lfw_03187,data/raw/images/lfw_03187.jpg,FACE_TOO_ANGLED_OR_SMALL,"Pose out of frontal band (|yaw|<=15.0, |pitch|<=15.0): yaw=-2.3, pitch=-31.2"
lfw_03188,data/raw/images/lfw_03188.jpg,FACE_TOO_ANGLED_OR_SMALL,"Pose out of frontal band (|yaw|<=15.0, |pitch|<=15.0): yaw=-37.9, pitch=-28.9"
lfw_03189,data/raw/images/lfw_03189.jpg,FACE_TOO_ANGLED_OR_SMALL,"Pose out of frontal band (|yaw|<=15.0, |pitch|<=15.0): yaw=10.6, pitch=-24.1"
lfw_03190,data/raw/images/lfw_03190.jpg,FACE_TOO_ANGLED_OR_SMALL,"Pose out of frontal band (|yaw|<=15.0, |pitch|<=15.0): yaw=18.8, pitch=-31.4"
lfw_03191,data/raw/images/lfw_03191.jpg,FACE_TOO_ANGLED_OR_SMALL,"Pose out of frontal band (|yaw|<=15.0, |pitch|<=15.0): yaw=22.5, pitch=-15.2"
lfw_03192,data/raw/images/lfw_03192.jpg,MULTIPLE_FACES_DETECTED,
lfw_03193,data/raw/images/lfw_03193.jpg,FACE_TOO_ANGLED_OR_SMALL,"Pose out of frontal band (|yaw|<=15.0, |pitch|<=15.0): yaw=54.8, pitch=-40.6"
lfw_03194,data/raw/images/lfw_03194.jpg,FACE_TOO_ANGLED_OR_SMALL,"Pose out of frontal band (|yaw|<=15.0, |pitch|<=15.0): yaw=-0.4, pitch=-49.6"
lfw_03195,data/raw/images/lfw_03195.jpg,FACE_TOO_ANGLED_OR_SMALL,"Pose out of frontal band (|yaw|<=15.0, |pitch|<=15.0): yaw=-33.7, pitch=-11.7"
lfw_03196,data/raw/images/lfw_03196.jpg,FACE_TOO_ANGLED_OR_SMALL,"Pose out of frontal band (|yaw|<=15.0, |pitch|<=15.0): yaw=47.4, pitch=-32.0"
lfw_03197,data/raw/images/lfw_03197.jpg,FACE_TOO_ANGLED_OR_SMALL,"Pose out of frontal band (|yaw|<=15.0, |pitch|<=15.0): yaw=13.4, pitch=-17.0"
lfw_03198,data/raw/images/lfw_03198.jpg,FACE_TOO_ANGLED_OR_SMALL,"Pose out of frontal band (|yaw|<=15.0, |pitch|<=15.0): yaw=29.2, pitch=-21.1"
lfw_03200,data/raw/images/lfw_03200.jpg,FACE_TOO_ANGLED_OR_SMALL,"Pose out of frontal band (|yaw|<=15.0, |pitch|<=15.0): yaw=-10.5, pitch=-29.0"
lfw_03201,data/raw/images/lfw_03201.jpg,FACE_TOO_ANGLED_OR_SMALL,"Pose out of frontal band (|yaw|<=15.0, |pitch|<=15.0): yaw=-19.6, pitch=-24.1"
lfw_03202,data/raw/images/lfw_03202.jpg,MULTIPLE_FACES_DETECTED,
lfw_03203,data/raw/images/lfw_03203.jpg,FACE_TOO_ANGLED_OR_SMALL,"Pose out of frontal band (|yaw|<=15.0, |pitch|<=15.0): yaw=20.0, pitch=-19.6"
lfw_03204,data/raw/images/lfw_03204.jpg,FACE_TOO_ANGLED_OR_SMALL,"Pose out of frontal band (|yaw|<=15.0, |pitch|<=15.0): yaw=-34.7, pitch=-26.1"
lfw_03205,data/raw/images/lfw_03205.jpg,FACE_TOO_ANGLED_OR_SMALL,"Pose out of frontal band (|yaw|<=15.0, |pitch|<=15.0): yaw=-31.1, pitch=-28.1"
lfw_03206,data/raw/images/lfw_03206.jpg,MULTIPLE_FACES_DETECTED,
lfw_03207,data/raw/images/lfw_03207.jpg,FACE_TOO_ANGLED_OR_SMALL,"Pose out of frontal band (|yaw|<=15.0, |pitch|<=15.0): yaw=25.7, pitch=-26.8"
lfw_03208,data/raw/images/lfw_03208.jpg,FACE_TOO_ANGLED_OR_SMALL,"Pose out of frontal band (|yaw|<=15.0, |pitch|<=15.0): yaw=20.6, pitch=-26.2"
lfw_03209,data/raw/images/lfw_03209.jpg,FACE_TOO_ANGLED_OR_SMALL,"Pose out of frontal band (|yaw|<=15.0, |pitch|<=15.0): yaw=25.0, pitch=-25.1"
lfw_03210,data/raw/images/lfw_03210.jpg,FACE_TOO_ANGLED_OR_SMALL,"Pose out of frontal band (|yaw|<=15.0, |pitch|<=15.0): yaw=7.2, pitch=-21.4"
lfw_03211,data/raw/images/lfw_03211.jpg,FACE_TOO_ANGLED_OR_SMALL,"Pose out of frontal band (|yaw|<=15.0, |pitch|<=15.0): yaw=68.7, pitch=-15.3"
lfw_03212,data/raw/images/lfw_03212.jpg,FACE_TOO_ANGLED_OR_SMALL,"Pose out of frontal band (|yaw|<=15.0, |pitch|<=15.0): yaw=63.2, pitch=-11.7"
lfw_03213,data/raw/images/lfw_03213.jpg,MULTIPLE_FACES_DETECTED,
lfw_03214,data/raw/images/lfw_03214.jpg,FACE_TOO_ANGLED_OR_SMALL,"Pose out of frontal band (|yaw|<=15.0, |pitch|<=15.0): yaw=-18.2, pitch=-9.8"
lfw_03216,data/raw/images/lfw_03216.jpg,MULTIPLE_FACES_DETECTED,
lfw_03217,data/raw/images/lfw_03217.jpg,FACE_TOO_ANGLED_OR_SMALL,"Pose out of frontal band (|yaw|<=15.0, |pitch|<=15.0): yaw=50.6, pitch=-37.3"
lfw_03218,data/raw/images/lfw_03218.jpg,FACE_TOO_ANGLED_OR_SMALL,"Pose out of frontal band (|yaw|<=15.0, |pitch|<=15.0): yaw=13.9, pitch=-19.7"
lfw_03219,data/raw/images/lfw_03219.jpg,FACE_TOO_ANGLED_OR_SMALL,"Pose out of frontal band (|yaw|<=15.0, |pitch|<=15.0): yaw=6.1, pitch=-18.5"
lfw_03220,data/raw/images/lfw_03220.jpg,FACE_TOO_ANGLED_OR_SMALL,"Pose out of frontal band (|yaw|<=15.0, |pitch|<=15.0): yaw=8.5, pitch=-29.6"
lfw_03221,data/raw/images/lfw_03221.jpg,FACE_TOO_ANGLED_OR_SMALL,"Pose out of frontal band (|yaw|<=15.0, |pitch|<=15.0): yaw=47.9, pitch=-25.2"
lfw_03222,data/raw/images/lfw_03222.jpg,FACE_TOO_ANGLED_OR_SMALL,"Pose out of frontal band (|yaw|<=15.0, |pitch|<=15.0): yaw=-1.5, pitch=-34.4"
lfw_03223,data/raw/images/lfw_03223.jpg,FACE_TOO_ANGLED_OR_SMALL,"Pose out of frontal band (|yaw|<=15.0, |pitch|<=15.0): yaw=-32.5, pitch=-29.8"
lfw_03224,data/raw/images/lfw_03224.jpg,FACE_TOO_ANGLED_OR_SMALL,"Pose out of frontal band (|yaw|<=15.0, |pitch|<=15.0): yaw=-19.5, pitch=-23.8"
lfw_03225,data/raw/images/lfw_03225.jpg,FACE_TOO_ANGLED_OR_SMALL,"Pose out of frontal band (|yaw|<=15.0, |pitch|<=15.0): yaw=-34.3, pitch=-30.0"
lfw_03226,data/raw/images/lfw_03226.jpg,FACE_TOO_ANGLED_OR_SMALL,"Pose out of frontal band (|yaw|<=15.0, |pitch|<=15.0): yaw=0.9, pitch=-44.0"
lfw_03227,data/raw/images/lfw_03227.jpg,FACE_TOO_ANGLED_OR_SMALL,"Pose out of frontal band (|yaw|<=15.0, |pitch|<=15.0): yaw=42.5, pitch=-17.0"
lfw_03228,data/raw/images/lfw_03228.jpg,FACE_TOO_ANGLED_OR_SMALL,"Pose out of frontal band (|yaw|<=15.0, |pitch|<=15.0): yaw=-7.5, pitch=-21.2"
lfw_03229,data/raw/images/lfw_03229.jpg,FACE_TOO_ANGLED_OR_SMALL,"Pose out of frontal band (|yaw|<=15.0, |pitch|<=15.0): yaw=-53.2, pitch=-39.9"
lfw_03230,data/raw/images/lfw_03230.jpg,FACE_TOO_ANGLED_OR_SMALL,"Pose out of frontal band (|yaw|<=15.0, |pitch|<=15.0): yaw=-28.7, pitch=-29.9"
lfw_03231,data/raw/images/lfw_03231.jpg,FACE_TOO_ANGLED_OR_SMALL,"Pose out of frontal band (|yaw|<=15.0, |pitch|<=15.0): yaw=-70.5, pitch=-19.3"
lfw_03232,data/raw/images/lfw_03232.jpg,FACE_TOO_ANGLED_OR_SMALL,"Pose out of frontal band (|yaw|<=15.0, |pitch|<=15.0): yaw=28.3, pitch=-17.8"
lfw_03233,data/raw/images/lfw_03233.jpg,MULTIPLE_FACES_DETECTED,
lfw_03235,data/raw/images/lfw_03235.jpg,FACE_TOO_ANGLED_OR_SMALL,"Pose out of frontal band (|yaw|<=15.0, |pitch|<=15.0): yaw=23.1, pitch=-29.5"
lfw_03236,data/raw/images/lfw_03236.jpg,FACE_TOO_ANGLED_OR_SMALL,"Pose out of frontal band (|yaw|<=15.0, |pitch|<=15.0): yaw=7.3, pitch=-36.5"
lfw_03237,data/raw/images/lfw_03237.jpg,FACE_TOO_ANGLED_OR_SMALL,"Pose out of frontal band (|yaw|<=15.0, |pitch|<=15.0): yaw=-14.4, pitch=-24.8"
lfw_03238,data/raw/images/lfw_03238.jpg,FACE_TOO_ANGLED_OR_SMALL,"Pose out of frontal band (|yaw|<=15.0, |pitch|<=15.0): yaw=-10.6, pitch=-22.4"
lfw_03239,data/raw/images/lfw_03239.jpg,FACE_TOO_ANGLED_OR_SMALL,"Pose out of frontal band (|yaw|<=15.0, |pitch|<=15.0): yaw=0.1, pitch=-15.2"
lfw_03240,data/raw/images/lfw_03240.jpg,FACE_TOO_ANGLED_OR_SMALL,"Pose out of frontal band (|yaw|<=15.0, |pitch|<=15.0): yaw=-12.4, pitch=-23.0"
lfw_03241,data/raw/images/lfw_03241.jpg,FACE_TOO_ANGLED_OR_SMALL,"Pose out of frontal band (|yaw|<=15.0, |pitch|<=15.0): yaw=-35.1, pitch=-36.1"
lfw_03242,data/raw/images/lfw_03242.jpg,FACE_TOO_ANGLED_OR_SMALL,"Pose out of frontal band (|yaw|<=15.0, |pitch|<=15.0): yaw=6.3, pitch=-24.3"
lfw_03243,data/raw/images/lfw_03243.jpg,FACE_TOO_ANGLED_OR_SMALL,"Pose out of frontal band (|yaw|<=15.0, |pitch|<=15.0): yaw=19.0, pitch=-21.2"
lfw_03244,data/raw/images/lfw_03244.jpg,FACE_TOO_ANGLED_OR_SMALL,"Pose out of frontal band (|yaw|<=15.0, |pitch|<=15.0): yaw=39.6, pitch=-20.7"
lfw_03245,data/raw/images/lfw_03245.jpg,FACE_TOO_ANGLED_OR_SMALL,"Pose out of frontal band (|yaw|<=15.0, |pitch|<=15.0): yaw=26.8, pitch=-20.7"
lfw_03246,data/raw/images/lfw_03246.jpg,FACE_TOO_ANGLED_OR_SMALL,"Pose out of frontal band (|yaw|<=15.0, |pitch|<=15.0): yaw=-28.5, pitch=-17.6"
lfw_03247,data/raw/images/lfw_03247.jpg,FACE_TOO_ANGLED_OR_SMALL,"Pose out of frontal band (|yaw|<=15.0, |pitch|<=15.0): yaw=22.3, pitch=-10.3"
lfw_03250,data/raw/images/lfw_03250.jpg,FACE_TOO_ANGLED_OR_SMALL,"Pose out of frontal band (|yaw|<=15.0, |pitch|<=15.0): yaw=-22.1, pitch=-41.5"
lfw_03251,data/raw/images/lfw_03251.jpg,FACE_TOO_ANGLED_OR_SMALL,"Pose out of frontal band (|yaw|<=15.0, |pitch|<=15.0): yaw=-0.9, pitch=-21.7"
lfw_03252,data/raw/images/lfw_03252.jpg,MULTIPLE_FACES_DETECTED,
lfw_03253,data/raw/images/lfw_03253.jpg,FACE_TOO_ANGLED_OR_SMALL,"Pose out of frontal band (|yaw|<=15.0, |pitch|<=15.0): yaw=-2.2, pitch=-17.7"
lfw_03256,data/raw/images/lfw_03256.jpg,MULTIPLE_FACES_DETECTED,
lfw_03257,data/raw/images/lfw_03257.jpg,FACE_TOO_ANGLED_OR_SMALL,"Pose out of frontal band (|yaw|<=15.0, |pitch|<=15.0): yaw=44.6, pitch=-9.5"
lfw_03258,data/raw/images/lfw_03258.jpg,FACE_TOO_ANGLED_OR_SMALL,"Pose out of frontal band (|yaw|<=15.0, |pitch|<=15.0): yaw=-26.0, pitch=-15.3"
lfw_03259,data/raw/images/lfw_03259.jpg,FACE_TOO_ANGLED_OR_SMALL,"Pose out of frontal band (|yaw|<=15.0, |pitch|<=15.0): yaw=-27.6, pitch=-13.2"
lfw_03260,data/raw/images/lfw_03260.jpg,FACE_TOO_ANGLED_OR_SMALL,"Pose out of frontal band (|yaw|<=15.0, |pitch|<=15.0): yaw=28.7, pitch=-20.1"
lfw_03261,data/raw/images/lfw_03261.jpg,FACE_TOO_ANGLED_OR_SMALL,"Pose out of frontal band (|yaw|<=15.0, |pitch|<=15.0): yaw=-2.0, pitch=-25.5"
lfw_03262,data/raw/images/lfw_03262.jpg,MULTIPLE_FACES_DETECTED,
lfw_03263,data/raw/images/lfw_03263.jpg,FACE_TOO_ANGLED_OR_SMALL,"Pose out of frontal band (|yaw|<=15.0, |pitch|<=15.0): yaw=-60.6, pitch=-24.8"
lfw_03264,data/raw/images/lfw_03264.jpg,FACE_TOO_ANGLED_OR_SMALL,"Pose out of frontal band (|yaw|<=15.0, |pitch|<=15.0): yaw=-20.8, pitch=-21.8"
lfw_03265,data/raw/images/lfw_03265.jpg,FACE_TOO_ANGLED_OR_SMALL,"Pose out of frontal band (|yaw|<=15.0, |pitch|<=15.0): yaw=-21.5, pitch=-28.2"
lfw_03266,data/raw/images/lfw_03266.jpg,FACE_TOO_ANGLED_OR_SMALL,"Pose out of frontal band (|yaw|<=15.0, |pitch|<=15.0): yaw=29.2, pitch=-29.1"
lfw_03267,data/raw/images/lfw_03267.jpg,MULTIPLE_FACES_DETECTED,
lfw_03268,data/raw/images/lfw_03268.jpg,MULTIPLE_FACES_DETECTED,
lfw_03269,data/raw/images/lfw_03269.jpg,FACE_TOO_ANGLED_OR_SMALL,"Pose out of frontal band (|yaw|<=15.0, |pitch|<=15.0): yaw=51.2, pitch=-19.7"
lfw_03270,data/raw/images/lfw_03270.jpg,FACE_TOO_ANGLED_OR_SMALL,"Pose out of frontal band (|yaw|<=15.0, |pitch|<=15.0): yaw=-9.3, pitch=-26.4"
lfw_03271,data/raw/images/lfw_03271.jpg,FACE_TOO_ANGLED_OR_SMALL,"Pose out of frontal band (|yaw|<=15.0, |pitch|<=15.0): yaw=-13.4, pitch=-42.6"
lfw_03272,data/raw/images/lfw_03272.jpg,FACE_TOO_ANGLED_OR_SMALL,"Pose out of frontal band (|yaw|<=15.0, |pitch|<=15.0): yaw=-60.4, pitch=-13.9"
lfw_03273,data/raw/images/lfw_03273.jpg,FACE_TOO_ANGLED_OR_SMALL,"Pose out of frontal band (|yaw|<=15.0, |pitch|<=15.0): yaw=10.5, pitch=-21.8"
lfw_03274,data/raw/images/lfw_03274.jpg,FACE_TOO_ANGLED_OR_SMALL,"Pose out of frontal band (|yaw|<=15.0, |pitch|<=15.0): yaw=-9.6, pitch=-20.5"
lfw_03275,data/raw/images/lfw_03275.jpg,FACE_TOO_ANGLED_OR_SMALL,"Pose out of frontal band (|yaw|<=15.0, |pitch|<=15.0): yaw=13.8, pitch=-35.5"
lfw_03276,data/raw/images/lfw_03276.jpg,FACE_TOO_ANGLED_OR_SMALL,"Pose out of frontal band (|yaw|<=15.0, |pitch|<=15.0): yaw=-10.7, pitch=-27.6"
lfw_03277,data/raw/images/lfw_03277.jpg,FACE_TOO_ANGLED_OR_SMALL,"Pose out of frontal band (|yaw|<=15.0, |pitch|<=15.0): yaw=33.5, pitch=-20.9"
lfw_03278,data/raw/images/lfw_03278.jpg,MULTIPLE_FACES_DETECTED,
lfw_03279,data/raw/images/lfw_03279.jpg,FACE_TOO_ANGLED_OR_SMALL,"Pose out of frontal band (|yaw|<=15.0, |pitch|<=15.0): yaw=-1.4, pitch=-32.8"
lfw_03280,data/raw/images/lfw_03280.jpg,FACE_TOO_ANGLED_OR_SMALL,"Pose out of frontal band (|yaw|<=15.0, |pitch|<=15.0): yaw=-10.0, pitch=-18.0"
lfw_03281,data/raw/images/lfw_03281.jpg,MULTIPLE_FACES_DETECTED,
lfw_03282,data/raw/images/lfw_03282.jpg,FACE_TOO_ANGLED_OR_SMALL,"Pose out of frontal band (|yaw|<=15.0, |pitch|<=15.0): yaw=29.1, pitch=-5.1"
lfw_03283,data/raw/images/lfw_03283.jpg,MULTIPLE_FACES_DETECTED,
lfw_03284,data/raw/images/lfw_03284.jpg,FACE_TOO_ANGLED_OR_SMALL,"Pose out of frontal band (|yaw|<=15.0, |pitch|<=15.0): yaw=-70.7, pitch=-19.1"
lfw_03285,data/raw/images/lfw_03285.jpg,FACE_TOO_ANGLED_OR_SMALL,"Pose out of frontal band (|yaw|<=15.0, |pitch|<=15.0): yaw=19.0, pitch=-22.7"
lfw_03286,data/raw/images/lfw_03286.jpg,FACE_TOO_ANGLED_OR_SMALL,"Pose out of frontal band (|yaw|<=15.0, |pitch|<=15.0): yaw=27.6, pitch=-28.7"
lfw_03287,data/raw/images/lfw_03287.jpg,FACE_TOO_ANGLED_OR_SMALL,"Pose out of frontal band (|yaw|<=15.0, |pitch|<=15.0): yaw=52.2, pitch=-20.7"
lfw_03288,data/raw/images/lfw_03288.jpg,FACE_TOO_ANGLED_OR_SMALL,"Pose out of frontal band (|yaw|<=15.0, |pitch|<=15.0): yaw=-45.1, pitch=-26.0"
lfw_03289,data/raw/images/lfw_03289.jpg,FACE_TOO_ANGLED_OR_SMALL,"Pose out of frontal band (|yaw|<=15.0, |pitch|<=15.0): yaw=3.2, pitch=-45.4"
lfw_03290,data/raw/images/lfw_03290.jpg,FACE_TOO_ANGLED_OR_SMALL,"Pose out of frontal band (|yaw|<=15.0, |pitch|<=15.0): yaw=-30.0, pitch=-20.7"
lfw_03291,data/raw/images/lfw_03291.jpg,MULTIPLE_FACES_DETECTED,
lfw_03292,data/raw/images/lfw_03292.jpg,FACE_TOO_ANGLED_OR_SMALL,"Pose out of frontal band (|yaw|<=15.0, |pitch|<=15.0): yaw=33.6, pitch=-13.9"
lfw_03293,data/raw/images/lfw_03293.jpg,FACE_TOO_ANGLED_OR_SMALL,"Pose out of frontal band (|yaw|<=15.0, |pitch|<=15.0): yaw=-15.8, pitch=-11.5"
lfw_03294,data/raw/images/lfw_03294.jpg,FACE_TOO_ANGLED_OR_SMALL,"Pose out of frontal band (|yaw|<=15.0, |pitch|<=15.0): yaw=-17.2, pitch=-16.6"
lfw_03295,data/raw/images/lfw_03295.jpg,FACE_TOO_ANGLED_OR_SMALL,"Pose out of frontal band (|yaw|<=15.0, |pitch|<=15.0): yaw=42.6, pitch=-13.5"
lfw_03296,data/raw/images/lfw_03296.jpg,FACE_TOO_ANGLED_OR_SMALL,"Pose out of frontal band (|yaw|<=15.0, |pitch|<=15.0): yaw=-21.8, pitch=-7.6"
lfw_03297,data/raw/images/lfw_03297.jpg,MULTIPLE_FACES_DETECTED,
lfw_03301,data/raw/images/lfw_03301.jpg,FACE_TOO_ANGLED_OR_SMALL,"Pose out of frontal band (|yaw|<=15.0, |pitch|<=15.0): yaw=6.3, pitch=-33.5"
lfw_03302,data/raw/images/lfw_03302.jpg,FACE_TOO_ANGLED_OR_SMALL,"Pose out of frontal band (|yaw|<=15.0, |pitch|<=15.0): yaw=-30.0, pitch=-32.4"
lfw_03303,data/raw/images/lfw_03303.jpg,FACE_TOO_ANGLED_OR_SMALL,"Pose out of frontal band (|yaw|<=15.0, |pitch|<=15.0): yaw=15.9, pitch=-26.7"
lfw_03304,data/raw/images/lfw_03304.jpg,MULTIPLE_FACES_DETECTED,
lfw_03305,data/raw/images/lfw_03305.jpg,MULTIPLE_FACES_DETECTED,
lfw_03307,data/raw/images/lfw_03307.jpg,FACE_TOO_ANGLED_OR_SMALL,"Pose out of frontal band (|yaw|<=15.0, |pitch|<=15.0): yaw=15.0, pitch=-13.6"
lfw_03309,data/raw/images/lfw_03309.jpg,FACE_TOO_ANGLED_OR_SMALL,"Pose out of frontal band (|yaw|<=15.0, |pitch|<=15.0): yaw=-13.2, pitch=-16.6"
lfw_03310,data/raw/images/lfw_03310.jpg,FACE_TOO_ANGLED_OR_SMALL,"Pose out of frontal band (|yaw|<=15.0, |pitch|<=15.0): yaw=36.5, pitch=3.1"
lfw_03311,data/raw/images/lfw_03311.jpg,FACE_TOO_ANGLED_OR_SMALL,"Pose out of frontal band (|yaw|<=15.0, |pitch|<=15.0): yaw=16.8, pitch=-13.3"
lfw_03312,data/raw/images/lfw_03312.jpg,FACE_TOO_ANGLED_OR_SMALL,"Pose out of frontal band (|yaw|<=15.0, |pitch|<=15.0): yaw=2.6, pitch=-15.8"
lfw_03313,data/raw/images/lfw_03313.jpg,FACE_TOO_ANGLED_OR_SMALL,"Pose out of frontal band (|yaw|<=15.0, |pitch|<=15.0): yaw=-63.9, pitch=-24.3"
lfw_03314,data/raw/images/lfw_03314.jpg,FACE_TOO_ANGLED_OR_SMALL,"Pose out of frontal band (|yaw|<=15.0, |pitch|<=15.0): yaw=-54.4, pitch=-42.5"
lfw_03315,data/raw/images/lfw_03315.jpg,FACE_TOO_ANGLED_OR_SMALL,"Pose out of frontal band (|yaw|<=15.0, |pitch|<=15.0): yaw=-20.1, pitch=-32.3"
lfw_03316,data/raw/images/lfw_03316.jpg,FACE_TOO_ANGLED_OR_SMALL,"Pose out of frontal band (|yaw|<=15.0, |pitch|<=15.0): yaw=-5.3, pitch=-19.8"
lfw_03317,data/raw/images/lfw_03317.jpg,MULTIPLE_FACES_DETECTED,
lfw_03318,data/raw/images/lfw_03318.jpg,FACE_TOO_ANGLED_OR_SMALL,"Pose out of frontal band (|yaw|<=15.0, |pitch|<=15.0): yaw=-11.0, pitch=-21.0"
lfw_03319,data/raw/images/lfw_03319.jpg,FACE_TOO_ANGLED_OR_SMALL,"Pose out of frontal band (|yaw|<=15.0, |pitch|<=15.0): yaw=-12.1, pitch=-22.7"
lfw_03320,data/raw/images/lfw_03320.jpg,FACE_TOO_ANGLED_OR_SMALL,"Pose out of frontal band (|yaw|<=15.0, |pitch|<=15.0): yaw=27.2, pitch=-23.9"
lfw_03321,data/raw/images/lfw_03321.jpg,FACE_TOO_ANGLED_OR_SMALL,"Pose out of frontal band (|yaw|<=15.0, |pitch|<=15.0): yaw=42.7, pitch=-25.6"
lfw_03322,data/raw/images/lfw_03322.jpg,FACE_TOO_ANGLED_OR_SMALL,"Pose out of frontal band (|yaw|<=15.0, |pitch|<=15.0): yaw=1.4, pitch=-20.1"
lfw_03323,data/raw/images/lfw_03323.jpg,FACE_TOO_ANGLED_OR_SMALL,"Pose out of frontal band (|yaw|<=15.0, |pitch|<=15.0): yaw=12.5, pitch=-44.5"
lfw_03324,data/raw/images/lfw_03324.jpg,FACE_TOO_ANGLED_OR_SMALL,"Pose out of frontal band (|yaw|<=15.0, |pitch|<=15.0): yaw=32.1, pitch=-36.2"
lfw_03325,data/raw/images/lfw_03325.jpg,FACE_TOO_ANGLED_OR_SMALL,"Pose out of frontal band (|yaw|<=15.0, |pitch|<=15.0): yaw=27.2, pitch=-10.9"
lfw_03326,data/raw/images/lfw_03326.jpg,FACE_TOO_ANGLED_OR_SMALL,"Pose out of frontal band (|yaw|<=15.0, |pitch|<=15.0): yaw=23.5, pitch=-60.9"
lfw_03327,data/raw/images/lfw_03327.jpg,FACE_TOO_ANGLED_OR_SMALL,"Pose out of frontal band (|yaw|<=15.0, |pitch|<=15.0): yaw=-5.9, pitch=-34.8"
lfw_03328,data/raw/images/lfw_03328.jpg,FACE_TOO_ANGLED_OR_SMALL,"Pose out of frontal band (|yaw|<=15.0, |pitch|<=15.0): yaw=3.1, pitch=-18.7"
lfw_03329,data/raw/images/lfw_03329.jpg,MULTIPLE_FACES_DETECTED,
lfw_03330,data/raw/images/lfw_03330.jpg,FACE_TOO_ANGLED_OR_SMALL,"Pose out of frontal band (|yaw|<=15.0, |pitch|<=15.0): yaw=11.5, pitch=-20.6"
lfw_03331,data/raw/images/lfw_03331.jpg,FACE_TOO_ANGLED_OR_SMALL,"Pose out of frontal band (|yaw|<=15.0, |pitch|<=15.0): yaw=-6.9, pitch=-20.2"
lfw_03332,data/raw/images/lfw_03332.jpg,FACE_TOO_ANGLED_OR_SMALL,"Pose out of frontal band (|yaw|<=15.0, |pitch|<=15.0): yaw=26.2, pitch=-25.5"
lfw_03333,data/raw/images/lfw_03333.jpg,FACE_TOO_ANGLED_OR_SMALL,"Pose out of frontal band (|yaw|<=15.0, |pitch|<=15.0): yaw=58.3, pitch=-13.1"
lfw_03334,data/raw/images/lfw_03334.jpg,FACE_TOO_ANGLED_OR_SMALL,"Pose out of frontal band (|yaw|<=15.0, |pitch|<=15.0): yaw=-22.1, pitch=0.5"
lfw_03336,data/raw/images/lfw_03336.jpg,FACE_TOO_ANGLED_OR_SMALL,"Pose out of frontal band (|yaw|<=15.0, |pitch|<=15.0): yaw=36.4, pitch=-44.7"
lfw_03337,data/raw/images/lfw_03337.jpg,FACE_TOO_ANGLED_OR_SMALL,"Pose out of frontal band (|yaw|<=15.0, |pitch|<=15.0): yaw=-12.2, pitch=-29.5"
lfw_03338,data/raw/images/lfw_03338.jpg,FACE_TOO_ANGLED_OR_SMALL,"Pose out of frontal band (|yaw|<=15.0, |pitch|<=15.0): yaw=21.4, pitch=-27.7"
lfw_03339,data/raw/images/lfw_03339.jpg,FACE_TOO_ANGLED_OR_SMALL,"Pose out of frontal band (|yaw|<=15.0, |pitch|<=15.0): yaw=-24.5, pitch=-18.0"
lfw_03340,data/raw/images/lfw_03340.jpg,FACE_TOO_ANGLED_OR_SMALL,"Pose out of frontal band (|yaw|<=15.0, |pitch|<=15.0): yaw=16.4, pitch=0.3"
lfw_03341,data/raw/images/lfw_03341.jpg,FACE_TOO_ANGLED_OR_SMALL,"Pose out of frontal band (|yaw|<=15.0, |pitch|<=15.0): yaw=12.9, pitch=-20.2"
lfw_03342,data/raw/images/lfw_03342.jpg,FACE_TOO_ANGLED_OR_SMALL,"Pose out of frontal band (|yaw|<=15.0, |pitch|<=15.0): yaw=-16.5, pitch=-24.4"
lfw_03343,data/raw/images/lfw_03343.jpg,FACE_TOO_ANGLED_OR_SMALL,"Pose out of frontal band (|yaw|<=15.0, |pitch|<=15.0): yaw=37.7, pitch=-19.4"
lfw_03344,data/raw/images/lfw_03344.jpg,FACE_TOO_ANGLED_OR_SMALL,"Pose out of frontal band (|yaw|<=15.0, |pitch|<=15.0): yaw=-24.1, pitch=-33.5"
lfw_03345,data/raw/images/lfw_03345.jpg,FACE_TOO_ANGLED_OR_SMALL,"Pose out of frontal band (|yaw|<=15.0, |pitch|<=15.0): yaw=-24.1, pitch=-20.2"
lfw_03346,data/raw/images/lfw_03346.jpg,FACE_TOO_ANGLED_OR_SMALL,"Pose out of frontal band (|yaw|<=15.0, |pitch|<=15.0): yaw=54.7, pitch=-14.1"
lfw_03347,data/raw/images/lfw_03347.jpg,FACE_TOO_ANGLED_OR_SMALL,"Pose out of frontal band (|yaw|<=15.0, |pitch|<=15.0): yaw=-41.5, pitch=-41.8"
lfw_03349,data/raw/images/lfw_03349.jpg,FACE_TOO_ANGLED_OR_SMALL,"Pose out of frontal band (|yaw|<=15.0, |pitch|<=15.0): yaw=15.7, pitch=-27.9"
lfw_03350,data/raw/images/lfw_03350.jpg,FACE_TOO_ANGLED_OR_SMALL,"Pose out of frontal band (|yaw|<=15.0, |pitch|<=15.0): yaw=3.4, pitch=-16.3"
lfw_03351,data/raw/images/lfw_03351.jpg,FACE_TOO_ANGLED_OR_SMALL,"Pose out of frontal band (|yaw|<=15.0, |pitch|<=15.0): yaw=-20.3, pitch=-19.1"
lfw_03352,data/raw/images/lfw_03352.jpg,FACE_TOO_ANGLED_OR_SMALL,"Pose out of frontal band (|yaw|<=15.0, |pitch|<=15.0): yaw=-37.2, pitch=-35.0"
lfw_03353,data/raw/images/lfw_03353.jpg,FACE_TOO_ANGLED_OR_SMALL,"Pose out of frontal band (|yaw|<=15.0, |pitch|<=15.0): yaw=-23.0, pitch=-16.6"
lfw_03354,data/raw/images/lfw_03354.jpg,FACE_TOO_ANGLED_OR_SMALL,"Pose out of frontal band (|yaw|<=15.0, |pitch|<=15.0): yaw=-22.5, pitch=-33.9"
lfw_03355,data/raw/images/lfw_03355.jpg,FACE_TOO_ANGLED_OR_SMALL,"Pose out of frontal band (|yaw|<=15.0, |pitch|<=15.0): yaw=49.4, pitch=-28.1"
lfw_03356,data/raw/images/lfw_03356.jpg,FACE_TOO_ANGLED_OR_SMALL,"Pose out of frontal band (|yaw|<=15.0, |pitch|<=15.0): yaw=26.0, pitch=-34.2"
lfw_03357,data/raw/images/lfw_03357.jpg,FACE_TOO_ANGLED_OR_SMALL,"Pose out of frontal band (|yaw|<=15.0, |pitch|<=15.0): yaw=37.3, pitch=-13.3"
lfw_03358,data/raw/images/lfw_03358.jpg,FACE_TOO_ANGLED_OR_SMALL,"Pose out of frontal band (|yaw|<=15.0, |pitch|<=15.0): yaw=8.1, pitch=-16.8"
lfw_03359,data/raw/images/lfw_03359.jpg,FACE_TOO_ANGLED_OR_SMALL,"Pose out of frontal band (|yaw|<=15.0, |pitch|<=15.0): yaw=-47.7, pitch=-30.8"
lfw_03360,data/raw/images/lfw_03360.jpg,FACE_TOO_ANGLED_OR_SMALL,"Pose out of frontal band (|yaw|<=15.0, |pitch|<=15.0): yaw=33.2, pitch=-30.0"
lfw_03362,data/raw/images/lfw_03362.jpg,FACE_TOO_ANGLED_OR_SMALL,"Pose out of frontal band (|yaw|<=15.0, |pitch|<=15.0): yaw=3.1, pitch=-46.2"
lfw_03363,data/raw/images/lfw_03363.jpg,FACE_TOO_ANGLED_OR_SMALL,"Pose out of frontal band (|yaw|<=15.0, |pitch|<=15.0): yaw=49.2, pitch=-18.0"
lfw_03364,data/raw/images/lfw_03364.jpg,FACE_TOO_ANGLED_OR_SMALL,"Pose out of frontal band (|yaw|<=15.0, |pitch|<=15.0): yaw=50.5, pitch=-25.1"
lfw_03367,data/raw/images/lfw_03367.jpg,FACE_TOO_ANGLED_OR_SMALL,"Pose out of frontal band (|yaw|<=15.0, |pitch|<=15.0): yaw=-61.3, pitch=-30.5"
lfw_03368,data/raw/images/lfw_03368.jpg,MULTIPLE_FACES_DETECTED,
lfw_03369,data/raw/images/lfw_03369.jpg,FACE_TOO_ANGLED_OR_SMALL,"Pose out of frontal band (|yaw|<=15.0, |pitch|<=15.0): yaw=-19.0, pitch=-2.6"
lfw_03370,data/raw/images/lfw_03370.jpg,MULTIPLE_FACES_DETECTED,
lfw_03374,data/raw/images/lfw_03374.jpg,FACE_TOO_ANGLED_OR_SMALL,"Pose out of frontal band (|yaw|<=15.0, |pitch|<=15.0): yaw=-13.5, pitch=-35.2"
lfw_03375,data/raw/images/lfw_03375.jpg,FACE_TOO_ANGLED_OR_SMALL,"Pose out of frontal band (|yaw|<=15.0, |pitch|<=15.0): yaw=-13.9, pitch=-39.1"
lfw_03376,data/raw/images/lfw_03376.jpg,FACE_TOO_ANGLED_OR_SMALL,"Pose out of frontal band (|yaw|<=15.0, |pitch|<=15.0): yaw=-30.2, pitch=-43.2"
lfw_03377,data/raw/images/lfw_03377.jpg,FACE_TOO_ANGLED_OR_SMALL,"Pose out of frontal band (|yaw|<=15.0, |pitch|<=15.0): yaw=-4.4, pitch=-27.1"
lfw_03378,data/raw/images/lfw_03378.jpg,FACE_TOO_ANGLED_OR_SMALL,"Pose out of frontal band (|yaw|<=15.0, |pitch|<=15.0): yaw=14.4, pitch=-42.7"
lfw_03379,data/raw/images/lfw_03379.jpg,FACE_TOO_ANGLED_OR_SMALL,"Pose out of frontal band (|yaw|<=15.0, |pitch|<=15.0): yaw=26.0, pitch=-26.0"
lfw_03380,data/raw/images/lfw_03380.jpg,FACE_TOO_ANGLED_OR_SMALL,"Pose out of frontal band (|yaw|<=15.0, |pitch|<=15.0): yaw=-25.8, pitch=-29.8"
lfw_03381,data/raw/images/lfw_03381.jpg,FACE_TOO_ANGLED_OR_SMALL,"Pose out of frontal band (|yaw|<=15.0, |pitch|<=15.0): yaw=6.4, pitch=-17.5"
lfw_03382,data/raw/images/lfw_03382.jpg,FACE_TOO_ANGLED_OR_SMALL,"Pose out of frontal band (|yaw|<=15.0, |pitch|<=15.0): yaw=-13.9, pitch=-41.2"
lfw_03383,data/raw/images/lfw_03383.jpg,FACE_TOO_ANGLED_OR_SMALL,"Pose out of frontal band (|yaw|<=15.0, |pitch|<=15.0): yaw=-14.1, pitch=-23.9"
lfw_03384,data/raw/images/lfw_03384.jpg,FACE_TOO_ANGLED_OR_SMALL,"Pose out of frontal band (|yaw|<=15.0, |pitch|<=15.0): yaw=40.7, pitch=-22.1"
lfw_03385,data/raw/images/lfw_03385.jpg,FACE_TOO_ANGLED_OR_SMALL,"Pose out of frontal band (|yaw|<=15.0, |pitch|<=15.0): yaw=33.7, pitch=-36.1"
lfw_03386,data/raw/images/lfw_03386.jpg,FACE_TOO_ANGLED_OR_SMALL,"Pose out of frontal band (|yaw|<=15.0, |pitch|<=15.0): yaw=17.3, pitch=-28.4"
lfw_03387,data/raw/images/lfw_03387.jpg,FACE_TOO_ANGLED_OR_SMALL,"Pose out of frontal band (|yaw|<=15.0, |pitch|<=15.0): yaw=19.7, pitch=-30.3"
lfw_03388,data/raw/images/lfw_03388.jpg,FACE_TOO_ANGLED_OR_SMALL,"Pose out of frontal band (|yaw|<=15.0, |pitch|<=15.0): yaw=-5.3, pitch=-19.7"
lfw_03389,data/raw/images/lfw_03389.jpg,FACE_TOO_ANGLED_OR_SMALL,"Pose out of frontal band (|yaw|<=15.0, |pitch|<=15.0): yaw=-39.5, pitch=-6.0"
lfw_03390,data/raw/images/lfw_03390.jpg,FACE_TOO_ANGLED_OR_SMALL,"Pose out of frontal band (|yaw|<=15.0, |pitch|<=15.0): yaw=16.9, pitch=-11.2"
lfw_03391,data/raw/images/lfw_03391.jpg,FACE_TOO_ANGLED_OR_SMALL,"Pose out of frontal band (|yaw|<=15.0, |pitch|<=15.0): yaw=49.3, pitch=-3.7"
lfw_03392,data/raw/images/lfw_03392.jpg,MULTIPLE_FACES_DETECTED,
lfw_03393,data/raw/images/lfw_03393.jpg,MULTIPLE_FACES_DETECTED,
lfw_03394,data/raw/images/lfw_03394.jpg,FACE_TOO_ANGLED_OR_SMALL,"Pose out of frontal band (|yaw|<=15.0, |pitch|<=15.0): yaw=41.1, pitch=-4.6"
lfw_03395,data/raw/images/lfw_03395.jpg,FACE_TOO_ANGLED_OR_SMALL,"Pose out of frontal band (|yaw|<=15.0, |pitch|<=15.0): yaw=8.0, pitch=-22.5"
lfw_03396,data/raw/images/lfw_03396.jpg,FACE_TOO_ANGLED_OR_SMALL,"Pose out of frontal band (|yaw|<=15.0, |pitch|<=15.0): yaw=21.1, pitch=-31.0"
lfw_03397,data/raw/images/lfw_03397.jpg,FACE_TOO_ANGLED_OR_SMALL,"Pose out of frontal band (|yaw|<=15.0, |pitch|<=15.0): yaw=4.6, pitch=-41.9"
lfw_03398,data/raw/images/lfw_03398.jpg,FACE_TOO_ANGLED_OR_SMALL,"Pose out of frontal band (|yaw|<=15.0, |pitch|<=15.0): yaw=35.4, pitch=-40.8"
lfw_03399,data/raw/images/lfw_03399.jpg,FACE_TOO_ANGLED_OR_SMALL,"Pose out of frontal band (|yaw|<=15.0, |pitch|<=15.0): yaw=-13.9, pitch=-36.6"
lfw_03400,data/raw/images/lfw_03400.jpg,FACE_TOO_ANGLED_OR_SMALL,"Pose out of frontal band (|yaw|<=15.0, |pitch|<=15.0): yaw=-8.3, pitch=-23.1"
lfw_03401,data/raw/images/lfw_03401.jpg,FACE_TOO_ANGLED_OR_SMALL,"Pose out of frontal band (|yaw|<=15.0, |pitch|<=15.0): yaw=4.6, pitch=-55.8"
lfw_03403,data/raw/images/lfw_03403.jpg,MULTIPLE_FACES_DETECTED,
lfw_03405,data/raw/images/lfw_03405.jpg,FACE_TOO_ANGLED_OR_SMALL,"Pose out of frontal band (|yaw|<=15.0, |pitch|<=15.0): yaw=-23.4, pitch=-25.5"
lfw_03408,data/raw/images/lfw_03408.jpg,FACE_TOO_ANGLED_OR_SMALL,"Pose out of frontal band (|yaw|<=15.0, |pitch|<=15.0): yaw=-33.2, pitch=-9.5"
lfw_03410,data/raw/images/lfw_03410.jpg,FACE_TOO_ANGLED_OR_SMALL,"Pose out of frontal band (|yaw|<=15.0, |pitch|<=15.0): yaw=40.8, pitch=0.8"
lfw_03411,data/raw/images/lfw_03411.jpg,FACE_TOO_ANGLED_OR_SMALL,"Pose out of frontal band (|yaw|<=15.0, |pitch|<=15.0): yaw=-27.4, pitch=-21.4"
lfw_03412,data/raw/images/lfw_03412.jpg,FACE_TOO_ANGLED_OR_SMALL,"Pose out of frontal band (|yaw|<=15.0, |pitch|<=15.0): yaw=-25.3, pitch=-29.3"
lfw_03413,data/raw/images/lfw_03413.jpg,FACE_TOO_ANGLED_OR_SMALL,"Pose out of frontal band (|yaw|<=15.0, |pitch|<=15.0): yaw=68.0, pitch=-10.2"
lfw_03414,data/raw/images/lfw_03414.jpg,FACE_TOO_ANGLED_OR_SMALL,"Pose out of frontal band (|yaw|<=15.0, |pitch|<=15.0): yaw=-41.7, pitch=-16.7"
lfw_03415,data/raw/images/lfw_03415.jpg,FACE_TOO_ANGLED_OR_SMALL,"Pose out of frontal band (|yaw|<=15.0, |pitch|<=15.0): yaw=-29.8, pitch=-31.7"
lfw_03416,data/raw/images/lfw_03416.jpg,FACE_TOO_ANGLED_OR_SMALL,"Pose out of frontal band (|yaw|<=15.0, |pitch|<=15.0): yaw=10.5, pitch=-24.6"
lfw_03417,data/raw/images/lfw_03417.jpg,FACE_TOO_ANGLED_OR_SMALL,"Pose out of frontal band (|yaw|<=15.0, |pitch|<=15.0): yaw=-5.6, pitch=-27.7"
lfw_03418,data/raw/images/lfw_03418.jpg,FACE_TOO_ANGLED_OR_SMALL,"Pose out of frontal band (|yaw|<=15.0, |pitch|<=15.0): yaw=-20.2, pitch=-15.3"
lfw_03420,data/raw/images/lfw_03420.jpg,MULTIPLE_FACES_DETECTED,
lfw_03421,data/raw/images/lfw_03421.jpg,FACE_TOO_ANGLED_OR_SMALL,"Pose out of frontal band (|yaw|<=15.0, |pitch|<=15.0): yaw=-2.0, pitch=-44.8"
lfw_03422,data/raw/images/lfw_03422.jpg,FACE_TOO_ANGLED_OR_SMALL,"Pose out of frontal band (|yaw|<=15.0, |pitch|<=15.0): yaw=-37.7, pitch=-10.1"
lfw_03423,data/raw/images/lfw_03423.jpg,FACE_TOO_ANGLED_OR_SMALL,"Pose out of frontal band (|yaw|<=15.0, |pitch|<=15.0): yaw=44.6, pitch=-30.7"
lfw_03424,data/raw/images/lfw_03424.jpg,FACE_TOO_ANGLED_OR_SMALL,"Pose out of frontal band (|yaw|<=15.0, |pitch|<=15.0): yaw=45.7, pitch=-30.4"
lfw_03425,data/raw/images/lfw_03425.jpg,FACE_TOO_ANGLED_OR_SMALL,"Pose out of frontal band (|yaw|<=15.0, |pitch|<=15.0): yaw=-17.3, pitch=-9.9"
lfw_03426,data/raw/images/lfw_03426.jpg,FACE_TOO_ANGLED_OR_SMALL,"Pose out of frontal band (|yaw|<=15.0, |pitch|<=15.0): yaw=2.1, pitch=-17.5"
lfw_03427,data/raw/images/lfw_03427.jpg,FACE_TOO_ANGLED_OR_SMALL,"Pose out of frontal band (|yaw|<=15.0, |pitch|<=15.0): yaw=9.0, pitch=-23.3"
lfw_03428,data/raw/images/lfw_03428.jpg,FACE_TOO_ANGLED_OR_SMALL,"Pose out of frontal band (|yaw|<=15.0, |pitch|<=15.0): yaw=-27.2, pitch=-16.6"
lfw_03429,data/raw/images/lfw_03429.jpg,FACE_TOO_ANGLED_OR_SMALL,"Pose out of frontal band (|yaw|<=15.0, |pitch|<=15.0): yaw=-3.7, pitch=-20.5"
lfw_03430,data/raw/images/lfw_03430.jpg,FACE_TOO_ANGLED_OR_SMALL,"Pose out of frontal band (|yaw|<=15.0, |pitch|<=15.0): yaw=-16.5, pitch=-21.8"
lfw_03431,data/raw/images/lfw_03431.jpg,FACE_TOO_ANGLED_OR_SMALL,"Pose out of frontal band (|yaw|<=15.0, |pitch|<=15.0): yaw=-28.2, pitch=-22.6"
lfw_03432,data/raw/images/lfw_03432.jpg,FACE_TOO_ANGLED_OR_SMALL,"Pose out of frontal band (|yaw|<=15.0, |pitch|<=15.0): yaw=25.9, pitch=-39.4"
lfw_03433,data/raw/images/lfw_03433.jpg,FACE_TOO_ANGLED_OR_SMALL,"Pose out of frontal band (|yaw|<=15.0, |pitch|<=15.0): yaw=-9.5, pitch=-18.9"
lfw_03434,data/raw/images/lfw_03434.jpg,FACE_TOO_ANGLED_OR_SMALL,"Pose out of frontal band (|yaw|<=15.0, |pitch|<=15.0): yaw=-7.4, pitch=-18.6"
lfw_03435,data/raw/images/lfw_03435.jpg,FACE_TOO_ANGLED_OR_SMALL,"Pose out of frontal band (|yaw|<=15.0, |pitch|<=15.0): yaw=-41.0, pitch=-35.5"
lfw_03436,data/raw/images/lfw_03436.jpg,FACE_TOO_ANGLED_OR_SMALL,"Pose out of frontal band (|yaw|<=15.0, |pitch|<=15.0): yaw=-34.6, pitch=-18.1"
lfw_03437,data/raw/images/lfw_03437.jpg,FACE_TOO_ANGLED_OR_SMALL,"Pose out of frontal band (|yaw|<=15.0, |pitch|<=15.0): yaw=29.9, pitch=-32.0"
lfw_03438,data/raw/images/lfw_03438.jpg,FACE_TOO_ANGLED_OR_SMALL,"Pose out of frontal band (|yaw|<=15.0, |pitch|<=15.0): yaw=14.4, pitch=-38.6"
lfw_03439,data/raw/images/lfw_03439.jpg,FACE_TOO_ANGLED_OR_SMALL,"Pose out of frontal band (|yaw|<=15.0, |pitch|<=15.0): yaw=-2.4, pitch=-29.7"
lfw_03440,data/raw/images/lfw_03440.jpg,FACE_TOO_ANGLED_OR_SMALL,"Pose out of frontal band (|yaw|<=15.0, |pitch|<=15.0): yaw=-35.1, pitch=-35.9"
lfw_03441,data/raw/images/lfw_03441.jpg,FACE_TOO_ANGLED_OR_SMALL,"Pose out of frontal band (|yaw|<=15.0, |pitch|<=15.0): yaw=31.9, pitch=5.2"
lfw_03442,data/raw/images/lfw_03442.jpg,FACE_TOO_ANGLED_OR_SMALL,"Pose out of frontal band (|yaw|<=15.0, |pitch|<=15.0): yaw=5.0, pitch=-35.7"
lfw_03445,data/raw/images/lfw_03445.jpg,FACE_TOO_ANGLED_OR_SMALL,"Pose out of frontal band (|yaw|<=15.0, |pitch|<=15.0): yaw=29.6, pitch=-26.1"
lfw_03447,data/raw/images/lfw_03447.jpg,FACE_TOO_ANGLED_OR_SMALL,"Pose out of frontal band (|yaw|<=15.0, |pitch|<=15.0): yaw=-51.4, pitch=-16.5"
lfw_03448,data/raw/images/lfw_03448.jpg,FACE_TOO_ANGLED_OR_SMALL,"Pose out of frontal band (|yaw|<=15.0, |pitch|<=15.0): yaw=36.3, pitch=-14.6"
lfw_03449,data/raw/images/lfw_03449.jpg,FACE_TOO_ANGLED_OR_SMALL,"Pose out of frontal band (|yaw|<=15.0, |pitch|<=15.0): yaw=-5.5, pitch=-22.5"
lfw_03450,data/raw/images/lfw_03450.jpg,FACE_TOO_ANGLED_OR_SMALL,"Pose out of frontal band (|yaw|<=15.0, |pitch|<=15.0): yaw=2.0, pitch=-21.5"
lfw_03451,data/raw/images/lfw_03451.jpg,FACE_TOO_ANGLED_OR_SMALL,"Pose out of frontal band (|yaw|<=15.0, |pitch|<=15.0): yaw=-14.8, pitch=-33.4"
lfw_03452,data/raw/images/lfw_03452.jpg,FACE_TOO_ANGLED_OR_SMALL,"Pose out of frontal band (|yaw|<=15.0, |pitch|<=15.0): yaw=25.3, pitch=-22.2"
lfw_03453,data/raw/images/lfw_03453.jpg,FACE_TOO_ANGLED_OR_SMALL,"Pose out of frontal band (|yaw|<=15.0, |pitch|<=15.0): yaw=57.9, pitch=-34.7"
lfw_03454,data/raw/images/lfw_03454.jpg,FACE_TOO_ANGLED_OR_SMALL,"Pose out of frontal band (|yaw|<=15.0, |pitch|<=15.0): yaw=-5.4, pitch=-18.5"
lfw_03455,data/raw/images/lfw_03455.jpg,FACE_TOO_ANGLED_OR_SMALL,"Pose out of frontal band (|yaw|<=15.0, |pitch|<=15.0): yaw=13.5, pitch=-24.2"
lfw_03456,data/raw/images/lfw_03456.jpg,FACE_TOO_ANGLED_OR_SMALL,"Pose out of frontal band (|yaw|<=15.0, |pitch|<=15.0): yaw=-0.7, pitch=-37.1"
lfw_03457,data/raw/images/lfw_03457.jpg,FACE_TOO_ANGLED_OR_SMALL,"Pose out of frontal band (|yaw|<=15.0, |pitch|<=15.0): yaw=-0.2, pitch=-30.3"
lfw_03459,data/raw/images/lfw_03459.jpg,FACE_TOO_ANGLED_OR_SMALL,"Pose out of frontal band (|yaw|<=15.0, |pitch|<=15.0): yaw=12.7, pitch=-28.1"
lfw_03460,data/raw/images/lfw_03460.jpg,FACE_TOO_ANGLED_OR_SMALL,"Pose out of frontal band (|yaw|<=15.0, |pitch|<=15.0): yaw=7.7, pitch=-23.2"
lfw_03461,data/raw/images/lfw_03461.jpg,MULTIPLE_FACES_DETECTED,
lfw_03462,data/raw/images/lfw_03462.jpg,FACE_TOO_ANGLED_OR_SMALL,"Pose out of frontal band (|yaw|<=15.0, |pitch|<=15.0): yaw=-11.3, pitch=-24.8"
lfw_03463,data/raw/images/lfw_03463.jpg,FACE_TOO_ANGLED_OR_SMALL,"Pose out of frontal band (|yaw|<=15.0, |pitch|<=15.0): yaw=6.7, pitch=-39.7"
lfw_03464,data/raw/images/lfw_03464.jpg,MULTIPLE_FACES_DETECTED,
lfw_03465,data/raw/images/lfw_03465.jpg,FACE_TOO_ANGLED_OR_SMALL,"Pose out of frontal band (|yaw|<=15.0, |pitch|<=15.0): yaw=12.4, pitch=-16.1"
lfw_03466,data/raw/images/lfw_03466.jpg,FACE_TOO_ANGLED_OR_SMALL,"Pose out of frontal band (|yaw|<=15.0, |pitch|<=15.0): yaw=61.5, pitch=-14.8"
lfw_03467,data/raw/images/lfw_03467.jpg,FACE_TOO_ANGLED_OR_SMALL,"Pose out of frontal band (|yaw|<=15.0, |pitch|<=15.0): yaw=6.2, pitch=-48.8"
lfw_03468,data/raw/images/lfw_03468.jpg,FACE_TOO_ANGLED_OR_SMALL,"Pose out of frontal band (|yaw|<=15.0, |pitch|<=15.0): yaw=18.1, pitch=-43.3"
lfw_03469,data/raw/images/lfw_03469.jpg,FACE_TOO_ANGLED_OR_SMALL,"Pose out of frontal band (|yaw|<=15.0, |pitch|<=15.0): yaw=0.8, pitch=-31.5"
lfw_03470,data/raw/images/lfw_03470.jpg,FACE_TOO_ANGLED_OR_SMALL,"Pose out of frontal band (|yaw|<=15.0, |pitch|<=15.0): yaw=6.3, pitch=-22.6"
lfw_03471,data/raw/images/lfw_03471.jpg,FACE_TOO_ANGLED_OR_SMALL,"Pose out of frontal band (|yaw|<=15.0, |pitch|<=15.0): yaw=-24.8, pitch=1.7"
lfw_03472,data/raw/images/lfw_03472.jpg,FACE_TOO_ANGLED_OR_SMALL,"Pose out of frontal band (|yaw|<=15.0, |pitch|<=15.0): yaw=36.3, pitch=-13.7"
lfw_03473,data/raw/images/lfw_03473.jpg,FACE_TOO_ANGLED_OR_SMALL,"Pose out of frontal band (|yaw|<=15.0, |pitch|<=15.0): yaw=8.5, pitch=-49.0"
lfw_03474,data/raw/images/lfw_03474.jpg,FACE_TOO_ANGLED_OR_SMALL,"Pose out of frontal band (|yaw|<=15.0, |pitch|<=15.0): yaw=-17.3, pitch=-18.5"
lfw_03475,data/raw/images/lfw_03475.jpg,FACE_TOO_ANGLED_OR_SMALL,"Pose out of frontal band (|yaw|<=15.0, |pitch|<=15.0): yaw=49.2, pitch=-20.5"
lfw_03476,data/raw/images/lfw_03476.jpg,FACE_TOO_ANGLED_OR_SMALL,"Pose out of frontal band (|yaw|<=15.0, |pitch|<=15.0): yaw=-2.7, pitch=-16.9"
lfw_03477,data/raw/images/lfw_03477.jpg,FACE_TOO_ANGLED_OR_SMALL,"Pose out of frontal band (|yaw|<=15.0, |pitch|<=15.0): yaw=11.9, pitch=-31.6"
lfw_03480,data/raw/images/lfw_03480.jpg,FACE_TOO_ANGLED_OR_SMALL,"Pose out of frontal band (|yaw|<=15.0, |pitch|<=15.0): yaw=3.2, pitch=-33.9"
lfw_03481,data/raw/images/lfw_03481.jpg,FACE_TOO_ANGLED_OR_SMALL,"Pose out of frontal band (|yaw|<=15.0, |pitch|<=15.0): yaw=-3.4, pitch=-37.7"
lfw_03483,data/raw/images/lfw_03483.jpg,FACE_TOO_ANGLED_OR_SMALL,"Pose out of frontal band (|yaw|<=15.0, |pitch|<=15.0): yaw=23.4, pitch=-4.0"
lfw_03484,data/raw/images/lfw_03484.jpg,FACE_TOO_ANGLED_OR_SMALL,"Pose out of frontal band (|yaw|<=15.0, |pitch|<=15.0): yaw=24.4, pitch=-5.8"
lfw_03485,data/raw/images/lfw_03485.jpg,FACE_TOO_ANGLED_OR_SMALL,"Pose out of frontal band (|yaw|<=15.0, |pitch|<=15.0): yaw=-9.3, pitch=-19.6"
lfw_03486,data/raw/images/lfw_03486.jpg,FACE_TOO_ANGLED_OR_SMALL,"Pose out of frontal band (|yaw|<=15.0, |pitch|<=15.0): yaw=14.2, pitch=-33.6"
lfw_03487,data/raw/images/lfw_03487.jpg,FACE_TOO_ANGLED_OR_SMALL,"Pose out of frontal band (|yaw|<=15.0, |pitch|<=15.0): yaw=-18.8, pitch=-37.0"
lfw_03488,data/raw/images/lfw_03488.jpg,FACE_TOO_ANGLED_OR_SMALL,"Pose out of frontal band (|yaw|<=15.0, |pitch|<=15.0): yaw=-9.5, pitch=-29.1"
lfw_03489,data/raw/images/lfw_03489.jpg,MULTIPLE_FACES_DETECTED,
lfw_03490,data/raw/images/lfw_03490.jpg,FACE_TOO_ANGLED_OR_SMALL,"Pose out of frontal band (|yaw|<=15.0, |pitch|<=15.0): yaw=27.2, pitch=-30.3"
lfw_03491,data/raw/images/lfw_03491.jpg,FACE_TOO_ANGLED_OR_SMALL,"Pose out of frontal band (|yaw|<=15.0, |pitch|<=15.0): yaw=11.0, pitch=-31.0"
lfw_03492,data/raw/images/lfw_03492.jpg,FACE_TOO_ANGLED_OR_SMALL,"Pose out of frontal band (|yaw|<=15.0, |pitch|<=15.0): yaw=-6.0, pitch=-25.6"
lfw_03493,data/raw/images/lfw_03493.jpg,FACE_TOO_ANGLED_OR_SMALL,"Pose out of frontal band (|yaw|<=15.0, |pitch|<=15.0): yaw=-17.7, pitch=-21.0"
lfw_03494,data/raw/images/lfw_03494.jpg,FACE_TOO_ANGLED_OR_SMALL,"Pose out of frontal band (|yaw|<=15.0, |pitch|<=15.0): yaw=-26.8, pitch=-13.5"
lfw_03495,data/raw/images/lfw_03495.jpg,FACE_TOO_ANGLED_OR_SMALL,"Pose out of frontal band (|yaw|<=15.0, |pitch|<=15.0): yaw=44.2, pitch=-25.5"
lfw_03496,data/raw/images/lfw_03496.jpg,FACE_TOO_ANGLED_OR_SMALL,"Pose out of frontal band (|yaw|<=15.0, |pitch|<=15.0): yaw=-38.7, pitch=-26.3"
lfw_03497,data/raw/images/lfw_03497.jpg,FACE_TOO_ANGLED_OR_SMALL,"Pose out of frontal band (|yaw|<=15.0, |pitch|<=15.0): yaw=-19.8, pitch=-17.7"
lfw_03498,data/raw/images/lfw_03498.jpg,FACE_TOO_ANGLED_OR_SMALL,"Pose out of frontal band (|yaw|<=15.0, |pitch|<=15.0): yaw=-15.7, pitch=-21.6"
lfw_03499,data/raw/images/lfw_03499.jpg,FACE_TOO_ANGLED_OR_SMALL,"Pose out of frontal band (|yaw|<=15.0, |pitch|<=15.0): yaw=45.2, pitch=-12.0"
lfw_03500,data/raw/images/lfw_03500.jpg,FACE_TOO_ANGLED_OR_SMALL,"Pose out of frontal band (|yaw|<=15.0, |pitch|<=15.0): yaw=-30.1, pitch=-30.7"
lfw_03502,data/raw/images/lfw_03502.jpg,MULTIPLE_FACES_DETECTED,
lfw_03503,data/raw/images/lfw_03503.jpg,FACE_TOO_ANGLED_OR_SMALL,"Pose out of frontal band (|yaw|<=15.0, |pitch|<=15.0): yaw=-2.3, pitch=-53.6"
lfw_03505,data/raw/images/lfw_03505.jpg,FACE_TOO_ANGLED_OR_SMALL,"Pose out of frontal band (|yaw|<=15.0, |pitch|<=15.0): yaw=9.2, pitch=-17.9"
lfw_03506,data/raw/images/lfw_03506.jpg,FACE_TOO_ANGLED_OR_SMALL,"Pose out of frontal band (|yaw|<=15.0, |pitch|<=15.0): yaw=-6.8, pitch=-21.6"
lfw_03507,data/raw/images/lfw_03507.jpg,FACE_TOO_ANGLED_OR_SMALL,"Pose out of frontal band (|yaw|<=15.0, |pitch|<=15.0): yaw=52.0, pitch=-19.5"
lfw_03508,data/raw/images/lfw_03508.jpg,FACE_TOO_ANGLED_OR_SMALL,"Pose out of frontal band (|yaw|<=15.0, |pitch|<=15.0): yaw=35.5, pitch=-21.6"
lfw_03509,data/raw/images/lfw_03509.jpg,FACE_TOO_ANGLED_OR_SMALL,"Pose out of frontal band (|yaw|<=15.0, |pitch|<=15.0): yaw=-21.6, pitch=-43.5"
lfw_03510,data/raw/images/lfw_03510.jpg,MULTIPLE_FACES_DETECTED,
lfw_03511,data/raw/images/lfw_03511.jpg,FACE_TOO_ANGLED_OR_SMALL,"Pose out of frontal band (|yaw|<=15.0, |pitch|<=15.0): yaw=-15.8, pitch=-24.1"
lfw_03512,data/raw/images/lfw_03512.jpg,FACE_TOO_ANGLED_OR_SMALL,"Pose out of frontal band (|yaw|<=15.0, |pitch|<=15.0): yaw=17.2, pitch=-15.2"
lfw_03513,data/raw/images/lfw_03513.jpg,FACE_TOO_ANGLED_OR_SMALL,"Pose out of frontal band (|yaw|<=15.0, |pitch|<=15.0): yaw=12.5, pitch=-30.6"
lfw_03514,data/raw/images/lfw_03514.jpg,FACE_TOO_ANGLED_OR_SMALL,"Pose out of frontal band (|yaw|<=15.0, |pitch|<=15.0): yaw=-9.6, pitch=-77.4"
lfw_03515,data/raw/images/lfw_03515.jpg,FACE_TOO_ANGLED_OR_SMALL,"Pose out of frontal band (|yaw|<=15.0, |pitch|<=15.0): yaw=-7.5, pitch=-24.2"
lfw_03516,data/raw/images/lfw_03516.jpg,FACE_TOO_ANGLED_OR_SMALL,"Pose out of frontal band (|yaw|<=15.0, |pitch|<=15.0): yaw=-16.2, pitch=-14.6"
lfw_03517,data/raw/images/lfw_03517.jpg,MULTIPLE_FACES_DETECTED,
lfw_03518,data/raw/images/lfw_03518.jpg,FACE_TOO_ANGLED_OR_SMALL,"Pose out of frontal band (|yaw|<=15.0, |pitch|<=15.0): yaw=14.7, pitch=-21.4"
lfw_03519,data/raw/images/lfw_03519.jpg,MULTIPLE_FACES_DETECTED,
lfw_03521,data/raw/images/lfw_03521.jpg,FACE_TOO_ANGLED_OR_SMALL,"Pose out of frontal band (|yaw|<=15.0, |pitch|<=15.0): yaw=-36.2, pitch=-34.9"
lfw_03522,data/raw/images/lfw_03522.jpg,FACE_TOO_ANGLED_OR_SMALL,"Pose out of frontal band (|yaw|<=15.0, |pitch|<=15.0): yaw=15.6, pitch=-9.1"
lfw_03523,data/raw/images/lfw_03523.jpg,MULTIPLE_FACES_DETECTED,
lfw_03524,data/raw/images/lfw_03524.jpg,FACE_TOO_ANGLED_OR_SMALL,"Pose out of frontal band (|yaw|<=15.0, |pitch|<=15.0): yaw=-31.8, pitch=-16.7"
lfw_03525,data/raw/images/lfw_03525.jpg,FACE_TOO_ANGLED_OR_SMALL,"Pose out of frontal band (|yaw|<=15.0, |pitch|<=15.0): yaw=-40.4, pitch=-24.3"
lfw_03526,data/raw/images/lfw_03526.jpg,MULTIPLE_FACES_DETECTED,
lfw_03527,data/raw/images/lfw_03527.jpg,MULTIPLE_FACES_DETECTED,
lfw_03528,data/raw/images/lfw_03528.jpg,FACE_TOO_ANGLED_OR_SMALL,"Pose out of frontal band (|yaw|<=15.0, |pitch|<=15.0): yaw=-8.8, pitch=-28.8"
lfw_03529,data/raw/images/lfw_03529.jpg,FACE_TOO_ANGLED_OR_SMALL,"Pose out of frontal band (|yaw|<=15.0, |pitch|<=15.0): yaw=-41.8, pitch=-21.1"
lfw_03530,data/raw/images/lfw_03530.jpg,FACE_TOO_ANGLED_OR_SMALL,"Pose out of frontal band (|yaw|<=15.0, |pitch|<=15.0): yaw=-5.7, pitch=-21.4"
lfw_03531,data/raw/images/lfw_03531.jpg,FACE_TOO_ANGLED_OR_SMALL,"Pose out of frontal band (|yaw|<=15.0, |pitch|<=15.0): yaw=-6.5, pitch=-52.8"
lfw_03532,data/raw/images/lfw_03532.jpg,FACE_TOO_ANGLED_OR_SMALL,"Pose out of frontal band (|yaw|<=15.0, |pitch|<=15.0): yaw=5.4, pitch=-20.0"
lfw_03533,data/raw/images/lfw_03533.jpg,MULTIPLE_FACES_DETECTED,
lfw_03534,data/raw/images/lfw_03534.jpg,FACE_TOO_ANGLED_OR_SMALL,"Pose out of frontal band (|yaw|<=15.0, |pitch|<=15.0): yaw=-35.5, pitch=-36.5"
lfw_03535,data/raw/images/lfw_03535.jpg,FACE_TOO_ANGLED_OR_SMALL,"Pose out of frontal band (|yaw|<=15.0, |pitch|<=15.0): yaw=40.4, pitch=-20.5"
lfw_03537,data/raw/images/lfw_03537.jpg,FACE_TOO_ANGLED_OR_SMALL,"Pose out of frontal band (|yaw|<=15.0, |pitch|<=15.0): yaw=-43.1, pitch=-22.0"
lfw_03538,data/raw/images/lfw_03538.jpg,FACE_TOO_ANGLED_OR_SMALL,"Pose out of frontal band (|yaw|<=15.0, |pitch|<=15.0): yaw=12.3, pitch=-30.7"
lfw_03539,data/raw/images/lfw_03539.jpg,FACE_TOO_ANGLED_OR_SMALL,"Pose out of frontal band (|yaw|<=15.0, |pitch|<=15.0): yaw=34.6, pitch=-19.2"
lfw_03540,data/raw/images/lfw_03540.jpg,FACE_TOO_ANGLED_OR_SMALL,"Pose out of frontal band (|yaw|<=15.0, |pitch|<=15.0): yaw=-21.3, pitch=-35.6"
lfw_03541,data/raw/images/lfw_03541.jpg,FACE_TOO_ANGLED_OR_SMALL,"Pose out of frontal band (|yaw|<=15.0, |pitch|<=15.0): yaw=17.1, pitch=-31.6"
lfw_03542,data/raw/images/lfw_03542.jpg,FACE_TOO_ANGLED_OR_SMALL,"Pose out of frontal band (|yaw|<=15.0, |pitch|<=15.0): yaw=7.4, pitch=-16.0"
lfw_03543,data/raw/images/lfw_03543.jpg,FACE_TOO_ANGLED_OR_SMALL,"Pose out of frontal band (|yaw|<=15.0, |pitch|<=15.0): yaw=13.6, pitch=-20.9"
lfw_03544,data/raw/images/lfw_03544.jpg,FACE_TOO_ANGLED_OR_SMALL,"Pose out of frontal band (|yaw|<=15.0, |pitch|<=15.0): yaw=-32.2, pitch=-27.7"
lfw_03545,data/raw/images/lfw_03545.jpg,FACE_TOO_ANGLED_OR_SMALL,"Pose out of frontal band (|yaw|<=15.0, |pitch|<=15.0): yaw=-52.5, pitch=-35.2"
lfw_03546,data/raw/images/lfw_03546.jpg,FACE_TOO_ANGLED_OR_SMALL,"Pose out of frontal band (|yaw|<=15.0, |pitch|<=15.0): yaw=-20.9, pitch=-17.1"
lfw_03547,data/raw/images/lfw_03547.jpg,FACE_TOO_ANGLED_OR_SMALL,"Pose out of frontal band (|yaw|<=15.0, |pitch|<=15.0): yaw=-17.5, pitch=-33.9"
lfw_03548,data/raw/images/lfw_03548.jpg,FACE_TOO_ANGLED_OR_SMALL,"Pose out of frontal band (|yaw|<=15.0, |pitch|<=15.0): yaw=30.0, pitch=-12.6"
lfw_03550,data/raw/images/lfw_03550.jpg,FACE_TOO_ANGLED_OR_SMALL,"Pose out of frontal band (|yaw|<=15.0, |pitch|<=15.0): yaw=8.2, pitch=-15.4"
lfw_03551,data/raw/images/lfw_03551.jpg,FACE_TOO_ANGLED_OR_SMALL,"Pose out of frontal band (|yaw|<=15.0, |pitch|<=15.0): yaw=23.2, pitch=-20.7"
lfw_03552,data/raw/images/lfw_03552.jpg,FACE_TOO_ANGLED_OR_SMALL,"Pose out of frontal band (|yaw|<=15.0, |pitch|<=15.0): yaw=38.2, pitch=-22.4"
lfw_03553,data/raw/images/lfw_03553.jpg,FACE_TOO_ANGLED_OR_SMALL,"Pose out of frontal band (|yaw|<=15.0, |pitch|<=15.0): yaw=19.8, pitch=-11.5"
lfw_03554,data/raw/images/lfw_03554.jpg,FACE_TOO_ANGLED_OR_SMALL,"Pose out of frontal band (|yaw|<=15.0, |pitch|<=15.0): yaw=21.4, pitch=-23.0"
lfw_03556,data/raw/images/lfw_03556.jpg,FACE_TOO_ANGLED_OR_SMALL,"Pose out of frontal band (|yaw|<=15.0, |pitch|<=15.0): yaw=-28.4, pitch=-26.2"
lfw_03557,data/raw/images/lfw_03557.jpg,FACE_TOO_ANGLED_OR_SMALL,"Pose out of frontal band (|yaw|<=15.0, |pitch|<=15.0): yaw=21.4, pitch=-8.9"
lfw_03558,data/raw/images/lfw_03558.jpg,FACE_TOO_ANGLED_OR_SMALL,"Pose out of frontal band (|yaw|<=15.0, |pitch|<=15.0): yaw=11.0, pitch=-25.6"
lfw_03559,data/raw/images/lfw_03559.jpg,FACE_TOO_ANGLED_OR_SMALL,"Pose out of frontal band (|yaw|<=15.0, |pitch|<=15.0): yaw=-3.0, pitch=-34.9"
lfw_03560,data/raw/images/lfw_03560.jpg,FACE_TOO_ANGLED_OR_SMALL,"Pose out of frontal band (|yaw|<=15.0, |pitch|<=15.0): yaw=-5.1, pitch=-39.0"
lfw_03561,data/raw/images/lfw_03561.jpg,FACE_TOO_ANGLED_OR_SMALL,"Pose out of frontal band (|yaw|<=15.0, |pitch|<=15.0): yaw=35.8, pitch=-17.6"
lfw_03562,data/raw/images/lfw_03562.jpg,FACE_TOO_ANGLED_OR_SMALL,"Pose out of frontal band (|yaw|<=15.0, |pitch|<=15.0): yaw=9.0, pitch=-27.3"
lfw_03564,data/raw/images/lfw_03564.jpg,MULTIPLE_FACES_DETECTED,
lfw_03566,data/raw/images/lfw_03566.jpg,FACE_TOO_ANGLED_OR_SMALL,"Pose out of frontal band (|yaw|<=15.0, |pitch|<=15.0): yaw=-48.7, pitch=-26.2"
lfw_03567,data/raw/images/lfw_03567.jpg,FACE_TOO_ANGLED_OR_SMALL,"Pose out of frontal band (|yaw|<=15.0, |pitch|<=15.0): yaw=55.3, pitch=-35.1"
lfw_03568,data/raw/images/lfw_03568.jpg,FACE_TOO_ANGLED_OR_SMALL,"Pose out of frontal band (|yaw|<=15.0, |pitch|<=15.0): yaw=-45.1, pitch=-29.5"
lfw_03569,data/raw/images/lfw_03569.jpg,FACE_TOO_ANGLED_OR_SMALL,"Pose out of frontal band (|yaw|<=15.0, |pitch|<=15.0): yaw=66.2, pitch=-16.5"
lfw_03570,data/raw/images/lfw_03570.jpg,FACE_TOO_ANGLED_OR_SMALL,"Pose out of frontal band (|yaw|<=15.0, |pitch|<=15.0): yaw=26.9, pitch=-30.8"
lfw_03571,data/raw/images/lfw_03571.jpg,FACE_TOO_ANGLED_OR_SMALL,"Pose out of frontal band (|yaw|<=15.0, |pitch|<=15.0): yaw=6.4, pitch=-22.4"
lfw_03572,data/raw/images/lfw_03572.jpg,FACE_TOO_ANGLED_OR_SMALL,"Pose out of frontal band (|yaw|<=15.0, |pitch|<=15.0): yaw=18.8, pitch=-22.4"
lfw_03573,data/raw/images/lfw_03573.jpg,FACE_TOO_ANGLED_OR_SMALL,"Pose out of frontal band (|yaw|<=15.0, |pitch|<=15.0): yaw=3.7, pitch=-30.7"
lfw_03574,data/raw/images/lfw_03574.jpg,FACE_TOO_ANGLED_OR_SMALL,"Pose out of frontal band (|yaw|<=15.0, |pitch|<=15.0): yaw=-32.5, pitch=-28.6"
lfw_03576,data/raw/images/lfw_03576.jpg,FACE_TOO_ANGLED_OR_SMALL,"Pose out of frontal band (|yaw|<=15.0, |pitch|<=15.0): yaw=-1.9, pitch=-25.5"
lfw_03577,data/raw/images/lfw_03577.jpg,FACE_TOO_ANGLED_OR_SMALL,"Pose out of frontal band (|yaw|<=15.0, |pitch|<=15.0): yaw=-7.7, pitch=-28.8"
lfw_03578,data/raw/images/lfw_03578.jpg,MULTIPLE_FACES_DETECTED,
lfw_03579,data/raw/images/lfw_03579.jpg,FACE_TOO_ANGLED_OR_SMALL,"Pose out of frontal band (|yaw|<=15.0, |pitch|<=15.0): yaw=2.3, pitch=-40.6"
lfw_03580,data/raw/images/lfw_03580.jpg,FACE_TOO_ANGLED_OR_SMALL,"Pose out of frontal band (|yaw|<=15.0, |pitch|<=15.0): yaw=8.6, pitch=-17.4"
lfw_03581,data/raw/images/lfw_03581.jpg,FACE_TOO_ANGLED_OR_SMALL,"Pose out of frontal band (|yaw|<=15.0, |pitch|<=15.0): yaw=32.0, pitch=-25.2"
lfw_03583,data/raw/images/lfw_03583.jpg,FACE_TOO_ANGLED_OR_SMALL,"Pose out of frontal band (|yaw|<=15.0, |pitch|<=15.0): yaw=-67.9, pitch=-17.4"
lfw_03584,data/raw/images/lfw_03584.jpg,FACE_TOO_ANGLED_OR_SMALL,"Pose out of frontal band (|yaw|<=15.0, |pitch|<=15.0): yaw=51.4, pitch=-28.5"
lfw_03585,data/raw/images/lfw_03585.jpg,FACE_TOO_ANGLED_OR_SMALL,"Pose out of frontal band (|yaw|<=15.0, |pitch|<=15.0): yaw=-5.8, pitch=-26.7"
lfw_03586,data/raw/images/lfw_03586.jpg,FACE_TOO_ANGLED_OR_SMALL,"Pose out of frontal band (|yaw|<=15.0, |pitch|<=15.0): yaw=-17.7, pitch=-18.2"
lfw_03587,data/raw/images/lfw_03587.jpg,FACE_TOO_ANGLED_OR_SMALL,"Pose out of frontal band (|yaw|<=15.0, |pitch|<=15.0): yaw=-19.3, pitch=-37.8"
lfw_03588,data/raw/images/lfw_03588.jpg,FACE_TOO_ANGLED_OR_SMALL,"Pose out of frontal band (|yaw|<=15.0, |pitch|<=15.0): yaw=0.6, pitch=-20.3"
lfw_03589,data/raw/images/lfw_03589.jpg,FACE_TOO_ANGLED_OR_SMALL,"Pose out of frontal band (|yaw|<=15.0, |pitch|<=15.0): yaw=22.9, pitch=-15.2"
lfw_03590,data/raw/images/lfw_03590.jpg,FACE_TOO_ANGLED_OR_SMALL,"Pose out of frontal band (|yaw|<=15.0, |pitch|<=15.0): yaw=-13.6, pitch=-41.5"
lfw_03591,data/raw/images/lfw_03591.jpg,FACE_TOO_ANGLED_OR_SMALL,"Pose out of frontal band (|yaw|<=15.0, |pitch|<=15.0): yaw=-26.5, pitch=-45.3"
lfw_03592,data/raw/images/lfw_03592.jpg,MULTIPLE_FACES_DETECTED,
lfw_03593,data/raw/images/lfw_03593.jpg,FACE_TOO_ANGLED_OR_SMALL,"Pose out of frontal band (|yaw|<=15.0, |pitch|<=15.0): yaw=-9.0, pitch=-36.9"
lfw_03594,data/raw/images/lfw_03594.jpg,FACE_TOO_ANGLED_OR_SMALL,"Pose out of frontal band (|yaw|<=15.0, |pitch|<=15.0): yaw=0.5, pitch=-20.6"
lfw_03595,data/raw/images/lfw_03595.jpg,FACE_TOO_ANGLED_OR_SMALL,"Pose out of frontal band (|yaw|<=15.0, |pitch|<=15.0): yaw=69.8, pitch=-34.1"
lfw_03597,data/raw/images/lfw_03597.jpg,FACE_TOO_ANGLED_OR_SMALL,"Pose out of frontal band (|yaw|<=15.0, |pitch|<=15.0): yaw=35.0, pitch=-35.2"
lfw_03598,data/raw/images/lfw_03598.jpg,FACE_TOO_ANGLED_OR_SMALL,"Pose out of frontal band (|yaw|<=15.0, |pitch|<=15.0): yaw=28.3, pitch=-38.8"
lfw_03599,data/raw/images/lfw_03599.jpg,FACE_TOO_ANGLED_OR_SMALL,"Pose out of frontal band (|yaw|<=15.0, |pitch|<=15.0): yaw=8.9, pitch=-40.7"
lfw_03601,data/raw/images/lfw_03601.jpg,FACE_TOO_ANGLED_OR_SMALL,"Pose out of frontal band (|yaw|<=15.0, |pitch|<=15.0): yaw=-28.3, pitch=-29.8"
lfw_03602,data/raw/images/lfw_03602.jpg,FACE_TOO_ANGLED_OR_SMALL,"Pose out of frontal band (|yaw|<=15.0, |pitch|<=15.0): yaw=-1.6, pitch=-21.2"
lfw_03603,data/raw/images/lfw_03603.jpg,FACE_TOO_ANGLED_OR_SMALL,"Pose out of frontal band (|yaw|<=15.0, |pitch|<=15.0): yaw=23.6, pitch=-28.1"
lfw_03604,data/raw/images/lfw_03604.jpg,FACE_TOO_ANGLED_OR_SMALL,"Pose out of frontal band (|yaw|<=15.0, |pitch|<=15.0): yaw=20.3, pitch=-81.1"
lfw_03605,data/raw/images/lfw_03605.jpg,FACE_TOO_ANGLED_OR_SMALL,"Pose out of frontal band (|yaw|<=15.0, |pitch|<=15.0): yaw=-16.1, pitch=-40.6"
lfw_03606,data/raw/images/lfw_03606.jpg,FACE_TOO_ANGLED_OR_SMALL,"Pose out of frontal band (|yaw|<=15.0, |pitch|<=15.0): yaw=10.4, pitch=-37.5"
lfw_03607,data/raw/images/lfw_03607.jpg,FACE_TOO_ANGLED_OR_SMALL,"Pose out of frontal band (|yaw|<=15.0, |pitch|<=15.0): yaw=-7.4, pitch=-44.8"
lfw_03608,data/raw/images/lfw_03608.jpg,FACE_TOO_ANGLED_OR_SMALL,"Pose out of frontal band (|yaw|<=15.0, |pitch|<=15.0): yaw=-1.8, pitch=-23.7"
lfw_03609,data/raw/images/lfw_03609.jpg,FACE_TOO_ANGLED_OR_SMALL,"Pose out of frontal band (|yaw|<=15.0, |pitch|<=15.0): yaw=18.1, pitch=-20.1"
lfw_03610,data/raw/images/lfw_03610.jpg,FACE_TOO_ANGLED_OR_SMALL,"Pose out of frontal band (|yaw|<=15.0, |pitch|<=15.0): yaw=4.9, pitch=-33.2"
lfw_03612,data/raw/images/lfw_03612.jpg,MULTIPLE_FACES_DETECTED,
lfw_03613,data/raw/images/lfw_03613.jpg,FACE_TOO_ANGLED_OR_SMALL,"Pose out of frontal band (|yaw|<=15.0, |pitch|<=15.0): yaw=-16.5, pitch=-25.2"
lfw_03614,data/raw/images/lfw_03614.jpg,FACE_TOO_ANGLED_OR_SMALL,"Pose out of frontal band (|yaw|<=15.0, |pitch|<=15.0): yaw=-4.1, pitch=-16.1"
lfw_03615,data/raw/images/lfw_03615.jpg,FACE_TOO_ANGLED_OR_SMALL,"Pose out of frontal band (|yaw|<=15.0, |pitch|<=15.0): yaw=-53.0, pitch=-20.2"
lfw_03616,data/raw/images/lfw_03616.jpg,FACE_TOO_ANGLED_OR_SMALL,"Pose out of frontal band (|yaw|<=15.0, |pitch|<=15.0): yaw=32.7, pitch=-16.0"
lfw_03617,data/raw/images/lfw_03617.jpg,FACE_TOO_ANGLED_OR_SMALL,"Pose out of frontal band (|yaw|<=15.0, |pitch|<=15.0): yaw=6.9, pitch=-18.9"
lfw_03618,data/raw/images/lfw_03618.jpg,FACE_TOO_ANGLED_OR_SMALL,"Pose out of frontal band (|yaw|<=15.0, |pitch|<=15.0): yaw=3.6, pitch=-19.6"
lfw_03619,data/raw/images/lfw_03619.jpg,FACE_TOO_ANGLED_OR_SMALL,"Pose out of frontal band (|yaw|<=15.0, |pitch|<=15.0): yaw=0.6, pitch=-39.0"
lfw_03620,data/raw/images/lfw_03620.jpg,FACE_TOO_ANGLED_OR_SMALL,"Pose out of frontal band (|yaw|<=15.0, |pitch|<=15.0): yaw=-25.2, pitch=-16.4"
lfw_03621,data/raw/images/lfw_03621.jpg,FACE_TOO_ANGLED_OR_SMALL,"Pose out of frontal band (|yaw|<=15.0, |pitch|<=15.0): yaw=-38.9, pitch=-11.6"
lfw_03622,data/raw/images/lfw_03622.jpg,FACE_TOO_ANGLED_OR_SMALL,"Pose out of frontal band (|yaw|<=15.0, |pitch|<=15.0): yaw=-18.7, pitch=-16.2"
lfw_03623,data/raw/images/lfw_03623.jpg,FACE_TOO_ANGLED_OR_SMALL,"Pose out of frontal band (|yaw|<=15.0, |pitch|<=15.0): yaw=2.4, pitch=-23.5"
lfw_03624,data/raw/images/lfw_03624.jpg,FACE_TOO_ANGLED_OR_SMALL,"Pose out of frontal band (|yaw|<=15.0, |pitch|<=15.0): yaw=13.2, pitch=-22.7"
lfw_03625,data/raw/images/lfw_03625.jpg,FACE_TOO_ANGLED_OR_SMALL,"Pose out of frontal band (|yaw|<=15.0, |pitch|<=15.0): yaw=-16.0, pitch=-43.7"
lfw_03626,data/raw/images/lfw_03626.jpg,FACE_TOO_ANGLED_OR_SMALL,"Pose out of frontal band (|yaw|<=15.0, |pitch|<=15.0): yaw=3.2, pitch=-18.4"
lfw_03627,data/raw/images/lfw_03627.jpg,FACE_TOO_ANGLED_OR_SMALL,"Pose out of frontal band (|yaw|<=15.0, |pitch|<=15.0): yaw=-38.6, pitch=-17.9"
lfw_03628,data/raw/images/lfw_03628.jpg,FACE_TOO_ANGLED_OR_SMALL,"Pose out of frontal band (|yaw|<=15.0, |pitch|<=15.0): yaw=-5.0, pitch=-28.9"
lfw_03629,data/raw/images/lfw_03629.jpg,FACE_TOO_ANGLED_OR_SMALL,"Pose out of frontal band (|yaw|<=15.0, |pitch|<=15.0): yaw=24.7, pitch=-28.9"
lfw_03630,data/raw/images/lfw_03630.jpg,FACE_TOO_ANGLED_OR_SMALL,"Pose out of frontal band (|yaw|<=15.0, |pitch|<=15.0): yaw=-35.3, pitch=-24.9"
lfw_03632,data/raw/images/lfw_03632.jpg,FACE_TOO_ANGLED_OR_SMALL,"Pose out of frontal band (|yaw|<=15.0, |pitch|<=15.0): yaw=23.5, pitch=-6.5"
lfw_03633,data/raw/images/lfw_03633.jpg,MULTIPLE_FACES_DETECTED,
lfw_03634,data/raw/images/lfw_03634.jpg,FACE_TOO_ANGLED_OR_SMALL,"Pose out of frontal band (|yaw|<=15.0, |pitch|<=15.0): yaw=47.9, pitch=-21.5"
lfw_03635,data/raw/images/lfw_03635.jpg,FACE_TOO_ANGLED_OR_SMALL,"Pose out of frontal band (|yaw|<=15.0, |pitch|<=15.0): yaw=18.9, pitch=-23.4"
lfw_03636,data/raw/images/lfw_03636.jpg,FACE_TOO_ANGLED_OR_SMALL,"Pose out of frontal band (|yaw|<=15.0, |pitch|<=15.0): yaw=-28.4, pitch=-15.4"
lfw_03638,data/raw/images/lfw_03638.jpg,FACE_TOO_ANGLED_OR_SMALL,"Pose out of frontal band (|yaw|<=15.0, |pitch|<=15.0): yaw=-49.1, pitch=-21.6"
lfw_03639,data/raw/images/lfw_03639.jpg,FACE_TOO_ANGLED_OR_SMALL,"Pose out of frontal band (|yaw|<=15.0, |pitch|<=15.0): yaw=20.4, pitch=-9.4"
lfw_03640,data/raw/images/lfw_03640.jpg,FACE_TOO_ANGLED_OR_SMALL,"Pose out of frontal band (|yaw|<=15.0, |pitch|<=15.0): yaw=-8.7, pitch=-37.5"
lfw_03641,data/raw/images/lfw_03641.jpg,FACE_TOO_ANGLED_OR_SMALL,"Pose out of frontal band (|yaw|<=15.0, |pitch|<=15.0): yaw=-26.2, pitch=-12.6"
lfw_03642,data/raw/images/lfw_03642.jpg,FACE_TOO_ANGLED_OR_SMALL,"Pose out of frontal band (|yaw|<=15.0, |pitch|<=15.0): yaw=-2.0, pitch=-28.8"
lfw_03643,data/raw/images/lfw_03643.jpg,FACE_TOO_ANGLED_OR_SMALL,"Pose out of frontal band (|yaw|<=15.0, |pitch|<=15.0): yaw=-4.8, pitch=-43.2"
lfw_03644,data/raw/images/lfw_03644.jpg,FACE_TOO_ANGLED_OR_SMALL,"Pose out of frontal band (|yaw|<=15.0, |pitch|<=15.0): yaw=47.7, pitch=-13.2"
lfw_03645,data/raw/images/lfw_03645.jpg,FACE_TOO_ANGLED_OR_SMALL,"Pose out of frontal band (|yaw|<=15.0, |pitch|<=15.0): yaw=17.5, pitch=-15.2"
lfw_03646,data/raw/images/lfw_03646.jpg,FACE_TOO_ANGLED_OR_SMALL,"Pose out of frontal band (|yaw|<=15.0, |pitch|<=15.0): yaw=5.7, pitch=-20.4"
lfw_03647,data/raw/images/lfw_03647.jpg,MULTIPLE_FACES_DETECTED,
lfw_03648,data/raw/images/lfw_03648.jpg,FACE_TOO_ANGLED_OR_SMALL,"Pose out of frontal band (|yaw|<=15.0, |pitch|<=15.0): yaw=33.7, pitch=-9.7"
lfw_03649,data/raw/images/lfw_03649.jpg,FACE_TOO_ANGLED_OR_SMALL,"Pose out of frontal band (|yaw|<=15.0, |pitch|<=15.0): yaw=9.3, pitch=-43.9"
lfw_03650,data/raw/images/lfw_03650.jpg,FACE_TOO_ANGLED_OR_SMALL,"Pose out of frontal band (|yaw|<=15.0, |pitch|<=15.0): yaw=-15.8, pitch=-39.5"
lfw_03651,data/raw/images/lfw_03651.jpg,FACE_TOO_ANGLED_OR_SMALL,"Pose out of frontal band (|yaw|<=15.0, |pitch|<=15.0): yaw=-55.5, pitch=-22.5"
lfw_03652,data/raw/images/lfw_03652.jpg,FACE_TOO_ANGLED_OR_SMALL,"Pose out of frontal band (|yaw|<=15.0, |pitch|<=15.0): yaw=-0.4, pitch=-16.8"
lfw_03653,data/raw/images/lfw_03653.jpg,FACE_TOO_ANGLED_OR_SMALL,"Pose out of frontal band (|yaw|<=15.0, |pitch|<=15.0): yaw=22.4, pitch=-17.7"
lfw_03654,data/raw/images/lfw_03654.jpg,FACE_TOO_ANGLED_OR_SMALL,"Pose out of frontal band (|yaw|<=15.0, |pitch|<=15.0): yaw=-9.1, pitch=-19.7"
lfw_03655,data/raw/images/lfw_03655.jpg,FACE_TOO_ANGLED_OR_SMALL,"Pose out of frontal band (|yaw|<=15.0, |pitch|<=15.0): yaw=-22.5, pitch=-24.2"
lfw_03656,data/raw/images/lfw_03656.jpg,FACE_TOO_ANGLED_OR_SMALL,"Pose out of frontal band (|yaw|<=15.0, |pitch|<=15.0): yaw=-4.8, pitch=-22.7"
lfw_03657,data/raw/images/lfw_03657.jpg,FACE_TOO_ANGLED_OR_SMALL,"Pose out of frontal band (|yaw|<=15.0, |pitch|<=15.0): yaw=-25.3, pitch=-18.0"
lfw_03658,data/raw/images/lfw_03658.jpg,FACE_TOO_ANGLED_OR_SMALL,"Pose out of frontal band (|yaw|<=15.0, |pitch|<=15.0): yaw=23.6, pitch=-31.2"
lfw_03659,data/raw/images/lfw_03659.jpg,FACE_TOO_ANGLED_OR_SMALL,"Pose out of frontal band (|yaw|<=15.0, |pitch|<=15.0): yaw=5.3, pitch=-15.7"
lfw_03660,data/raw/images/lfw_03660.jpg,FACE_TOO_ANGLED_OR_SMALL,"Pose out of frontal band (|yaw|<=15.0, |pitch|<=15.0): yaw=36.9, pitch=-8.5"
lfw_03661,data/raw/images/lfw_03661.jpg,FACE_TOO_ANGLED_OR_SMALL,"Pose out of frontal band (|yaw|<=15.0, |pitch|<=15.0): yaw=18.8, pitch=-21.2"
lfw_03662,data/raw/images/lfw_03662.jpg,FACE_TOO_ANGLED_OR_SMALL,"Pose out of frontal band (|yaw|<=15.0, |pitch|<=15.0): yaw=38.2, pitch=-39.5"
lfw_03663,data/raw/images/lfw_03663.jpg,FACE_TOO_ANGLED_OR_SMALL,"Pose out of frontal band (|yaw|<=15.0, |pitch|<=15.0): yaw=-38.1, pitch=-18.0"
lfw_03664,data/raw/images/lfw_03664.jpg,FACE_TOO_ANGLED_OR_SMALL,"Pose out of frontal band (|yaw|<=15.0, |pitch|<=15.0): yaw=-40.3, pitch=-28.1"
lfw_03665,data/raw/images/lfw_03665.jpg,FACE_TOO_ANGLED_OR_SMALL,"Pose out of frontal band (|yaw|<=15.0, |pitch|<=15.0): yaw=11.4, pitch=-39.2"
lfw_03666,data/raw/images/lfw_03666.jpg,FACE_TOO_ANGLED_OR_SMALL,"Pose out of frontal band (|yaw|<=15.0, |pitch|<=15.0): yaw=-12.7, pitch=-40.8"
lfw_03667,data/raw/images/lfw_03667.jpg,FACE_TOO_ANGLED_OR_SMALL,"Pose out of frontal band (|yaw|<=15.0, |pitch|<=15.0): yaw=13.6, pitch=-29.1"
lfw_03668,data/raw/images/lfw_03668.jpg,FACE_TOO_ANGLED_OR_SMALL,"Pose out of frontal band (|yaw|<=15.0, |pitch|<=15.0): yaw=4.4, pitch=-20.2"
lfw_03669,data/raw/images/lfw_03669.jpg,FACE_TOO_ANGLED_OR_SMALL,"Pose out of frontal band (|yaw|<=15.0, |pitch|<=15.0): yaw=26.0, pitch=-18.5"
lfw_03670,data/raw/images/lfw_03670.jpg,FACE_TOO_ANGLED_OR_SMALL,"Pose out of frontal band (|yaw|<=15.0, |pitch|<=15.0): yaw=18.2, pitch=8.0"
lfw_03671,data/raw/images/lfw_03671.jpg,FACE_TOO_ANGLED_OR_SMALL,"Pose out of frontal band (|yaw|<=15.0, |pitch|<=15.0): yaw=13.3, pitch=-19.2"
lfw_03673,data/raw/images/lfw_03673.jpg,FACE_TOO_ANGLED_OR_SMALL,"Pose out of frontal band (|yaw|<=15.0, |pitch|<=15.0): yaw=5.8, pitch=-17.6"
lfw_03674,data/raw/images/lfw_03674.jpg,FACE_TOO_ANGLED_OR_SMALL,"Pose out of frontal band (|yaw|<=15.0, |pitch|<=15.0): yaw=19.1, pitch=-14.9"
lfw_03675,data/raw/images/lfw_03675.jpg,FACE_TOO_ANGLED_OR_SMALL,"Pose out of frontal band (|yaw|<=15.0, |pitch|<=15.0): yaw=-10.7, pitch=-19.9"
lfw_03677,data/raw/images/lfw_03677.jpg,FACE_TOO_ANGLED_OR_SMALL,"Pose out of frontal band (|yaw|<=15.0, |pitch|<=15.0): yaw=-37.0, pitch=-25.3"
lfw_03678,data/raw/images/lfw_03678.jpg,FACE_TOO_ANGLED_OR_SMALL,"Pose out of frontal band (|yaw|<=15.0, |pitch|<=15.0): yaw=-2.6, pitch=-36.1"
lfw_03679,data/raw/images/lfw_03679.jpg,FACE_TOO_ANGLED_OR_SMALL,"Pose out of frontal band (|yaw|<=15.0, |pitch|<=15.0): yaw=16.3, pitch=-43.4"
lfw_03680,data/raw/images/lfw_03680.jpg,FACE_TOO_ANGLED_OR_SMALL,"Pose out of frontal band (|yaw|<=15.0, |pitch|<=15.0): yaw=60.3, pitch=-29.0"
lfw_03681,data/raw/images/lfw_03681.jpg,FACE_TOO_ANGLED_OR_SMALL,"Pose out of frontal band (|yaw|<=15.0, |pitch|<=15.0): yaw=13.2, pitch=-17.7"
lfw_03682,data/raw/images/lfw_03682.jpg,FACE_TOO_ANGLED_OR_SMALL,"Pose out of frontal band (|yaw|<=15.0, |pitch|<=15.0): yaw=-60.5, pitch=-17.8"
lfw_03683,data/raw/images/lfw_03683.jpg,FACE_TOO_ANGLED_OR_SMALL,"Pose out of frontal band (|yaw|<=15.0, |pitch|<=15.0): yaw=-58.6, pitch=-32.3"
lfw_03684,data/raw/images/lfw_03684.jpg,FACE_TOO_ANGLED_OR_SMALL,"Pose out of frontal band (|yaw|<=15.0, |pitch|<=15.0): yaw=-12.0, pitch=-35.0"
lfw_03685,data/raw/images/lfw_03685.jpg,FACE_TOO_ANGLED_OR_SMALL,"Pose out of frontal band (|yaw|<=15.0, |pitch|<=15.0): yaw=5.6, pitch=-21.9"
lfw_03687,data/raw/images/lfw_03687.jpg,FACE_TOO_ANGLED_OR_SMALL,"Pose out of frontal band (|yaw|<=15.0, |pitch|<=15.0): yaw=-13.5, pitch=-40.4"
lfw_03688,data/raw/images/lfw_03688.jpg,FACE_TOO_ANGLED_OR_SMALL,"Pose out of frontal band (|yaw|<=15.0, |pitch|<=15.0): yaw=-70.0, pitch=-16.7"
lfw_03689,data/raw/images/lfw_03689.jpg,MULTIPLE_FACES_DETECTED,
lfw_03691,data/raw/images/lfw_03691.jpg,FACE_TOO_ANGLED_OR_SMALL,"Pose out of frontal band (|yaw|<=15.0, |pitch|<=15.0): yaw=-9.3, pitch=-27.8"
lfw_03693,data/raw/images/lfw_03693.jpg,FACE_TOO_ANGLED_OR_SMALL,"Pose out of frontal band (|yaw|<=15.0, |pitch|<=15.0): yaw=-2.1, pitch=-16.7"
lfw_03694,data/raw/images/lfw_03694.jpg,MULTIPLE_FACES_DETECTED,
lfw_03695,data/raw/images/lfw_03695.jpg,FACE_TOO_ANGLED_OR_SMALL,"Pose out of frontal band (|yaw|<=15.0, |pitch|<=15.0): yaw=-48.4, pitch=-11.9"
lfw_03696,data/raw/images/lfw_03696.jpg,FACE_TOO_ANGLED_OR_SMALL,"Pose out of frontal band (|yaw|<=15.0, |pitch|<=15.0): yaw=1.6, pitch=-21.7"
lfw_03697,data/raw/images/lfw_03697.jpg,FACE_TOO_ANGLED_OR_SMALL,"Pose out of frontal band (|yaw|<=15.0, |pitch|<=15.0): yaw=-52.7, pitch=-18.2"
lfw_03698,data/raw/images/lfw_03698.jpg,FACE_TOO_ANGLED_OR_SMALL,"Pose out of frontal band (|yaw|<=15.0, |pitch|<=15.0): yaw=3.1, pitch=-23.4"
lfw_03699,data/raw/images/lfw_03699.jpg,FACE_TOO_ANGLED_OR_SMALL,"Pose out of frontal band (|yaw|<=15.0, |pitch|<=15.0): yaw=12.2, pitch=-22.4"
lfw_03700,data/raw/images/lfw_03700.jpg,FACE_TOO_ANGLED_OR_SMALL,"Pose out of frontal band (|yaw|<=15.0, |pitch|<=15.0): yaw=-45.5, pitch=-14.5"
lfw_03701,data/raw/images/lfw_03701.jpg,MULTIPLE_FACES_DETECTED,
lfw_03702,data/raw/images/lfw_03702.jpg,FACE_TOO_ANGLED_OR_SMALL,"Pose out of frontal band (|yaw|<=15.0, |pitch|<=15.0): yaw=31.8, pitch=-25.4"
lfw_03703,data/raw/images/lfw_03703.jpg,FACE_TOO_ANGLED_OR_SMALL,"Pose out of frontal band (|yaw|<=15.0, |pitch|<=15.0): yaw=18.2, pitch=-42.6"
lfw_03704,data/raw/images/lfw_03704.jpg,FACE_TOO_ANGLED_OR_SMALL,"Pose out of frontal band (|yaw|<=15.0, |pitch|<=15.0): yaw=2.1, pitch=-21.4"
lfw_03705,data/raw/images/lfw_03705.jpg,FACE_TOO_ANGLED_OR_SMALL,"Pose out of frontal band (|yaw|<=15.0, |pitch|<=15.0): yaw=-30.0, pitch=-26.6"
lfw_03706,data/raw/images/lfw_03706.jpg,FACE_TOO_ANGLED_OR_SMALL,"Pose out of frontal band (|yaw|<=15.0, |pitch|<=15.0): yaw=1.4, pitch=-20.9"
lfw_03707,data/raw/images/lfw_03707.jpg,FACE_TOO_ANGLED_OR_SMALL,"Pose out of frontal band (|yaw|<=15.0, |pitch|<=15.0): yaw=43.4, pitch=-6.9"
lfw_03708,data/raw/images/lfw_03708.jpg,FACE_TOO_ANGLED_OR_SMALL,"Pose out of frontal band (|yaw|<=15.0, |pitch|<=15.0): yaw=-34.2, pitch=-31.4"
lfw_03709,data/raw/images/lfw_03709.jpg,FACE_TOO_ANGLED_OR_SMALL,"Pose out of frontal band (|yaw|<=15.0, |pitch|<=15.0): yaw=3.2, pitch=-25.5"
lfw_03710,data/raw/images/lfw_03710.jpg,FACE_TOO_ANGLED_OR_SMALL,"Pose out of frontal band (|yaw|<=15.0, |pitch|<=15.0): yaw=27.9, pitch=-41.0"
lfw_03711,data/raw/images/lfw_03711.jpg,FACE_TOO_ANGLED_OR_SMALL,"Pose out of frontal band (|yaw|<=15.0, |pitch|<=15.0): yaw=-2.8, pitch=-33.8"
lfw_03712,data/raw/images/lfw_03712.jpg,FACE_TOO_ANGLED_OR_SMALL,"Pose out of frontal band (|yaw|<=15.0, |pitch|<=15.0): yaw=-57.3, pitch=-22.1"
lfw_03713,data/raw/images/lfw_03713.jpg,FACE_TOO_ANGLED_OR_SMALL,"Pose out of frontal band (|yaw|<=15.0, |pitch|<=15.0): yaw=-20.6, pitch=-9.6"
lfw_03714,data/raw/images/lfw_03714.jpg,FACE_TOO_ANGLED_OR_SMALL,"Pose out of frontal band (|yaw|<=15.0, |pitch|<=15.0): yaw=-27.3, pitch=-17.3"
lfw_03715,data/raw/images/lfw_03715.jpg,FACE_TOO_ANGLED_OR_SMALL,"Pose out of frontal band (|yaw|<=15.0, |pitch|<=15.0): yaw=-50.7, pitch=-40.1"
lfw_03716,data/raw/images/lfw_03716.jpg,FACE_TOO_ANGLED_OR_SMALL,"Pose out of frontal band (|yaw|<=15.0, |pitch|<=15.0): yaw=-13.2, pitch=-29.5"
lfw_03717,data/raw/images/lfw_03717.jpg,FACE_TOO_ANGLED_OR_SMALL,"Pose out of frontal band (|yaw|<=15.0, |pitch|<=15.0): yaw=6.3, pitch=-18.1"
lfw_03718,data/raw/images/lfw_03718.jpg,FACE_TOO_ANGLED_OR_SMALL,"Pose out of frontal band (|yaw|<=15.0, |pitch|<=15.0): yaw=33.2, pitch=-13.0"
lfw_03719,data/raw/images/lfw_03719.jpg,FACE_TOO_ANGLED_OR_SMALL,"Pose out of frontal band (|yaw|<=15.0, |pitch|<=15.0): yaw=27.9, pitch=-11.2"
lfw_03720,data/raw/images/lfw_03720.jpg,FACE_TOO_ANGLED_OR_SMALL,"Pose out of frontal band (|yaw|<=15.0, |pitch|<=15.0): yaw=-31.2, pitch=-22.1"
lfw_03721,data/raw/images/lfw_03721.jpg,FACE_TOO_ANGLED_OR_SMALL,"Pose out of frontal band (|yaw|<=15.0, |pitch|<=15.0): yaw=-14.2, pitch=-37.0"
lfw_03722,data/raw/images/lfw_03722.jpg,FACE_TOO_ANGLED_OR_SMALL,"Pose out of frontal band (|yaw|<=15.0, |pitch|<=15.0): yaw=-6.6, pitch=-45.3"
lfw_03723,data/raw/images/lfw_03723.jpg,FACE_TOO_ANGLED_OR_SMALL,"Pose out of frontal band (|yaw|<=15.0, |pitch|<=15.0): yaw=6.8, pitch=-22.8"
lfw_03724,data/raw/images/lfw_03724.jpg,FACE_TOO_ANGLED_OR_SMALL,"Pose out of frontal band (|yaw|<=15.0, |pitch|<=15.0): yaw=50.0, pitch=-23.3"
lfw_03725,data/raw/images/lfw_03725.jpg,FACE_TOO_ANGLED_OR_SMALL,"Pose out of frontal band (|yaw|<=15.0, |pitch|<=15.0): yaw=-15.3, pitch=-25.8"
lfw_03726,data/raw/images/lfw_03726.jpg,FACE_TOO_ANGLED_OR_SMALL,"Pose out of frontal band (|yaw|<=15.0, |pitch|<=15.0): yaw=6.6, pitch=-38.5"
lfw_03727,data/raw/images/lfw_03727.jpg,FACE_TOO_ANGLED_OR_SMALL,"Pose out of frontal band (|yaw|<=15.0, |pitch|<=15.0): yaw=-3.9, pitch=-29.6"
lfw_03728,data/raw/images/lfw_03728.jpg,MULTIPLE_FACES_DETECTED,
lfw_03729,data/raw/images/lfw_03729.jpg,MULTIPLE_FACES_DETECTED,
lfw_03730,data/raw/images/lfw_03730.jpg,FACE_TOO_ANGLED_OR_SMALL,"Pose out of frontal band (|yaw|<=15.0, |pitch|<=15.0): yaw=-33.7, pitch=-19.4"
lfw_03731,data/raw/images/lfw_03731.jpg,FACE_TOO_ANGLED_OR_SMALL,"Pose out of frontal band (|yaw|<=15.0, |pitch|<=15.0): yaw=-1.5, pitch=-23.7"
lfw_03732,data/raw/images/lfw_03732.jpg,FACE_TOO_ANGLED_OR_SMALL,"Pose out of frontal band (|yaw|<=15.0, |pitch|<=15.0): yaw=-32.3, pitch=-8.2"
lfw_03733,data/raw/images/lfw_03733.jpg,FACE_TOO_ANGLED_OR_SMALL,"Pose out of frontal band (|yaw|<=15.0, |pitch|<=15.0): yaw=-57.8, pitch=-15.3"
lfw_03734,data/raw/images/lfw_03734.jpg,FACE_TOO_ANGLED_OR_SMALL,"Pose out of frontal band (|yaw|<=15.0, |pitch|<=15.0): yaw=0.8, pitch=-21.5"
lfw_03737,data/raw/images/lfw_03737.jpg,FACE_TOO_ANGLED_OR_SMALL,"Pose out of frontal band (|yaw|<=15.0, |pitch|<=15.0): yaw=-15.2, pitch=-16.5"
lfw_03738,data/raw/images/lfw_03738.jpg,FACE_TOO_ANGLED_OR_SMALL,"Pose out of frontal band (|yaw|<=15.0, |pitch|<=15.0): yaw=-54.3, pitch=-34.5"
lfw_03739,data/raw/images/lfw_03739.jpg,FACE_TOO_ANGLED_OR_SMALL,"Pose out of frontal band (|yaw|<=15.0, |pitch|<=15.0): yaw=-44.5, pitch=-21.5"
lfw_03740,data/raw/images/lfw_03740.jpg,FACE_TOO_ANGLED_OR_SMALL,"Pose out of frontal band (|yaw|<=15.0, |pitch|<=15.0): yaw=-69.6, pitch=-30.7"
lfw_03741,data/raw/images/lfw_03741.jpg,FACE_TOO_ANGLED_OR_SMALL,"Pose out of frontal band (|yaw|<=15.0, |pitch|<=15.0): yaw=32.4, pitch=-29.4"
lfw_03742,data/raw/images/lfw_03742.jpg,FACE_TOO_ANGLED_OR_SMALL,"Pose out of frontal band (|yaw|<=15.0, |pitch|<=15.0): yaw=14.2, pitch=-18.5"
lfw_03743,data/raw/images/lfw_03743.jpg,FACE_TOO_ANGLED_OR_SMALL,"Pose out of frontal band (|yaw|<=15.0, |pitch|<=15.0): yaw=-17.7, pitch=-38.8"
lfw_03744,data/raw/images/lfw_03744.jpg,FACE_TOO_ANGLED_OR_SMALL,"Pose out of frontal band (|yaw|<=15.0, |pitch|<=15.0): yaw=6.1, pitch=-26.7"
lfw_03745,data/raw/images/lfw_03745.jpg,FACE_TOO_ANGLED_OR_SMALL,"Pose out of frontal band (|yaw|<=15.0, |pitch|<=15.0): yaw=1.1, pitch=-33.1"
lfw_03746,data/raw/images/lfw_03746.jpg,FACE_TOO_ANGLED_OR_SMALL,"Pose out of frontal band (|yaw|<=15.0, |pitch|<=15.0): yaw=35.7, pitch=-27.1"
lfw_03747,data/raw/images/lfw_03747.jpg,FACE_TOO_ANGLED_OR_SMALL,"Pose out of frontal band (|yaw|<=15.0, |pitch|<=15.0): yaw=13.5, pitch=-39.5"
lfw_03748,data/raw/images/lfw_03748.jpg,FACE_TOO_ANGLED_OR_SMALL,"Pose out of frontal band (|yaw|<=15.0, |pitch|<=15.0): yaw=9.6, pitch=-30.8"
lfw_03749,data/raw/images/lfw_03749.jpg,FACE_TOO_ANGLED_OR_SMALL,"Pose out of frontal band (|yaw|<=15.0, |pitch|<=15.0): yaw=-3.6, pitch=-21.6"
lfw_03750,data/raw/images/lfw_03750.jpg,FACE_TOO_ANGLED_OR_SMALL,"Pose out of frontal band (|yaw|<=15.0, |pitch|<=15.0): yaw=-4.8, pitch=-24.6"
lfw_03754,data/raw/images/lfw_03754.jpg,FACE_TOO_ANGLED_OR_SMALL,"Pose out of frontal band (|yaw|<=15.0, |pitch|<=15.0): yaw=-2.1, pitch=-50.4"
lfw_03756,data/raw/images/lfw_03756.jpg,FACE_TOO_ANGLED_OR_SMALL,"Pose out of frontal band (|yaw|<=15.0, |pitch|<=15.0): yaw=44.1, pitch=-27.8"
lfw_03757,data/raw/images/lfw_03757.jpg,FACE_TOO_ANGLED_OR_SMALL,"Pose out of frontal band (|yaw|<=15.0, |pitch|<=15.0): yaw=4.1, pitch=-20.9"
lfw_03758,data/raw/images/lfw_03758.jpg,FACE_TOO_ANGLED_OR_SMALL,"Pose out of frontal band (|yaw|<=15.0, |pitch|<=15.0): yaw=-16.8, pitch=-17.4"
lfw_03759,data/raw/images/lfw_03759.jpg,FACE_TOO_ANGLED_OR_SMALL,"Pose out of frontal band (|yaw|<=15.0, |pitch|<=15.0): yaw=37.6, pitch=-27.1"
lfw_03760,data/raw/images/lfw_03760.jpg,FACE_TOO_ANGLED_OR_SMALL,"Pose out of frontal band (|yaw|<=15.0, |pitch|<=15.0): yaw=14.5, pitch=-38.5"
lfw_03761,data/raw/images/lfw_03761.jpg,FACE_TOO_ANGLED_OR_SMALL,"Pose out of frontal band (|yaw|<=15.0, |pitch|<=15.0): yaw=7.6, pitch=-30.5"
lfw_03762,data/raw/images/lfw_03762.jpg,MULTIPLE_FACES_DETECTED,
lfw_03763,data/raw/images/lfw_03763.jpg,FACE_TOO_ANGLED_OR_SMALL,"Pose out of frontal band (|yaw|<=15.0, |pitch|<=15.0): yaw=22.2, pitch=-35.6"
lfw_03764,data/raw/images/lfw_03764.jpg,FACE_TOO_ANGLED_OR_SMALL,"Pose out of frontal band (|yaw|<=15.0, |pitch|<=15.0): yaw=25.9, pitch=-25.6"
lfw_03765,data/raw/images/lfw_03765.jpg,FACE_TOO_ANGLED_OR_SMALL,"Pose out of frontal band (|yaw|<=15.0, |pitch|<=15.0): yaw=38.3, pitch=-28.5"
lfw_03766,data/raw/images/lfw_03766.jpg,FACE_TOO_ANGLED_OR_SMALL,"Pose out of frontal band (|yaw|<=15.0, |pitch|<=15.0): yaw=-17.4, pitch=-40.6"
lfw_03767,data/raw/images/lfw_03767.jpg,FACE_TOO_ANGLED_OR_SMALL,"Pose out of frontal band (|yaw|<=15.0, |pitch|<=15.0): yaw=36.1, pitch=-30.0"
lfw_03768,data/raw/images/lfw_03768.jpg,FACE_TOO_ANGLED_OR_SMALL,"Pose out of frontal band (|yaw|<=15.0, |pitch|<=15.0): yaw=-8.7, pitch=-52.4"
lfw_03769,data/raw/images/lfw_03769.jpg,FACE_TOO_ANGLED_OR_SMALL,"Pose out of frontal band (|yaw|<=15.0, |pitch|<=15.0): yaw=-25.5, pitch=-46.2"
lfw_03770,data/raw/images/lfw_03770.jpg,FACE_TOO_ANGLED_OR_SMALL,"Pose out of frontal band (|yaw|<=15.0, |pitch|<=15.0): yaw=22.2, pitch=-26.6"
lfw_03771,data/raw/images/lfw_03771.jpg,FACE_TOO_ANGLED_OR_SMALL,"Pose out of frontal band (|yaw|<=15.0, |pitch|<=15.0): yaw=34.3, pitch=-18.6"
lfw_03772,data/raw/images/lfw_03772.jpg,FACE_TOO_ANGLED_OR_SMALL,"Pose out of frontal band (|yaw|<=15.0, |pitch|<=15.0): yaw=35.3, pitch=-14.2"
lfw_03773,data/raw/images/lfw_03773.jpg,FACE_TOO_ANGLED_OR_SMALL,"Pose out of frontal band (|yaw|<=15.0, |pitch|<=15.0): yaw=39.3, pitch=-26.7"
lfw_03774,data/raw/images/lfw_03774.jpg,FACE_TOO_ANGLED_OR_SMALL,"Pose out of frontal band (|yaw|<=15.0, |pitch|<=15.0): yaw=30.5, pitch=-47.6"
lfw_03776,data/raw/images/lfw_03776.jpg,FACE_TOO_ANGLED_OR_SMALL,"Pose out of frontal band (|yaw|<=15.0, |pitch|<=15.0): yaw=-0.1, pitch=-15.7"
lfw_03777,data/raw/images/lfw_03777.jpg,FACE_TOO_ANGLED_OR_SMALL,"Pose out of frontal band (|yaw|<=15.0, |pitch|<=15.0): yaw=8.1, pitch=-23.8"
lfw_03778,data/raw/images/lfw_03778.jpg,FACE_TOO_ANGLED_OR_SMALL,"Pose out of frontal band (|yaw|<=15.0, |pitch|<=15.0): yaw=32.4, pitch=-23.2"
lfw_03779,data/raw/images/lfw_03779.jpg,FACE_TOO_ANGLED_OR_SMALL,"Pose out of frontal band (|yaw|<=15.0, |pitch|<=15.0): yaw=10.6, pitch=-20.9"
lfw_03780,data/raw/images/lfw_03780.jpg,FACE_TOO_ANGLED_OR_SMALL,"Pose out of frontal band (|yaw|<=15.0, |pitch|<=15.0): yaw=17.9, pitch=-3.1"
lfw_03781,data/raw/images/lfw_03781.jpg,FACE_TOO_ANGLED_OR_SMALL,"Pose out of frontal band (|yaw|<=15.0, |pitch|<=15.0): yaw=4.0, pitch=-24.6"
lfw_03782,data/raw/images/lfw_03782.jpg,FACE_TOO_ANGLED_OR_SMALL,"Pose out of frontal band (|yaw|<=15.0, |pitch|<=15.0): yaw=-27.1, pitch=-41.0"
lfw_03784,data/raw/images/lfw_03784.jpg,FACE_TOO_ANGLED_OR_SMALL,"Pose out of frontal band (|yaw|<=15.0, |pitch|<=15.0): yaw=1.1, pitch=-23.4"
lfw_03785,data/raw/images/lfw_03785.jpg,FACE_TOO_ANGLED_OR_SMALL,"Pose out of frontal band (|yaw|<=15.0, |pitch|<=15.0): yaw=27.8, pitch=-15.2"
lfw_03787,data/raw/images/lfw_03787.jpg,FACE_TOO_ANGLED_OR_SMALL,"Pose out of frontal band (|yaw|<=15.0, |pitch|<=15.0): yaw=-37.7, pitch=-20.0"
lfw_03788,data/raw/images/lfw_03788.jpg,FACE_TOO_ANGLED_OR_SMALL,"Pose out of frontal band (|yaw|<=15.0, |pitch|<=15.0): yaw=-1.6, pitch=-20.7"
lfw_03789,data/raw/images/lfw_03789.jpg,FACE_TOO_ANGLED_OR_SMALL,"Pose out of frontal band (|yaw|<=15.0, |pitch|<=15.0): yaw=-4.0, pitch=-22.2"
lfw_03790,data/raw/images/lfw_03790.jpg,FACE_TOO_ANGLED_OR_SMALL,"Pose out of frontal band (|yaw|<=15.0, |pitch|<=15.0): yaw=-23.7, pitch=-13.3"
lfw_03791,data/raw/images/lfw_03791.jpg,FACE_TOO_ANGLED_OR_SMALL,"Pose out of frontal band (|yaw|<=15.0, |pitch|<=15.0): yaw=-31.1, pitch=-21.0"
lfw_03792,data/raw/images/lfw_03792.jpg,FACE_TOO_ANGLED_OR_SMALL,"Pose out of frontal band (|yaw|<=15.0, |pitch|<=15.0): yaw=50.1, pitch=-32.4"
lfw_03793,data/raw/images/lfw_03793.jpg,MULTIPLE_FACES_DETECTED,
lfw_03794,data/raw/images/lfw_03794.jpg,FACE_TOO_ANGLED_OR_SMALL,"Pose out of frontal band (|yaw|<=15.0, |pitch|<=15.0): yaw=21.0, pitch=-8.3"
lfw_03796,data/raw/images/lfw_03796.jpg,FACE_TOO_ANGLED_OR_SMALL,"Pose out of frontal band (|yaw|<=15.0, |pitch|<=15.0): yaw=11.2, pitch=-34.4"
lfw_03797,data/raw/images/lfw_03797.jpg,FACE_TOO_ANGLED_OR_SMALL,"Pose out of frontal band (|yaw|<=15.0, |pitch|<=15.0): yaw=-2.1, pitch=-28.3"
lfw_03798,data/raw/images/lfw_03798.jpg,FACE_TOO_ANGLED_OR_SMALL,"Pose out of frontal band (|yaw|<=15.0, |pitch|<=15.0): yaw=56.1, pitch=-11.2"
lfw_03799,data/raw/images/lfw_03799.jpg,FACE_TOO_ANGLED_OR_SMALL,"Pose out of frontal band (|yaw|<=15.0, |pitch|<=15.0): yaw=-5.8, pitch=-26.4"
lfw_03800,data/raw/images/lfw_03800.jpg,FACE_TOO_ANGLED_OR_SMALL,"Pose out of frontal band (|yaw|<=15.0, |pitch|<=15.0): yaw=-28.9, pitch=-25.9"
lfw_03802,data/raw/images/lfw_03802.jpg,FACE_TOO_ANGLED_OR_SMALL,"Pose out of frontal band (|yaw|<=15.0, |pitch|<=15.0): yaw=-62.1, pitch=-33.6"
lfw_03803,data/raw/images/lfw_03803.jpg,FACE_TOO_ANGLED_OR_SMALL,"Pose out of frontal band (|yaw|<=15.0, |pitch|<=15.0): yaw=43.2, pitch=-17.4"
lfw_03804,data/raw/images/lfw_03804.jpg,FACE_TOO_ANGLED_OR_SMALL,"Pose out of frontal band (|yaw|<=15.0, |pitch|<=15.0): yaw=14.3, pitch=-25.3"
lfw_03805,data/raw/images/lfw_03805.jpg,FACE_TOO_ANGLED_OR_SMALL,"Pose out of frontal band (|yaw|<=15.0, |pitch|<=15.0): yaw=5.5, pitch=-48.1"
lfw_03806,data/raw/images/lfw_03806.jpg,FACE_TOO_ANGLED_OR_SMALL,"Pose out of frontal band (|yaw|<=15.0, |pitch|<=15.0): yaw=51.0, pitch=-27.8"
lfw_03807,data/raw/images/lfw_03807.jpg,FACE_TOO_ANGLED_OR_SMALL,"Pose out of frontal band (|yaw|<=15.0, |pitch|<=15.0): yaw=2.3, pitch=-50.9"
lfw_03808,data/raw/images/lfw_03808.jpg,FACE_TOO_ANGLED_OR_SMALL,"Pose out of frontal band (|yaw|<=15.0, |pitch|<=15.0): yaw=-43.5, pitch=-20.2"
lfw_03809,data/raw/images/lfw_03809.jpg,FACE_TOO_ANGLED_OR_SMALL,"Pose out of frontal band (|yaw|<=15.0, |pitch|<=15.0): yaw=-1.1, pitch=-23.2"
lfw_03810,data/raw/images/lfw_03810.jpg,FACE_TOO_ANGLED_OR_SMALL,"Pose out of frontal band (|yaw|<=15.0, |pitch|<=15.0): yaw=-42.2, pitch=-17.5"
lfw_03811,data/raw/images/lfw_03811.jpg,MULTIPLE_FACES_DETECTED,
lfw_03812,data/raw/images/lfw_03812.jpg,FACE_TOO_ANGLED_OR_SMALL,"Pose out of frontal band (|yaw|<=15.0, |pitch|<=15.0): yaw=5.4, pitch=-38.6"
lfw_03813,data/raw/images/lfw_03813.jpg,FACE_TOO_ANGLED_OR_SMALL,"Pose out of frontal band (|yaw|<=15.0, |pitch|<=15.0): yaw=0.0, pitch=-19.4"
lfw_03814,data/raw/images/lfw_03814.jpg,FACE_TOO_ANGLED_OR_SMALL,"Pose out of frontal band (|yaw|<=15.0, |pitch|<=15.0): yaw=-20.5, pitch=-10.7"
lfw_03815,data/raw/images/lfw_03815.jpg,FACE_TOO_ANGLED_OR_SMALL,"Pose out of frontal band (|yaw|<=15.0, |pitch|<=15.0): yaw=-43.0, pitch=-21.7"
lfw_03816,data/raw/images/lfw_03816.jpg,FACE_TOO_ANGLED_OR_SMALL,"Pose out of frontal band (|yaw|<=15.0, |pitch|<=15.0): yaw=-11.0, pitch=-15.8"
lfw_03817,data/raw/images/lfw_03817.jpg,FACE_TOO_ANGLED_OR_SMALL,"Pose out of frontal band (|yaw|<=15.0, |pitch|<=15.0): yaw=-0.5, pitch=-33.7"
lfw_03818,data/raw/images/lfw_03818.jpg,FACE_TOO_ANGLED_OR_SMALL,"Pose out of frontal band (|yaw|<=15.0, |pitch|<=15.0): yaw=-20.3, pitch=-45.7"
lfw_03819,data/raw/images/lfw_03819.jpg,FACE_TOO_ANGLED_OR_SMALL,"Pose out of frontal band (|yaw|<=15.0, |pitch|<=15.0): yaw=14.5, pitch=-26.0"
lfw_03820,data/raw/images/lfw_03820.jpg,FACE_TOO_ANGLED_OR_SMALL,"Pose out of frontal band (|yaw|<=15.0, |pitch|<=15.0): yaw=-0.6, pitch=-32.9"
lfw_03821,data/raw/images/lfw_03821.jpg,FACE_TOO_ANGLED_OR_SMALL,"Pose out of frontal band (|yaw|<=15.0, |pitch|<=15.0): yaw=14.5, pitch=-22.1"
lfw_03822,data/raw/images/lfw_03822.jpg,FACE_TOO_ANGLED_OR_SMALL,"Pose out of frontal band (|yaw|<=15.0, |pitch|<=15.0): yaw=3.7, pitch=-25.5"
lfw_03823,data/raw/images/lfw_03823.jpg,FACE_TOO_ANGLED_OR_SMALL,"Pose out of frontal band (|yaw|<=15.0, |pitch|<=15.0): yaw=15.2, pitch=-1.0"
lfw_03824,data/raw/images/lfw_03824.jpg,FACE_TOO_ANGLED_OR_SMALL,"Pose out of frontal band (|yaw|<=15.0, |pitch|<=15.0): yaw=-14.4, pitch=-34.0"
lfw_03825,data/raw/images/lfw_03825.jpg,FACE_TOO_ANGLED_OR_SMALL,"Pose out of frontal band (|yaw|<=15.0, |pitch|<=15.0): yaw=24.9, pitch=-33.7"
lfw_03826,data/raw/images/lfw_03826.jpg,FACE_TOO_ANGLED_OR_SMALL,"Pose out of frontal band (|yaw|<=15.0, |pitch|<=15.0): yaw=-21.6, pitch=-49.0"
lfw_03827,data/raw/images/lfw_03827.jpg,FACE_TOO_ANGLED_OR_SMALL,"Pose out of frontal band (|yaw|<=15.0, |pitch|<=15.0): yaw=10.3, pitch=-27.2"
lfw_03828,data/raw/images/lfw_03828.jpg,FACE_TOO_ANGLED_OR_SMALL,"Pose out of frontal band (|yaw|<=15.0, |pitch|<=15.0): yaw=8.3, pitch=-38.0"
lfw_03829,data/raw/images/lfw_03829.jpg,FACE_TOO_ANGLED_OR_SMALL,"Pose out of frontal band (|yaw|<=15.0, |pitch|<=15.0): yaw=-41.7, pitch=-33.6"
lfw_03830,data/raw/images/lfw_03830.jpg,FACE_TOO_ANGLED_OR_SMALL,"Pose out of frontal band (|yaw|<=15.0, |pitch|<=15.0): yaw=12.6, pitch=-32.3"
lfw_03832,data/raw/images/lfw_03832.jpg,FACE_TOO_ANGLED_OR_SMALL,"Pose out of frontal band (|yaw|<=15.0, |pitch|<=15.0): yaw=-11.0, pitch=-37.2"
lfw_03833,data/raw/images/lfw_03833.jpg,FACE_TOO_ANGLED_OR_SMALL,"Pose out of frontal band (|yaw|<=15.0, |pitch|<=15.0): yaw=-7.0, pitch=-24.0"
lfw_03836,data/raw/images/lfw_03836.jpg,FACE_TOO_ANGLED_OR_SMALL,"Pose out of frontal band (|yaw|<=15.0, |pitch|<=15.0): yaw=0.6, pitch=-45.2"
lfw_03837,data/raw/images/lfw_03837.jpg,MULTIPLE_FACES_DETECTED,
lfw_03838,data/raw/images/lfw_03838.jpg,FACE_TOO_ANGLED_OR_SMALL,"Pose out of frontal band (|yaw|<=15.0, |pitch|<=15.0): yaw=-25.9, pitch=-39.4"
lfw_03839,data/raw/images/lfw_03839.jpg,FACE_TOO_ANGLED_OR_SMALL,"Pose out of frontal band (|yaw|<=15.0, |pitch|<=15.0): yaw=19.4, pitch=-26.8"
lfw_03840,data/raw/images/lfw_03840.jpg,FACE_TOO_ANGLED_OR_SMALL,"Pose out of frontal band (|yaw|<=15.0, |pitch|<=15.0): yaw=26.9, pitch=-33.1"
lfw_03841,data/raw/images/lfw_03841.jpg,FACE_TOO_ANGLED_OR_SMALL,"Pose out of frontal band (|yaw|<=15.0, |pitch|<=15.0): yaw=32.7, pitch=-61.5"
lfw_03842,data/raw/images/lfw_03842.jpg,FACE_TOO_ANGLED_OR_SMALL,"Pose out of frontal band (|yaw|<=15.0, |pitch|<=15.0): yaw=25.9, pitch=-35.4"
lfw_03843,data/raw/images/lfw_03843.jpg,FACE_TOO_ANGLED_OR_SMALL,"Pose out of frontal band (|yaw|<=15.0, |pitch|<=15.0): yaw=-27.7, pitch=-21.7"
lfw_03844,data/raw/images/lfw_03844.jpg,FACE_TOO_ANGLED_OR_SMALL,"Pose out of frontal band (|yaw|<=15.0, |pitch|<=15.0): yaw=-9.7, pitch=-21.7"
lfw_03845,data/raw/images/lfw_03845.jpg,FACE_TOO_ANGLED_OR_SMALL,"Pose out of frontal band (|yaw|<=15.0, |pitch|<=15.0): yaw=48.0, pitch=-39.1"
lfw_03846,data/raw/images/lfw_03846.jpg,FACE_TOO_ANGLED_OR_SMALL,"Pose out of frontal band (|yaw|<=15.0, |pitch|<=15.0): yaw=28.0, pitch=0.6"
lfw_03847,data/raw/images/lfw_03847.jpg,FACE_TOO_ANGLED_OR_SMALL,"Pose out of frontal band (|yaw|<=15.0, |pitch|<=15.0): yaw=12.6, pitch=-33.8"
lfw_03848,data/raw/images/lfw_03848.jpg,FACE_TOO_ANGLED_OR_SMALL,"Pose out of frontal band (|yaw|<=15.0, |pitch|<=15.0): yaw=-10.7, pitch=-36.8"
lfw_03849,data/raw/images/lfw_03849.jpg,FACE_TOO_ANGLED_OR_SMALL,"Pose out of frontal band (|yaw|<=15.0, |pitch|<=15.0): yaw=-30.1, pitch=-31.3"
lfw_03850,data/raw/images/lfw_03850.jpg,FACE_TOO_ANGLED_OR_SMALL,"Pose out of frontal band (|yaw|<=15.0, |pitch|<=15.0): yaw=29.0, pitch=-18.2"
lfw_03851,data/raw/images/lfw_03851.jpg,FACE_TOO_ANGLED_OR_SMALL,"Pose out of frontal band (|yaw|<=15.0, |pitch|<=15.0): yaw=-35.5, pitch=-10.8"
lfw_03852,data/raw/images/lfw_03852.jpg,FACE_TOO_ANGLED_OR_SMALL,"Pose out of frontal band (|yaw|<=15.0, |pitch|<=15.0): yaw=27.2, pitch=-28.7"
lfw_03853,data/raw/images/lfw_03853.jpg,FACE_TOO_ANGLED_OR_SMALL,"Pose out of frontal band (|yaw|<=15.0, |pitch|<=15.0): yaw=11.9, pitch=-30.3"
lfw_03854,data/raw/images/lfw_03854.jpg,FACE_TOO_ANGLED_OR_SMALL,"Pose out of frontal band (|yaw|<=15.0, |pitch|<=15.0): yaw=-22.4, pitch=-38.5"
lfw_03855,data/raw/images/lfw_03855.jpg,MULTIPLE_FACES_DETECTED,
lfw_03856,data/raw/images/lfw_03856.jpg,FACE_TOO_ANGLED_OR_SMALL,"Pose out of frontal band (|yaw|<=15.0, |pitch|<=15.0): yaw=-8.3, pitch=-21.9"
lfw_03857,data/raw/images/lfw_03857.jpg,FACE_TOO_ANGLED_OR_SMALL,"Pose out of frontal band (|yaw|<=15.0, |pitch|<=15.0): yaw=-69.8, pitch=-10.9"
lfw_03858,data/raw/images/lfw_03858.jpg,FACE_TOO_ANGLED_OR_SMALL,"Pose out of frontal band (|yaw|<=15.0, |pitch|<=15.0): yaw=-19.6, pitch=-46.2"
lfw_03859,data/raw/images/lfw_03859.jpg,FACE_TOO_ANGLED_OR_SMALL,"Pose out of frontal band (|yaw|<=15.0, |pitch|<=15.0): yaw=-6.3, pitch=-44.6"
lfw_03860,data/raw/images/lfw_03860.jpg,FACE_TOO_ANGLED_OR_SMALL,"Pose out of frontal band (|yaw|<=15.0, |pitch|<=15.0): yaw=25.2, pitch=-31.6"
lfw_03861,data/raw/images/lfw_03861.jpg,FACE_TOO_ANGLED_OR_SMALL,"Pose out of frontal band (|yaw|<=15.0, |pitch|<=15.0): yaw=8.2, pitch=-18.3"
lfw_03862,data/raw/images/lfw_03862.jpg,FACE_TOO_ANGLED_OR_SMALL,"Pose out of frontal band (|yaw|<=15.0, |pitch|<=15.0): yaw=-21.7, pitch=-24.1"
lfw_03863,data/raw/images/lfw_03863.jpg,FACE_TOO_ANGLED_OR_SMALL,"Pose out of frontal band (|yaw|<=15.0, |pitch|<=15.0): yaw=65.5, pitch=-20.5"
lfw_03864,data/raw/images/lfw_03864.jpg,FACE_TOO_ANGLED_OR_SMALL,"Pose out of frontal band (|yaw|<=15.0, |pitch|<=15.0): yaw=69.6, pitch=-25.4"
lfw_03865,data/raw/images/lfw_03865.jpg,FACE_TOO_ANGLED_OR_SMALL,"Pose out of frontal band (|yaw|<=15.0, |pitch|<=15.0): yaw=-26.1, pitch=-39.7"
lfw_03866,data/raw/images/lfw_03866.jpg,FACE_TOO_ANGLED_OR_SMALL,"Pose out of frontal band (|yaw|<=15.0, |pitch|<=15.0): yaw=28.3, pitch=-25.7"
lfw_03867,data/raw/images/lfw_03867.jpg,FACE_TOO_ANGLED_OR_SMALL,"Pose out of frontal band (|yaw|<=15.0, |pitch|<=15.0): yaw=21.4, pitch=-16.6"
lfw_03868,data/raw/images/lfw_03868.jpg,FACE_TOO_ANGLED_OR_SMALL,"Pose out of frontal band (|yaw|<=15.0, |pitch|<=15.0): yaw=-31.3, pitch=-19.8"
lfw_03869,data/raw/images/lfw_03869.jpg,FACE_TOO_ANGLED_OR_SMALL,"Pose out of frontal band (|yaw|<=15.0, |pitch|<=15.0): yaw=-10.0, pitch=-21.9"
lfw_03870,data/raw/images/lfw_03870.jpg,FACE_TOO_ANGLED_OR_SMALL,"Pose out of frontal band (|yaw|<=15.0, |pitch|<=15.0): yaw=-9.1, pitch=-32.1"
lfw_03871,data/raw/images/lfw_03871.jpg,FACE_TOO_ANGLED_OR_SMALL,"Pose out of frontal band (|yaw|<=15.0, |pitch|<=15.0): yaw=19.5, pitch=-38.2"
lfw_03872,data/raw/images/lfw_03872.jpg,FACE_TOO_ANGLED_OR_SMALL,"Pose out of frontal band (|yaw|<=15.0, |pitch|<=15.0): yaw=0.5, pitch=-24.4"
lfw_03873,data/raw/images/lfw_03873.jpg,FACE_TOO_ANGLED_OR_SMALL,"Pose out of frontal band (|yaw|<=15.0, |pitch|<=15.0): yaw=-10.7, pitch=-38.6"
lfw_03874,data/raw/images/lfw_03874.jpg,FACE_TOO_ANGLED_OR_SMALL,"Pose out of frontal band (|yaw|<=15.0, |pitch|<=15.0): yaw=17.2, pitch=-29.8"
lfw_03876,data/raw/images/lfw_03876.jpg,FACE_TOO_ANGLED_OR_SMALL,"Pose out of frontal band (|yaw|<=15.0, |pitch|<=15.0): yaw=-3.0, pitch=-19.0"
lfw_03877,data/raw/images/lfw_03877.jpg,FACE_TOO_ANGLED_OR_SMALL,"Pose out of frontal band (|yaw|<=15.0, |pitch|<=15.0): yaw=21.0, pitch=-44.4"
lfw_03878,data/raw/images/lfw_03878.jpg,FACE_TOO_ANGLED_OR_SMALL,"Pose out of frontal band (|yaw|<=15.0, |pitch|<=15.0): yaw=-7.5, pitch=-17.5"
lfw_03879,data/raw/images/lfw_03879.jpg,FACE_TOO_ANGLED_OR_SMALL,"Pose out of frontal band (|yaw|<=15.0, |pitch|<=15.0): yaw=-34.3, pitch=-10.7"
lfw_03880,data/raw/images/lfw_03880.jpg,FACE_TOO_ANGLED_OR_SMALL,"Pose out of frontal band (|yaw|<=15.0, |pitch|<=15.0): yaw=-30.8, pitch=-17.7"
lfw_03881,data/raw/images/lfw_03881.jpg,FACE_TOO_ANGLED_OR_SMALL,"Pose out of frontal band (|yaw|<=15.0, |pitch|<=15.0): yaw=-25.1, pitch=-5.9"
lfw_03882,data/raw/images/lfw_03882.jpg,FACE_TOO_ANGLED_OR_SMALL,"Pose out of frontal band (|yaw|<=15.0, |pitch|<=15.0): yaw=-31.4, pitch=-29.5"
lfw_03883,data/raw/images/lfw_03883.jpg,FACE_TOO_ANGLED_OR_SMALL,"Pose out of frontal band (|yaw|<=15.0, |pitch|<=15.0): yaw=26.3, pitch=-21.1"
lfw_03884,data/raw/images/lfw_03884.jpg,FACE_TOO_ANGLED_OR_SMALL,"Pose out of frontal band (|yaw|<=15.0, |pitch|<=15.0): yaw=-5.4, pitch=-30.0"
lfw_03885,data/raw/images/lfw_03885.jpg,FACE_TOO_ANGLED_OR_SMALL,"Pose out of frontal band (|yaw|<=15.0, |pitch|<=15.0): yaw=-12.7, pitch=-19.9"
lfw_03886,data/raw/images/lfw_03886.jpg,FACE_TOO_ANGLED_OR_SMALL,"Pose out of frontal band (|yaw|<=15.0, |pitch|<=15.0): yaw=53.8, pitch=-22.3"
lfw_03887,data/raw/images/lfw_03887.jpg,FACE_TOO_ANGLED_OR_SMALL,"Pose out of frontal band (|yaw|<=15.0, |pitch|<=15.0): yaw=-20.3, pitch=-14.3"
lfw_03888,data/raw/images/lfw_03888.jpg,FACE_TOO_ANGLED_OR_SMALL,"Pose out of frontal band (|yaw|<=15.0, |pitch|<=15.0): yaw=-15.1, pitch=-46.7"
lfw_03889,data/raw/images/lfw_03889.jpg,FACE_TOO_ANGLED_OR_SMALL,"Pose out of frontal band (|yaw|<=15.0, |pitch|<=15.0): yaw=-33.8, pitch=-20.1"
lfw_03890,data/raw/images/lfw_03890.jpg,FACE_TOO_ANGLED_OR_SMALL,"Pose out of frontal band (|yaw|<=15.0, |pitch|<=15.0): yaw=-9.8, pitch=-22.5"
lfw_03892,data/raw/images/lfw_03892.jpg,FACE_TOO_ANGLED_OR_SMALL,"Pose out of frontal band (|yaw|<=15.0, |pitch|<=15.0): yaw=-12.1, pitch=-22.3"
lfw_03893,data/raw/images/lfw_03893.jpg,FACE_TOO_ANGLED_OR_SMALL,"Pose out of frontal band (|yaw|<=15.0, |pitch|<=15.0): yaw=2.4, pitch=-28.5"
lfw_03894,data/raw/images/lfw_03894.jpg,FACE_TOO_ANGLED_OR_SMALL,"Pose out of frontal band (|yaw|<=15.0, |pitch|<=15.0): yaw=-33.9, pitch=-25.0"
lfw_03895,data/raw/images/lfw_03895.jpg,FACE_TOO_ANGLED_OR_SMALL,"Pose out of frontal band (|yaw|<=15.0, |pitch|<=15.0): yaw=-19.6, pitch=-17.3"
lfw_03896,data/raw/images/lfw_03896.jpg,FACE_TOO_ANGLED_OR_SMALL,"Pose out of frontal band (|yaw|<=15.0, |pitch|<=15.0): yaw=0.6, pitch=-19.0"
lfw_03897,data/raw/images/lfw_03897.jpg,FACE_TOO_ANGLED_OR_SMALL,"Pose out of frontal band (|yaw|<=15.0, |pitch|<=15.0): yaw=33.8, pitch=-18.7"
lfw_03898,data/raw/images/lfw_03898.jpg,FACE_TOO_ANGLED_OR_SMALL,"Pose out of frontal band (|yaw|<=15.0, |pitch|<=15.0): yaw=1.1, pitch=-31.0"
lfw_03899,data/raw/images/lfw_03899.jpg,FACE_TOO_ANGLED_OR_SMALL,"Pose out of frontal band (|yaw|<=15.0, |pitch|<=15.0): yaw=2.0, pitch=-30.9"
lfw_03900,data/raw/images/lfw_03900.jpg,FACE_TOO_ANGLED_OR_SMALL,"Pose out of frontal band (|yaw|<=15.0, |pitch|<=15.0): yaw=-21.2, pitch=-16.0"
lfw_03901,data/raw/images/lfw_03901.jpg,FACE_TOO_ANGLED_OR_SMALL,"Pose out of frontal band (|yaw|<=15.0, |pitch|<=15.0): yaw=41.6, pitch=-24.7"
lfw_03902,data/raw/images/lfw_03902.jpg,FACE_TOO_ANGLED_OR_SMALL,"Pose out of frontal band (|yaw|<=15.0, |pitch|<=15.0): yaw=-2.9, pitch=-34.8"
lfw_03903,data/raw/images/lfw_03903.jpg,FACE_TOO_ANGLED_OR_SMALL,"Pose out of frontal band (|yaw|<=15.0, |pitch|<=15.0): yaw=-10.8, pitch=-23.4"
lfw_03904,data/raw/images/lfw_03904.jpg,FACE_TOO_ANGLED_OR_SMALL,"Pose out of frontal band (|yaw|<=15.0, |pitch|<=15.0): yaw=-46.7, pitch=-37.6"
lfw_03905,data/raw/images/lfw_03905.jpg,FACE_TOO_ANGLED_OR_SMALL,"Pose out of frontal band (|yaw|<=15.0, |pitch|<=15.0): yaw=1.4, pitch=-32.3"
lfw_03906,data/raw/images/lfw_03906.jpg,FACE_TOO_ANGLED_OR_SMALL,"Pose out of frontal band (|yaw|<=15.0, |pitch|<=15.0): yaw=-34.4, pitch=-16.1"
lfw_03907,data/raw/images/lfw_03907.jpg,FACE_TOO_ANGLED_OR_SMALL,"Pose out of frontal band (|yaw|<=15.0, |pitch|<=15.0): yaw=47.0, pitch=-12.7"
lfw_03909,data/raw/images/lfw_03909.jpg,FACE_TOO_ANGLED_OR_SMALL,"Pose out of frontal band (|yaw|<=15.0, |pitch|<=15.0): yaw=32.7, pitch=-22.0"
lfw_03910,data/raw/images/lfw_03910.jpg,FACE_TOO_ANGLED_OR_SMALL,"Pose out of frontal band (|yaw|<=15.0, |pitch|<=15.0): yaw=19.3, pitch=-30.5"
lfw_03911,data/raw/images/lfw_03911.jpg,FACE_TOO_ANGLED_OR_SMALL,"Pose out of frontal band (|yaw|<=15.0, |pitch|<=15.0): yaw=-70.5, pitch=-28.6"
lfw_03912,data/raw/images/lfw_03912.jpg,FACE_TOO_ANGLED_OR_SMALL,"Pose out of frontal band (|yaw|<=15.0, |pitch|<=15.0): yaw=2.8, pitch=-52.4"
lfw_03914,data/raw/images/lfw_03914.jpg,FACE_TOO_ANGLED_OR_SMALL,"Pose out of frontal band (|yaw|<=15.0, |pitch|<=15.0): yaw=-14.0, pitch=-22.7"
lfw_03915,data/raw/images/lfw_03915.jpg,FACE_TOO_ANGLED_OR_SMALL,"Pose out of frontal band (|yaw|<=15.0, |pitch|<=15.0): yaw=0.1, pitch=-21.1"
lfw_03916,data/raw/images/lfw_03916.jpg,FACE_TOO_ANGLED_OR_SMALL,"Pose out of frontal band (|yaw|<=15.0, |pitch|<=15.0): yaw=-43.9, pitch=-16.5"
lfw_03917,data/raw/images/lfw_03917.jpg,FACE_TOO_ANGLED_OR_SMALL,"Pose out of frontal band (|yaw|<=15.0, |pitch|<=15.0): yaw=-6.6, pitch=-23.9"
lfw_03918,data/raw/images/lfw_03918.jpg,MULTIPLE_FACES_DETECTED,
lfw_03919,data/raw/images/lfw_03919.jpg,FACE_TOO_ANGLED_OR_SMALL,"Pose out of frontal band (|yaw|<=15.0, |pitch|<=15.0): yaw=54.9, pitch=-22.7"
lfw_03920,data/raw/images/lfw_03920.jpg,FACE_TOO_ANGLED_OR_SMALL,"Pose out of frontal band (|yaw|<=15.0, |pitch|<=15.0): yaw=63.9, pitch=-31.5"
lfw_03921,data/raw/images/lfw_03921.jpg,FACE_TOO_ANGLED_OR_SMALL,"Pose out of frontal band (|yaw|<=15.0, |pitch|<=15.0): yaw=32.9, pitch=-15.2"
lfw_03922,data/raw/images/lfw_03922.jpg,FACE_TOO_ANGLED_OR_SMALL,"Pose out of frontal band (|yaw|<=15.0, |pitch|<=15.0): yaw=4.9, pitch=-26.2"
lfw_03923,data/raw/images/lfw_03923.jpg,FACE_TOO_ANGLED_OR_SMALL,"Pose out of frontal band (|yaw|<=15.0, |pitch|<=15.0): yaw=16.2, pitch=-22.4"
lfw_03924,data/raw/images/lfw_03924.jpg,FACE_TOO_ANGLED_OR_SMALL,"Pose out of frontal band (|yaw|<=15.0, |pitch|<=15.0): yaw=9.9, pitch=-21.9"
lfw_03925,data/raw/images/lfw_03925.jpg,FACE_TOO_ANGLED_OR_SMALL,"Pose out of frontal band (|yaw|<=15.0, |pitch|<=15.0): yaw=40.2, pitch=-34.1"
lfw_03926,data/raw/images/lfw_03926.jpg,FACE_TOO_ANGLED_OR_SMALL,"Pose out of frontal band (|yaw|<=15.0, |pitch|<=15.0): yaw=-28.3, pitch=-27.7"
lfw_03927,data/raw/images/lfw_03927.jpg,FACE_TOO_ANGLED_OR_SMALL,"Pose out of frontal band (|yaw|<=15.0, |pitch|<=15.0): yaw=-18.3, pitch=-55.4"
lfw_03928,data/raw/images/lfw_03928.jpg,FACE_TOO_ANGLED_OR_SMALL,"Pose out of frontal band (|yaw|<=15.0, |pitch|<=15.0): yaw=-18.7, pitch=-15.6"
lfw_03929,data/raw/images/lfw_03929.jpg,FACE_TOO_ANGLED_OR_SMALL,"Pose out of frontal band (|yaw|<=15.0, |pitch|<=15.0): yaw=4.7, pitch=-23.3"
lfw_03930,data/raw/images/lfw_03930.jpg,FACE_TOO_ANGLED_OR_SMALL,"Pose out of frontal band (|yaw|<=15.0, |pitch|<=15.0): yaw=14.9, pitch=-27.4"
lfw_03931,data/raw/images/lfw_03931.jpg,FACE_TOO_ANGLED_OR_SMALL,"Pose out of frontal band (|yaw|<=15.0, |pitch|<=15.0): yaw=-30.1, pitch=-16.2"
lfw_03932,data/raw/images/lfw_03932.jpg,FACE_TOO_ANGLED_OR_SMALL,"Pose out of frontal band (|yaw|<=15.0, |pitch|<=15.0): yaw=8.2, pitch=-30.1"
lfw_03933,data/raw/images/lfw_03933.jpg,MULTIPLE_FACES_DETECTED,
lfw_03934,data/raw/images/lfw_03934.jpg,FACE_TOO_ANGLED_OR_SMALL,"Pose out of frontal band (|yaw|<=15.0, |pitch|<=15.0): yaw=35.1, pitch=-43.2"
lfw_03935,data/raw/images/lfw_03935.jpg,FACE_TOO_ANGLED_OR_SMALL,"Pose out of frontal band (|yaw|<=15.0, |pitch|<=15.0): yaw=12.0, pitch=-18.0"
lfw_03936,data/raw/images/lfw_03936.jpg,FACE_TOO_ANGLED_OR_SMALL,"Pose out of frontal band (|yaw|<=15.0, |pitch|<=15.0): yaw=-41.7, pitch=-27.5"
lfw_03937,data/raw/images/lfw_03937.jpg,FACE_TOO_ANGLED_OR_SMALL,"Pose out of frontal band (|yaw|<=15.0, |pitch|<=15.0): yaw=66.3, pitch=-15.7"
lfw_03938,data/raw/images/lfw_03938.jpg,FACE_TOO_ANGLED_OR_SMALL,"Pose out of frontal band (|yaw|<=15.0, |pitch|<=15.0): yaw=42.4, pitch=-16.6"
lfw_03939,data/raw/images/lfw_03939.jpg,FACE_TOO_ANGLED_OR_SMALL,"Pose out of frontal band (|yaw|<=15.0, |pitch|<=15.0): yaw=-10.1, pitch=-18.2"
lfw_03940,data/raw/images/lfw_03940.jpg,MULTIPLE_FACES_DETECTED,
lfw_03941,data/raw/images/lfw_03941.jpg,FACE_TOO_ANGLED_OR_SMALL,"Pose out of frontal band (|yaw|<=15.0, |pitch|<=15.0): yaw=-23.7, pitch=-27.1"
lfw_03942,data/raw/images/lfw_03942.jpg,FACE_TOO_ANGLED_OR_SMALL,"Pose out of frontal band (|yaw|<=15.0, |pitch|<=15.0): yaw=-15.4, pitch=-23.6"
lfw_03943,data/raw/images/lfw_03943.jpg,FACE_TOO_ANGLED_OR_SMALL,"Pose out of frontal band (|yaw|<=15.0, |pitch|<=15.0): yaw=15.0, pitch=-17.1"
lfw_03944,data/raw/images/lfw_03944.jpg,FACE_TOO_ANGLED_OR_SMALL,"Pose out of frontal band (|yaw|<=15.0, |pitch|<=15.0): yaw=-7.6, pitch=-35.1"
lfw_03945,data/raw/images/lfw_03945.jpg,FACE_TOO_ANGLED_OR_SMALL,"Pose out of frontal band (|yaw|<=15.0, |pitch|<=15.0): yaw=19.9, pitch=-46.7"
lfw_03946,data/raw/images/lfw_03946.jpg,FACE_TOO_ANGLED_OR_SMALL,"Pose out of frontal band (|yaw|<=15.0, |pitch|<=15.0): yaw=22.3, pitch=-29.3"
lfw_03947,data/raw/images/lfw_03947.jpg,FACE_TOO_ANGLED_OR_SMALL,"Pose out of frontal band (|yaw|<=15.0, |pitch|<=15.0): yaw=0.3, pitch=-21.0"
lfw_03948,data/raw/images/lfw_03948.jpg,FACE_TOO_ANGLED_OR_SMALL,"Pose out of frontal band (|yaw|<=15.0, |pitch|<=15.0): yaw=-12.1, pitch=-17.4"
lfw_03949,data/raw/images/lfw_03949.jpg,FACE_TOO_ANGLED_OR_SMALL,"Pose out of frontal band (|yaw|<=15.0, |pitch|<=15.0): yaw=-13.8, pitch=-26.8"
lfw_03950,data/raw/images/lfw_03950.jpg,FACE_TOO_ANGLED_OR_SMALL,"Pose out of frontal band (|yaw|<=15.0, |pitch|<=15.0): yaw=6.4, pitch=-43.3"
lfw_03951,data/raw/images/lfw_03951.jpg,FACE_TOO_ANGLED_OR_SMALL,"Pose out of frontal band (|yaw|<=15.0, |pitch|<=15.0): yaw=24.8, pitch=-54.5"
lfw_03952,data/raw/images/lfw_03952.jpg,FACE_TOO_ANGLED_OR_SMALL,"Pose out of frontal band (|yaw|<=15.0, |pitch|<=15.0): yaw=-70.2, pitch=-9.0"
lfw_03953,data/raw/images/lfw_03953.jpg,FACE_TOO_ANGLED_OR_SMALL,"Pose out of frontal band (|yaw|<=15.0, |pitch|<=15.0): yaw=27.2, pitch=-27.5"
lfw_03954,data/raw/images/lfw_03954.jpg,FACE_TOO_ANGLED_OR_SMALL,"Pose out of frontal band (|yaw|<=15.0, |pitch|<=15.0): yaw=-0.0, pitch=-15.9"
lfw_03955,data/raw/images/lfw_03955.jpg,FACE_TOO_ANGLED_OR_SMALL,"Pose out of frontal band (|yaw|<=15.0, |pitch|<=15.0): yaw=6.0, pitch=-36.7"
lfw_03956,data/raw/images/lfw_03956.jpg,FACE_TOO_ANGLED_OR_SMALL,"Pose out of frontal band (|yaw|<=15.0, |pitch|<=15.0): yaw=3.2, pitch=-23.1"
lfw_03957,data/raw/images/lfw_03957.jpg,FACE_TOO_ANGLED_OR_SMALL,"Pose out of frontal band (|yaw|<=15.0, |pitch|<=15.0): yaw=-14.2, pitch=-32.9"
lfw_03958,data/raw/images/lfw_03958.jpg,FACE_TOO_ANGLED_OR_SMALL,"Pose out of frontal band (|yaw|<=15.0, |pitch|<=15.0): yaw=-24.1, pitch=-27.6"
lfw_03959,data/raw/images/lfw_03959.jpg,FACE_TOO_ANGLED_OR_SMALL,"Pose out of frontal band (|yaw|<=15.0, |pitch|<=15.0): yaw=-16.6, pitch=-28.8"
lfw_03960,data/raw/images/lfw_03960.jpg,FACE_TOO_ANGLED_OR_SMALL,"Pose out of frontal band (|yaw|<=15.0, |pitch|<=15.0): yaw=16.3, pitch=-20.7"
lfw_03961,data/raw/images/lfw_03961.jpg,FACE_TOO_ANGLED_OR_SMALL,"Pose out of frontal band (|yaw|<=15.0, |pitch|<=15.0): yaw=20.2, pitch=-25.2"
lfw_03962,data/raw/images/lfw_03962.jpg,FACE_TOO_ANGLED_OR_SMALL,"Pose out of frontal band (|yaw|<=15.0, |pitch|<=15.0): yaw=-71.4, pitch=-26.4"
lfw_03963,data/raw/images/lfw_03963.jpg,FACE_TOO_ANGLED_OR_SMALL,"Pose out of frontal band (|yaw|<=15.0, |pitch|<=15.0): yaw=7.3, pitch=-23.0"
lfw_03964,data/raw/images/lfw_03964.jpg,FACE_TOO_ANGLED_OR_SMALL,"Pose out of frontal band (|yaw|<=15.0, |pitch|<=15.0): yaw=23.6, pitch=-24.1"
lfw_03965,data/raw/images/lfw_03965.jpg,FACE_TOO_ANGLED_OR_SMALL,"Pose out of frontal band (|yaw|<=15.0, |pitch|<=15.0): yaw=-47.7, pitch=-16.1"
lfw_03966,data/raw/images/lfw_03966.jpg,MULTIPLE_FACES_DETECTED,
lfw_03967,data/raw/images/lfw_03967.jpg,FACE_TOO_ANGLED_OR_SMALL,"Pose out of frontal band (|yaw|<=15.0, |pitch|<=15.0): yaw=27.2, pitch=-27.0"
lfw_03968,data/raw/images/lfw_03968.jpg,FACE_TOO_ANGLED_OR_SMALL,"Pose out of frontal band (|yaw|<=15.0, |pitch|<=15.0): yaw=-36.4, pitch=-28.5"
lfw_03969,data/raw/images/lfw_03969.jpg,MULTIPLE_FACES_DETECTED,
lfw_03970,data/raw/images/lfw_03970.jpg,FACE_TOO_ANGLED_OR_SMALL,"Pose out of frontal band (|yaw|<=15.0, |pitch|<=15.0): yaw=-57.4, pitch=-22.9"
lfw_03971,data/raw/images/lfw_03971.jpg,FACE_TOO_ANGLED_OR_SMALL,"Pose out of frontal band (|yaw|<=15.0, |pitch|<=15.0): yaw=-27.9, pitch=-57.0"
lfw_03972,data/raw/images/lfw_03972.jpg,MULTIPLE_FACES_DETECTED,
lfw_03973,data/raw/images/lfw_03973.jpg,FACE_TOO_ANGLED_OR_SMALL,"Pose out of frontal band (|yaw|<=15.0, |pitch|<=15.0): yaw=-3.1, pitch=-26.9"
lfw_03974,data/raw/images/lfw_03974.jpg,FACE_TOO_ANGLED_OR_SMALL,"Pose out of frontal band (|yaw|<=15.0, |pitch|<=15.0): yaw=22.5, pitch=-25.4"
lfw_03975,data/raw/images/lfw_03975.jpg,FACE_TOO_ANGLED_OR_SMALL,"Pose out of frontal band (|yaw|<=15.0, |pitch|<=15.0): yaw=15.4, pitch=-29.0"
lfw_03976,data/raw/images/lfw_03976.jpg,MULTIPLE_FACES_DETECTED,
lfw_03977,data/raw/images/lfw_03977.jpg,FACE_TOO_ANGLED_OR_SMALL,"Pose out of frontal band (|yaw|<=15.0, |pitch|<=15.0): yaw=20.7, pitch=-56.1"
lfw_03978,data/raw/images/lfw_03978.jpg,FACE_TOO_ANGLED_OR_SMALL,"Pose out of frontal band (|yaw|<=15.0, |pitch|<=15.0): yaw=28.9, pitch=-55.0"
lfw_03979,data/raw/images/lfw_03979.jpg,FACE_TOO_ANGLED_OR_SMALL,"Pose out of frontal band (|yaw|<=15.0, |pitch|<=15.0): yaw=4.1, pitch=-26.1"
lfw_03980,data/raw/images/lfw_03980.jpg,FACE_TOO_ANGLED_OR_SMALL,"Pose out of frontal band (|yaw|<=15.0, |pitch|<=15.0): yaw=0.8, pitch=-28.1"
lfw_03981,data/raw/images/lfw_03981.jpg,FACE_TOO_ANGLED_OR_SMALL,"Pose out of frontal band (|yaw|<=15.0, |pitch|<=15.0): yaw=13.1, pitch=-25.5"
lfw_03982,data/raw/images/lfw_03982.jpg,FACE_TOO_ANGLED_OR_SMALL,"Pose out of frontal band (|yaw|<=15.0, |pitch|<=15.0): yaw=-38.2, pitch=-29.6"
lfw_03983,data/raw/images/lfw_03983.jpg,FACE_TOO_ANGLED_OR_SMALL,"Pose out of frontal band (|yaw|<=15.0, |pitch|<=15.0): yaw=9.8, pitch=-27.5"
lfw_03984,data/raw/images/lfw_03984.jpg,FACE_TOO_ANGLED_OR_SMALL,"Pose out of frontal band (|yaw|<=15.0, |pitch|<=15.0): yaw=-36.8, pitch=-19.7"
lfw_03985,data/raw/images/lfw_03985.jpg,FACE_TOO_ANGLED_OR_SMALL,"Pose out of frontal band (|yaw|<=15.0, |pitch|<=15.0): yaw=-7.5, pitch=-21.0"
lfw_03986,data/raw/images/lfw_03986.jpg,FACE_TOO_ANGLED_OR_SMALL,"Pose out of frontal band (|yaw|<=15.0, |pitch|<=15.0): yaw=-12.8, pitch=-33.7"
lfw_03987,data/raw/images/lfw_03987.jpg,FACE_TOO_ANGLED_OR_SMALL,"Pose out of frontal band (|yaw|<=15.0, |pitch|<=15.0): yaw=23.8, pitch=-24.4"
lfw_03988,data/raw/images/lfw_03988.jpg,FACE_TOO_ANGLED_OR_SMALL,"Pose out of frontal band (|yaw|<=15.0, |pitch|<=15.0): yaw=20.5, pitch=-29.1"
lfw_03989,data/raw/images/lfw_03989.jpg,FACE_TOO_ANGLED_OR_SMALL,"Pose out of frontal band (|yaw|<=15.0, |pitch|<=15.0): yaw=29.6, pitch=-35.4"
lfw_03990,data/raw/images/lfw_03990.jpg,FACE_TOO_ANGLED_OR_SMALL,"Pose out of frontal band (|yaw|<=15.0, |pitch|<=15.0): yaw=6.0, pitch=-23.7"
lfw_03991,data/raw/images/lfw_03991.jpg,FACE_TOO_ANGLED_OR_SMALL,"Pose out of frontal band (|yaw|<=15.0, |pitch|<=15.0): yaw=7.8, pitch=-16.8"
lfw_03992,data/raw/images/lfw_03992.jpg,FACE_TOO_ANGLED_OR_SMALL,"Pose out of frontal band (|yaw|<=15.0, |pitch|<=15.0): yaw=45.3, pitch=-17.1"
lfw_03993,data/raw/images/lfw_03993.jpg,FACE_TOO_ANGLED_OR_SMALL,"Pose out of frontal band (|yaw|<=15.0, |pitch|<=15.0): yaw=20.7, pitch=-18.7"
lfw_03994,data/raw/images/lfw_03994.jpg,FACE_TOO_ANGLED_OR_SMALL,"Pose out of frontal band (|yaw|<=15.0, |pitch|<=15.0): yaw=14.4, pitch=-23.2"
lfw_03995,data/raw/images/lfw_03995.jpg,FACE_TOO_ANGLED_OR_SMALL,"Pose out of frontal band (|yaw|<=15.0, |pitch|<=15.0): yaw=-42.2, pitch=-19.9"
lfw_03996,data/raw/images/lfw_03996.jpg,FACE_TOO_ANGLED_OR_SMALL,"Pose out of frontal band (|yaw|<=15.0, |pitch|<=15.0): yaw=-34.8, pitch=-16.0"
lfw_03997,data/raw/images/lfw_03997.jpg,FACE_TOO_ANGLED_OR_SMALL,"Pose out of frontal band (|yaw|<=15.0, |pitch|<=15.0): yaw=-2.2, pitch=-20.8"
lfw_03998,data/raw/images/lfw_03998.jpg,MULTIPLE_FACES_DETECTED,
lfw_03999,data/raw/images/lfw_03999.jpg,FACE_TOO_ANGLED_OR_SMALL,"Pose out of frontal band (|yaw|<=15.0, |pitch|<=15.0): yaw=-26.5, pitch=-38.8"
lfw_04000,data/raw/images/lfw_04000.jpg,FACE_TOO_ANGLED_OR_SMALL,"Pose out of frontal band (|yaw|<=15.0, |pitch|<=15.0): yaw=-60.7, pitch=-26.5"
lfw_04001,data/raw/images/lfw_04001.jpg,MULTIPLE_FACES_DETECTED,
lfw_04002,data/raw/images/lfw_04002.jpg,FACE_TOO_ANGLED_OR_SMALL,"Pose out of frontal band (|yaw|<=15.0, |pitch|<=15.0): yaw=-71.5, pitch=-25.1"
lfw_04003,data/raw/images/lfw_04003.jpg,FACE_TOO_ANGLED_OR_SMALL,"Pose out of frontal band (|yaw|<=15.0, |pitch|<=15.0): yaw=50.6, pitch=-20.8"
lfw_04004,data/raw/images/lfw_04004.jpg,FACE_TOO_ANGLED_OR_SMALL,"Pose out of frontal band (|yaw|<=15.0, |pitch|<=15.0): yaw=8.9, pitch=-65.7"
lfw_04005,data/raw/images/lfw_04005.jpg,MULTIPLE_FACES_DETECTED,
lfw_04007,data/raw/images/lfw_04007.jpg,MULTIPLE_FACES_DETECTED,
lfw_04008,data/raw/images/lfw_04008.jpg,FACE_TOO_ANGLED_OR_SMALL,"Pose out of frontal band (|yaw|<=15.0, |pitch|<=15.0): yaw=-14.5, pitch=-21.9"
lfw_04009,data/raw/images/lfw_04009.jpg,FACE_TOO_ANGLED_OR_SMALL,"Pose out of frontal band (|yaw|<=15.0, |pitch|<=15.0): yaw=-18.8, pitch=-38.1"
lfw_04010,data/raw/images/lfw_04010.jpg,FACE_TOO_ANGLED_OR_SMALL,"Pose out of frontal band (|yaw|<=15.0, |pitch|<=15.0): yaw=-12.2, pitch=-51.2"
lfw_04011,data/raw/images/lfw_04011.jpg,FACE_TOO_ANGLED_OR_SMALL,"Pose out of frontal band (|yaw|<=15.0, |pitch|<=15.0): yaw=34.8, pitch=-32.8"
lfw_04012,data/raw/images/lfw_04012.jpg,FACE_TOO_ANGLED_OR_SMALL,"Pose out of frontal band (|yaw|<=15.0, |pitch|<=15.0): yaw=-14.4, pitch=-23.2"
lfw_04013,data/raw/images/lfw_04013.jpg,FACE_TOO_ANGLED_OR_SMALL,"Pose out of frontal band (|yaw|<=15.0, |pitch|<=15.0): yaw=-10.0, pitch=-27.2"
lfw_04014,data/raw/images/lfw_04014.jpg,FACE_TOO_ANGLED_OR_SMALL,"Pose out of frontal band (|yaw|<=15.0, |pitch|<=15.0): yaw=9.6, pitch=-32.8"
lfw_04015,data/raw/images/lfw_04015.jpg,FACE_TOO_ANGLED_OR_SMALL,"Pose out of frontal band (|yaw|<=15.0, |pitch|<=15.0): yaw=16.9, pitch=-16.0"
lfw_04016,data/raw/images/lfw_04016.jpg,MULTIPLE_FACES_DETECTED,
lfw_04017,data/raw/images/lfw_04017.jpg,MULTIPLE_FACES_DETECTED,
lfw_04018,data/raw/images/lfw_04018.jpg,FACE_TOO_ANGLED_OR_SMALL,"Pose out of frontal band (|yaw|<=15.0, |pitch|<=15.0): yaw=-23.9, pitch=-36.4"
lfw_04019,data/raw/images/lfw_04019.jpg,FACE_TOO_ANGLED_OR_SMALL,"Pose out of frontal band (|yaw|<=15.0, |pitch|<=15.0): yaw=-29.0, pitch=-29.8"
lfw_04020,data/raw/images/lfw_04020.jpg,FACE_TOO_ANGLED_OR_SMALL,"Pose out of frontal band (|yaw|<=15.0, |pitch|<=15.0): yaw=-4.9, pitch=-28.5"
lfw_04021,data/raw/images/lfw_04021.jpg,MULTIPLE_FACES_DETECTED,
lfw_04022,data/raw/images/lfw_04022.jpg,FACE_TOO_ANGLED_OR_SMALL,"Pose out of frontal band (|yaw|<=15.0, |pitch|<=15.0): yaw=36.9, pitch=-27.4"
lfw_04023,data/raw/images/lfw_04023.jpg,MULTIPLE_FACES_DETECTED,
lfw_04024,data/raw/images/lfw_04024.jpg,FACE_TOO_ANGLED_OR_SMALL,"Pose out of frontal band (|yaw|<=15.0, |pitch|<=15.0): yaw=27.8, pitch=-21.7"
lfw_04025,data/raw/images/lfw_04025.jpg,FACE_TOO_ANGLED_OR_SMALL,"Pose out of frontal band (|yaw|<=15.0, |pitch|<=15.0): yaw=53.6, pitch=-27.7"
lfw_04026,data/raw/images/lfw_04026.jpg,FACE_TOO_ANGLED_OR_SMALL,"Pose out of frontal band (|yaw|<=15.0, |pitch|<=15.0): yaw=-2.6, pitch=-22.1"
lfw_04027,data/raw/images/lfw_04027.jpg,FACE_TOO_ANGLED_OR_SMALL,"Pose out of frontal band (|yaw|<=15.0, |pitch|<=15.0): yaw=-19.3, pitch=-27.0"
lfw_04028,data/raw/images/lfw_04028.jpg,FACE_TOO_ANGLED_OR_SMALL,"Pose out of frontal band (|yaw|<=15.0, |pitch|<=15.0): yaw=-24.7, pitch=-38.5"
lfw_04029,data/raw/images/lfw_04029.jpg,FACE_TOO_ANGLED_OR_SMALL,"Pose out of frontal band (|yaw|<=15.0, |pitch|<=15.0): yaw=28.3, pitch=-22.2"
lfw_04030,data/raw/images/lfw_04030.jpg,MULTIPLE_FACES_DETECTED,
lfw_04031,data/raw/images/lfw_04031.jpg,FACE_TOO_ANGLED_OR_SMALL,"Pose out of frontal band (|yaw|<=15.0, |pitch|<=15.0): yaw=25.7, pitch=-13.7"
lfw_04032,data/raw/images/lfw_04032.jpg,FACE_TOO_ANGLED_OR_SMALL,"Pose out of frontal band (|yaw|<=15.0, |pitch|<=15.0): yaw=-16.8, pitch=-14.4"
lfw_04033,data/raw/images/lfw_04033.jpg,FACE_TOO_ANGLED_OR_SMALL,"Pose out of frontal band (|yaw|<=15.0, |pitch|<=15.0): yaw=-25.3, pitch=-27.0"
lfw_04034,data/raw/images/lfw_04034.jpg,FACE_TOO_ANGLED_OR_SMALL,"Pose out of frontal band (|yaw|<=15.0, |pitch|<=15.0): yaw=15.3, pitch=-23.0"
lfw_04035,data/raw/images/lfw_04035.jpg,FACE_TOO_ANGLED_OR_SMALL,"Pose out of frontal band (|yaw|<=15.0, |pitch|<=15.0): yaw=-20.2, pitch=-18.3"
lfw_04036,data/raw/images/lfw_04036.jpg,FACE_TOO_ANGLED_OR_SMALL,"Pose out of frontal band (|yaw|<=15.0, |pitch|<=15.0): yaw=-3.8, pitch=-22.9"
lfw_04037,data/raw/images/lfw_04037.jpg,FACE_TOO_ANGLED_OR_SMALL,"Pose out of frontal band (|yaw|<=15.0, |pitch|<=15.0): yaw=-3.3, pitch=-25.8"
lfw_04038,data/raw/images/lfw_04038.jpg,FACE_TOO_ANGLED_OR_SMALL,"Pose out of frontal band (|yaw|<=15.0, |pitch|<=15.0): yaw=-45.6, pitch=-20.5"
lfw_04039,data/raw/images/lfw_04039.jpg,MULTIPLE_FACES_DETECTED,
lfw_04040,data/raw/images/lfw_04040.jpg,FACE_TOO_ANGLED_OR_SMALL,"Pose out of frontal band (|yaw|<=15.0, |pitch|<=15.0): yaw=-34.2, pitch=-24.4"
lfw_04041,data/raw/images/lfw_04041.jpg,FACE_TOO_ANGLED_OR_SMALL,"Pose out of frontal band (|yaw|<=15.0, |pitch|<=15.0): yaw=31.4, pitch=-29.8"
lfw_04042,data/raw/images/lfw_04042.jpg,FACE_TOO_ANGLED_OR_SMALL,"Pose out of frontal band (|yaw|<=15.0, |pitch|<=15.0): yaw=34.2, pitch=-24.5"
lfw_04043,data/raw/images/lfw_04043.jpg,FACE_TOO_ANGLED_OR_SMALL,"Pose out of frontal band (|yaw|<=15.0, |pitch|<=15.0): yaw=-36.3, pitch=-24.5"
lfw_04044,data/raw/images/lfw_04044.jpg,FACE_TOO_ANGLED_OR_SMALL,"Pose out of frontal band (|yaw|<=15.0, |pitch|<=15.0): yaw=-9.8, pitch=-30.5"
lfw_04045,data/raw/images/lfw_04045.jpg,FACE_TOO_ANGLED_OR_SMALL,"Pose out of frontal band (|yaw|<=15.0, |pitch|<=15.0): yaw=6.1, pitch=-31.1"
lfw_04046,data/raw/images/lfw_04046.jpg,FACE_TOO_ANGLED_OR_SMALL,"Pose out of frontal band (|yaw|<=15.0, |pitch|<=15.0): yaw=-36.6, pitch=-58.7"
lfw_04047,data/raw/images/lfw_04047.jpg,FACE_TOO_ANGLED_OR_SMALL,"Pose out of frontal band (|yaw|<=15.0, |pitch|<=15.0): yaw=-1.6, pitch=-21.2"
lfw_04048,data/raw/images/lfw_04048.jpg,MULTIPLE_FACES_DETECTED,
lfw_04049,data/raw/images/lfw_04049.jpg,FACE_TOO_ANGLED_OR_SMALL,"Pose out of frontal band (|yaw|<=15.0, |pitch|<=15.0): yaw=21.3, pitch=-20.9"
lfw_04050,data/raw/images/lfw_04050.jpg,FACE_TOO_ANGLED_OR_SMALL,"Pose out of frontal band (|yaw|<=15.0, |pitch|<=15.0): yaw=-21.0, pitch=-15.7"
lfw_04051,data/raw/images/lfw_04051.jpg,FACE_TOO_ANGLED_OR_SMALL,"Pose out of frontal band (|yaw|<=15.0, |pitch|<=15.0): yaw=-3.1, pitch=-38.2"
lfw_04052,data/raw/images/lfw_04052.jpg,FACE_TOO_ANGLED_OR_SMALL,"Pose out of frontal band (|yaw|<=15.0, |pitch|<=15.0): yaw=-3.0, pitch=-28.5"
lfw_04053,data/raw/images/lfw_04053.jpg,MULTIPLE_FACES_DETECTED,
lfw_04054,data/raw/images/lfw_04054.jpg,FACE_TOO_ANGLED_OR_SMALL,"Pose out of frontal band (|yaw|<=15.0, |pitch|<=15.0): yaw=-22.1, pitch=-16.1"
lfw_04055,data/raw/images/lfw_04055.jpg,FACE_TOO_ANGLED_OR_SMALL,"Pose out of frontal band (|yaw|<=15.0, |pitch|<=15.0): yaw=14.5, pitch=-16.1"
lfw_04056,data/raw/images/lfw_04056.jpg,MULTIPLE_FACES_DETECTED,
lfw_04057,data/raw/images/lfw_04057.jpg,FACE_TOO_ANGLED_OR_SMALL,"Pose out of frontal band (|yaw|<=15.0, |pitch|<=15.0): yaw=56.1, pitch=-12.6"
lfw_04058,data/raw/images/lfw_04058.jpg,FACE_TOO_ANGLED_OR_SMALL,"Pose out of frontal band (|yaw|<=15.0, |pitch|<=15.0): yaw=54.2, pitch=-19.5"
lfw_04059,data/raw/images/lfw_04059.jpg,FACE_TOO_ANGLED_OR_SMALL,"Pose out of frontal band (|yaw|<=15.0, |pitch|<=15.0): yaw=37.4, pitch=-19.6"
lfw_04060,data/raw/images/lfw_04060.jpg,MULTIPLE_FACES_DETECTED,
lfw_04061,data/raw/images/lfw_04061.jpg,FACE_TOO_ANGLED_OR_SMALL,"Pose out of frontal band (|yaw|<=15.0, |pitch|<=15.0): yaw=5.0, pitch=-21.6"
lfw_04062,data/raw/images/lfw_04062.jpg,FACE_TOO_ANGLED_OR_SMALL,"Pose out of frontal band (|yaw|<=15.0, |pitch|<=15.0): yaw=-3.1, pitch=-28.3"
lfw_04063,data/raw/images/lfw_04063.jpg,FACE_TOO_ANGLED_OR_SMALL,"Pose out of frontal band (|yaw|<=15.0, |pitch|<=15.0): yaw=-25.6, pitch=-24.3"
lfw_04064,data/raw/images/lfw_04064.jpg,MULTIPLE_FACES_DETECTED,
lfw_04065,data/raw/images/lfw_04065.jpg,FACE_TOO_ANGLED_OR_SMALL,"Pose out of frontal band (|yaw|<=15.0, |pitch|<=15.0): yaw=20.5, pitch=-35.6"
lfw_04066,data/raw/images/lfw_04066.jpg,FACE_TOO_ANGLED_OR_SMALL,"Pose out of frontal band (|yaw|<=15.0, |pitch|<=15.0): yaw=-17.3, pitch=-24.2"
lfw_04067,data/raw/images/lfw_04067.jpg,FACE_TOO_ANGLED_OR_SMALL,"Pose out of frontal band (|yaw|<=15.0, |pitch|<=15.0): yaw=-29.5, pitch=-26.0"
lfw_04068,data/raw/images/lfw_04068.jpg,FACE_TOO_ANGLED_OR_SMALL,"Pose out of frontal band (|yaw|<=15.0, |pitch|<=15.0): yaw=-11.4, pitch=-27.8"
lfw_04069,data/raw/images/lfw_04069.jpg,FACE_TOO_ANGLED_OR_SMALL,"Pose out of frontal band (|yaw|<=15.0, |pitch|<=15.0): yaw=-18.3, pitch=-36.7"
lfw_04070,data/raw/images/lfw_04070.jpg,FACE_TOO_ANGLED_OR_SMALL,"Pose out of frontal band (|yaw|<=15.0, |pitch|<=15.0): yaw=-68.3, pitch=-14.8"
lfw_04071,data/raw/images/lfw_04071.jpg,FACE_TOO_ANGLED_OR_SMALL,"Pose out of frontal band (|yaw|<=15.0, |pitch|<=15.0): yaw=-27.3, pitch=-5.6"
lfw_04072,data/raw/images/lfw_04072.jpg,FACE_TOO_ANGLED_OR_SMALL,"Pose out of frontal band (|yaw|<=15.0, |pitch|<=15.0): yaw=12.3, pitch=-47.0"
lfw_04073,data/raw/images/lfw_04073.jpg,FACE_TOO_ANGLED_OR_SMALL,"Pose out of frontal band (|yaw|<=15.0, |pitch|<=15.0): yaw=-13.3, pitch=-26.4"
lfw_04074,data/raw/images/lfw_04074.jpg,FACE_TOO_ANGLED_OR_SMALL,"Pose out of frontal band (|yaw|<=15.0, |pitch|<=15.0): yaw=-35.4, pitch=-24.5"
lfw_04075,data/raw/images/lfw_04075.jpg,FACE_TOO_ANGLED_OR_SMALL,"Pose out of frontal band (|yaw|<=15.0, |pitch|<=15.0): yaw=-22.2, pitch=-8.3"
lfw_04076,data/raw/images/lfw_04076.jpg,FACE_TOO_ANGLED_OR_SMALL,"Pose out of frontal band (|yaw|<=15.0, |pitch|<=15.0): yaw=-46.4, pitch=-29.6"
lfw_04077,data/raw/images/lfw_04077.jpg,FACE_TOO_ANGLED_OR_SMALL,"Pose out of frontal band (|yaw|<=15.0, |pitch|<=15.0): yaw=-8.3, pitch=-16.8"
lfw_04078,data/raw/images/lfw_04078.jpg,FACE_TOO_ANGLED_OR_SMALL,"Pose out of frontal band (|yaw|<=15.0, |pitch|<=15.0): yaw=-12.6, pitch=-45.4"
lfw_04079,data/raw/images/lfw_04079.jpg,FACE_TOO_ANGLED_OR_SMALL,"Pose out of frontal band (|yaw|<=15.0, |pitch|<=15.0): yaw=-42.1, pitch=-38.7"
lfw_04080,data/raw/images/lfw_04080.jpg,FACE_TOO_ANGLED_OR_SMALL,"Pose out of frontal band (|yaw|<=15.0, |pitch|<=15.0): yaw=-48.7, pitch=-23.9"
lfw_04081,data/raw/images/lfw_04081.jpg,FACE_TOO_ANGLED_OR_SMALL,"Pose out of frontal band (|yaw|<=15.0, |pitch|<=15.0): yaw=29.8, pitch=-26.4"
lfw_04082,data/raw/images/lfw_04082.jpg,FACE_TOO_ANGLED_OR_SMALL,"Pose out of frontal band (|yaw|<=15.0, |pitch|<=15.0): yaw=-10.7, pitch=-26.0"
lfw_04083,data/raw/images/lfw_04083.jpg,FACE_TOO_ANGLED_OR_SMALL,"Pose out of frontal band (|yaw|<=15.0, |pitch|<=15.0): yaw=33.8, pitch=-23.0"
lfw_04084,data/raw/images/lfw_04084.jpg,FACE_TOO_ANGLED_OR_SMALL,"Pose out of frontal band (|yaw|<=15.0, |pitch|<=15.0): yaw=-70.6, pitch=-35.5"
lfw_04086,data/raw/images/lfw_04086.jpg,FACE_TOO_ANGLED_OR_SMALL,"Pose out of frontal band (|yaw|<=15.0, |pitch|<=15.0): yaw=-51.9, pitch=-27.6"
lfw_04087,data/raw/images/lfw_04087.jpg,FACE_TOO_ANGLED_OR_SMALL,"Pose out of frontal band (|yaw|<=15.0, |pitch|<=15.0): yaw=14.1, pitch=-16.0"
lfw_04088,data/raw/images/lfw_04088.jpg,FACE_TOO_ANGLED_OR_SMALL,"Pose out of frontal band (|yaw|<=15.0, |pitch|<=15.0): yaw=11.5, pitch=-18.7"
lfw_04089,data/raw/images/lfw_04089.jpg,FACE_TOO_ANGLED_OR_SMALL,"Pose out of frontal band (|yaw|<=15.0, |pitch|<=15.0): yaw=1.0, pitch=-22.2"
lfw_04090,data/raw/images/lfw_04090.jpg,FACE_TOO_ANGLED_OR_SMALL,"Pose out of frontal band (|yaw|<=15.0, |pitch|<=15.0): yaw=-4.4, pitch=-32.8"
lfw_04091,data/raw/images/lfw_04091.jpg,FACE_TOO_ANGLED_OR_SMALL,"Pose out of frontal band (|yaw|<=15.0, |pitch|<=15.0): yaw=20.8, pitch=-11.5"
lfw_04092,data/raw/images/lfw_04092.jpg,FACE_TOO_ANGLED_OR_SMALL,"Pose out of frontal band (|yaw|<=15.0, |pitch|<=15.0): yaw=-8.5, pitch=-34.6"
lfw_04093,data/raw/images/lfw_04093.jpg,FACE_TOO_ANGLED_OR_SMALL,"Pose out of frontal band (|yaw|<=15.0, |pitch|<=15.0): yaw=-69.6, pitch=-25.4"
lfw_04094,data/raw/images/lfw_04094.jpg,FACE_TOO_ANGLED_OR_SMALL,"Pose out of frontal band (|yaw|<=15.0, |pitch|<=15.0): yaw=-53.0, pitch=-31.2"
lfw_04095,data/raw/images/lfw_04095.jpg,MULTIPLE_FACES_DETECTED,
lfw_04096,data/raw/images/lfw_04096.jpg,FACE_TOO_ANGLED_OR_SMALL,"Pose out of frontal band (|yaw|<=15.0, |pitch|<=15.0): yaw=-37.9, pitch=-29.9"
lfw_04097,data/raw/images/lfw_04097.jpg,FACE_TOO_ANGLED_OR_SMALL,"Pose out of frontal band (|yaw|<=15.0, |pitch|<=15.0): yaw=-18.0, pitch=-17.1"
lfw_04098,data/raw/images/lfw_04098.jpg,FACE_TOO_ANGLED_OR_SMALL,"Pose out of frontal band (|yaw|<=15.0, |pitch|<=15.0): yaw=-32.7, pitch=-28.7"
lfw_04099,data/raw/images/lfw_04099.jpg,MULTIPLE_FACES_DETECTED,
lfw_04100,data/raw/images/lfw_04100.jpg,FACE_TOO_ANGLED_OR_SMALL,"Pose out of frontal band (|yaw|<=15.0, |pitch|<=15.0): yaw=-13.8, pitch=-26.1"
lfw_04101,data/raw/images/lfw_04101.jpg,FACE_TOO_ANGLED_OR_SMALL,"Pose out of frontal band (|yaw|<=15.0, |pitch|<=15.0): yaw=6.6, pitch=-29.8"
lfw_04102,data/raw/images/lfw_04102.jpg,FACE_TOO_ANGLED_OR_SMALL,"Pose out of frontal band (|yaw|<=15.0, |pitch|<=15.0): yaw=25.6, pitch=-30.6"
lfw_04103,data/raw/images/lfw_04103.jpg,FACE_TOO_ANGLED_OR_SMALL,"Pose out of frontal band (|yaw|<=15.0, |pitch|<=15.0): yaw=30.2, pitch=-22.1"
lfw_04104,data/raw/images/lfw_04104.jpg,MULTIPLE_FACES_DETECTED,
lfw_04105,data/raw/images/lfw_04105.jpg,FACE_TOO_ANGLED_OR_SMALL,"Pose out of frontal band (|yaw|<=15.0, |pitch|<=15.0): yaw=70.7, pitch=-32.7"
lfw_04106,data/raw/images/lfw_04106.jpg,FACE_TOO_ANGLED_OR_SMALL,"Pose out of frontal band (|yaw|<=15.0, |pitch|<=15.0): yaw=-21.6, pitch=-32.8"
lfw_04107,data/raw/images/lfw_04107.jpg,FACE_TOO_ANGLED_OR_SMALL,"Pose out of frontal band (|yaw|<=15.0, |pitch|<=15.0): yaw=0.5, pitch=-16.6"
lfw_04108,data/raw/images/lfw_04108.jpg,FACE_TOO_ANGLED_OR_SMALL,"Pose out of frontal band (|yaw|<=15.0, |pitch|<=15.0): yaw=-11.4, pitch=-23.8"
lfw_04109,data/raw/images/lfw_04109.jpg,FACE_TOO_ANGLED_OR_SMALL,"Pose out of frontal band (|yaw|<=15.0, |pitch|<=15.0): yaw=-28.4, pitch=-19.5"
lfw_04110,data/raw/images/lfw_04110.jpg,FACE_TOO_ANGLED_OR_SMALL,"Pose out of frontal band (|yaw|<=15.0, |pitch|<=15.0): yaw=7.2, pitch=-27.8"
lfw_04111,data/raw/images/lfw_04111.jpg,FACE_TOO_ANGLED_OR_SMALL,"Pose out of frontal band (|yaw|<=15.0, |pitch|<=15.0): yaw=23.6, pitch=-24.4"
lfw_04112,data/raw/images/lfw_04112.jpg,FACE_TOO_ANGLED_OR_SMALL,"Pose out of frontal band (|yaw|<=15.0, |pitch|<=15.0): yaw=14.5, pitch=-24.1"
lfw_04113,data/raw/images/lfw_04113.jpg,MULTIPLE_FACES_DETECTED,
lfw_04114,data/raw/images/lfw_04114.jpg,FACE_TOO_ANGLED_OR_SMALL,"Pose out of frontal band (|yaw|<=15.0, |pitch|<=15.0): yaw=-39.6, pitch=-34.5"
lfw_04115,data/raw/images/lfw_04115.jpg,FACE_TOO_ANGLED_OR_SMALL,"Pose out of frontal band (|yaw|<=15.0, |pitch|<=15.0): yaw=-30.4, pitch=-28.2"
lfw_04116,data/raw/images/lfw_04116.jpg,FACE_TOO_ANGLED_OR_SMALL,"Pose out of frontal band (|yaw|<=15.0, |pitch|<=15.0): yaw=-19.5, pitch=-25.1"
lfw_04117,data/raw/images/lfw_04117.jpg,FACE_TOO_ANGLED_OR_SMALL,"Pose out of frontal band (|yaw|<=15.0, |pitch|<=15.0): yaw=-26.7, pitch=-30.6"
lfw_04119,data/raw/images/lfw_04119.jpg,FACE_TOO_ANGLED_OR_SMALL,"Pose out of frontal band (|yaw|<=15.0, |pitch|<=15.0): yaw=-17.5, pitch=-26.8"
lfw_04120,data/raw/images/lfw_04120.jpg,FACE_TOO_ANGLED_OR_SMALL,"Pose out of frontal band (|yaw|<=15.0, |pitch|<=15.0): yaw=-32.0, pitch=-50.7"
lfw_04121,data/raw/images/lfw_04121.jpg,FACE_TOO_ANGLED_OR_SMALL,"Pose out of frontal band (|yaw|<=15.0, |pitch|<=15.0): yaw=-20.5, pitch=-31.1"
lfw_04122,data/raw/images/lfw_04122.jpg,FACE_TOO_ANGLED_OR_SMALL,"Pose out of frontal band (|yaw|<=15.0, |pitch|<=15.0): yaw=24.7, pitch=-33.8"
lfw_04123,data/raw/images/lfw_04123.jpg,MULTIPLE_FACES_DETECTED,
lfw_04124,data/raw/images/lfw_04124.jpg,MULTIPLE_FACES_DETECTED,
lfw_04125,data/raw/images/lfw_04125.jpg,FACE_TOO_ANGLED_OR_SMALL,"Pose out of frontal band (|yaw|<=15.0, |pitch|<=15.0): yaw=1.9, pitch=-27.5"
lfw_04126,data/raw/images/lfw_04126.jpg,FACE_TOO_ANGLED_OR_SMALL,"Pose out of frontal band (|yaw|<=15.0, |pitch|<=15.0): yaw=-27.2, pitch=-28.3"
lfw_04127,data/raw/images/lfw_04127.jpg,MULTIPLE_FACES_DETECTED,
lfw_04128,data/raw/images/lfw_04128.jpg,FACE_TOO_ANGLED_OR_SMALL,"Pose out of frontal band (|yaw|<=15.0, |pitch|<=15.0): yaw=-1.5, pitch=-25.0"
lfw_04129,data/raw/images/lfw_04129.jpg,FACE_TOO_ANGLED_OR_SMALL,"Pose out of frontal band (|yaw|<=15.0, |pitch|<=15.0): yaw=44.0, pitch=-38.6"
lfw_04131,data/raw/images/lfw_04131.jpg,FACE_TOO_ANGLED_OR_SMALL,"Pose out of frontal band (|yaw|<=15.0, |pitch|<=15.0): yaw=20.9, pitch=-85.1"
lfw_04132,data/raw/images/lfw_04132.jpg,MULTIPLE_FACES_DETECTED,
lfw_04133,data/raw/images/lfw_04133.jpg,MULTIPLE_FACES_DETECTED,
lfw_04134,data/raw/images/lfw_04134.jpg,FACE_TOO_ANGLED_OR_SMALL,"Pose out of frontal band (|yaw|<=15.0, |pitch|<=15.0): yaw=-0.5, pitch=-56.4"
lfw_04135,data/raw/images/lfw_04135.jpg,FACE_TOO_ANGLED_OR_SMALL,"Pose out of frontal band (|yaw|<=15.0, |pitch|<=15.0): yaw=-18.4, pitch=-16.4"
lfw_04136,data/raw/images/lfw_04136.jpg,FACE_TOO_ANGLED_OR_SMALL,"Pose out of frontal band (|yaw|<=15.0, |pitch|<=15.0): yaw=3.2, pitch=-24.8"
lfw_04137,data/raw/images/lfw_04137.jpg,FACE_TOO_ANGLED_OR_SMALL,"Pose out of frontal band (|yaw|<=15.0, |pitch|<=15.0): yaw=28.1, pitch=-31.2"
lfw_04138,data/raw/images/lfw_04138.jpg,FACE_TOO_ANGLED_OR_SMALL,"Pose out of frontal band (|yaw|<=15.0, |pitch|<=15.0): yaw=-12.7, pitch=-34.1"
lfw_04139,data/raw/images/lfw_04139.jpg,FACE_TOO_ANGLED_OR_SMALL,"Pose out of frontal band (|yaw|<=15.0, |pitch|<=15.0): yaw=-71.3, pitch=-21.4"
lfw_04140,data/raw/images/lfw_04140.jpg,FACE_TOO_ANGLED_OR_SMALL,"Pose out of frontal band (|yaw|<=15.0, |pitch|<=15.0): yaw=19.4, pitch=-45.0"
lfw_04141,data/raw/images/lfw_04141.jpg,FACE_TOO_ANGLED_OR_SMALL,"Pose out of frontal band (|yaw|<=15.0, |pitch|<=15.0): yaw=21.8, pitch=-57.7"
lfw_04142,data/raw/images/lfw_04142.jpg,FACE_TOO_ANGLED_OR_SMALL,"Pose out of frontal band (|yaw|<=15.0, |pitch|<=15.0): yaw=-0.4, pitch=-27.7"
lfw_04143,data/raw/images/lfw_04143.jpg,FACE_TOO_ANGLED_OR_SMALL,"Pose out of frontal band (|yaw|<=15.0, |pitch|<=15.0): yaw=16.2, pitch=-10.9"
lfw_04144,data/raw/images/lfw_04144.jpg,FACE_TOO_ANGLED_OR_SMALL,"Pose out of frontal band (|yaw|<=15.0, |pitch|<=15.0): yaw=-25.9, pitch=-2.3"
lfw_04145,data/raw/images/lfw_04145.jpg,FACE_TOO_ANGLED_OR_SMALL,"Pose out of frontal band (|yaw|<=15.0, |pitch|<=15.0): yaw=19.5, pitch=-22.2"
lfw_04146,data/raw/images/lfw_04146.jpg,FACE_TOO_ANGLED_OR_SMALL,"Pose out of frontal band (|yaw|<=15.0, |pitch|<=15.0): yaw=12.1, pitch=-20.2"
lfw_04147,data/raw/images/lfw_04147.jpg,FACE_TOO_ANGLED_OR_SMALL,"Pose out of frontal band (|yaw|<=15.0, |pitch|<=15.0): yaw=-2.2, pitch=-32.3"
lfw_04148,data/raw/images/lfw_04148.jpg,FACE_TOO_ANGLED_OR_SMALL,"Pose out of frontal band (|yaw|<=15.0, |pitch|<=15.0): yaw=-8.0, pitch=-46.4"
lfw_04149,data/raw/images/lfw_04149.jpg,FACE_TOO_ANGLED_OR_SMALL,"Pose out of frontal band (|yaw|<=15.0, |pitch|<=15.0): yaw=37.2, pitch=-19.8"
lfw_04150,data/raw/images/lfw_04150.jpg,FACE_TOO_ANGLED_OR_SMALL,"Pose out of frontal band (|yaw|<=15.0, |pitch|<=15.0): yaw=28.1, pitch=-40.3"
lfw_04151,data/raw/images/lfw_04151.jpg,FACE_TOO_ANGLED_OR_SMALL,"Pose out of frontal band (|yaw|<=15.0, |pitch|<=15.0): yaw=1.8, pitch=-24.7"
lfw_04152,data/raw/images/lfw_04152.jpg,FACE_TOO_ANGLED_OR_SMALL,"Pose out of frontal band (|yaw|<=15.0, |pitch|<=15.0): yaw=-32.4, pitch=-18.9"
lfw_04153,data/raw/images/lfw_04153.jpg,FACE_TOO_ANGLED_OR_SMALL,"Pose out of frontal band (|yaw|<=15.0, |pitch|<=15.0): yaw=-70.0, pitch=-46.9"
lfw_04154,data/raw/images/lfw_04154.jpg,FACE_TOO_ANGLED_OR_SMALL,"Pose out of frontal band (|yaw|<=15.0, |pitch|<=15.0): yaw=-12.0, pitch=-45.7"
lfw_04155,data/raw/images/lfw_04155.jpg,FACE_TOO_ANGLED_OR_SMALL,"Pose out of frontal band (|yaw|<=15.0, |pitch|<=15.0): yaw=-12.6, pitch=-23.7"
lfw_04156,data/raw/images/lfw_04156.jpg,FACE_TOO_ANGLED_OR_SMALL,"Pose out of frontal band (|yaw|<=15.0, |pitch|<=15.0): yaw=-6.2, pitch=-23.5"
lfw_04157,data/raw/images/lfw_04157.jpg,FACE_TOO_ANGLED_OR_SMALL,"Pose out of frontal band (|yaw|<=15.0, |pitch|<=15.0): yaw=-3.2, pitch=-22.4"
lfw_04158,data/raw/images/lfw_04158.jpg,FACE_TOO_ANGLED_OR_SMALL,"Pose out of frontal band (|yaw|<=15.0, |pitch|<=15.0): yaw=-36.9, pitch=-24.9"
lfw_04159,data/raw/images/lfw_04159.jpg,FACE_TOO_ANGLED_OR_SMALL,"Pose out of frontal band (|yaw|<=15.0, |pitch|<=15.0): yaw=27.1, pitch=-20.8"
lfw_04160,data/raw/images/lfw_04160.jpg,MULTIPLE_FACES_DETECTED,
lfw_04161,data/raw/images/lfw_04161.jpg,MULTIPLE_FACES_DETECTED,
lfw_04162,data/raw/images/lfw_04162.jpg,FACE_TOO_ANGLED_OR_SMALL,"Pose out of frontal band (|yaw|<=15.0, |pitch|<=15.0): yaw=-11.9, pitch=-20.6"
lfw_04163,data/raw/images/lfw_04163.jpg,FACE_TOO_ANGLED_OR_SMALL,"Pose out of frontal band (|yaw|<=15.0, |pitch|<=15.0): yaw=22.4, pitch=-11.3"
lfw_04164,data/raw/images/lfw_04164.jpg,FACE_TOO_ANGLED_OR_SMALL,"Pose out of frontal band (|yaw|<=15.0, |pitch|<=15.0): yaw=-45.8, pitch=-25.3"
lfw_04165,data/raw/images/lfw_04165.jpg,FACE_TOO_ANGLED_OR_SMALL,"Pose out of frontal band (|yaw|<=15.0, |pitch|<=15.0): yaw=21.8, pitch=-20.3"
lfw_04167,data/raw/images/lfw_04167.jpg,FACE_TOO_ANGLED_OR_SMALL,"Pose out of frontal band (|yaw|<=15.0, |pitch|<=15.0): yaw=70.4, pitch=-33.4"
lfw_04168,data/raw/images/lfw_04168.jpg,FACE_TOO_ANGLED_OR_SMALL,"Pose out of frontal band (|yaw|<=15.0, |pitch|<=15.0): yaw=1.5, pitch=-37.9"
lfw_04169,data/raw/images/lfw_04169.jpg,FACE_TOO_ANGLED_OR_SMALL,"Pose out of frontal band (|yaw|<=15.0, |pitch|<=15.0): yaw=-4.2, pitch=-24.1"
lfw_04170,data/raw/images/lfw_04170.jpg,FACE_TOO_ANGLED_OR_SMALL,"Pose out of frontal band (|yaw|<=15.0, |pitch|<=15.0): yaw=-17.3, pitch=-26.8"
lfw_04171,data/raw/images/lfw_04171.jpg,MULTIPLE_FACES_DETECTED,
lfw_04172,data/raw/images/lfw_04172.jpg,FACE_TOO_ANGLED_OR_SMALL,"Pose out of frontal band (|yaw|<=15.0, |pitch|<=15.0): yaw=13.9, pitch=-40.3"
lfw_04173,data/raw/images/lfw_04173.jpg,FACE_TOO_ANGLED_OR_SMALL,"Pose out of frontal band (|yaw|<=15.0, |pitch|<=15.0): yaw=1.6, pitch=-18.3"
lfw_04174,data/raw/images/lfw_04174.jpg,FACE_TOO_ANGLED_OR_SMALL,"Pose out of frontal band (|yaw|<=15.0, |pitch|<=15.0): yaw=-1.5, pitch=-29.1"
lfw_04175,data/raw/images/lfw_04175.jpg,FACE_TOO_ANGLED_OR_SMALL,"Pose out of frontal band (|yaw|<=15.0, |pitch|<=15.0): yaw=-70.2, pitch=-20.4"
lfw_04176,data/raw/images/lfw_04176.jpg,FACE_TOO_ANGLED_OR_SMALL,"Pose out of frontal band (|yaw|<=15.0, |pitch|<=15.0): yaw=-41.9, pitch=-42.0"
lfw_04177,data/raw/images/lfw_04177.jpg,FACE_TOO_ANGLED_OR_SMALL,"Pose out of frontal band (|yaw|<=15.0, |pitch|<=15.0): yaw=-1.0, pitch=-25.8"
lfw_04178,data/raw/images/lfw_04178.jpg,FACE_TOO_ANGLED_OR_SMALL,"Pose out of frontal band (|yaw|<=15.0, |pitch|<=15.0): yaw=7.8, pitch=-41.5"
lfw_04179,data/raw/images/lfw_04179.jpg,FACE_TOO_ANGLED_OR_SMALL,"Pose out of frontal band (|yaw|<=15.0, |pitch|<=15.0): yaw=-29.3, pitch=-16.5"
lfw_04180,data/raw/images/lfw_04180.jpg,FACE_TOO_ANGLED_OR_SMALL,"Pose out of frontal band (|yaw|<=15.0, |pitch|<=15.0): yaw=-10.4, pitch=-30.3"
lfw_04181,data/raw/images/lfw_04181.jpg,FACE_TOO_ANGLED_OR_SMALL,"Pose out of frontal band (|yaw|<=15.0, |pitch|<=15.0): yaw=-8.1, pitch=-15.2"
lfw_04182,data/raw/images/lfw_04182.jpg,FACE_TOO_ANGLED_OR_SMALL,"Pose out of frontal band (|yaw|<=15.0, |pitch|<=15.0): yaw=-27.9, pitch=-43.1"
lfw_04183,data/raw/images/lfw_04183.jpg,FACE_TOO_ANGLED_OR_SMALL,"Pose out of frontal band (|yaw|<=15.0, |pitch|<=15.0): yaw=-15.0, pitch=-16.3"
lfw_04184,data/raw/images/lfw_04184.jpg,FACE_TOO_ANGLED_OR_SMALL,"Pose out of frontal band (|yaw|<=15.0, |pitch|<=15.0): yaw=-52.9, pitch=-18.1"
lfw_04185,data/raw/images/lfw_04185.jpg,FACE_TOO_ANGLED_OR_SMALL,"Pose out of frontal band (|yaw|<=15.0, |pitch|<=15.0): yaw=-23.3, pitch=-21.1"
lfw_04186,data/raw/images/lfw_04186.jpg,FACE_TOO_ANGLED_OR_SMALL,"Pose out of frontal band (|yaw|<=15.0, |pitch|<=15.0): yaw=-45.4, pitch=-25.5"
lfw_04187,data/raw/images/lfw_04187.jpg,FACE_TOO_ANGLED_OR_SMALL,"Pose out of frontal band (|yaw|<=15.0, |pitch|<=15.0): yaw=-56.9, pitch=-23.3"
lfw_04188,data/raw/images/lfw_04188.jpg,FACE_TOO_ANGLED_OR_SMALL,"Pose out of frontal band (|yaw|<=15.0, |pitch|<=15.0): yaw=-47.5, pitch=-27.5"
lfw_04189,data/raw/images/lfw_04189.jpg,FACE_TOO_ANGLED_OR_SMALL,"Pose out of frontal band (|yaw|<=15.0, |pitch|<=15.0): yaw=-26.9, pitch=-26.5"
lfw_04190,data/raw/images/lfw_04190.jpg,FACE_TOO_ANGLED_OR_SMALL,"Pose out of frontal band (|yaw|<=15.0, |pitch|<=15.0): yaw=-24.5, pitch=-23.4"
lfw_04191,data/raw/images/lfw_04191.jpg,FACE_TOO_ANGLED_OR_SMALL,"Pose out of frontal band (|yaw|<=15.0, |pitch|<=15.0): yaw=-64.3, pitch=-8.9"
lfw_04192,data/raw/images/lfw_04192.jpg,MULTIPLE_FACES_DETECTED,
lfw_04193,data/raw/images/lfw_04193.jpg,FACE_TOO_ANGLED_OR_SMALL,"Pose out of frontal band (|yaw|<=15.0, |pitch|<=15.0): yaw=12.3, pitch=-36.3"
lfw_04196,data/raw/images/lfw_04196.jpg,FACE_TOO_ANGLED_OR_SMALL,"Pose out of frontal band (|yaw|<=15.0, |pitch|<=15.0): yaw=-41.1, pitch=-23.5"
lfw_04197,data/raw/images/lfw_04197.jpg,FACE_TOO_ANGLED_OR_SMALL,"Pose out of frontal band (|yaw|<=15.0, |pitch|<=15.0): yaw=-12.2, pitch=-29.1"
lfw_04198,data/raw/images/lfw_04198.jpg,FACE_TOO_ANGLED_OR_SMALL,"Pose out of frontal band (|yaw|<=15.0, |pitch|<=15.0): yaw=-33.2, pitch=-26.3"
lfw_04199,data/raw/images/lfw_04199.jpg,FACE_TOO_ANGLED_OR_SMALL,"Pose out of frontal band (|yaw|<=15.0, |pitch|<=15.0): yaw=1.7, pitch=-22.9"
lfw_04200,data/raw/images/lfw_04200.jpg,FACE_TOO_ANGLED_OR_SMALL,"Pose out of frontal band (|yaw|<=15.0, |pitch|<=15.0): yaw=-1.5, pitch=-20.6"
lfw_04201,data/raw/images/lfw_04201.jpg,MULTIPLE_FACES_DETECTED,
lfw_04202,data/raw/images/lfw_04202.jpg,FACE_TOO_ANGLED_OR_SMALL,"Pose out of frontal band (|yaw|<=15.0, |pitch|<=15.0): yaw=13.4, pitch=-26.1"
lfw_04203,data/raw/images/lfw_04203.jpg,FACE_TOO_ANGLED_OR_SMALL,"Pose out of frontal band (|yaw|<=15.0, |pitch|<=15.0): yaw=-18.5, pitch=-31.2"
lfw_04204,data/raw/images/lfw_04204.jpg,FACE_TOO_ANGLED_OR_SMALL,"Pose out of frontal band (|yaw|<=15.0, |pitch|<=15.0): yaw=23.6, pitch=-24.9"
lfw_04205,data/raw/images/lfw_04205.jpg,FACE_TOO_ANGLED_OR_SMALL,"Pose out of frontal band (|yaw|<=15.0, |pitch|<=15.0): yaw=15.4, pitch=-26.4"
lfw_04207,data/raw/images/lfw_04207.jpg,FACE_TOO_ANGLED_OR_SMALL,"Pose out of frontal band (|yaw|<=15.0, |pitch|<=15.0): yaw=16.8, pitch=-28.3"
lfw_04208,data/raw/images/lfw_04208.jpg,FACE_TOO_ANGLED_OR_SMALL,"Pose out of frontal band (|yaw|<=15.0, |pitch|<=15.0): yaw=-6.9, pitch=-45.5"
lfw_04209,data/raw/images/lfw_04209.jpg,FACE_TOO_ANGLED_OR_SMALL,"Pose out of frontal band (|yaw|<=15.0, |pitch|<=15.0): yaw=-12.5, pitch=-16.1"
lfw_04210,data/raw/images/lfw_04210.jpg,FACE_TOO_ANGLED_OR_SMALL,"Pose out of frontal band (|yaw|<=15.0, |pitch|<=15.0): yaw=22.1, pitch=-29.3"
lfw_04211,data/raw/images/lfw_04211.jpg,FACE_TOO_ANGLED_OR_SMALL,"Pose out of frontal band (|yaw|<=15.0, |pitch|<=15.0): yaw=34.3, pitch=-28.7"
lfw_04212,data/raw/images/lfw_04212.jpg,FACE_TOO_ANGLED_OR_SMALL,"Pose out of frontal band (|yaw|<=15.0, |pitch|<=15.0): yaw=12.7, pitch=-32.1"
lfw_04213,data/raw/images/lfw_04213.jpg,MULTIPLE_FACES_DETECTED,
lfw_04215,data/raw/images/lfw_04215.jpg,FACE_TOO_ANGLED_OR_SMALL,"Pose out of frontal band (|yaw|<=15.0, |pitch|<=15.0): yaw=28.2, pitch=-36.0"
lfw_04216,data/raw/images/lfw_04216.jpg,FACE_TOO_ANGLED_OR_SMALL,"Pose out of frontal band (|yaw|<=15.0, |pitch|<=15.0): yaw=4.3, pitch=-45.1"
lfw_04217,data/raw/images/lfw_04217.jpg,FACE_TOO_ANGLED_OR_SMALL,"Pose out of frontal band (|yaw|<=15.0, |pitch|<=15.0): yaw=-9.2, pitch=-23.6"
lfw_04218,data/raw/images/lfw_04218.jpg,FACE_TOO_ANGLED_OR_SMALL,"Pose out of frontal band (|yaw|<=15.0, |pitch|<=15.0): yaw=-38.5, pitch=-18.4"
lfw_04219,data/raw/images/lfw_04219.jpg,FACE_TOO_ANGLED_OR_SMALL,"Pose out of frontal band (|yaw|<=15.0, |pitch|<=15.0): yaw=18.7, pitch=-22.7"
lfw_04220,data/raw/images/lfw_04220.jpg,FACE_TOO_ANGLED_OR_SMALL,"Pose out of frontal band (|yaw|<=15.0, |pitch|<=15.0): yaw=38.6, pitch=-27.2"
lfw_04221,data/raw/images/lfw_04221.jpg,MULTIPLE_FACES_DETECTED,
lfw_04222,data/raw/images/lfw_04222.jpg,FACE_TOO_ANGLED_OR_SMALL,"Pose out of frontal band (|yaw|<=15.0, |pitch|<=15.0): yaw=7.3, pitch=-31.5"
lfw_04223,data/raw/images/lfw_04223.jpg,FACE_TOO_ANGLED_OR_SMALL,"Pose out of frontal band (|yaw|<=15.0, |pitch|<=15.0): yaw=22.4, pitch=-34.1"
lfw_04224,data/raw/images/lfw_04224.jpg,MULTIPLE_FACES_DETECTED,
lfw_04225,data/raw/images/lfw_04225.jpg,FACE_TOO_ANGLED_OR_SMALL,"Pose out of frontal band (|yaw|<=15.0, |pitch|<=15.0): yaw=15.0, pitch=-15.8"
lfw_04226,data/raw/images/lfw_04226.jpg,FACE_TOO_ANGLED_OR_SMALL,"Pose out of frontal band (|yaw|<=15.0, |pitch|<=15.0): yaw=-13.4, pitch=-22.4"
lfw_04227,data/raw/images/lfw_04227.jpg,FACE_TOO_ANGLED_OR_SMALL,"Pose out of frontal band (|yaw|<=15.0, |pitch|<=15.0): yaw=-2.4, pitch=-22.7"
lfw_04228,data/raw/images/lfw_04228.jpg,FACE_TOO_ANGLED_OR_SMALL,"Pose out of frontal band (|yaw|<=15.0, |pitch|<=15.0): yaw=17.1, pitch=-18.4"
lfw_04230,data/raw/images/lfw_04230.jpg,FACE_TOO_ANGLED_OR_SMALL,"Pose out of frontal band (|yaw|<=15.0, |pitch|<=15.0): yaw=-3.3, pitch=-16.1"
lfw_04231,data/raw/images/lfw_04231.jpg,FACE_TOO_ANGLED_OR_SMALL,"Pose out of frontal band (|yaw|<=15.0, |pitch|<=15.0): yaw=4.4, pitch=-33.8"
lfw_04232,data/raw/images/lfw_04232.jpg,FACE_TOO_ANGLED_OR_SMALL,"Pose out of frontal band (|yaw|<=15.0, |pitch|<=15.0): yaw=-15.3, pitch=-43.5"
lfw_04233,data/raw/images/lfw_04233.jpg,FACE_TOO_ANGLED_OR_SMALL,"Pose out of frontal band (|yaw|<=15.0, |pitch|<=15.0): yaw=-6.0, pitch=-36.7"
lfw_04234,data/raw/images/lfw_04234.jpg,FACE_TOO_ANGLED_OR_SMALL,"Pose out of frontal band (|yaw|<=15.0, |pitch|<=15.0): yaw=36.0, pitch=-29.3"
lfw_04235,data/raw/images/lfw_04235.jpg,MULTIPLE_FACES_DETECTED,
lfw_04236,data/raw/images/lfw_04236.jpg,FACE_TOO_ANGLED_OR_SMALL,"Pose out of frontal band (|yaw|<=15.0, |pitch|<=15.0): yaw=2.4, pitch=-46.8"
lfw_04237,data/raw/images/lfw_04237.jpg,FACE_TOO_ANGLED_OR_SMALL,"Pose out of frontal band (|yaw|<=15.0, |pitch|<=15.0): yaw=31.5, pitch=-28.6"
lfw_04238,data/raw/images/lfw_04238.jpg,FACE_TOO_ANGLED_OR_SMALL,"Pose out of frontal band (|yaw|<=15.0, |pitch|<=15.0): yaw=29.6, pitch=-17.8"
lfw_04239,data/raw/images/lfw_04239.jpg,FACE_TOO_ANGLED_OR_SMALL,"Pose out of frontal band (|yaw|<=15.0, |pitch|<=15.0): yaw=24.4, pitch=-33.7"
lfw_04240,data/raw/images/lfw_04240.jpg,FACE_TOO_ANGLED_OR_SMALL,"Pose out of frontal band (|yaw|<=15.0, |pitch|<=15.0): yaw=33.6, pitch=-28.2"
lfw_04241,data/raw/images/lfw_04241.jpg,MULTIPLE_FACES_DETECTED,
lfw_04242,data/raw/images/lfw_04242.jpg,FACE_TOO_ANGLED_OR_SMALL,"Pose out of frontal band (|yaw|<=15.0, |pitch|<=15.0): yaw=-58.8, pitch=-30.3"
lfw_04243,data/raw/images/lfw_04243.jpg,FACE_TOO_ANGLED_OR_SMALL,"Pose out of frontal band (|yaw|<=15.0, |pitch|<=15.0): yaw=1.5, pitch=-28.5"
lfw_04244,data/raw/images/lfw_04244.jpg,FACE_TOO_ANGLED_OR_SMALL,"Pose out of frontal band (|yaw|<=15.0, |pitch|<=15.0): yaw=-5.8, pitch=-28.2"
lfw_04245,data/raw/images/lfw_04245.jpg,FACE_TOO_ANGLED_OR_SMALL,"Pose out of frontal band (|yaw|<=15.0, |pitch|<=15.0): yaw=-56.4, pitch=-29.0"
lfw_04246,data/raw/images/lfw_04246.jpg,FACE_TOO_ANGLED_OR_SMALL,"Pose out of frontal band (|yaw|<=15.0, |pitch|<=15.0): yaw=21.4, pitch=-32.2"
lfw_04247,data/raw/images/lfw_04247.jpg,FACE_TOO_ANGLED_OR_SMALL,"Pose out of frontal band (|yaw|<=15.0, |pitch|<=15.0): yaw=-27.2, pitch=-10.8"
lfw_04248,data/raw/images/lfw_04248.jpg,FACE_TOO_ANGLED_OR_SMALL,"Pose out of frontal band (|yaw|<=15.0, |pitch|<=15.0): yaw=18.1, pitch=-39.2"
lfw_04250,data/raw/images/lfw_04250.jpg,FACE_TOO_ANGLED_OR_SMALL,"Pose out of frontal band (|yaw|<=15.0, |pitch|<=15.0): yaw=16.6, pitch=-18.9"
lfw_04251,data/raw/images/lfw_04251.jpg,FACE_TOO_ANGLED_OR_SMALL,"Pose out of frontal band (|yaw|<=15.0, |pitch|<=15.0): yaw=-25.1, pitch=-23.9"
lfw_04252,data/raw/images/lfw_04252.jpg,FACE_TOO_ANGLED_OR_SMALL,"Pose out of frontal band (|yaw|<=15.0, |pitch|<=15.0): yaw=-0.8, pitch=-20.6"
lfw_04253,data/raw/images/lfw_04253.jpg,FACE_TOO_ANGLED_OR_SMALL,"Pose out of frontal band (|yaw|<=15.0, |pitch|<=15.0): yaw=-29.2, pitch=-19.9"
lfw_04254,data/raw/images/lfw_04254.jpg,FACE_TOO_ANGLED_OR_SMALL,"Pose out of frontal band (|yaw|<=15.0, |pitch|<=15.0): yaw=-6.6, pitch=-26.8"
lfw_04255,data/raw/images/lfw_04255.jpg,MULTIPLE_FACES_DETECTED,
lfw_04256,data/raw/images/lfw_04256.jpg,MULTIPLE_FACES_DETECTED,
lfw_04257,data/raw/images/lfw_04257.jpg,FACE_TOO_ANGLED_OR_SMALL,"Pose out of frontal band (|yaw|<=15.0, |pitch|<=15.0): yaw=-27.3, pitch=-41.1"
lfw_04258,data/raw/images/lfw_04258.jpg,FACE_TOO_ANGLED_OR_SMALL,"Pose out of frontal band (|yaw|<=15.0, |pitch|<=15.0): yaw=-15.2, pitch=-51.3"
lfw_04259,data/raw/images/lfw_04259.jpg,FACE_TOO_ANGLED_OR_SMALL,"Pose out of frontal band (|yaw|<=15.0, |pitch|<=15.0): yaw=-10.1, pitch=-46.8"
lfw_04260,data/raw/images/lfw_04260.jpg,FACE_TOO_ANGLED_OR_SMALL,"Pose out of frontal band (|yaw|<=15.0, |pitch|<=15.0): yaw=15.1, pitch=-27.5"
lfw_04261,data/raw/images/lfw_04261.jpg,FACE_TOO_ANGLED_OR_SMALL,"Pose out of frontal band (|yaw|<=15.0, |pitch|<=15.0): yaw=15.3, pitch=-33.1"
lfw_04262,data/raw/images/lfw_04262.jpg,FACE_TOO_ANGLED_OR_SMALL,"Pose out of frontal band (|yaw|<=15.0, |pitch|<=15.0): yaw=-33.5, pitch=-31.3"
lfw_04263,data/raw/images/lfw_04263.jpg,FACE_TOO_ANGLED_OR_SMALL,"Pose out of frontal band (|yaw|<=15.0, |pitch|<=15.0): yaw=-18.7, pitch=-23.3"
lfw_04264,data/raw/images/lfw_04264.jpg,FACE_TOO_ANGLED_OR_SMALL,"Pose out of frontal band (|yaw|<=15.0, |pitch|<=15.0): yaw=-4.8, pitch=-26.9"
lfw_04265,data/raw/images/lfw_04265.jpg,FACE_TOO_ANGLED_OR_SMALL,"Pose out of frontal band (|yaw|<=15.0, |pitch|<=15.0): yaw=-0.0, pitch=-57.0"
lfw_04266,data/raw/images/lfw_04266.jpg,FACE_TOO_ANGLED_OR_SMALL,"Pose out of frontal band (|yaw|<=15.0, |pitch|<=15.0): yaw=-23.4, pitch=-3.5"
lfw_04267,data/raw/images/lfw_04267.jpg,FACE_TOO_ANGLED_OR_SMALL,"Pose out of frontal band (|yaw|<=15.0, |pitch|<=15.0): yaw=-39.0, pitch=-29.7"
lfw_04268,data/raw/images/lfw_04268.jpg,FACE_TOO_ANGLED_OR_SMALL,"Pose out of frontal band (|yaw|<=15.0, |pitch|<=15.0): yaw=0.3, pitch=-42.2"
lfw_04269,data/raw/images/lfw_04269.jpg,FACE_TOO_ANGLED_OR_SMALL,"Pose out of frontal band (|yaw|<=15.0, |pitch|<=15.0): yaw=-12.6, pitch=-46.8"
lfw_04270,data/raw/images/lfw_04270.jpg,FACE_TOO_ANGLED_OR_SMALL,"Pose out of frontal band (|yaw|<=15.0, |pitch|<=15.0): yaw=43.9, pitch=-40.8"
lfw_04271,data/raw/images/lfw_04271.jpg,FACE_TOO_ANGLED_OR_SMALL,"Pose out of frontal band (|yaw|<=15.0, |pitch|<=15.0): yaw=9.7, pitch=-33.5"
lfw_04272,data/raw/images/lfw_04272.jpg,FACE_TOO_ANGLED_OR_SMALL,"Pose out of frontal band (|yaw|<=15.0, |pitch|<=15.0): yaw=1.7, pitch=-33.2"
lfw_04273,data/raw/images/lfw_04273.jpg,FACE_TOO_ANGLED_OR_SMALL,"Pose out of frontal band (|yaw|<=15.0, |pitch|<=15.0): yaw=-20.6, pitch=-25.7"
lfw_04274,data/raw/images/lfw_04274.jpg,MULTIPLE_FACES_DETECTED,
lfw_04275,data/raw/images/lfw_04275.jpg,FACE_TOO_ANGLED_OR_SMALL,"Pose out of frontal band (|yaw|<=15.0, |pitch|<=15.0): yaw=-13.2, pitch=-21.8"
lfw_04276,data/raw/images/lfw_04276.jpg,FACE_TOO_ANGLED_OR_SMALL,"Pose out of frontal band (|yaw|<=15.0, |pitch|<=15.0): yaw=-20.3, pitch=-19.0"
lfw_04277,data/raw/images/lfw_04277.jpg,FACE_TOO_ANGLED_OR_SMALL,"Pose out of frontal band (|yaw|<=15.0, |pitch|<=15.0): yaw=17.9, pitch=-40.4"
lfw_04278,data/raw/images/lfw_04278.jpg,FACE_TOO_ANGLED_OR_SMALL,"Pose out of frontal band (|yaw|<=15.0, |pitch|<=15.0): yaw=6.0, pitch=-27.1"
lfw_04279,data/raw/images/lfw_04279.jpg,FACE_TOO_ANGLED_OR_SMALL,"Pose out of frontal band (|yaw|<=15.0, |pitch|<=15.0): yaw=9.0, pitch=-29.1"
lfw_04280,data/raw/images/lfw_04280.jpg,FACE_TOO_ANGLED_OR_SMALL,"Pose out of frontal band (|yaw|<=15.0, |pitch|<=15.0): yaw=14.2, pitch=-33.4"
lfw_04281,data/raw/images/lfw_04281.jpg,FACE_TOO_ANGLED_OR_SMALL,"Pose out of frontal band (|yaw|<=15.0, |pitch|<=15.0): yaw=3.6, pitch=-19.9"
lfw_04283,data/raw/images/lfw_04283.jpg,FACE_TOO_ANGLED_OR_SMALL,"Pose out of frontal band (|yaw|<=15.0, |pitch|<=15.0): yaw=-4.4, pitch=-22.3"
lfw_04284,data/raw/images/lfw_04284.jpg,FACE_TOO_ANGLED_OR_SMALL,"Pose out of frontal band (|yaw|<=15.0, |pitch|<=15.0): yaw=31.9, pitch=-60.6"
lfw_04285,data/raw/images/lfw_04285.jpg,FACE_TOO_ANGLED_OR_SMALL,"Pose out of frontal band (|yaw|<=15.0, |pitch|<=15.0): yaw=2.3, pitch=-28.5"
lfw_04286,data/raw/images/lfw_04286.jpg,FACE_TOO_ANGLED_OR_SMALL,"Pose out of frontal band (|yaw|<=15.0, |pitch|<=15.0): yaw=-0.3, pitch=-30.4"
lfw_04287,data/raw/images/lfw_04287.jpg,FACE_TOO_ANGLED_OR_SMALL,"Pose out of frontal band (|yaw|<=15.0, |pitch|<=15.0): yaw=30.1, pitch=-11.2"
lfw_04288,data/raw/images/lfw_04288.jpg,FACE_TOO_ANGLED_OR_SMALL,"Pose out of frontal band (|yaw|<=15.0, |pitch|<=15.0): yaw=9.7, pitch=-36.7"
lfw_04289,data/raw/images/lfw_04289.jpg,FACE_TOO_ANGLED_OR_SMALL,"Pose out of frontal band (|yaw|<=15.0, |pitch|<=15.0): yaw=-36.2, pitch=-21.9"
lfw_04290,data/raw/images/lfw_04290.jpg,FACE_TOO_ANGLED_OR_SMALL,"Pose out of frontal band (|yaw|<=15.0, |pitch|<=15.0): yaw=-13.9, pitch=-21.9"
lfw_04291,data/raw/images/lfw_04291.jpg,FACE_TOO_ANGLED_OR_SMALL,"Pose out of frontal band (|yaw|<=15.0, |pitch|<=15.0): yaw=8.6, pitch=-35.1"
lfw_04292,data/raw/images/lfw_04292.jpg,FACE_TOO_ANGLED_OR_SMALL,"Pose out of frontal band (|yaw|<=15.0, |pitch|<=15.0): yaw=11.3, pitch=-34.5"
lfw_04293,data/raw/images/lfw_04293.jpg,FACE_TOO_ANGLED_OR_SMALL,"Pose out of frontal band (|yaw|<=15.0, |pitch|<=15.0): yaw=-11.2, pitch=-27.1"
lfw_04294,data/raw/images/lfw_04294.jpg,FACE_TOO_ANGLED_OR_SMALL,"Pose out of frontal band (|yaw|<=15.0, |pitch|<=15.0): yaw=46.9, pitch=-20.4"
lfw_04295,data/raw/images/lfw_04295.jpg,FACE_TOO_ANGLED_OR_SMALL,"Pose out of frontal band (|yaw|<=15.0, |pitch|<=15.0): yaw=-35.3, pitch=-20.2"
lfw_04296,data/raw/images/lfw_04296.jpg,FACE_TOO_ANGLED_OR_SMALL,"Pose out of frontal band (|yaw|<=15.0, |pitch|<=15.0): yaw=-20.8, pitch=-28.7"
lfw_04297,data/raw/images/lfw_04297.jpg,FACE_TOO_ANGLED_OR_SMALL,"Pose out of frontal band (|yaw|<=15.0, |pitch|<=15.0): yaw=-28.1, pitch=-36.0"
lfw_04298,data/raw/images/lfw_04298.jpg,FACE_TOO_ANGLED_OR_SMALL,"Pose out of frontal band (|yaw|<=15.0, |pitch|<=15.0): yaw=27.6, pitch=-31.9"
lfw_04299,data/raw/images/lfw_04299.jpg,FACE_TOO_ANGLED_OR_SMALL,"Pose out of frontal band (|yaw|<=15.0, |pitch|<=15.0): yaw=4.1, pitch=-29.2"
lfw_04300,data/raw/images/lfw_04300.jpg,FACE_TOO_ANGLED_OR_SMALL,"Pose out of frontal band (|yaw|<=15.0, |pitch|<=15.0): yaw=-7.0, pitch=-32.4"
lfw_04301,data/raw/images/lfw_04301.jpg,FACE_TOO_ANGLED_OR_SMALL,"Pose out of frontal band (|yaw|<=15.0, |pitch|<=15.0): yaw=-28.0, pitch=-23.7"
lfw_04302,data/raw/images/lfw_04302.jpg,FACE_TOO_ANGLED_OR_SMALL,"Pose out of frontal band (|yaw|<=15.0, |pitch|<=15.0): yaw=-52.2, pitch=-23.5"
lfw_04303,data/raw/images/lfw_04303.jpg,FACE_TOO_ANGLED_OR_SMALL,"Pose out of frontal band (|yaw|<=15.0, |pitch|<=15.0): yaw=-6.1, pitch=-28.5"
lfw_04304,data/raw/images/lfw_04304.jpg,FACE_TOO_ANGLED_OR_SMALL,"Pose out of frontal band (|yaw|<=15.0, |pitch|<=15.0): yaw=-29.2, pitch=-30.6"
lfw_04305,data/raw/images/lfw_04305.jpg,FACE_TOO_ANGLED_OR_SMALL,"Pose out of frontal band (|yaw|<=15.0, |pitch|<=15.0): yaw=5.8, pitch=-31.3"
lfw_04306,data/raw/images/lfw_04306.jpg,FACE_TOO_ANGLED_OR_SMALL,"Pose out of frontal band (|yaw|<=15.0, |pitch|<=15.0): yaw=38.4, pitch=-51.3"
lfw_04307,data/raw/images/lfw_04307.jpg,FACE_TOO_ANGLED_OR_SMALL,"Pose out of frontal band (|yaw|<=15.0, |pitch|<=15.0): yaw=-7.9, pitch=-44.8"
lfw_04308,data/raw/images/lfw_04308.jpg,FACE_TOO_ANGLED_OR_SMALL,"Pose out of frontal band (|yaw|<=15.0, |pitch|<=15.0): yaw=-3.7, pitch=-40.1"
lfw_04309,data/raw/images/lfw_04309.jpg,FACE_TOO_ANGLED_OR_SMALL,"Pose out of frontal band (|yaw|<=15.0, |pitch|<=15.0): yaw=-33.0, pitch=-7.6"
lfw_04310,data/raw/images/lfw_04310.jpg,FACE_TOO_ANGLED_OR_SMALL,"Pose out of frontal band (|yaw|<=15.0, |pitch|<=15.0): yaw=-10.3, pitch=-22.5"
lfw_04311,data/raw/images/lfw_04311.jpg,FACE_TOO_ANGLED_OR_SMALL,"Pose out of frontal band (|yaw|<=15.0, |pitch|<=15.0): yaw=-2.7, pitch=-23.3"
lfw_04312,data/raw/images/lfw_04312.jpg,FACE_TOO_ANGLED_OR_SMALL,"Pose out of frontal band (|yaw|<=15.0, |pitch|<=15.0): yaw=-3.9, pitch=-25.7"
lfw_04313,data/raw/images/lfw_04313.jpg,FACE_TOO_ANGLED_OR_SMALL,"Pose out of frontal band (|yaw|<=15.0, |pitch|<=15.0): yaw=-44.8, pitch=-16.2"
lfw_04314,data/raw/images/lfw_04314.jpg,FACE_TOO_ANGLED_OR_SMALL,"Pose out of frontal band (|yaw|<=15.0, |pitch|<=15.0): yaw=-36.4, pitch=-20.5"
lfw_04315,data/raw/images/lfw_04315.jpg,FACE_TOO_ANGLED_OR_SMALL,"Pose out of frontal band (|yaw|<=15.0, |pitch|<=15.0): yaw=7.4, pitch=-27.1"
lfw_04316,data/raw/images/lfw_04316.jpg,FACE_TOO_ANGLED_OR_SMALL,"Pose out of frontal band (|yaw|<=15.0, |pitch|<=15.0): yaw=-41.8, pitch=-25.2"
lfw_04317,data/raw/images/lfw_04317.jpg,FACE_TOO_ANGLED_OR_SMALL,"Pose out of frontal band (|yaw|<=15.0, |pitch|<=15.0): yaw=-37.8, pitch=-31.7"
lfw_04318,data/raw/images/lfw_04318.jpg,FACE_TOO_ANGLED_OR_SMALL,"Pose out of frontal band (|yaw|<=15.0, |pitch|<=15.0): yaw=7.6, pitch=-26.1"
lfw_04319,data/raw/images/lfw_04319.jpg,FACE_TOO_ANGLED_OR_SMALL,"Pose out of frontal band (|yaw|<=15.0, |pitch|<=15.0): yaw=-20.6, pitch=-25.6"
lfw_04320,data/raw/images/lfw_04320.jpg,FACE_TOO_ANGLED_OR_SMALL,"Pose out of frontal band (|yaw|<=15.0, |pitch|<=15.0): yaw=-13.1, pitch=-33.9"
lfw_04321,data/raw/images/lfw_04321.jpg,FACE_TOO_ANGLED_OR_SMALL,"Pose out of frontal band (|yaw|<=15.0, |pitch|<=15.0): yaw=24.1, pitch=-15.1"
lfw_04322,data/raw/images/lfw_04322.jpg,FACE_TOO_ANGLED_OR_SMALL,"Pose out of frontal band (|yaw|<=15.0, |pitch|<=15.0): yaw=9.3, pitch=-27.1"
lfw_04323,data/raw/images/lfw_04323.jpg,FACE_TOO_ANGLED_OR_SMALL,"Pose out of frontal band (|yaw|<=15.0, |pitch|<=15.0): yaw=-25.5, pitch=-28.3"
lfw_04324,data/raw/images/lfw_04324.jpg,FACE_TOO_ANGLED_OR_SMALL,"Pose out of frontal band (|yaw|<=15.0, |pitch|<=15.0): yaw=-18.6, pitch=-31.4"
lfw_04325,data/raw/images/lfw_04325.jpg,FACE_TOO_ANGLED_OR_SMALL,"Pose out of frontal band (|yaw|<=15.0, |pitch|<=15.0): yaw=-14.8, pitch=-20.9"
lfw_04326,data/raw/images/lfw_04326.jpg,FACE_TOO_ANGLED_OR_SMALL,"Pose out of frontal band (|yaw|<=15.0, |pitch|<=15.0): yaw=-26.5, pitch=-14.6"
lfw_04327,data/raw/images/lfw_04327.jpg,FACE_TOO_ANGLED_OR_SMALL,"Pose out of frontal band (|yaw|<=15.0, |pitch|<=15.0): yaw=-10.3, pitch=-25.4"
lfw_04328,data/raw/images/lfw_04328.jpg,FACE_TOO_ANGLED_OR_SMALL,"Pose out of frontal band (|yaw|<=15.0, |pitch|<=15.0): yaw=-3.6, pitch=-25.2"
lfw_04329,data/raw/images/lfw_04329.jpg,FACE_TOO_ANGLED_OR_SMALL,"Pose out of frontal band (|yaw|<=15.0, |pitch|<=15.0): yaw=2.1, pitch=-23.2"
lfw_04330,data/raw/images/lfw_04330.jpg,FACE_TOO_ANGLED_OR_SMALL,"Pose out of frontal band (|yaw|<=15.0, |pitch|<=15.0): yaw=7.9, pitch=-26.1"
lfw_04331,data/raw/images/lfw_04331.jpg,FACE_TOO_ANGLED_OR_SMALL,"Pose out of frontal band (|yaw|<=15.0, |pitch|<=15.0): yaw=36.3, pitch=-22.6"
lfw_04332,data/raw/images/lfw_04332.jpg,FACE_TOO_ANGLED_OR_SMALL,"Pose out of frontal band (|yaw|<=15.0, |pitch|<=15.0): yaw=-8.0, pitch=-19.0"
lfw_04333,data/raw/images/lfw_04333.jpg,FACE_TOO_ANGLED_OR_SMALL,"Pose out of frontal band (|yaw|<=15.0, |pitch|<=15.0): yaw=9.9, pitch=-20.7"
lfw_04334,data/raw/images/lfw_04334.jpg,FACE_TOO_ANGLED_OR_SMALL,"Pose out of frontal band (|yaw|<=15.0, |pitch|<=15.0): yaw=-47.3, pitch=-23.8"
lfw_04335,data/raw/images/lfw_04335.jpg,FACE_TOO_ANGLED_OR_SMALL,"Pose out of frontal band (|yaw|<=15.0, |pitch|<=15.0): yaw=-1.6, pitch=-30.3"
lfw_04336,data/raw/images/lfw_04336.jpg,FACE_TOO_ANGLED_OR_SMALL,"Pose out of frontal band (|yaw|<=15.0, |pitch|<=15.0): yaw=27.1, pitch=-23.8"
lfw_04337,data/raw/images/lfw_04337.jpg,FACE_TOO_ANGLED_OR_SMALL,"Pose out of frontal band (|yaw|<=15.0, |pitch|<=15.0): yaw=5.4, pitch=-27.9"
lfw_04338,data/raw/images/lfw_04338.jpg,FACE_TOO_ANGLED_OR_SMALL,"Pose out of frontal band (|yaw|<=15.0, |pitch|<=15.0): yaw=-18.6, pitch=-50.8"
lfw_04339,data/raw/images/lfw_04339.jpg,FACE_TOO_ANGLED_OR_SMALL,"Pose out of frontal band (|yaw|<=15.0, |pitch|<=15.0): yaw=19.1, pitch=-26.1"
lfw_04341,data/raw/images/lfw_04341.jpg,FACE_TOO_ANGLED_OR_SMALL,"Pose out of frontal band (|yaw|<=15.0, |pitch|<=15.0): yaw=-3.4, pitch=-27.1"
lfw_04342,data/raw/images/lfw_04342.jpg,FACE_TOO_ANGLED_OR_SMALL,"Pose out of frontal band (|yaw|<=15.0, |pitch|<=15.0): yaw=45.3, pitch=-12.5"
lfw_04343,data/raw/images/lfw_04343.jpg,FACE_TOO_ANGLED_OR_SMALL,"Pose out of frontal band (|yaw|<=15.0, |pitch|<=15.0): yaw=25.1, pitch=-36.7"
lfw_04344,data/raw/images/lfw_04344.jpg,FACE_TOO_ANGLED_OR_SMALL,"Pose out of frontal band (|yaw|<=15.0, |pitch|<=15.0): yaw=31.6, pitch=-26.7"
lfw_04346,data/raw/images/lfw_04346.jpg,FACE_TOO_ANGLED_OR_SMALL,"Pose out of frontal band (|yaw|<=15.0, |pitch|<=15.0): yaw=-26.6, pitch=-11.8"
lfw_04347,data/raw/images/lfw_04347.jpg,FACE_TOO_ANGLED_OR_SMALL,"Pose out of frontal band (|yaw|<=15.0, |pitch|<=15.0): yaw=-11.9, pitch=-28.8"
lfw_04349,data/raw/images/lfw_04349.jpg,FACE_TOO_ANGLED_OR_SMALL,"Pose out of frontal band (|yaw|<=15.0, |pitch|<=15.0): yaw=-37.1, pitch=-14.6"
lfw_04350,data/raw/images/lfw_04350.jpg,FACE_TOO_ANGLED_OR_SMALL,"Pose out of frontal band (|yaw|<=15.0, |pitch|<=15.0): yaw=-9.7, pitch=-18.8"
lfw_04351,data/raw/images/lfw_04351.jpg,FACE_TOO_ANGLED_OR_SMALL,"Pose out of frontal band (|yaw|<=15.0, |pitch|<=15.0): yaw=17.7, pitch=-24.3"
lfw_04352,data/raw/images/lfw_04352.jpg,FACE_TOO_ANGLED_OR_SMALL,"Pose out of frontal band (|yaw|<=15.0, |pitch|<=15.0): yaw=-6.5, pitch=-23.8"
lfw_04353,data/raw/images/lfw_04353.jpg,FACE_TOO_ANGLED_OR_SMALL,"Pose out of frontal band (|yaw|<=15.0, |pitch|<=15.0): yaw=-9.8, pitch=-22.3"
lfw_04354,data/raw/images/lfw_04354.jpg,FACE_TOO_ANGLED_OR_SMALL,"Pose out of frontal band (|yaw|<=15.0, |pitch|<=15.0): yaw=-49.5, pitch=-33.6"
lfw_04355,data/raw/images/lfw_04355.jpg,FACE_TOO_ANGLED_OR_SMALL,"Pose out of frontal band (|yaw|<=15.0, |pitch|<=15.0): yaw=-38.4, pitch=-31.7"
lfw_04356,data/raw/images/lfw_04356.jpg,FACE_TOO_ANGLED_OR_SMALL,"Pose out of frontal band (|yaw|<=15.0, |pitch|<=15.0): yaw=-0.9, pitch=-25.1"
lfw_04357,data/raw/images/lfw_04357.jpg,FACE_TOO_ANGLED_OR_SMALL,"Pose out of frontal band (|yaw|<=15.0, |pitch|<=15.0): yaw=-38.8, pitch=-31.7"
lfw_04358,data/raw/images/lfw_04358.jpg,FACE_TOO_ANGLED_OR_SMALL,"Pose out of frontal band (|yaw|<=15.0, |pitch|<=15.0): yaw=-10.2, pitch=-25.3"
lfw_04359,data/raw/images/lfw_04359.jpg,FACE_TOO_ANGLED_OR_SMALL,"Pose out of frontal band (|yaw|<=15.0, |pitch|<=15.0): yaw=-6.6, pitch=-37.9"
lfw_04360,data/raw/images/lfw_04360.jpg,FACE_TOO_ANGLED_OR_SMALL,"Pose out of frontal band (|yaw|<=15.0, |pitch|<=15.0): yaw=-8.5, pitch=-34.9"
lfw_04361,data/raw/images/lfw_04361.jpg,FACE_TOO_ANGLED_OR_SMALL,"Pose out of frontal band (|yaw|<=15.0, |pitch|<=15.0): yaw=-0.6, pitch=-58.9"
lfw_04362,data/raw/images/lfw_04362.jpg,FACE_TOO_ANGLED_OR_SMALL,"Pose out of frontal band (|yaw|<=15.0, |pitch|<=15.0): yaw=32.7, pitch=-26.9"
lfw_04363,data/raw/images/lfw_04363.jpg,FACE_TOO_ANGLED_OR_SMALL,"Pose out of frontal band (|yaw|<=15.0, |pitch|<=15.0): yaw=7.2, pitch=-17.8"
lfw_04364,data/raw/images/lfw_04364.jpg,FACE_TOO_ANGLED_OR_SMALL,"Pose out of frontal band (|yaw|<=15.0, |pitch|<=15.0): yaw=-1.7, pitch=-36.9"
lfw_04365,data/raw/images/lfw_04365.jpg,FACE_TOO_ANGLED_OR_SMALL,"Pose out of frontal band (|yaw|<=15.0, |pitch|<=15.0): yaw=-29.7, pitch=-23.2"
lfw_04366,data/raw/images/lfw_04366.jpg,FACE_TOO_ANGLED_OR_SMALL,"Pose out of frontal band (|yaw|<=15.0, |pitch|<=15.0): yaw=2.3, pitch=-29.3"
lfw_04367,data/raw/images/lfw_04367.jpg,FACE_TOO_ANGLED_OR_SMALL,"Pose out of frontal band (|yaw|<=15.0, |pitch|<=15.0): yaw=3.6, pitch=-37.2"
lfw_04368,data/raw/images/lfw_04368.jpg,FACE_TOO_ANGLED_OR_SMALL,"Pose out of frontal band (|yaw|<=15.0, |pitch|<=15.0): yaw=-6.2, pitch=-22.8"
lfw_04369,data/raw/images/lfw_04369.jpg,FACE_TOO_ANGLED_OR_SMALL,"Pose out of frontal band (|yaw|<=15.0, |pitch|<=15.0): yaw=46.6, pitch=-32.0"
lfw_04370,data/raw/images/lfw_04370.jpg,FACE_TOO_ANGLED_OR_SMALL,"Pose out of frontal band (|yaw|<=15.0, |pitch|<=15.0): yaw=-16.9, pitch=-29.4"
lfw_04371,data/raw/images/lfw_04371.jpg,FACE_TOO_ANGLED_OR_SMALL,"Pose out of frontal band (|yaw|<=15.0, |pitch|<=15.0): yaw=14.3, pitch=-18.7"
lfw_04372,data/raw/images/lfw_04372.jpg,FACE_TOO_ANGLED_OR_SMALL,"Pose out of frontal band (|yaw|<=15.0, |pitch|<=15.0): yaw=-12.7, pitch=-17.4"
lfw_04373,data/raw/images/lfw_04373.jpg,FACE_TOO_ANGLED_OR_SMALL,"Pose out of frontal band (|yaw|<=15.0, |pitch|<=15.0): yaw=-12.7, pitch=-21.8"
lfw_04374,data/raw/images/lfw_04374.jpg,FACE_TOO_ANGLED_OR_SMALL,"Pose out of frontal band (|yaw|<=15.0, |pitch|<=15.0): yaw=-17.4, pitch=-39.3"
lfw_04375,data/raw/images/lfw_04375.jpg,FACE_TOO_ANGLED_OR_SMALL,"Pose out of frontal band (|yaw|<=15.0, |pitch|<=15.0): yaw=-14.2, pitch=-29.2"
lfw_04376,data/raw/images/lfw_04376.jpg,FACE_TOO_ANGLED_OR_SMALL,"Pose out of frontal band (|yaw|<=15.0, |pitch|<=15.0): yaw=5.4, pitch=-28.3"
lfw_04377,data/raw/images/lfw_04377.jpg,FACE_TOO_ANGLED_OR_SMALL,"Pose out of frontal band (|yaw|<=15.0, |pitch|<=15.0): yaw=-25.9, pitch=-25.0"
lfw_04378,data/raw/images/lfw_04378.jpg,FACE_TOO_ANGLED_OR_SMALL,"Pose out of frontal band (|yaw|<=15.0, |pitch|<=15.0): yaw=47.6, pitch=-22.3"
lfw_04379,data/raw/images/lfw_04379.jpg,FACE_TOO_ANGLED_OR_SMALL,"Pose out of frontal band (|yaw|<=15.0, |pitch|<=15.0): yaw=16.3, pitch=-38.6"
lfw_04380,data/raw/images/lfw_04380.jpg,FACE_TOO_ANGLED_OR_SMALL,"Pose out of frontal band (|yaw|<=15.0, |pitch|<=15.0): yaw=-17.6, pitch=-36.4"
lfw_04381,data/raw/images/lfw_04381.jpg,FACE_TOO_ANGLED_OR_SMALL,"Pose out of frontal band (|yaw|<=15.0, |pitch|<=15.0): yaw=8.8, pitch=-34.7"
lfw_04382,data/raw/images/lfw_04382.jpg,FACE_TOO_ANGLED_OR_SMALL,"Pose out of frontal band (|yaw|<=15.0, |pitch|<=15.0): yaw=14.5, pitch=-20.5"
lfw_04383,data/raw/images/lfw_04383.jpg,FACE_TOO_ANGLED_OR_SMALL,"Pose out of frontal band (|yaw|<=15.0, |pitch|<=15.0): yaw=-29.8, pitch=-30.6"
lfw_04384,data/raw/images/lfw_04384.jpg,FACE_TOO_ANGLED_OR_SMALL,"Pose out of frontal band (|yaw|<=15.0, |pitch|<=15.0): yaw=-28.9, pitch=-31.5"
lfw_04385,data/raw/images/lfw_04385.jpg,FACE_TOO_ANGLED_OR_SMALL,"Pose out of frontal band (|yaw|<=15.0, |pitch|<=15.0): yaw=51.2, pitch=-19.5"
lfw_04387,data/raw/images/lfw_04387.jpg,FACE_TOO_ANGLED_OR_SMALL,"Pose out of frontal band (|yaw|<=15.0, |pitch|<=15.0): yaw=33.2, pitch=-34.2"
lfw_04388,data/raw/images/lfw_04388.jpg,FACE_TOO_ANGLED_OR_SMALL,"Pose out of frontal band (|yaw|<=15.0, |pitch|<=15.0): yaw=20.0, pitch=-20.6"
lfw_04390,data/raw/images/lfw_04390.jpg,MULTIPLE_FACES_DETECTED,
lfw_04391,data/raw/images/lfw_04391.jpg,FACE_TOO_ANGLED_OR_SMALL,"Pose out of frontal band (|yaw|<=15.0, |pitch|<=15.0): yaw=-5.2, pitch=-25.5"
lfw_04392,data/raw/images/lfw_04392.jpg,FACE_TOO_ANGLED_OR_SMALL,"Pose out of frontal band (|yaw|<=15.0, |pitch|<=15.0): yaw=22.8, pitch=-30.4"
lfw_04393,data/raw/images/lfw_04393.jpg,FACE_TOO_ANGLED_OR_SMALL,"Pose out of frontal band (|yaw|<=15.0, |pitch|<=15.0): yaw=-39.0, pitch=-27.2"
lfw_04394,data/raw/images/lfw_04394.jpg,FACE_TOO_ANGLED_OR_SMALL,"Pose out of frontal band (|yaw|<=15.0, |pitch|<=15.0): yaw=18.1, pitch=-26.7"
lfw_04395,data/raw/images/lfw_04395.jpg,FACE_TOO_ANGLED_OR_SMALL,"Pose out of frontal band (|yaw|<=15.0, |pitch|<=15.0): yaw=18.5, pitch=-11.6"
lfw_04397,data/raw/images/lfw_04397.jpg,FACE_TOO_ANGLED_OR_SMALL,"Pose out of frontal band (|yaw|<=15.0, |pitch|<=15.0): yaw=1.8, pitch=-24.7"
lfw_04398,data/raw/images/lfw_04398.jpg,FACE_TOO_ANGLED_OR_SMALL,"Pose out of frontal band (|yaw|<=15.0, |pitch|<=15.0): yaw=20.0, pitch=-25.0"
lfw_04399,data/raw/images/lfw_04399.jpg,FACE_TOO_ANGLED_OR_SMALL,"Pose out of frontal band (|yaw|<=15.0, |pitch|<=15.0): yaw=-30.9, pitch=-18.6"
lfw_04400,data/raw/images/lfw_04400.jpg,FACE_TOO_ANGLED_OR_SMALL,"Pose out of frontal band (|yaw|<=15.0, |pitch|<=15.0): yaw=-33.3, pitch=-15.8"
lfw_04401,data/raw/images/lfw_04401.jpg,MULTIPLE_FACES_DETECTED,
lfw_04402,data/raw/images/lfw_04402.jpg,FACE_TOO_ANGLED_OR_SMALL,"Pose out of frontal band (|yaw|<=15.0, |pitch|<=15.0): yaw=19.5, pitch=-27.1"
lfw_04403,data/raw/images/lfw_04403.jpg,FACE_TOO_ANGLED_OR_SMALL,"Pose out of frontal band (|yaw|<=15.0, |pitch|<=15.0): yaw=-16.5, pitch=-28.8"
lfw_04404,data/raw/images/lfw_04404.jpg,FACE_TOO_ANGLED_OR_SMALL,"Pose out of frontal band (|yaw|<=15.0, |pitch|<=15.0): yaw=-17.6, pitch=-29.2"
lfw_04405,data/raw/images/lfw_04405.jpg,FACE_TOO_ANGLED_OR_SMALL,"Pose out of frontal band (|yaw|<=15.0, |pitch|<=15.0): yaw=36.1, pitch=-29.5"
lfw_04406,data/raw/images/lfw_04406.jpg,FACE_TOO_ANGLED_OR_SMALL,"Pose out of frontal band (|yaw|<=15.0, |pitch|<=15.0): yaw=5.3, pitch=-32.2"
lfw_04408,data/raw/images/lfw_04408.jpg,FACE_TOO_ANGLED_OR_SMALL,"Pose out of frontal band (|yaw|<=15.0, |pitch|<=15.0): yaw=17.1, pitch=-35.5"
lfw_04409,data/raw/images/lfw_04409.jpg,FACE_TOO_ANGLED_OR_SMALL,"Pose out of frontal band (|yaw|<=15.0, |pitch|<=15.0): yaw=55.0, pitch=-16.2"
lfw_04410,data/raw/images/lfw_04410.jpg,FACE_TOO_ANGLED_OR_SMALL,"Pose out of frontal band (|yaw|<=15.0, |pitch|<=15.0): yaw=-1.9, pitch=-34.9"
lfw_04411,data/raw/images/lfw_04411.jpg,FACE_TOO_ANGLED_OR_SMALL,"Pose out of frontal band (|yaw|<=15.0, |pitch|<=15.0): yaw=-12.6, pitch=-56.8"
lfw_04412,data/raw/images/lfw_04412.jpg,FACE_TOO_ANGLED_OR_SMALL,"Pose out of frontal band (|yaw|<=15.0, |pitch|<=15.0): yaw=3.2, pitch=-32.0"
lfw_04413,data/raw/images/lfw_04413.jpg,FACE_TOO_ANGLED_OR_SMALL,"Pose out of frontal band (|yaw|<=15.0, |pitch|<=15.0): yaw=21.6, pitch=-30.1"
lfw_04414,data/raw/images/lfw_04414.jpg,FACE_TOO_ANGLED_OR_SMALL,"Pose out of frontal band (|yaw|<=15.0, |pitch|<=15.0): yaw=-2.1, pitch=-30.8"
lfw_04415,data/raw/images/lfw_04415.jpg,FACE_TOO_ANGLED_OR_SMALL,"Pose out of frontal band (|yaw|<=15.0, |pitch|<=15.0): yaw=-2.9, pitch=-25.1"
lfw_04416,data/raw/images/lfw_04416.jpg,FACE_TOO_ANGLED_OR_SMALL,"Pose out of frontal band (|yaw|<=15.0, |pitch|<=15.0): yaw=6.4, pitch=-35.8"
lfw_04417,data/raw/images/lfw_04417.jpg,FACE_TOO_ANGLED_OR_SMALL,"Pose out of frontal band (|yaw|<=15.0, |pitch|<=15.0): yaw=3.0, pitch=-29.1"
lfw_04418,data/raw/images/lfw_04418.jpg,FACE_TOO_ANGLED_OR_SMALL,"Pose out of frontal band (|yaw|<=15.0, |pitch|<=15.0): yaw=-5.2, pitch=-30.5"
lfw_04419,data/raw/images/lfw_04419.jpg,FACE_TOO_ANGLED_OR_SMALL,"Pose out of frontal band (|yaw|<=15.0, |pitch|<=15.0): yaw=-17.2, pitch=-21.7"
lfw_04420,data/raw/images/lfw_04420.jpg,FACE_TOO_ANGLED_OR_SMALL,"Pose out of frontal band (|yaw|<=15.0, |pitch|<=15.0): yaw=-17.4, pitch=-40.7"
lfw_04421,data/raw/images/lfw_04421.jpg,MULTIPLE_FACES_DETECTED,
lfw_04422,data/raw/images/lfw_04422.jpg,MULTIPLE_FACES_DETECTED,
lfw_04423,data/raw/images/lfw_04423.jpg,FACE_TOO_ANGLED_OR_SMALL,"Pose out of frontal band (|yaw|<=15.0, |pitch|<=15.0): yaw=-37.1, pitch=-24.6"
lfw_04424,data/raw/images/lfw_04424.jpg,FACE_TOO_ANGLED_OR_SMALL,"Pose out of frontal band (|yaw|<=15.0, |pitch|<=15.0): yaw=-29.2, pitch=-15.0"
lfw_04425,data/raw/images/lfw_04425.jpg,MULTIPLE_FACES_DETECTED,
lfw_04426,data/raw/images/lfw_04426.jpg,FACE_TOO_ANGLED_OR_SMALL,"Pose out of frontal band (|yaw|<=15.0, |pitch|<=15.0): yaw=-5.6, pitch=-35.3"
lfw_04427,data/raw/images/lfw_04427.jpg,FACE_TOO_ANGLED_OR_SMALL,"Pose out of frontal band (|yaw|<=15.0, |pitch|<=15.0): yaw=-32.7, pitch=-29.1"
lfw_04428,data/raw/images/lfw_04428.jpg,FACE_TOO_ANGLED_OR_SMALL,"Pose out of frontal band (|yaw|<=15.0, |pitch|<=15.0): yaw=-7.4, pitch=-37.5"
lfw_04429,data/raw/images/lfw_04429.jpg,FACE_TOO_ANGLED_OR_SMALL,"Pose out of frontal band (|yaw|<=15.0, |pitch|<=15.0): yaw=-25.6, pitch=-23.8"
lfw_04430,data/raw/images/lfw_04430.jpg,FACE_TOO_ANGLED_OR_SMALL,"Pose out of frontal band (|yaw|<=15.0, |pitch|<=15.0): yaw=-10.5, pitch=-27.3"
lfw_04431,data/raw/images/lfw_04431.jpg,FACE_TOO_ANGLED_OR_SMALL,"Pose out of frontal band (|yaw|<=15.0, |pitch|<=15.0): yaw=-25.7, pitch=-31.0"
lfw_04432,data/raw/images/lfw_04432.jpg,FACE_TOO_ANGLED_OR_SMALL,"Pose out of frontal band (|yaw|<=15.0, |pitch|<=15.0): yaw=2.8, pitch=-36.5"
lfw_04433,data/raw/images/lfw_04433.jpg,FACE_TOO_ANGLED_OR_SMALL,"Pose out of frontal band (|yaw|<=15.0, |pitch|<=15.0): yaw=-26.1, pitch=-39.5"
lfw_04434,data/raw/images/lfw_04434.jpg,FACE_TOO_ANGLED_OR_SMALL,"Pose out of frontal band (|yaw|<=15.0, |pitch|<=15.0): yaw=28.2, pitch=-24.8"
lfw_04435,data/raw/images/lfw_04435.jpg,FACE_TOO_ANGLED_OR_SMALL,"Pose out of frontal band (|yaw|<=15.0, |pitch|<=15.0): yaw=27.4, pitch=-16.4"
lfw_04436,data/raw/images/lfw_04436.jpg,MULTIPLE_FACES_DETECTED,
lfw_04437,data/raw/images/lfw_04437.jpg,FACE_TOO_ANGLED_OR_SMALL,"Pose out of frontal band (|yaw|<=15.0, |pitch|<=15.0): yaw=16.0, pitch=-27.7"
lfw_04438,data/raw/images/lfw_04438.jpg,FACE_TOO_ANGLED_OR_SMALL,"Pose out of frontal band (|yaw|<=15.0, |pitch|<=15.0): yaw=-2.0, pitch=-27.9"
lfw_04439,data/raw/images/lfw_04439.jpg,FACE_TOO_ANGLED_OR_SMALL,"Pose out of frontal band (|yaw|<=15.0, |pitch|<=15.0): yaw=-19.0, pitch=-19.7"
lfw_04440,data/raw/images/lfw_04440.jpg,FACE_TOO_ANGLED_OR_SMALL,"Pose out of frontal band (|yaw|<=15.0, |pitch|<=15.0): yaw=34.3, pitch=-40.3"
lfw_04441,data/raw/images/lfw_04441.jpg,FACE_TOO_ANGLED_OR_SMALL,"Pose out of frontal band (|yaw|<=15.0, |pitch|<=15.0): yaw=-38.3, pitch=-17.7"
lfw_04442,data/raw/images/lfw_04442.jpg,FACE_TOO_ANGLED_OR_SMALL,"Pose out of frontal band (|yaw|<=15.0, |pitch|<=15.0): yaw=-37.5, pitch=-22.2"
lfw_04443,data/raw/images/lfw_04443.jpg,FACE_TOO_ANGLED_OR_SMALL,"Pose out of frontal band (|yaw|<=15.0, |pitch|<=15.0): yaw=-16.2, pitch=-42.9"
lfw_04444,data/raw/images/lfw_04444.jpg,FACE_TOO_ANGLED_OR_SMALL,"Pose out of frontal band (|yaw|<=15.0, |pitch|<=15.0): yaw=-31.8, pitch=-43.2"
lfw_04445,data/raw/images/lfw_04445.jpg,MULTIPLE_FACES_DETECTED,
lfw_04446,data/raw/images/lfw_04446.jpg,FACE_TOO_ANGLED_OR_SMALL,"Pose out of frontal band (|yaw|<=15.0, |pitch|<=15.0): yaw=11.9, pitch=-31.6"
lfw_04447,data/raw/images/lfw_04447.jpg,FACE_TOO_ANGLED_OR_SMALL,"Pose out of frontal band (|yaw|<=15.0, |pitch|<=15.0): yaw=32.6, pitch=-42.5"
lfw_04448,data/raw/images/lfw_04448.jpg,FACE_TOO_ANGLED_OR_SMALL,"Pose out of frontal band (|yaw|<=15.0, |pitch|<=15.0): yaw=-7.8, pitch=-24.2"
lfw_04449,data/raw/images/lfw_04449.jpg,MULTIPLE_FACES_DETECTED,
lfw_04450,data/raw/images/lfw_04450.jpg,FACE_TOO_ANGLED_OR_SMALL,"Pose out of frontal band (|yaw|<=15.0, |pitch|<=15.0): yaw=46.6, pitch=-27.2"
lfw_04451,data/raw/images/lfw_04451.jpg,FACE_TOO_ANGLED_OR_SMALL,"Pose out of frontal band (|yaw|<=15.0, |pitch|<=15.0): yaw=-5.8, pitch=-63.7"
lfw_04452,data/raw/images/lfw_04452.jpg,MULTIPLE_FACES_DETECTED,
lfw_04453,data/raw/images/lfw_04453.jpg,FACE_TOO_ANGLED_OR_SMALL,"Pose out of frontal band (|yaw|<=15.0, |pitch|<=15.0): yaw=-3.0, pitch=-30.8"
lfw_04454,data/raw/images/lfw_04454.jpg,FACE_TOO_ANGLED_OR_SMALL,"Pose out of frontal band (|yaw|<=15.0, |pitch|<=15.0): yaw=7.3, pitch=-18.4"
lfw_04455,data/raw/images/lfw_04455.jpg,FACE_TOO_ANGLED_OR_SMALL,"Pose out of frontal band (|yaw|<=15.0, |pitch|<=15.0): yaw=2.5, pitch=-42.8"
lfw_04456,data/raw/images/lfw_04456.jpg,FACE_TOO_ANGLED_OR_SMALL,"Pose out of frontal band (|yaw|<=15.0, |pitch|<=15.0): yaw=22.6, pitch=-66.7"
lfw_04457,data/raw/images/lfw_04457.jpg,FACE_TOO_ANGLED_OR_SMALL,"Pose out of frontal band (|yaw|<=15.0, |pitch|<=15.0): yaw=-15.3, pitch=-25.8"
lfw_04458,data/raw/images/lfw_04458.jpg,FACE_TOO_ANGLED_OR_SMALL,"Pose out of frontal band (|yaw|<=15.0, |pitch|<=15.0): yaw=9.8, pitch=-30.0"
lfw_04459,data/raw/images/lfw_04459.jpg,FACE_TOO_ANGLED_OR_SMALL,"Pose out of frontal band (|yaw|<=15.0, |pitch|<=15.0): yaw=-11.5, pitch=-56.4"
lfw_04460,data/raw/images/lfw_04460.jpg,FACE_TOO_ANGLED_OR_SMALL,"Pose out of frontal band (|yaw|<=15.0, |pitch|<=15.0): yaw=-6.4, pitch=-33.1"
lfw_04461,data/raw/images/lfw_04461.jpg,FACE_TOO_ANGLED_OR_SMALL,"Pose out of frontal band (|yaw|<=15.0, |pitch|<=15.0): yaw=4.2, pitch=-75.1"
lfw_04462,data/raw/images/lfw_04462.jpg,FACE_TOO_ANGLED_OR_SMALL,"Pose out of frontal band (|yaw|<=15.0, |pitch|<=15.0): yaw=36.1, pitch=-46.5"
lfw_04463,data/raw/images/lfw_04463.jpg,FACE_TOO_ANGLED_OR_SMALL,"Pose out of frontal band (|yaw|<=15.0, |pitch|<=15.0): yaw=-2.4, pitch=-28.0"
lfw_04464,data/raw/images/lfw_04464.jpg,FACE_TOO_ANGLED_OR_SMALL,"Pose out of frontal band (|yaw|<=15.0, |pitch|<=15.0): yaw=26.1, pitch=-30.1"
lfw_04465,data/raw/images/lfw_04465.jpg,FACE_TOO_ANGLED_OR_SMALL,"Pose out of frontal band (|yaw|<=15.0, |pitch|<=15.0): yaw=31.2, pitch=-26.5"
lfw_04467,data/raw/images/lfw_04467.jpg,FACE_TOO_ANGLED_OR_SMALL,"Pose out of frontal band (|yaw|<=15.0, |pitch|<=15.0): yaw=33.5, pitch=-10.7"
lfw_04468,data/raw/images/lfw_04468.jpg,FACE_TOO_ANGLED_OR_SMALL,"Pose out of frontal band (|yaw|<=15.0, |pitch|<=15.0): yaw=22.8, pitch=-24.3"
lfw_04469,data/raw/images/lfw_04469.jpg,FACE_TOO_ANGLED_OR_SMALL,"Pose out of frontal band (|yaw|<=15.0, |pitch|<=15.0): yaw=17.7, pitch=-30.3"
lfw_04470,data/raw/images/lfw_04470.jpg,FACE_TOO_ANGLED_OR_SMALL,"Pose out of frontal band (|yaw|<=15.0, |pitch|<=15.0): yaw=32.1, pitch=-19.3"
lfw_04471,data/raw/images/lfw_04471.jpg,FACE_TOO_ANGLED_OR_SMALL,"Pose out of frontal band (|yaw|<=15.0, |pitch|<=15.0): yaw=18.2, pitch=-41.2"
lfw_04472,data/raw/images/lfw_04472.jpg,FACE_TOO_ANGLED_OR_SMALL,"Pose out of frontal band (|yaw|<=15.0, |pitch|<=15.0): yaw=-22.2, pitch=-46.5"
lfw_04473,data/raw/images/lfw_04473.jpg,FACE_TOO_ANGLED_OR_SMALL,"Pose out of frontal band (|yaw|<=15.0, |pitch|<=15.0): yaw=-27.6, pitch=-42.5"
lfw_04474,data/raw/images/lfw_04474.jpg,FACE_TOO_ANGLED_OR_SMALL,"Pose out of frontal band (|yaw|<=15.0, |pitch|<=15.0): yaw=-1.6, pitch=-35.9"
lfw_04475,data/raw/images/lfw_04475.jpg,MULTIPLE_FACES_DETECTED,
lfw_04476,data/raw/images/lfw_04476.jpg,FACE_TOO_ANGLED_OR_SMALL,"Pose out of frontal band (|yaw|<=15.0, |pitch|<=15.0): yaw=-4.7, pitch=-28.5"
lfw_04477,data/raw/images/lfw_04477.jpg,FACE_TOO_ANGLED_OR_SMALL,"Pose out of frontal band (|yaw|<=15.0, |pitch|<=15.0): yaw=0.6, pitch=-19.9"
lfw_04478,data/raw/images/lfw_04478.jpg,FACE_TOO_ANGLED_OR_SMALL,"Pose out of frontal band (|yaw|<=15.0, |pitch|<=15.0): yaw=14.0, pitch=-27.1"
lfw_04479,data/raw/images/lfw_04479.jpg,FACE_TOO_ANGLED_OR_SMALL,"Pose out of frontal band (|yaw|<=15.0, |pitch|<=15.0): yaw=10.0, pitch=-17.6"
lfw_04480,data/raw/images/lfw_04480.jpg,FACE_TOO_ANGLED_OR_SMALL,"Pose out of frontal band (|yaw|<=15.0, |pitch|<=15.0): yaw=-8.7, pitch=-19.1"
lfw_04481,data/raw/images/lfw_04481.jpg,FACE_TOO_ANGLED_OR_SMALL,"Pose out of frontal band (|yaw|<=15.0, |pitch|<=15.0): yaw=11.0, pitch=-26.2"
lfw_04482,data/raw/images/lfw_04482.jpg,FACE_TOO_ANGLED_OR_SMALL,"Pose out of frontal band (|yaw|<=15.0, |pitch|<=15.0): yaw=-1.4, pitch=-21.9"
lfw_04483,data/raw/images/lfw_04483.jpg,FACE_TOO_ANGLED_OR_SMALL,"Pose out of frontal band (|yaw|<=15.0, |pitch|<=15.0): yaw=22.3, pitch=-25.8"
lfw_04484,data/raw/images/lfw_04484.jpg,FACE_TOO_ANGLED_OR_SMALL,"Pose out of frontal band (|yaw|<=15.0, |pitch|<=15.0): yaw=25.4, pitch=-43.0"
lfw_04485,data/raw/images/lfw_04485.jpg,FACE_TOO_ANGLED_OR_SMALL,"Pose out of frontal band (|yaw|<=15.0, |pitch|<=15.0): yaw=4.5, pitch=-24.3"
lfw_04487,data/raw/images/lfw_04487.jpg,FACE_TOO_ANGLED_OR_SMALL,"Pose out of frontal band (|yaw|<=15.0, |pitch|<=15.0): yaw=26.1, pitch=-33.9"
lfw_04488,data/raw/images/lfw_04488.jpg,FACE_TOO_ANGLED_OR_SMALL,"Pose out of frontal band (|yaw|<=15.0, |pitch|<=15.0): yaw=-44.4, pitch=-29.1"
lfw_04489,data/raw/images/lfw_04489.jpg,FACE_TOO_ANGLED_OR_SMALL,"Pose out of frontal band (|yaw|<=15.0, |pitch|<=15.0): yaw=-1.2, pitch=-26.7"
lfw_04490,data/raw/images/lfw_04490.jpg,FACE_TOO_ANGLED_OR_SMALL,"Pose out of frontal band (|yaw|<=15.0, |pitch|<=15.0): yaw=6.4, pitch=-24.7"
lfw_04491,data/raw/images/lfw_04491.jpg,MULTIPLE_FACES_DETECTED,
lfw_04493,data/raw/images/lfw_04493.jpg,FACE_TOO_ANGLED_OR_SMALL,"Pose out of frontal band (|yaw|<=15.0, |pitch|<=15.0): yaw=-15.0, pitch=-20.6"
lfw_04494,data/raw/images/lfw_04494.jpg,FACE_TOO_ANGLED_OR_SMALL,"Pose out of frontal band (|yaw|<=15.0, |pitch|<=15.0): yaw=-10.1, pitch=-23.5"
lfw_04496,data/raw/images/lfw_04496.jpg,MULTIPLE_FACES_DETECTED,
lfw_04497,data/raw/images/lfw_04497.jpg,FACE_TOO_ANGLED_OR_SMALL,"Pose out of frontal band (|yaw|<=15.0, |pitch|<=15.0): yaw=-18.0, pitch=-19.7"
lfw_04498,data/raw/images/lfw_04498.jpg,FACE_TOO_ANGLED_OR_SMALL,"Pose out of frontal band (|yaw|<=15.0, |pitch|<=15.0): yaw=-12.6, pitch=-24.4"
lfw_04499,data/raw/images/lfw_04499.jpg,FACE_TOO_ANGLED_OR_SMALL,"Pose out of frontal band (|yaw|<=15.0, |pitch|<=15.0): yaw=11.2, pitch=-29.7"
lfw_04500,data/raw/images/lfw_04500.jpg,FACE_TOO_ANGLED_OR_SMALL,"Pose out of frontal band (|yaw|<=15.0, |pitch|<=15.0): yaw=-48.4, pitch=-19.0"
lfw_04503,data/raw/images/lfw_04503.jpg,FACE_TOO_ANGLED_OR_SMALL,"Pose out of frontal band (|yaw|<=15.0, |pitch|<=15.0): yaw=20.0, pitch=-31.6"
lfw_04504,data/raw/images/lfw_04504.jpg,FACE_TOO_ANGLED_OR_SMALL,"Pose out of frontal band (|yaw|<=15.0, |pitch|<=15.0): yaw=-16.0, pitch=-17.1"
lfw_04505,data/raw/images/lfw_04505.jpg,FACE_TOO_ANGLED_OR_SMALL,"Pose out of frontal band (|yaw|<=15.0, |pitch|<=15.0): yaw=-21.0, pitch=-33.6"
lfw_04506,data/raw/images/lfw_04506.jpg,FACE_TOO_ANGLED_OR_SMALL,"Pose out of frontal band (|yaw|<=15.0, |pitch|<=15.0): yaw=-8.7, pitch=-42.9"
lfw_04507,data/raw/images/lfw_04507.jpg,FACE_TOO_ANGLED_OR_SMALL,"Pose out of frontal band (|yaw|<=15.0, |pitch|<=15.0): yaw=20.2, pitch=-14.1"
lfw_04508,data/raw/images/lfw_04508.jpg,FACE_TOO_ANGLED_OR_SMALL,"Pose out of frontal band (|yaw|<=15.0, |pitch|<=15.0): yaw=23.9, pitch=-28.5"
lfw_04509,data/raw/images/lfw_04509.jpg,FACE_TOO_ANGLED_OR_SMALL,"Pose out of frontal band (|yaw|<=15.0, |pitch|<=15.0): yaw=11.8, pitch=-26.4"
lfw_04510,data/raw/images/lfw_04510.jpg,FACE_TOO_ANGLED_OR_SMALL,"Pose out of frontal band (|yaw|<=15.0, |pitch|<=15.0): yaw=-24.4, pitch=-38.1"
lfw_04511,data/raw/images/lfw_04511.jpg,FACE_TOO_ANGLED_OR_SMALL,"Pose out of frontal band (|yaw|<=15.0, |pitch|<=15.0): yaw=4.7, pitch=-46.6"
lfw_04512,data/raw/images/lfw_04512.jpg,FACE_TOO_ANGLED_OR_SMALL,"Pose out of frontal band (|yaw|<=15.0, |pitch|<=15.0): yaw=2.2, pitch=-41.4"
lfw_04513,data/raw/images/lfw_04513.jpg,FACE_TOO_ANGLED_OR_SMALL,"Pose out of frontal band (|yaw|<=15.0, |pitch|<=15.0): yaw=-0.8, pitch=-27.7"
lfw_04514,data/raw/images/lfw_04514.jpg,FACE_TOO_ANGLED_OR_SMALL,"Pose out of frontal band (|yaw|<=15.0, |pitch|<=15.0): yaw=21.0, pitch=-27.5"
lfw_04515,data/raw/images/lfw_04515.jpg,FACE_TOO_ANGLED_OR_SMALL,"Pose out of frontal band (|yaw|<=15.0, |pitch|<=15.0): yaw=-44.0, pitch=-33.1"
lfw_04516,data/raw/images/lfw_04516.jpg,FACE_TOO_ANGLED_OR_SMALL,"Pose out of frontal band (|yaw|<=15.0, |pitch|<=15.0): yaw=-5.4, pitch=-24.2"
lfw_04517,data/raw/images/lfw_04517.jpg,FACE_TOO_ANGLED_OR_SMALL,"Pose out of frontal band (|yaw|<=15.0, |pitch|<=15.0): yaw=8.6, pitch=-28.6"
lfw_04518,data/raw/images/lfw_04518.jpg,MULTIPLE_FACES_DETECTED,
lfw_04519,data/raw/images/lfw_04519.jpg,FACE_TOO_ANGLED_OR_SMALL,"Pose out of frontal band (|yaw|<=15.0, |pitch|<=15.0): yaw=21.9, pitch=-32.9"
lfw_04520,data/raw/images/lfw_04520.jpg,FACE_TOO_ANGLED_OR_SMALL,"Pose out of frontal band (|yaw|<=15.0, |pitch|<=15.0): yaw=11.1, pitch=-28.3"
lfw_04521,data/raw/images/lfw_04521.jpg,FACE_TOO_ANGLED_OR_SMALL,"Pose out of frontal band (|yaw|<=15.0, |pitch|<=15.0): yaw=-31.5, pitch=-21.7"
lfw_04522,data/raw/images/lfw_04522.jpg,FACE_TOO_ANGLED_OR_SMALL,"Pose out of frontal band (|yaw|<=15.0, |pitch|<=15.0): yaw=-13.6, pitch=-33.9"
lfw_04523,data/raw/images/lfw_04523.jpg,FACE_TOO_ANGLED_OR_SMALL,"Pose out of frontal band (|yaw|<=15.0, |pitch|<=15.0): yaw=29.8, pitch=-30.2"
lfw_04524,data/raw/images/lfw_04524.jpg,MULTIPLE_FACES_DETECTED,
lfw_04525,data/raw/images/lfw_04525.jpg,FACE_TOO_ANGLED_OR_SMALL,"Pose out of frontal band (|yaw|<=15.0, |pitch|<=15.0): yaw=-22.0, pitch=-24.5"
lfw_04526,data/raw/images/lfw_04526.jpg,FACE_TOO_ANGLED_OR_SMALL,"Pose out of frontal band (|yaw|<=15.0, |pitch|<=15.0): yaw=42.3, pitch=-40.1"
lfw_04527,data/raw/images/lfw_04527.jpg,FACE_TOO_ANGLED_OR_SMALL,"Pose out of frontal band (|yaw|<=15.0, |pitch|<=15.0): yaw=36.3, pitch=-27.7"
lfw_04528,data/raw/images/lfw_04528.jpg,FACE_TOO_ANGLED_OR_SMALL,"Pose out of frontal band (|yaw|<=15.0, |pitch|<=15.0): yaw=-39.2, pitch=-37.0"
lfw_04529,data/raw/images/lfw_04529.jpg,FACE_TOO_ANGLED_OR_SMALL,"Pose out of frontal band (|yaw|<=15.0, |pitch|<=15.0): yaw=-20.8, pitch=-25.6"
lfw_04530,data/raw/images/lfw_04530.jpg,FACE_TOO_ANGLED_OR_SMALL,"Pose out of frontal band (|yaw|<=15.0, |pitch|<=15.0): yaw=13.5, pitch=-42.8"
lfw_04531,data/raw/images/lfw_04531.jpg,FACE_TOO_ANGLED_OR_SMALL,"Pose out of frontal band (|yaw|<=15.0, |pitch|<=15.0): yaw=-28.9, pitch=-21.8"
lfw_04532,data/raw/images/lfw_04532.jpg,FACE_TOO_ANGLED_OR_SMALL,"Pose out of frontal band (|yaw|<=15.0, |pitch|<=15.0): yaw=14.3, pitch=-38.3"
lfw_04533,data/raw/images/lfw_04533.jpg,MULTIPLE_FACES_DETECTED,
lfw_04534,data/raw/images/lfw_04534.jpg,FACE_TOO_ANGLED_OR_SMALL,"Pose out of frontal band (|yaw|<=15.0, |pitch|<=15.0): yaw=20.5, pitch=-10.9"
lfw_04535,data/raw/images/lfw_04535.jpg,FACE_TOO_ANGLED_OR_SMALL,"Pose out of frontal band (|yaw|<=15.0, |pitch|<=15.0): yaw=-11.4, pitch=-21.9"
lfw_04536,data/raw/images/lfw_04536.jpg,FACE_TOO_ANGLED_OR_SMALL,"Pose out of frontal band (|yaw|<=15.0, |pitch|<=15.0): yaw=33.9, pitch=-24.4"
lfw_04537,data/raw/images/lfw_04537.jpg,FACE_TOO_ANGLED_OR_SMALL,"Pose out of frontal band (|yaw|<=15.0, |pitch|<=15.0): yaw=-18.0, pitch=-9.4"
lfw_04538,data/raw/images/lfw_04538.jpg,FACE_TOO_ANGLED_OR_SMALL,"Pose out of frontal band (|yaw|<=15.0, |pitch|<=15.0): yaw=-7.2, pitch=-23.8"
lfw_04541,data/raw/images/lfw_04541.jpg,FACE_TOO_ANGLED_OR_SMALL,"Pose out of frontal band (|yaw|<=15.0, |pitch|<=15.0): yaw=52.5, pitch=-20.9"
lfw_04542,data/raw/images/lfw_04542.jpg,FACE_TOO_ANGLED_OR_SMALL,"Pose out of frontal band (|yaw|<=15.0, |pitch|<=15.0): yaw=-21.4, pitch=-23.7"
lfw_04543,data/raw/images/lfw_04543.jpg,FACE_TOO_ANGLED_OR_SMALL,"Pose out of frontal band (|yaw|<=15.0, |pitch|<=15.0): yaw=-25.2, pitch=-21.6"
lfw_04544,data/raw/images/lfw_04544.jpg,FACE_TOO_ANGLED_OR_SMALL,"Pose out of frontal band (|yaw|<=15.0, |pitch|<=15.0): yaw=5.4, pitch=-35.6"
lfw_04545,data/raw/images/lfw_04545.jpg,FACE_TOO_ANGLED_OR_SMALL,"Pose out of frontal band (|yaw|<=15.0, |pitch|<=15.0): yaw=-31.5, pitch=-21.8"
lfw_04546,data/raw/images/lfw_04546.jpg,FACE_TOO_ANGLED_OR_SMALL,"Pose out of frontal band (|yaw|<=15.0, |pitch|<=15.0): yaw=36.5, pitch=-25.8"
lfw_04547,data/raw/images/lfw_04547.jpg,FACE_TOO_ANGLED_OR_SMALL,"Pose out of frontal band (|yaw|<=15.0, |pitch|<=15.0): yaw=29.9, pitch=-27.0"
lfw_04548,data/raw/images/lfw_04548.jpg,FACE_TOO_ANGLED_OR_SMALL,"Pose out of frontal band (|yaw|<=15.0, |pitch|<=15.0): yaw=-33.7, pitch=-28.2"
lfw_04550,data/raw/images/lfw_04550.jpg,MULTIPLE_FACES_DETECTED,
lfw_04551,data/raw/images/lfw_04551.jpg,FACE_TOO_ANGLED_OR_SMALL,"Pose out of frontal band (|yaw|<=15.0, |pitch|<=15.0): yaw=53.5, pitch=-19.3"
lfw_04552,data/raw/images/lfw_04552.jpg,FACE_TOO_ANGLED_OR_SMALL,"Pose out of frontal band (|yaw|<=15.0, |pitch|<=15.0): yaw=-54.9, pitch=-22.5"
lfw_04553,data/raw/images/lfw_04553.jpg,FACE_TOO_ANGLED_OR_SMALL,"Pose out of frontal band (|yaw|<=15.0, |pitch|<=15.0): yaw=18.3, pitch=-13.2"
lfw_04554,data/raw/images/lfw_04554.jpg,FACE_TOO_ANGLED_OR_SMALL,"Pose out of frontal band (|yaw|<=15.0, |pitch|<=15.0): yaw=-46.0, pitch=-45.2"
lfw_04555,data/raw/images/lfw_04555.jpg,FACE_TOO_ANGLED_OR_SMALL,"Pose out of frontal band (|yaw|<=15.0, |pitch|<=15.0): yaw=8.0, pitch=-30.8"
lfw_04556,data/raw/images/lfw_04556.jpg,FACE_TOO_ANGLED_OR_SMALL,"Pose out of frontal band (|yaw|<=15.0, |pitch|<=15.0): yaw=-13.6, pitch=-42.7"
lfw_04558,data/raw/images/lfw_04558.jpg,FACE_TOO_ANGLED_OR_SMALL,"Pose out of frontal band (|yaw|<=15.0, |pitch|<=15.0): yaw=18.1, pitch=-25.1"
lfw_04559,data/raw/images/lfw_04559.jpg,FACE_TOO_ANGLED_OR_SMALL,"Pose out of frontal band (|yaw|<=15.0, |pitch|<=15.0): yaw=-33.4, pitch=-32.4"
lfw_04560,data/raw/images/lfw_04560.jpg,FACE_TOO_ANGLED_OR_SMALL,"Pose out of frontal band (|yaw|<=15.0, |pitch|<=15.0): yaw=32.5, pitch=-32.2"
lfw_04561,data/raw/images/lfw_04561.jpg,FACE_TOO_ANGLED_OR_SMALL,"Pose out of frontal band (|yaw|<=15.0, |pitch|<=15.0): yaw=68.2, pitch=-13.3"
lfw_04562,data/raw/images/lfw_04562.jpg,FACE_TOO_ANGLED_OR_SMALL,"Pose out of frontal band (|yaw|<=15.0, |pitch|<=15.0): yaw=-8.4, pitch=-27.9"
lfw_04563,data/raw/images/lfw_04563.jpg,FACE_TOO_ANGLED_OR_SMALL,"Pose out of frontal band (|yaw|<=15.0, |pitch|<=15.0): yaw=18.0, pitch=-25.2"
lfw_04564,data/raw/images/lfw_04564.jpg,FACE_TOO_ANGLED_OR_SMALL,"Pose out of frontal band (|yaw|<=15.0, |pitch|<=15.0): yaw=-61.5, pitch=-12.7"
lfw_04565,data/raw/images/lfw_04565.jpg,FACE_TOO_ANGLED_OR_SMALL,"Pose out of frontal band (|yaw|<=15.0, |pitch|<=15.0): yaw=27.8, pitch=-20.1"
lfw_04566,data/raw/images/lfw_04566.jpg,FACE_TOO_ANGLED_OR_SMALL,"Pose out of frontal band (|yaw|<=15.0, |pitch|<=15.0): yaw=8.1, pitch=-26.6"
lfw_04569,data/raw/images/lfw_04569.jpg,FACE_TOO_ANGLED_OR_SMALL,"Pose out of frontal band (|yaw|<=15.0, |pitch|<=15.0): yaw=24.5, pitch=-29.7"
lfw_04570,data/raw/images/lfw_04570.jpg,FACE_TOO_ANGLED_OR_SMALL,"Pose out of frontal band (|yaw|<=15.0, |pitch|<=15.0): yaw=-16.1, pitch=-19.8"
lfw_04571,data/raw/images/lfw_04571.jpg,FACE_TOO_ANGLED_OR_SMALL,"Pose out of frontal band (|yaw|<=15.0, |pitch|<=15.0): yaw=-60.2, pitch=-20.3"
lfw_04572,data/raw/images/lfw_04572.jpg,FACE_TOO_ANGLED_OR_SMALL,"Pose out of frontal band (|yaw|<=15.0, |pitch|<=15.0): yaw=26.4, pitch=-16.9"
lfw_04573,data/raw/images/lfw_04573.jpg,FACE_TOO_ANGLED_OR_SMALL,"Pose out of frontal band (|yaw|<=15.0, |pitch|<=15.0): yaw=-2.6, pitch=-37.4"
lfw_04574,data/raw/images/lfw_04574.jpg,FACE_TOO_ANGLED_OR_SMALL,"Pose out of frontal band (|yaw|<=15.0, |pitch|<=15.0): yaw=-70.0, pitch=-14.0"
lfw_04575,data/raw/images/lfw_04575.jpg,FACE_TOO_ANGLED_OR_SMALL,"Pose out of frontal band (|yaw|<=15.0, |pitch|<=15.0): yaw=7.5, pitch=-34.7"
lfw_04576,data/raw/images/lfw_04576.jpg,FACE_TOO_ANGLED_OR_SMALL,"Pose out of frontal band (|yaw|<=15.0, |pitch|<=15.0): yaw=25.8, pitch=-23.8"
lfw_04577,data/raw/images/lfw_04577.jpg,MULTIPLE_FACES_DETECTED,
lfw_04578,data/raw/images/lfw_04578.jpg,FACE_TOO_ANGLED_OR_SMALL,"Pose out of frontal band (|yaw|<=15.0, |pitch|<=15.0): yaw=-12.3, pitch=-33.0"
lfw_04579,data/raw/images/lfw_04579.jpg,FACE_TOO_ANGLED_OR_SMALL,"Pose out of frontal band (|yaw|<=15.0, |pitch|<=15.0): yaw=6.5, pitch=-17.6"
lfw_04580,data/raw/images/lfw_04580.jpg,FACE_TOO_ANGLED_OR_SMALL,"Pose out of frontal band (|yaw|<=15.0, |pitch|<=15.0): yaw=-43.8, pitch=-30.5"
lfw_04581,data/raw/images/lfw_04581.jpg,MULTIPLE_FACES_DETECTED,
lfw_04582,data/raw/images/lfw_04582.jpg,FACE_TOO_ANGLED_OR_SMALL,"Pose out of frontal band (|yaw|<=15.0, |pitch|<=15.0): yaw=9.9, pitch=-20.6"
lfw_04583,data/raw/images/lfw_04583.jpg,FACE_TOO_ANGLED_OR_SMALL,"Pose out of frontal band (|yaw|<=15.0, |pitch|<=15.0): yaw=-9.8, pitch=-32.0"
lfw_04584,data/raw/images/lfw_04584.jpg,FACE_TOO_ANGLED_OR_SMALL,"Pose out of frontal band (|yaw|<=15.0, |pitch|<=15.0): yaw=56.1, pitch=-31.9"
lfw_04585,data/raw/images/lfw_04585.jpg,FACE_TOO_ANGLED_OR_SMALL,"Pose out of frontal band (|yaw|<=15.0, |pitch|<=15.0): yaw=-7.8, pitch=-29.6"
lfw_04586,data/raw/images/lfw_04586.jpg,FACE_TOO_ANGLED_OR_SMALL,"Pose out of frontal band (|yaw|<=15.0, |pitch|<=15.0): yaw=-5.2, pitch=-15.2"
lfw_04587,data/raw/images/lfw_04587.jpg,FACE_TOO_ANGLED_OR_SMALL,"Pose out of frontal band (|yaw|<=15.0, |pitch|<=15.0): yaw=-2.1, pitch=-20.1"
lfw_04588,data/raw/images/lfw_04588.jpg,FACE_TOO_ANGLED_OR_SMALL,"Pose out of frontal band (|yaw|<=15.0, |pitch|<=15.0): yaw=8.6, pitch=-28.2"
lfw_04589,data/raw/images/lfw_04589.jpg,FACE_TOO_ANGLED_OR_SMALL,"Pose out of frontal band (|yaw|<=15.0, |pitch|<=15.0): yaw=21.1, pitch=-19.6"
lfw_04590,data/raw/images/lfw_04590.jpg,FACE_TOO_ANGLED_OR_SMALL,"Pose out of frontal band (|yaw|<=15.0, |pitch|<=15.0): yaw=-46.0, pitch=-14.1"
lfw_04591,data/raw/images/lfw_04591.jpg,FACE_TOO_ANGLED_OR_SMALL,"Pose out of frontal band (|yaw|<=15.0, |pitch|<=15.0): yaw=-40.3, pitch=-18.1"
lfw_04592,data/raw/images/lfw_04592.jpg,FACE_TOO_ANGLED_OR_SMALL,"Pose out of frontal band (|yaw|<=15.0, |pitch|<=15.0): yaw=21.9, pitch=0.3"
lfw_04593,data/raw/images/lfw_04593.jpg,FACE_TOO_ANGLED_OR_SMALL,"Pose out of frontal band (|yaw|<=15.0, |pitch|<=15.0): yaw=-13.2, pitch=-28.9"
lfw_04594,data/raw/images/lfw_04594.jpg,FACE_TOO_ANGLED_OR_SMALL,"Pose out of frontal band (|yaw|<=15.0, |pitch|<=15.0): yaw=17.9, pitch=-31.5"
lfw_04595,data/raw/images/lfw_04595.jpg,FACE_TOO_ANGLED_OR_SMALL,"Pose out of frontal band (|yaw|<=15.0, |pitch|<=15.0): yaw=1.8, pitch=-40.9"
lfw_04596,data/raw/images/lfw_04596.jpg,FACE_TOO_ANGLED_OR_SMALL,"Pose out of frontal band (|yaw|<=15.0, |pitch|<=15.0): yaw=3.4, pitch=-42.6"
lfw_04597,data/raw/images/lfw_04597.jpg,MULTIPLE_FACES_DETECTED,
lfw_04598,data/raw/images/lfw_04598.jpg,FACE_TOO_ANGLED_OR_SMALL,"Pose out of frontal band (|yaw|<=15.0, |pitch|<=15.0): yaw=-0.3, pitch=-20.8"
lfw_04599,data/raw/images/lfw_04599.jpg,FACE_TOO_ANGLED_OR_SMALL,"Pose out of frontal band (|yaw|<=15.0, |pitch|<=15.0): yaw=48.1, pitch=-24.9"
lfw_04600,data/raw/images/lfw_04600.jpg,FACE_TOO_ANGLED_OR_SMALL,"Pose out of frontal band (|yaw|<=15.0, |pitch|<=15.0): yaw=33.6, pitch=-25.1"
lfw_04601,data/raw/images/lfw_04601.jpg,FACE_TOO_ANGLED_OR_SMALL,"Pose out of frontal band (|yaw|<=15.0, |pitch|<=15.0): yaw=4.6, pitch=-23.8"
lfw_04602,data/raw/images/lfw_04602.jpg,FACE_TOO_ANGLED_OR_SMALL,"Pose out of frontal band (|yaw|<=15.0, |pitch|<=15.0): yaw=-50.7, pitch=-21.2"
lfw_04603,data/raw/images/lfw_04603.jpg,FACE_TOO_ANGLED_OR_SMALL,"Pose out of frontal band (|yaw|<=15.0, |pitch|<=15.0): yaw=6.9, pitch=-36.2"
lfw_04604,data/raw/images/lfw_04604.jpg,FACE_TOO_ANGLED_OR_SMALL,"Pose out of frontal band (|yaw|<=15.0, |pitch|<=15.0): yaw=54.8, pitch=-29.0"
lfw_04605,data/raw/images/lfw_04605.jpg,FACE_TOO_ANGLED_OR_SMALL,"Pose out of frontal band (|yaw|<=15.0, |pitch|<=15.0): yaw=54.6, pitch=-17.9"
lfw_04606,data/raw/images/lfw_04606.jpg,FACE_TOO_ANGLED_OR_SMALL,"Pose out of frontal band (|yaw|<=15.0, |pitch|<=15.0): yaw=11.5, pitch=-29.4"
lfw_04607,data/raw/images/lfw_04607.jpg,FACE_TOO_ANGLED_OR_SMALL,"Pose out of frontal band (|yaw|<=15.0, |pitch|<=15.0): yaw=-11.2, pitch=-46.8"
lfw_04608,data/raw/images/lfw_04608.jpg,FACE_TOO_ANGLED_OR_SMALL,"Pose out of frontal band (|yaw|<=15.0, |pitch|<=15.0): yaw=-27.1, pitch=-15.1"
lfw_04609,data/raw/images/lfw_04609.jpg,FACE_TOO_ANGLED_OR_SMALL,"Pose out of frontal band (|yaw|<=15.0, |pitch|<=15.0): yaw=-69.6, pitch=-20.1"
lfw_04610,data/raw/images/lfw_04610.jpg,FACE_TOO_ANGLED_OR_SMALL,"Pose out of frontal band (|yaw|<=15.0, |pitch|<=15.0): yaw=-47.8, pitch=-30.3"
lfw_04611,data/raw/images/lfw_04611.jpg,FACE_TOO_ANGLED_OR_SMALL,"Pose out of frontal band (|yaw|<=15.0, |pitch|<=15.0): yaw=30.5, pitch=-21.9"
lfw_04612,data/raw/images/lfw_04612.jpg,FACE_TOO_ANGLED_OR_SMALL,"Pose out of frontal band (|yaw|<=15.0, |pitch|<=15.0): yaw=-69.5, pitch=-9.9"
lfw_04613,data/raw/images/lfw_04613.jpg,FACE_TOO_ANGLED_OR_SMALL,"Pose out of frontal band (|yaw|<=15.0, |pitch|<=15.0): yaw=-16.2, pitch=-13.6"
lfw_04614,data/raw/images/lfw_04614.jpg,FACE_TOO_ANGLED_OR_SMALL,"Pose out of frontal band (|yaw|<=15.0, |pitch|<=15.0): yaw=44.1, pitch=-10.1"
lfw_04615,data/raw/images/lfw_04615.jpg,MULTIPLE_FACES_DETECTED,
lfw_04616,data/raw/images/lfw_04616.jpg,FACE_TOO_ANGLED_OR_SMALL,"Pose out of frontal band (|yaw|<=15.0, |pitch|<=15.0): yaw=-1.9, pitch=-28.0"
lfw_04617,data/raw/images/lfw_04617.jpg,FACE_TOO_ANGLED_OR_SMALL,"Pose out of frontal band (|yaw|<=15.0, |pitch|<=15.0): yaw=-12.8, pitch=-22.8"
lfw_04618,data/raw/images/lfw_04618.jpg,FACE_TOO_ANGLED_OR_SMALL,"Pose out of frontal band (|yaw|<=15.0, |pitch|<=15.0): yaw=13.4, pitch=-19.4"
lfw_04619,data/raw/images/lfw_04619.jpg,FACE_TOO_ANGLED_OR_SMALL,"Pose out of frontal band (|yaw|<=15.0, |pitch|<=15.0): yaw=-12.2, pitch=-23.8"
lfw_04620,data/raw/images/lfw_04620.jpg,MULTIPLE_FACES_DETECTED,
lfw_04621,data/raw/images/lfw_04621.jpg,FACE_TOO_ANGLED_OR_SMALL,"Pose out of frontal band (|yaw|<=15.0, |pitch|<=15.0): yaw=2.9, pitch=-37.7"
lfw_04622,data/raw/images/lfw_04622.jpg,FACE_TOO_ANGLED_OR_SMALL,"Pose out of frontal band (|yaw|<=15.0, |pitch|<=15.0): yaw=-13.0, pitch=-18.6"
lfw_04623,data/raw/images/lfw_04623.jpg,FACE_TOO_ANGLED_OR_SMALL,"Pose out of frontal band (|yaw|<=15.0, |pitch|<=15.0): yaw=-4.1, pitch=-22.2"
lfw_04624,data/raw/images/lfw_04624.jpg,FACE_TOO_ANGLED_OR_SMALL,"Pose out of frontal band (|yaw|<=15.0, |pitch|<=15.0): yaw=-42.8, pitch=-30.8"
lfw_04625,data/raw/images/lfw_04625.jpg,FACE_TOO_ANGLED_OR_SMALL,"Pose out of frontal band (|yaw|<=15.0, |pitch|<=15.0): yaw=-20.4, pitch=-11.3"
lfw_04626,data/raw/images/lfw_04626.jpg,FACE_TOO_ANGLED_OR_SMALL,"Pose out of frontal band (|yaw|<=15.0, |pitch|<=15.0): yaw=-17.2, pitch=-26.3"
lfw_04627,data/raw/images/lfw_04627.jpg,FACE_TOO_ANGLED_OR_SMALL,"Pose out of frontal band (|yaw|<=15.0, |pitch|<=15.0): yaw=7.0, pitch=-24.5"
lfw_04629,data/raw/images/lfw_04629.jpg,FACE_TOO_ANGLED_OR_SMALL,"Pose out of frontal band (|yaw|<=15.0, |pitch|<=15.0): yaw=19.7, pitch=-9.1"
lfw_04630,data/raw/images/lfw_04630.jpg,FACE_TOO_ANGLED_OR_SMALL,"Pose out of frontal band (|yaw|<=15.0, |pitch|<=15.0): yaw=9.1, pitch=-16.9"
lfw_04631,data/raw/images/lfw_04631.jpg,FACE_TOO_ANGLED_OR_SMALL,"Pose out of frontal band (|yaw|<=15.0, |pitch|<=15.0): yaw=26.1, pitch=-13.7"
lfw_04633,data/raw/images/lfw_04633.jpg,FACE_TOO_ANGLED_OR_SMALL,"Pose out of frontal band (|yaw|<=15.0, |pitch|<=15.0): yaw=63.9, pitch=-27.5"
lfw_04634,data/raw/images/lfw_04634.jpg,FACE_TOO_ANGLED_OR_SMALL,"Pose out of frontal band (|yaw|<=15.0, |pitch|<=15.0): yaw=8.3, pitch=-28.6"
lfw_04635,data/raw/images/lfw_04635.jpg,FACE_TOO_ANGLED_OR_SMALL,"Pose out of frontal band (|yaw|<=15.0, |pitch|<=15.0): yaw=-30.9, pitch=-40.5"
lfw_04636,data/raw/images/lfw_04636.jpg,FACE_TOO_ANGLED_OR_SMALL,"Pose out of frontal band (|yaw|<=15.0, |pitch|<=15.0): yaw=-17.9, pitch=-7.2"
lfw_04637,data/raw/images/lfw_04637.jpg,FACE_TOO_ANGLED_OR_SMALL,"Pose out of frontal band (|yaw|<=15.0, |pitch|<=15.0): yaw=35.5, pitch=-22.1"
lfw_04638,data/raw/images/lfw_04638.jpg,FACE_TOO_ANGLED_OR_SMALL,"Pose out of frontal band (|yaw|<=15.0, |pitch|<=15.0): yaw=-22.5, pitch=-27.7"
lfw_04639,data/raw/images/lfw_04639.jpg,FACE_TOO_ANGLED_OR_SMALL,"Pose out of frontal band (|yaw|<=15.0, |pitch|<=15.0): yaw=18.7, pitch=-19.2"
lfw_04640,data/raw/images/lfw_04640.jpg,FACE_TOO_ANGLED_OR_SMALL,"Pose out of frontal band (|yaw|<=15.0, |pitch|<=15.0): yaw=34.3, pitch=-27.3"
lfw_04641,data/raw/images/lfw_04641.jpg,FACE_TOO_ANGLED_OR_SMALL,"Pose out of frontal band (|yaw|<=15.0, |pitch|<=15.0): yaw=10.6, pitch=-40.8"
lfw_04642,data/raw/images/lfw_04642.jpg,FACE_TOO_ANGLED_OR_SMALL,"Pose out of frontal band (|yaw|<=15.0, |pitch|<=15.0): yaw=31.4, pitch=-4.4"
lfw_04643,data/raw/images/lfw_04643.jpg,FACE_TOO_ANGLED_OR_SMALL,"Pose out of frontal band (|yaw|<=15.0, |pitch|<=15.0): yaw=-23.1, pitch=-19.4"
lfw_04644,data/raw/images/lfw_04644.jpg,FACE_TOO_ANGLED_OR_SMALL,"Pose out of frontal band (|yaw|<=15.0, |pitch|<=15.0): yaw=26.5, pitch=-20.5"
lfw_04645,data/raw/images/lfw_04645.jpg,FACE_TOO_ANGLED_OR_SMALL,"Pose out of frontal band (|yaw|<=15.0, |pitch|<=15.0): yaw=18.7, pitch=-14.4"
lfw_04646,data/raw/images/lfw_04646.jpg,FACE_TOO_ANGLED_OR_SMALL,"Pose out of frontal band (|yaw|<=15.0, |pitch|<=15.0): yaw=-52.8, pitch=-11.1"
lfw_04648,data/raw/images/lfw_04648.jpg,FACE_TOO_ANGLED_OR_SMALL,"Pose out of frontal band (|yaw|<=15.0, |pitch|<=15.0): yaw=22.3, pitch=-23.4"
lfw_04649,data/raw/images/lfw_04649.jpg,FACE_TOO_ANGLED_OR_SMALL,"Pose out of frontal band (|yaw|<=15.0, |pitch|<=15.0): yaw=18.3, pitch=-26.7"
lfw_04650,data/raw/images/lfw_04650.jpg,FACE_TOO_ANGLED_OR_SMALL,"Pose out of frontal band (|yaw|<=15.0, |pitch|<=15.0): yaw=18.7, pitch=-22.1"
lfw_04651,data/raw/images/lfw_04651.jpg,FACE_TOO_ANGLED_OR_SMALL,"Pose out of frontal band (|yaw|<=15.0, |pitch|<=15.0): yaw=9.8, pitch=-17.9"
lfw_04652,data/raw/images/lfw_04652.jpg,FACE_TOO_ANGLED_OR_SMALL,"Pose out of frontal band (|yaw|<=15.0, |pitch|<=15.0): yaw=-30.4, pitch=-21.4"
lfw_04653,data/raw/images/lfw_04653.jpg,FACE_TOO_ANGLED_OR_SMALL,"Pose out of frontal band (|yaw|<=15.0, |pitch|<=15.0): yaw=20.4, pitch=-0.8"
lfw_04655,data/raw/images/lfw_04655.jpg,FACE_TOO_ANGLED_OR_SMALL,"Pose out of frontal band (|yaw|<=15.0, |pitch|<=15.0): yaw=5.0, pitch=-15.8"
lfw_04656,data/raw/images/lfw_04656.jpg,FACE_TOO_ANGLED_OR_SMALL,"Pose out of frontal band (|yaw|<=15.0, |pitch|<=15.0): yaw=-48.5, pitch=-7.7"
lfw_04657,data/raw/images/lfw_04657.jpg,FACE_TOO_ANGLED_OR_SMALL,"Pose out of frontal band (|yaw|<=15.0, |pitch|<=15.0): yaw=-46.9, pitch=-12.5"
lfw_04658,data/raw/images/lfw_04658.jpg,FACE_TOO_ANGLED_OR_SMALL,"Pose out of frontal band (|yaw|<=15.0, |pitch|<=15.0): yaw=-28.1, pitch=-12.9"
lfw_04660,data/raw/images/lfw_04660.jpg,FACE_TOO_ANGLED_OR_SMALL,"Pose out of frontal band (|yaw|<=15.0, |pitch|<=15.0): yaw=-7.7, pitch=-20.4"
lfw_04661,data/raw/images/lfw_04661.jpg,FACE_TOO_ANGLED_OR_SMALL,"Pose out of frontal band (|yaw|<=15.0, |pitch|<=15.0): yaw=19.7, pitch=-18.5"
lfw_04662,data/raw/images/lfw_04662.jpg,FACE_TOO_ANGLED_OR_SMALL,"Pose out of frontal band (|yaw|<=15.0, |pitch|<=15.0): yaw=-23.3, pitch=-12.4"
lfw_04663,data/raw/images/lfw_04663.jpg,MULTIPLE_FACES_DETECTED,
lfw_04664,data/raw/images/lfw_04664.jpg,FACE_TOO_ANGLED_OR_SMALL,"Pose out of frontal band (|yaw|<=15.0, |pitch|<=15.0): yaw=20.4, pitch=-43.2"
lfw_04665,data/raw/images/lfw_04665.jpg,FACE_TOO_ANGLED_OR_SMALL,"Pose out of frontal band (|yaw|<=15.0, |pitch|<=15.0): yaw=-22.6, pitch=-61.2"
lfw_04666,data/raw/images/lfw_04666.jpg,FACE_TOO_ANGLED_OR_SMALL,"Pose out of frontal band (|yaw|<=15.0, |pitch|<=15.0): yaw=-35.1, pitch=-32.4"
lfw_04667,data/raw/images/lfw_04667.jpg,FACE_TOO_ANGLED_OR_SMALL,"Pose out of frontal band (|yaw|<=15.0, |pitch|<=15.0): yaw=20.2, pitch=-56.4"
lfw_04668,data/raw/images/lfw_04668.jpg,FACE_TOO_ANGLED_OR_SMALL,"Pose out of frontal band (|yaw|<=15.0, |pitch|<=15.0): yaw=-5.6, pitch=-30.7"
lfw_04669,data/raw/images/lfw_04669.jpg,FACE_TOO_ANGLED_OR_SMALL,"Pose out of frontal band (|yaw|<=15.0, |pitch|<=15.0): yaw=18.4, pitch=4.9"
lfw_04672,data/raw/images/lfw_04672.jpg,FACE_TOO_ANGLED_OR_SMALL,"Pose out of frontal band (|yaw|<=15.0, |pitch|<=15.0): yaw=-21.2, pitch=-14.7"
lfw_04673,data/raw/images/lfw_04673.jpg,MULTIPLE_FACES_DETECTED,
lfw_04675,data/raw/images/lfw_04675.jpg,FACE_TOO_ANGLED_OR_SMALL,"Pose out of frontal band (|yaw|<=15.0, |pitch|<=15.0): yaw=17.4, pitch=-39.4"
lfw_04676,data/raw/images/lfw_04676.jpg,FACE_TOO_ANGLED_OR_SMALL,"Pose out of frontal band (|yaw|<=15.0, |pitch|<=15.0): yaw=-55.8, pitch=-21.2"
lfw_04677,data/raw/images/lfw_04677.jpg,FACE_TOO_ANGLED_OR_SMALL,"Pose out of frontal band (|yaw|<=15.0, |pitch|<=15.0): yaw=-3.8, pitch=-28.1"
lfw_04678,data/raw/images/lfw_04678.jpg,FACE_TOO_ANGLED_OR_SMALL,"Pose out of frontal band (|yaw|<=15.0, |pitch|<=15.0): yaw=22.1, pitch=-16.3"
lfw_04679,data/raw/images/lfw_04679.jpg,FACE_TOO_ANGLED_OR_SMALL,"Pose out of frontal band (|yaw|<=15.0, |pitch|<=15.0): yaw=-22.0, pitch=-38.3"
lfw_04680,data/raw/images/lfw_04680.jpg,FACE_TOO_ANGLED_OR_SMALL,"Pose out of frontal band (|yaw|<=15.0, |pitch|<=15.0): yaw=30.8, pitch=-28.2"
lfw_04681,data/raw/images/lfw_04681.jpg,FACE_TOO_ANGLED_OR_SMALL,"Pose out of frontal band (|yaw|<=15.0, |pitch|<=15.0): yaw=8.8, pitch=-39.6"
lfw_04682,data/raw/images/lfw_04682.jpg,FACE_TOO_ANGLED_OR_SMALL,"Pose out of frontal band (|yaw|<=15.0, |pitch|<=15.0): yaw=6.2, pitch=-21.8"
lfw_04683,data/raw/images/lfw_04683.jpg,FACE_TOO_ANGLED_OR_SMALL,"Pose out of frontal band (|yaw|<=15.0, |pitch|<=15.0): yaw=-30.7, pitch=-17.9"
lfw_04684,data/raw/images/lfw_04684.jpg,FACE_TOO_ANGLED_OR_SMALL,"Pose out of frontal band (|yaw|<=15.0, |pitch|<=15.0): yaw=2.0, pitch=-42.0"
lfw_04686,data/raw/images/lfw_04686.jpg,FACE_TOO_ANGLED_OR_SMALL,"Pose out of frontal band (|yaw|<=15.0, |pitch|<=15.0): yaw=-46.0, pitch=-14.7"
lfw_04687,data/raw/images/lfw_04687.jpg,FACE_TOO_ANGLED_OR_SMALL,"Pose out of frontal band (|yaw|<=15.0, |pitch|<=15.0): yaw=-3.6, pitch=-42.9"
lfw_04688,data/raw/images/lfw_04688.jpg,FACE_TOO_ANGLED_OR_SMALL,"Pose out of frontal band (|yaw|<=15.0, |pitch|<=15.0): yaw=21.6, pitch=-55.1"
lfw_04689,data/raw/images/lfw_04689.jpg,FACE_TOO_ANGLED_OR_SMALL,"Pose out of frontal band (|yaw|<=15.0, |pitch|<=15.0): yaw=-25.9, pitch=-44.3"
lfw_04690,data/raw/images/lfw_04690.jpg,FACE_TOO_ANGLED_OR_SMALL,"Pose out of frontal band (|yaw|<=15.0, |pitch|<=15.0): yaw=23.2, pitch=-24.4"
lfw_04691,data/raw/images/lfw_04691.jpg,FACE_TOO_ANGLED_OR_SMALL,"Pose out of frontal band (|yaw|<=15.0, |pitch|<=15.0): yaw=11.5, pitch=-17.5"
lfw_04692,data/raw/images/lfw_04692.jpg,FACE_TOO_ANGLED_OR_SMALL,"Pose out of frontal band (|yaw|<=15.0, |pitch|<=15.0): yaw=-10.8, pitch=-30.7"
lfw_04693,data/raw/images/lfw_04693.jpg,FACE_TOO_ANGLED_OR_SMALL,"Pose out of frontal band (|yaw|<=15.0, |pitch|<=15.0): yaw=-31.6, pitch=-16.5"
lfw_04694,data/raw/images/lfw_04694.jpg,FACE_TOO_ANGLED_OR_SMALL,"Pose out of frontal band (|yaw|<=15.0, |pitch|<=15.0): yaw=37.5, pitch=-22.5"
lfw_04695,data/raw/images/lfw_04695.jpg,FACE_TOO_ANGLED_OR_SMALL,"Pose out of frontal band (|yaw|<=15.0, |pitch|<=15.0): yaw=-24.8, pitch=-45.5"
lfw_04696,data/raw/images/lfw_04696.jpg,FACE_TOO_ANGLED_OR_SMALL,"Pose out of frontal band (|yaw|<=15.0, |pitch|<=15.0): yaw=25.3, pitch=-31.3"
lfw_04697,data/raw/images/lfw_04697.jpg,FACE_TOO_ANGLED_OR_SMALL,"Pose out of frontal band (|yaw|<=15.0, |pitch|<=15.0): yaw=22.0, pitch=-19.7"
lfw_04698,data/raw/images/lfw_04698.jpg,FACE_TOO_ANGLED_OR_SMALL,"Pose out of frontal band (|yaw|<=15.0, |pitch|<=15.0): yaw=-5.0, pitch=-25.8"
lfw_04699,data/raw/images/lfw_04699.jpg,FACE_TOO_ANGLED_OR_SMALL,"Pose out of frontal band (|yaw|<=15.0, |pitch|<=15.0): yaw=-7.8, pitch=-46.4"
lfw_04700,data/raw/images/lfw_04700.jpg,FACE_TOO_ANGLED_OR_SMALL,"Pose out of frontal band (|yaw|<=15.0, |pitch|<=15.0): yaw=-15.8, pitch=-18.0"
lfw_04702,data/raw/images/lfw_04702.jpg,FACE_TOO_ANGLED_OR_SMALL,"Pose out of frontal band (|yaw|<=15.0, |pitch|<=15.0): yaw=11.7, pitch=-30.7"
lfw_04703,data/raw/images/lfw_04703.jpg,MULTIPLE_FACES_DETECTED,
lfw_04704,data/raw/images/lfw_04704.jpg,FACE_TOO_ANGLED_OR_SMALL,"Pose out of frontal band (|yaw|<=15.0, |pitch|<=15.0): yaw=13.8, pitch=-27.6"
lfw_04705,data/raw/images/lfw_04705.jpg,FACE_TOO_ANGLED_OR_SMALL,"Pose out of frontal band (|yaw|<=15.0, |pitch|<=15.0): yaw=8.4, pitch=-40.9"
lfw_04706,data/raw/images/lfw_04706.jpg,FACE_TOO_ANGLED_OR_SMALL,"Pose out of frontal band (|yaw|<=15.0, |pitch|<=15.0): yaw=-42.8, pitch=-28.4"
lfw_04707,data/raw/images/lfw_04707.jpg,FACE_TOO_ANGLED_OR_SMALL,"Pose out of frontal band (|yaw|<=15.0, |pitch|<=15.0): yaw=-19.4, pitch=-27.6"
lfw_04708,data/raw/images/lfw_04708.jpg,FACE_TOO_ANGLED_OR_SMALL,"Pose out of frontal band (|yaw|<=15.0, |pitch|<=15.0): yaw=-33.8, pitch=-31.9"
lfw_04709,data/raw/images/lfw_04709.jpg,MULTIPLE_FACES_DETECTED,
lfw_04710,data/raw/images/lfw_04710.jpg,MULTIPLE_FACES_DETECTED,
lfw_04711,data/raw/images/lfw_04711.jpg,FACE_TOO_ANGLED_OR_SMALL,"Pose out of frontal band (|yaw|<=15.0, |pitch|<=15.0): yaw=-21.4, pitch=3.6"
lfw_04712,data/raw/images/lfw_04712.jpg,FACE_TOO_ANGLED_OR_SMALL,"Pose out of frontal band (|yaw|<=15.0, |pitch|<=15.0): yaw=-1.7, pitch=-24.9"
lfw_04713,data/raw/images/lfw_04713.jpg,FACE_TOO_ANGLED_OR_SMALL,"Pose out of frontal band (|yaw|<=15.0, |pitch|<=15.0): yaw=-9.9, pitch=-23.8"
lfw_04714,data/raw/images/lfw_04714.jpg,FACE_TOO_ANGLED_OR_SMALL,"Pose out of frontal band (|yaw|<=15.0, |pitch|<=15.0): yaw=23.1, pitch=-19.6"
lfw_04715,data/raw/images/lfw_04715.jpg,FACE_TOO_ANGLED_OR_SMALL,"Pose out of frontal band (|yaw|<=15.0, |pitch|<=15.0): yaw=0.8, pitch=-28.6"
lfw_04716,data/raw/images/lfw_04716.jpg,FACE_TOO_ANGLED_OR_SMALL,"Pose out of frontal band (|yaw|<=15.0, |pitch|<=15.0): yaw=-22.1, pitch=-35.9"
lfw_04717,data/raw/images/lfw_04717.jpg,FACE_TOO_ANGLED_OR_SMALL,"Pose out of frontal band (|yaw|<=15.0, |pitch|<=15.0): yaw=34.0, pitch=-26.5"
lfw_04718,data/raw/images/lfw_04718.jpg,FACE_TOO_ANGLED_OR_SMALL,"Pose out of frontal band (|yaw|<=15.0, |pitch|<=15.0): yaw=-8.9, pitch=-15.8"
lfw_04719,data/raw/images/lfw_04719.jpg,FACE_TOO_ANGLED_OR_SMALL,"Pose out of frontal band (|yaw|<=15.0, |pitch|<=15.0): yaw=11.7, pitch=-21.8"
lfw_04720,data/raw/images/lfw_04720.jpg,FACE_TOO_ANGLED_OR_SMALL,"Pose out of frontal band (|yaw|<=15.0, |pitch|<=15.0): yaw=-21.2, pitch=-14.6"
lfw_04721,data/raw/images/lfw_04721.jpg,FACE_TOO_ANGLED_OR_SMALL,"Pose out of frontal band (|yaw|<=15.0, |pitch|<=15.0): yaw=12.9, pitch=-33.2"
lfw_04722,data/raw/images/lfw_04722.jpg,FACE_TOO_ANGLED_OR_SMALL,"Pose out of frontal band (|yaw|<=15.0, |pitch|<=15.0): yaw=1.5, pitch=-34.8"
lfw_04723,data/raw/images/lfw_04723.jpg,FACE_TOO_ANGLED_OR_SMALL,"Pose out of frontal band (|yaw|<=15.0, |pitch|<=15.0): yaw=44.2, pitch=-60.7"
lfw_04724,data/raw/images/lfw_04724.jpg,FACE_TOO_ANGLED_OR_SMALL,"Pose out of frontal band (|yaw|<=15.0, |pitch|<=15.0): yaw=-21.7, pitch=-31.1"
lfw_04725,data/raw/images/lfw_04725.jpg,FACE_TOO_ANGLED_OR_SMALL,"Pose out of frontal band (|yaw|<=15.0, |pitch|<=15.0): yaw=20.4, pitch=-12.4"
lfw_04726,data/raw/images/lfw_04726.jpg,FACE_TOO_ANGLED_OR_SMALL,"Pose out of frontal band (|yaw|<=15.0, |pitch|<=15.0): yaw=34.2, pitch=-32.5"
lfw_04727,data/raw/images/lfw_04727.jpg,FACE_TOO_ANGLED_OR_SMALL,"Pose out of frontal band (|yaw|<=15.0, |pitch|<=15.0): yaw=-20.1, pitch=-31.1"
lfw_04728,data/raw/images/lfw_04728.jpg,FACE_TOO_ANGLED_OR_SMALL,"Pose out of frontal band (|yaw|<=15.0, |pitch|<=15.0): yaw=-7.0, pitch=-22.2"
lfw_04729,data/raw/images/lfw_04729.jpg,FACE_TOO_ANGLED_OR_SMALL,"Pose out of frontal band (|yaw|<=15.0, |pitch|<=15.0): yaw=-15.8, pitch=-26.5"
lfw_04730,data/raw/images/lfw_04730.jpg,FACE_TOO_ANGLED_OR_SMALL,"Pose out of frontal band (|yaw|<=15.0, |pitch|<=15.0): yaw=-6.3, pitch=-24.6"
lfw_04731,data/raw/images/lfw_04731.jpg,FACE_TOO_ANGLED_OR_SMALL,"Pose out of frontal band (|yaw|<=15.0, |pitch|<=15.0): yaw=-12.2, pitch=-19.4"
lfw_04732,data/raw/images/lfw_04732.jpg,FACE_TOO_ANGLED_OR_SMALL,"Pose out of frontal band (|yaw|<=15.0, |pitch|<=15.0): yaw=-7.0, pitch=-26.7"
lfw_04733,data/raw/images/lfw_04733.jpg,MULTIPLE_FACES_DETECTED,
lfw_04734,data/raw/images/lfw_04734.jpg,FACE_TOO_ANGLED_OR_SMALL,"Pose out of frontal band (|yaw|<=15.0, |pitch|<=15.0): yaw=17.5, pitch=-21.9"
lfw_04735,data/raw/images/lfw_04735.jpg,FACE_TOO_ANGLED_OR_SMALL,"Pose out of frontal band (|yaw|<=15.0, |pitch|<=15.0): yaw=1.7, pitch=-25.0"
lfw_04736,data/raw/images/lfw_04736.jpg,FACE_TOO_ANGLED_OR_SMALL,"Pose out of frontal band (|yaw|<=15.0, |pitch|<=15.0): yaw=-4.2, pitch=-26.1"
lfw_04737,data/raw/images/lfw_04737.jpg,FACE_TOO_ANGLED_OR_SMALL,"Pose out of frontal band (|yaw|<=15.0, |pitch|<=15.0): yaw=9.7, pitch=-33.2"
lfw_04738,data/raw/images/lfw_04738.jpg,FACE_TOO_ANGLED_OR_SMALL,"Pose out of frontal band (|yaw|<=15.0, |pitch|<=15.0): yaw=-8.6, pitch=-31.1"
lfw_04739,data/raw/images/lfw_04739.jpg,FACE_TOO_ANGLED_OR_SMALL,"Pose out of frontal band (|yaw|<=15.0, |pitch|<=15.0): yaw=19.8, pitch=-22.7"
lfw_04740,data/raw/images/lfw_04740.jpg,FACE_TOO_ANGLED_OR_SMALL,"Pose out of frontal band (|yaw|<=15.0, |pitch|<=15.0): yaw=10.1, pitch=-29.1"
lfw_04741,data/raw/images/lfw_04741.jpg,FACE_TOO_ANGLED_OR_SMALL,"Pose out of frontal band (|yaw|<=15.0, |pitch|<=15.0): yaw=14.2, pitch=-30.7"
lfw_04742,data/raw/images/lfw_04742.jpg,FACE_TOO_ANGLED_OR_SMALL,"Pose out of frontal band (|yaw|<=15.0, |pitch|<=15.0): yaw=-23.2, pitch=-34.2"
lfw_04744,data/raw/images/lfw_04744.jpg,FACE_TOO_ANGLED_OR_SMALL,"Pose out of frontal band (|yaw|<=15.0, |pitch|<=15.0): yaw=-50.5, pitch=-13.7"
lfw_04745,data/raw/images/lfw_04745.jpg,FACE_TOO_ANGLED_OR_SMALL,"Pose out of frontal band (|yaw|<=15.0, |pitch|<=15.0): yaw=5.7, pitch=-33.5"
lfw_04746,data/raw/images/lfw_04746.jpg,FACE_TOO_ANGLED_OR_SMALL,"Pose out of frontal band (|yaw|<=15.0, |pitch|<=15.0): yaw=-7.1, pitch=-31.0"
lfw_04747,data/raw/images/lfw_04747.jpg,MULTIPLE_FACES_DETECTED,
lfw_04748,data/raw/images/lfw_04748.jpg,MULTIPLE_FACES_DETECTED,
lfw_04749,data/raw/images/lfw_04749.jpg,FACE_TOO_ANGLED_OR_SMALL,"Pose out of frontal band (|yaw|<=15.0, |pitch|<=15.0): yaw=-59.2, pitch=-8.6"
lfw_04750,data/raw/images/lfw_04750.jpg,MULTIPLE_FACES_DETECTED,
lfw_04751,data/raw/images/lfw_04751.jpg,MULTIPLE_FACES_DETECTED,
lfw_04752,data/raw/images/lfw_04752.jpg,FACE_TOO_ANGLED_OR_SMALL,"Pose out of frontal band (|yaw|<=15.0, |pitch|<=15.0): yaw=-6.2, pitch=-44.8"
lfw_04753,data/raw/images/lfw_04753.jpg,FACE_TOO_ANGLED_OR_SMALL,"Pose out of frontal band (|yaw|<=15.0, |pitch|<=15.0): yaw=-6.5, pitch=-25.7"
lfw_04754,data/raw/images/lfw_04754.jpg,FACE_TOO_ANGLED_OR_SMALL,"Pose out of frontal band (|yaw|<=15.0, |pitch|<=15.0): yaw=7.1, pitch=-21.9"
lfw_04755,data/raw/images/lfw_04755.jpg,FACE_TOO_ANGLED_OR_SMALL,"Pose out of frontal band (|yaw|<=15.0, |pitch|<=15.0): yaw=-1.6, pitch=-22.5"
lfw_04756,data/raw/images/lfw_04756.jpg,FACE_TOO_ANGLED_OR_SMALL,"Pose out of frontal band (|yaw|<=15.0, |pitch|<=15.0): yaw=34.8, pitch=-7.0"
lfw_04757,data/raw/images/lfw_04757.jpg,FACE_TOO_ANGLED_OR_SMALL,"Pose out of frontal band (|yaw|<=15.0, |pitch|<=15.0): yaw=13.3, pitch=-18.5"
lfw_04758,data/raw/images/lfw_04758.jpg,FACE_TOO_ANGLED_OR_SMALL,"Pose out of frontal band (|yaw|<=15.0, |pitch|<=15.0): yaw=-8.4, pitch=-20.4"
lfw_04759,data/raw/images/lfw_04759.jpg,FACE_TOO_ANGLED_OR_SMALL,"Pose out of frontal band (|yaw|<=15.0, |pitch|<=15.0): yaw=-28.6, pitch=-25.7"
lfw_04760,data/raw/images/lfw_04760.jpg,FACE_TOO_ANGLED_OR_SMALL,"Pose out of frontal band (|yaw|<=15.0, |pitch|<=15.0): yaw=-8.7, pitch=-22.9"
lfw_04761,data/raw/images/lfw_04761.jpg,FACE_TOO_ANGLED_OR_SMALL,"Pose out of frontal band (|yaw|<=15.0, |pitch|<=15.0): yaw=1.7, pitch=-17.0"
lfw_04762,data/raw/images/lfw_04762.jpg,FACE_TOO_ANGLED_OR_SMALL,"Pose out of frontal band (|yaw|<=15.0, |pitch|<=15.0): yaw=17.3, pitch=-13.1"
lfw_04763,data/raw/images/lfw_04763.jpg,FACE_TOO_ANGLED_OR_SMALL,"Pose out of frontal band (|yaw|<=15.0, |pitch|<=15.0): yaw=-53.5, pitch=-29.2"
lfw_04764,data/raw/images/lfw_04764.jpg,MULTIPLE_FACES_DETECTED,
lfw_04765,data/raw/images/lfw_04765.jpg,FACE_TOO_ANGLED_OR_SMALL,"Pose out of frontal band (|yaw|<=15.0, |pitch|<=15.0): yaw=13.6, pitch=-20.2"
lfw_04767,data/raw/images/lfw_04767.jpg,FACE_TOO_ANGLED_OR_SMALL,"Pose out of frontal band (|yaw|<=15.0, |pitch|<=15.0): yaw=-26.4, pitch=-19.0"
lfw_04768,data/raw/images/lfw_04768.jpg,FACE_TOO_ANGLED_OR_SMALL,"Pose out of frontal band (|yaw|<=15.0, |pitch|<=15.0): yaw=36.7, pitch=-29.6"
lfw_04769,data/raw/images/lfw_04769.jpg,FACE_TOO_ANGLED_OR_SMALL,"Pose out of frontal band (|yaw|<=15.0, |pitch|<=15.0): yaw=39.3, pitch=-33.4"
lfw_04770,data/raw/images/lfw_04770.jpg,FACE_TOO_ANGLED_OR_SMALL,"Pose out of frontal band (|yaw|<=15.0, |pitch|<=15.0): yaw=-5.1, pitch=-21.9"
lfw_04771,data/raw/images/lfw_04771.jpg,FACE_TOO_ANGLED_OR_SMALL,"Pose out of frontal band (|yaw|<=15.0, |pitch|<=15.0): yaw=5.9, pitch=-38.5"
lfw_04772,data/raw/images/lfw_04772.jpg,FACE_TOO_ANGLED_OR_SMALL,"Pose out of frontal band (|yaw|<=15.0, |pitch|<=15.0): yaw=-19.0, pitch=-35.7"
lfw_04773,data/raw/images/lfw_04773.jpg,FACE_TOO_ANGLED_OR_SMALL,"Pose out of frontal band (|yaw|<=15.0, |pitch|<=15.0): yaw=11.0, pitch=-25.2"
lfw_04774,data/raw/images/lfw_04774.jpg,FACE_TOO_ANGLED_OR_SMALL,"Pose out of frontal band (|yaw|<=15.0, |pitch|<=15.0): yaw=40.0, pitch=-20.3"
lfw_04775,data/raw/images/lfw_04775.jpg,FACE_TOO_ANGLED_OR_SMALL,"Pose out of frontal band (|yaw|<=15.0, |pitch|<=15.0): yaw=-16.8, pitch=-14.4"
lfw_04776,data/raw/images/lfw_04776.jpg,FACE_TOO_ANGLED_OR_SMALL,"Pose out of frontal band (|yaw|<=15.0, |pitch|<=15.0): yaw=25.3, pitch=-25.8"
lfw_04777,data/raw/images/lfw_04777.jpg,FACE_TOO_ANGLED_OR_SMALL,"Pose out of frontal band (|yaw|<=15.0, |pitch|<=15.0): yaw=-3.1, pitch=-24.9"
lfw_04778,data/raw/images/lfw_04778.jpg,FACE_TOO_ANGLED_OR_SMALL,"Pose out of frontal band (|yaw|<=15.0, |pitch|<=15.0): yaw=-32.0, pitch=-17.4"
lfw_04779,data/raw/images/lfw_04779.jpg,FACE_TOO_ANGLED_OR_SMALL,"Pose out of frontal band (|yaw|<=15.0, |pitch|<=15.0): yaw=2.2, pitch=-21.9"
lfw_04780,data/raw/images/lfw_04780.jpg,FACE_TOO_ANGLED_OR_SMALL,"Pose out of frontal band (|yaw|<=15.0, |pitch|<=15.0): yaw=5.9, pitch=-30.0"
lfw_04781,data/raw/images/lfw_04781.jpg,FACE_TOO_ANGLED_OR_SMALL,"Pose out of frontal band (|yaw|<=15.0, |pitch|<=15.0): yaw=9.3, pitch=-25.9"
lfw_04782,data/raw/images/lfw_04782.jpg,FACE_TOO_ANGLED_OR_SMALL,"Pose out of frontal band (|yaw|<=15.0, |pitch|<=15.0): yaw=-26.5, pitch=-37.4"
lfw_04783,data/raw/images/lfw_04783.jpg,FACE_TOO_ANGLED_OR_SMALL,"Pose out of frontal band (|yaw|<=15.0, |pitch|<=15.0): yaw=17.0, pitch=-16.6"
lfw_04784,data/raw/images/lfw_04784.jpg,FACE_TOO_ANGLED_OR_SMALL,"Pose out of frontal band (|yaw|<=15.0, |pitch|<=15.0): yaw=13.9, pitch=-27.4"
lfw_04785,data/raw/images/lfw_04785.jpg,FACE_TOO_ANGLED_OR_SMALL,"Pose out of frontal band (|yaw|<=15.0, |pitch|<=15.0): yaw=13.1, pitch=-24.4"
lfw_04786,data/raw/images/lfw_04786.jpg,FACE_TOO_ANGLED_OR_SMALL,"Pose out of frontal band (|yaw|<=15.0, |pitch|<=15.0): yaw=-29.3, pitch=-51.8"
lfw_04787,data/raw/images/lfw_04787.jpg,FACE_TOO_ANGLED_OR_SMALL,"Pose out of frontal band (|yaw|<=15.0, |pitch|<=15.0): yaw=-2.2, pitch=-15.0"
lfw_04788,data/raw/images/lfw_04788.jpg,FACE_TOO_ANGLED_OR_SMALL,"Pose out of frontal band (|yaw|<=15.0, |pitch|<=15.0): yaw=17.9, pitch=-10.3"
lfw_04789,data/raw/images/lfw_04789.jpg,FACE_TOO_ANGLED_OR_SMALL,"Pose out of frontal band (|yaw|<=15.0, |pitch|<=15.0): yaw=-16.3, pitch=-22.8"
lfw_04790,data/raw/images/lfw_04790.jpg,FACE_TOO_ANGLED_OR_SMALL,"Pose out of frontal band (|yaw|<=15.0, |pitch|<=15.0): yaw=26.2, pitch=-16.9"
lfw_04791,data/raw/images/lfw_04791.jpg,FACE_TOO_ANGLED_OR_SMALL,"Pose out of frontal band (|yaw|<=15.0, |pitch|<=15.0): yaw=13.9, pitch=-15.4"
lfw_04792,data/raw/images/lfw_04792.jpg,FACE_TOO_ANGLED_OR_SMALL,"Pose out of frontal band (|yaw|<=15.0, |pitch|<=15.0): yaw=24.6, pitch=-19.9"
lfw_04793,data/raw/images/lfw_04793.jpg,FACE_TOO_ANGLED_OR_SMALL,"Pose out of frontal band (|yaw|<=15.0, |pitch|<=15.0): yaw=20.5, pitch=-29.4"
lfw_04794,data/raw/images/lfw_04794.jpg,FACE_TOO_ANGLED_OR_SMALL,"Pose out of frontal band (|yaw|<=15.0, |pitch|<=15.0): yaw=62.7, pitch=-16.1"
lfw_04795,data/raw/images/lfw_04795.jpg,FACE_TOO_ANGLED_OR_SMALL,"Pose out of frontal band (|yaw|<=15.0, |pitch|<=15.0): yaw=-18.6, pitch=-18.3"
lfw_04796,data/raw/images/lfw_04796.jpg,FACE_TOO_ANGLED_OR_SMALL,"Pose out of frontal band (|yaw|<=15.0, |pitch|<=15.0): yaw=26.2, pitch=-14.9"
lfw_04797,data/raw/images/lfw_04797.jpg,FACE_TOO_ANGLED_OR_SMALL,"Pose out of frontal band (|yaw|<=15.0, |pitch|<=15.0): yaw=34.9, pitch=-27.3"
lfw_04798,data/raw/images/lfw_04798.jpg,FACE_TOO_ANGLED_OR_SMALL,"Pose out of frontal band (|yaw|<=15.0, |pitch|<=15.0): yaw=15.9, pitch=-29.0"
lfw_04799,data/raw/images/lfw_04799.jpg,FACE_TOO_ANGLED_OR_SMALL,"Pose out of frontal band (|yaw|<=15.0, |pitch|<=15.0): yaw=40.8, pitch=-9.0"
lfw_04800,data/raw/images/lfw_04800.jpg,FACE_TOO_ANGLED_OR_SMALL,"Pose out of frontal band (|yaw|<=15.0, |pitch|<=15.0): yaw=31.0, pitch=-2.5"
lfw_04801,data/raw/images/lfw_04801.jpg,FACE_TOO_ANGLED_OR_SMALL,"Pose out of frontal band (|yaw|<=15.0, |pitch|<=15.0): yaw=15.6, pitch=-9.4"
lfw_04802,data/raw/images/lfw_04802.jpg,MULTIPLE_FACES_DETECTED,
lfw_04803,data/raw/images/lfw_04803.jpg,FACE_TOO_ANGLED_OR_SMALL,"Pose out of frontal band (|yaw|<=15.0, |pitch|<=15.0): yaw=18.3, pitch=-5.0"
lfw_04804,data/raw/images/lfw_04804.jpg,FACE_TOO_ANGLED_OR_SMALL,"Pose out of frontal band (|yaw|<=15.0, |pitch|<=15.0): yaw=-5.3, pitch=-16.2"
lfw_04805,data/raw/images/lfw_04805.jpg,FACE_TOO_ANGLED_OR_SMALL,"Pose out of frontal band (|yaw|<=15.0, |pitch|<=15.0): yaw=-14.1, pitch=-34.8"
lfw_04806,data/raw/images/lfw_04806.jpg,FACE_TOO_ANGLED_OR_SMALL,"Pose out of frontal band (|yaw|<=15.0, |pitch|<=15.0): yaw=-14.4, pitch=-26.1"
lfw_04809,data/raw/images/lfw_04809.jpg,FACE_TOO_ANGLED_OR_SMALL,"Pose out of frontal band (|yaw|<=15.0, |pitch|<=15.0): yaw=-4.2, pitch=-24.0"
lfw_04810,data/raw/images/lfw_04810.jpg,FACE_TOO_ANGLED_OR_SMALL,"Pose out of frontal band (|yaw|<=15.0, |pitch|<=15.0): yaw=-14.1, pitch=-23.7"
lfw_04811,data/raw/images/lfw_04811.jpg,FACE_TOO_ANGLED_OR_SMALL,"Pose out of frontal band (|yaw|<=15.0, |pitch|<=15.0): yaw=19.2, pitch=-21.7"
lfw_04812,data/raw/images/lfw_04812.jpg,FACE_TOO_ANGLED_OR_SMALL,"Pose out of frontal band (|yaw|<=15.0, |pitch|<=15.0): yaw=-16.9, pitch=-10.9"
lfw_04813,data/raw/images/lfw_04813.jpg,MULTIPLE_FACES_DETECTED,
lfw_04814,data/raw/images/lfw_04814.jpg,FACE_TOO_ANGLED_OR_SMALL,"Pose out of frontal band (|yaw|<=15.0, |pitch|<=15.0): yaw=-55.0, pitch=-17.9"
lfw_04815,data/raw/images/lfw_04815.jpg,MULTIPLE_FACES_DETECTED,
lfw_04816,data/raw/images/lfw_04816.jpg,FACE_TOO_ANGLED_OR_SMALL,"Pose out of frontal band (|yaw|<=15.0, |pitch|<=15.0): yaw=-21.2, pitch=-25.2"
lfw_04817,data/raw/images/lfw_04817.jpg,MULTIPLE_FACES_DETECTED,
lfw_04818,data/raw/images/lfw_04818.jpg,FACE_TOO_ANGLED_OR_SMALL,"Pose out of frontal band (|yaw|<=15.0, |pitch|<=15.0): yaw=23.9, pitch=-13.1"
lfw_04819,data/raw/images/lfw_04819.jpg,FACE_TOO_ANGLED_OR_SMALL,"Pose out of frontal band (|yaw|<=15.0, |pitch|<=15.0): yaw=-6.0, pitch=-27.7"
lfw_04820,data/raw/images/lfw_04820.jpg,FACE_TOO_ANGLED_OR_SMALL,"Pose out of frontal band (|yaw|<=15.0, |pitch|<=15.0): yaw=-58.0, pitch=-21.3"
lfw_04821,data/raw/images/lfw_04821.jpg,FACE_TOO_ANGLED_OR_SMALL,"Pose out of frontal band (|yaw|<=15.0, |pitch|<=15.0): yaw=-42.4, pitch=-25.9"
lfw_04822,data/raw/images/lfw_04822.jpg,FACE_TOO_ANGLED_OR_SMALL,"Pose out of frontal band (|yaw|<=15.0, |pitch|<=15.0): yaw=-22.2, pitch=-35.2"
lfw_04823,data/raw/images/lfw_04823.jpg,FACE_TOO_ANGLED_OR_SMALL,"Pose out of frontal band (|yaw|<=15.0, |pitch|<=15.0): yaw=66.6, pitch=-28.6"
lfw_04824,data/raw/images/lfw_04824.jpg,FACE_TOO_ANGLED_OR_SMALL,"Pose out of frontal band (|yaw|<=15.0, |pitch|<=15.0): yaw=13.0, pitch=-19.9"
lfw_04825,data/raw/images/lfw_04825.jpg,FACE_TOO_ANGLED_OR_SMALL,"Pose out of frontal band (|yaw|<=15.0, |pitch|<=15.0): yaw=-24.8, pitch=-13.2"
lfw_04826,data/raw/images/lfw_04826.jpg,FACE_TOO_ANGLED_OR_SMALL,"Pose out of frontal band (|yaw|<=15.0, |pitch|<=15.0): yaw=-7.0, pitch=-25.9"
lfw_04827,data/raw/images/lfw_04827.jpg,FACE_TOO_ANGLED_OR_SMALL,"Pose out of frontal band (|yaw|<=15.0, |pitch|<=15.0): yaw=21.1, pitch=-30.1"
lfw_04828,data/raw/images/lfw_04828.jpg,FACE_TOO_ANGLED_OR_SMALL,"Pose out of frontal band (|yaw|<=15.0, |pitch|<=15.0): yaw=18.2, pitch=-52.3"
lfw_04829,data/raw/images/lfw_04829.jpg,MULTIPLE_FACES_DETECTED,
lfw_04830,data/raw/images/lfw_04830.jpg,FACE_TOO_ANGLED_OR_SMALL,"Pose out of frontal band (|yaw|<=15.0, |pitch|<=15.0): yaw=44.3, pitch=-22.0"
lfw_04831,data/raw/images/lfw_04831.jpg,FACE_TOO_ANGLED_OR_SMALL,"Pose out of frontal band (|yaw|<=15.0, |pitch|<=15.0): yaw=-2.6, pitch=-25.7"
lfw_04832,data/raw/images/lfw_04832.jpg,FACE_TOO_ANGLED_OR_SMALL,"Pose out of frontal band (|yaw|<=15.0, |pitch|<=15.0): yaw=-17.7, pitch=-20.6"
lfw_04833,data/raw/images/lfw_04833.jpg,FACE_TOO_ANGLED_OR_SMALL,"Pose out of frontal band (|yaw|<=15.0, |pitch|<=15.0): yaw=35.2, pitch=-15.7"
lfw_04834,data/raw/images/lfw_04834.jpg,FACE_TOO_ANGLED_OR_SMALL,"Pose out of frontal band (|yaw|<=15.0, |pitch|<=15.0): yaw=-45.0, pitch=-29.0"
lfw_04835,data/raw/images/lfw_04835.jpg,FACE_TOO_ANGLED_OR_SMALL,"Pose out of frontal band (|yaw|<=15.0, |pitch|<=15.0): yaw=-5.8, pitch=-20.2"
lfw_04836,data/raw/images/lfw_04836.jpg,FACE_TOO_ANGLED_OR_SMALL,"Pose out of frontal band (|yaw|<=15.0, |pitch|<=15.0): yaw=15.3, pitch=-26.1"
lfw_04837,data/raw/images/lfw_04837.jpg,FACE_TOO_ANGLED_OR_SMALL,"Pose out of frontal band (|yaw|<=15.0, |pitch|<=15.0): yaw=-51.3, pitch=-29.7"
lfw_04838,data/raw/images/lfw_04838.jpg,FACE_TOO_ANGLED_OR_SMALL,"Pose out of frontal band (|yaw|<=15.0, |pitch|<=15.0): yaw=-25.8, pitch=-16.3"
lfw_04839,data/raw/images/lfw_04839.jpg,FACE_TOO_ANGLED_OR_SMALL,"Pose out of frontal band (|yaw|<=15.0, |pitch|<=15.0): yaw=17.6, pitch=-16.8"
lfw_04840,data/raw/images/lfw_04840.jpg,FACE_TOO_ANGLED_OR_SMALL,"Pose out of frontal band (|yaw|<=15.0, |pitch|<=15.0): yaw=-19.8, pitch=-20.8"
lfw_04841,data/raw/images/lfw_04841.jpg,FACE_TOO_ANGLED_OR_SMALL,"Pose out of frontal band (|yaw|<=15.0, |pitch|<=15.0): yaw=-18.3, pitch=-34.0"
lfw_04842,data/raw/images/lfw_04842.jpg,FACE_TOO_ANGLED_OR_SMALL,"Pose out of frontal band (|yaw|<=15.0, |pitch|<=15.0): yaw=-15.8, pitch=-34.0"
lfw_04843,data/raw/images/lfw_04843.jpg,FACE_TOO_ANGLED_OR_SMALL,"Pose out of frontal band (|yaw|<=15.0, |pitch|<=15.0): yaw=66.6, pitch=-23.2"
lfw_04844,data/raw/images/lfw_04844.jpg,FACE_TOO_ANGLED_OR_SMALL,"Pose out of frontal band (|yaw|<=15.0, |pitch|<=15.0): yaw=24.4, pitch=-14.2"
lfw_04845,data/raw/images/lfw_04845.jpg,FACE_TOO_ANGLED_OR_SMALL,"Pose out of frontal band (|yaw|<=15.0, |pitch|<=15.0): yaw=-17.7, pitch=-36.2"
lfw_04846,data/raw/images/lfw_04846.jpg,FACE_TOO_ANGLED_OR_SMALL,"Pose out of frontal band (|yaw|<=15.0, |pitch|<=15.0): yaw=-48.2, pitch=-28.7"
lfw_04847,data/raw/images/lfw_04847.jpg,FACE_TOO_ANGLED_OR_SMALL,"Pose out of frontal band (|yaw|<=15.0, |pitch|<=15.0): yaw=-13.7, pitch=-25.0"
lfw_04848,data/raw/images/lfw_04848.jpg,FACE_TOO_ANGLED_OR_SMALL,"Pose out of frontal band (|yaw|<=15.0, |pitch|<=15.0): yaw=-52.6, pitch=-21.3"
lfw_04849,data/raw/images/lfw_04849.jpg,FACE_TOO_ANGLED_OR_SMALL,"Pose out of frontal band (|yaw|<=15.0, |pitch|<=15.0): yaw=-10.5, pitch=-41.6"
lfw_04851,data/raw/images/lfw_04851.jpg,FACE_TOO_ANGLED_OR_SMALL,"Pose out of frontal band (|yaw|<=15.0, |pitch|<=15.0): yaw=-15.9, pitch=-16.0"
lfw_04852,data/raw/images/lfw_04852.jpg,FACE_TOO_ANGLED_OR_SMALL,"Pose out of frontal band (|yaw|<=15.0, |pitch|<=15.0): yaw=-59.6, pitch=-20.4"
lfw_04853,data/raw/images/lfw_04853.jpg,MULTIPLE_FACES_DETECTED,
lfw_04854,data/raw/images/lfw_04854.jpg,FACE_TOO_ANGLED_OR_SMALL,"Pose out of frontal band (|yaw|<=15.0, |pitch|<=15.0): yaw=68.6, pitch=-11.4"
lfw_04855,data/raw/images/lfw_04855.jpg,FACE_TOO_ANGLED_OR_SMALL,"Pose out of frontal band (|yaw|<=15.0, |pitch|<=15.0): yaw=-10.6, pitch=-29.1"
lfw_04856,data/raw/images/lfw_04856.jpg,FACE_TOO_ANGLED_OR_SMALL,"Pose out of frontal band (|yaw|<=15.0, |pitch|<=15.0): yaw=-4.5, pitch=-29.0"
lfw_04858,data/raw/images/lfw_04858.jpg,FACE_TOO_ANGLED_OR_SMALL,"Pose out of frontal band (|yaw|<=15.0, |pitch|<=15.0): yaw=-21.2, pitch=-18.5"
lfw_04859,data/raw/images/lfw_04859.jpg,MULTIPLE_FACES_DETECTED,
lfw_04860,data/raw/images/lfw_04860.jpg,FACE_TOO_ANGLED_OR_SMALL,"Pose out of frontal band (|yaw|<=15.0, |pitch|<=15.0): yaw=-43.0, pitch=-11.4"
lfw_04861,data/raw/images/lfw_04861.jpg,MULTIPLE_FACES_DETECTED,
lfw_04862,data/raw/images/lfw_04862.jpg,MULTIPLE_FACES_DETECTED,
lfw_04863,data/raw/images/lfw_04863.jpg,FACE_TOO_ANGLED_OR_SMALL,"Pose out of frontal band (|yaw|<=15.0, |pitch|<=15.0): yaw=-9.3, pitch=-31.0"
lfw_04864,data/raw/images/lfw_04864.jpg,FACE_TOO_ANGLED_OR_SMALL,"Pose out of frontal band (|yaw|<=15.0, |pitch|<=15.0): yaw=28.6, pitch=-10.5"
lfw_04866,data/raw/images/lfw_04866.jpg,FACE_TOO_ANGLED_OR_SMALL,"Pose out of frontal band (|yaw|<=15.0, |pitch|<=15.0): yaw=37.4, pitch=-43.3"
lfw_04867,data/raw/images/lfw_04867.jpg,FACE_TOO_ANGLED_OR_SMALL,"Pose out of frontal band (|yaw|<=15.0, |pitch|<=15.0): yaw=14.2, pitch=-20.9"
lfw_04868,data/raw/images/lfw_04868.jpg,FACE_TOO_ANGLED_OR_SMALL,"Pose out of frontal band (|yaw|<=15.0, |pitch|<=15.0): yaw=-13.7, pitch=-28.7"
lfw_04869,data/raw/images/lfw_04869.jpg,FACE_TOO_ANGLED_OR_SMALL,"Pose out of frontal band (|yaw|<=15.0, |pitch|<=15.0): yaw=-3.0, pitch=-34.1"
lfw_04870,data/raw/images/lfw_04870.jpg,FACE_TOO_ANGLED_OR_SMALL,"Pose out of frontal band (|yaw|<=15.0, |pitch|<=15.0): yaw=-11.1, pitch=-55.9"
lfw_04871,data/raw/images/lfw_04871.jpg,FACE_TOO_ANGLED_OR_SMALL,"Pose out of frontal band (|yaw|<=15.0, |pitch|<=15.0): yaw=-2.4, pitch=-20.7"
lfw_04872,data/raw/images/lfw_04872.jpg,FACE_TOO_ANGLED_OR_SMALL,"Pose out of frontal band (|yaw|<=15.0, |pitch|<=15.0): yaw=0.7, pitch=-32.5"
lfw_04873,data/raw/images/lfw_04873.jpg,FACE_TOO_ANGLED_OR_SMALL,"Pose out of frontal band (|yaw|<=15.0, |pitch|<=15.0): yaw=-23.3, pitch=-27.3"
lfw_04874,data/raw/images/lfw_04874.jpg,FACE_TOO_ANGLED_OR_SMALL,"Pose out of frontal band (|yaw|<=15.0, |pitch|<=15.0): yaw=-20.4, pitch=-44.5"
lfw_04875,data/raw/images/lfw_04875.jpg,FACE_TOO_ANGLED_OR_SMALL,"Pose out of frontal band (|yaw|<=15.0, |pitch|<=15.0): yaw=-6.7, pitch=-27.7"
lfw_04876,data/raw/images/lfw_04876.jpg,FACE_TOO_ANGLED_OR_SMALL,"Pose out of frontal band (|yaw|<=15.0, |pitch|<=15.0): yaw=-11.4, pitch=-31.4"
lfw_04877,data/raw/images/lfw_04877.jpg,FACE_TOO_ANGLED_OR_SMALL,"Pose out of frontal band (|yaw|<=15.0, |pitch|<=15.0): yaw=-24.5, pitch=-41.2"
lfw_04878,data/raw/images/lfw_04878.jpg,FACE_TOO_ANGLED_OR_SMALL,"Pose out of frontal band (|yaw|<=15.0, |pitch|<=15.0): yaw=-1.1, pitch=-19.8"
lfw_04879,data/raw/images/lfw_04879.jpg,FACE_TOO_ANGLED_OR_SMALL,"Pose out of frontal band (|yaw|<=15.0, |pitch|<=15.0): yaw=-11.8, pitch=-26.6"
lfw_04880,data/raw/images/lfw_04880.jpg,FACE_TOO_ANGLED_OR_SMALL,"Pose out of frontal band (|yaw|<=15.0, |pitch|<=15.0): yaw=2.1, pitch=-16.4"
lfw_04881,data/raw/images/lfw_04881.jpg,FACE_TOO_ANGLED_OR_SMALL,"Pose out of frontal band (|yaw|<=15.0, |pitch|<=15.0): yaw=-1.0, pitch=-38.9"
lfw_04882,data/raw/images/lfw_04882.jpg,FACE_TOO_ANGLED_OR_SMALL,"Pose out of frontal band (|yaw|<=15.0, |pitch|<=15.0): yaw=-20.6, pitch=-17.6"
lfw_04883,data/raw/images/lfw_04883.jpg,FACE_TOO_ANGLED_OR_SMALL,"Pose out of frontal band (|yaw|<=15.0, |pitch|<=15.0): yaw=-18.7, pitch=-23.2"
lfw_04884,data/raw/images/lfw_04884.jpg,FACE_TOO_ANGLED_OR_SMALL,"Pose out of frontal band (|yaw|<=15.0, |pitch|<=15.0): yaw=-8.9, pitch=-20.2"
lfw_04885,data/raw/images/lfw_04885.jpg,FACE_TOO_ANGLED_OR_SMALL,"Pose out of frontal band (|yaw|<=15.0, |pitch|<=15.0): yaw=12.4, pitch=-24.7"
lfw_04886,data/raw/images/lfw_04886.jpg,FACE_TOO_ANGLED_OR_SMALL,"Pose out of frontal band (|yaw|<=15.0, |pitch|<=15.0): yaw=18.6, pitch=-41.4"
lfw_04887,data/raw/images/lfw_04887.jpg,FACE_TOO_ANGLED_OR_SMALL,"Pose out of frontal band (|yaw|<=15.0, |pitch|<=15.0): yaw=0.8, pitch=-22.5"
lfw_04888,data/raw/images/lfw_04888.jpg,FACE_TOO_ANGLED_OR_SMALL,"Pose out of frontal band (|yaw|<=15.0, |pitch|<=15.0): yaw=-8.5, pitch=-45.5"
lfw_04889,data/raw/images/lfw_04889.jpg,FACE_TOO_ANGLED_OR_SMALL,"Pose out of frontal band (|yaw|<=15.0, |pitch|<=15.0): yaw=3.2, pitch=-33.4"
lfw_04890,data/raw/images/lfw_04890.jpg,FACE_TOO_ANGLED_OR_SMALL,"Pose out of frontal band (|yaw|<=15.0, |pitch|<=15.0): yaw=-10.3, pitch=-22.3"
lfw_04891,data/raw/images/lfw_04891.jpg,FACE_TOO_ANGLED_OR_SMALL,"Pose out of frontal band (|yaw|<=15.0, |pitch|<=15.0): yaw=28.7, pitch=-32.5"
lfw_04892,data/raw/images/lfw_04892.jpg,FACE_TOO_ANGLED_OR_SMALL,"Pose out of frontal band (|yaw|<=15.0, |pitch|<=15.0): yaw=34.7, pitch=-43.0"
lfw_04893,data/raw/images/lfw_04893.jpg,FACE_TOO_ANGLED_OR_SMALL,"Pose out of frontal band (|yaw|<=15.0, |pitch|<=15.0): yaw=35.5, pitch=-41.1"
lfw_04894,data/raw/images/lfw_04894.jpg,FACE_TOO_ANGLED_OR_SMALL,"Pose out of frontal band (|yaw|<=15.0, |pitch|<=15.0): yaw=-6.5, pitch=-39.7"
lfw_04895,data/raw/images/lfw_04895.jpg,FACE_TOO_ANGLED_OR_SMALL,"Pose out of frontal band (|yaw|<=15.0, |pitch|<=15.0): yaw=29.1, pitch=-37.7"
lfw_04896,data/raw/images/lfw_04896.jpg,FACE_TOO_ANGLED_OR_SMALL,"Pose out of frontal band (|yaw|<=15.0, |pitch|<=15.0): yaw=-69.9, pitch=-23.3"
lfw_04897,data/raw/images/lfw_04897.jpg,FACE_TOO_ANGLED_OR_SMALL,"Pose out of frontal band (|yaw|<=15.0, |pitch|<=15.0): yaw=-4.8, pitch=-22.4"
lfw_04898,data/raw/images/lfw_04898.jpg,FACE_TOO_ANGLED_OR_SMALL,"Pose out of frontal band (|yaw|<=15.0, |pitch|<=15.0): yaw=-0.1, pitch=-15.7"
lfw_04899,data/raw/images/lfw_04899.jpg,FACE_TOO_ANGLED_OR_SMALL,"Pose out of frontal band (|yaw|<=15.0, |pitch|<=15.0): yaw=-16.2, pitch=-1.2"
lfw_04901,data/raw/images/lfw_04901.jpg,FACE_TOO_ANGLED_OR_SMALL,"Pose out of frontal band (|yaw|<=15.0, |pitch|<=15.0): yaw=9.7, pitch=-30.5"
lfw_04902,data/raw/images/lfw_04902.jpg,FACE_TOO_ANGLED_OR_SMALL,"Pose out of frontal band (|yaw|<=15.0, |pitch|<=15.0): yaw=36.5, pitch=-24.9"
lfw_04903,data/raw/images/lfw_04903.jpg,FACE_TOO_ANGLED_OR_SMALL,"Pose out of frontal band (|yaw|<=15.0, |pitch|<=15.0): yaw=-59.3, pitch=-35.1"
lfw_04904,data/raw/images/lfw_04904.jpg,FACE_TOO_ANGLED_OR_SMALL,"Pose out of frontal band (|yaw|<=15.0, |pitch|<=15.0): yaw=-29.8, pitch=-22.4"
lfw_04905,data/raw/images/lfw_04905.jpg,FACE_TOO_ANGLED_OR_SMALL,"Pose out of frontal band (|yaw|<=15.0, |pitch|<=15.0): yaw=-22.8, pitch=-24.3"
lfw_04906,data/raw/images/lfw_04906.jpg,FACE_TOO_ANGLED_OR_SMALL,"Pose out of frontal band (|yaw|<=15.0, |pitch|<=15.0): yaw=26.4, pitch=-23.9"
lfw_04907,data/raw/images/lfw_04907.jpg,FACE_TOO_ANGLED_OR_SMALL,"Pose out of frontal band (|yaw|<=15.0, |pitch|<=15.0): yaw=-5.5, pitch=-31.4"
lfw_04908,data/raw/images/lfw_04908.jpg,FACE_TOO_ANGLED_OR_SMALL,"Pose out of frontal band (|yaw|<=15.0, |pitch|<=15.0): yaw=0.1, pitch=-28.9"
lfw_04909,data/raw/images/lfw_04909.jpg,FACE_TOO_ANGLED_OR_SMALL,"Pose out of frontal band (|yaw|<=15.0, |pitch|<=15.0): yaw=55.8, pitch=-12.1"
lfw_04910,data/raw/images/lfw_04910.jpg,FACE_TOO_ANGLED_OR_SMALL,"Pose out of frontal band (|yaw|<=15.0, |pitch|<=15.0): yaw=-11.4, pitch=-30.9"
lfw_04911,data/raw/images/lfw_04911.jpg,FACE_TOO_ANGLED_OR_SMALL,"Pose out of frontal band (|yaw|<=15.0, |pitch|<=15.0): yaw=7.0, pitch=-16.1"
lfw_04913,data/raw/images/lfw_04913.jpg,FACE_TOO_ANGLED_OR_SMALL,"Pose out of frontal band (|yaw|<=15.0, |pitch|<=15.0): yaw=29.6, pitch=-13.5"
lfw_04914,data/raw/images/lfw_04914.jpg,FACE_TOO_ANGLED_OR_SMALL,"Pose out of frontal band (|yaw|<=15.0, |pitch|<=15.0): yaw=-10.3, pitch=-21.8"
lfw_04915,data/raw/images/lfw_04915.jpg,FACE_TOO_ANGLED_OR_SMALL,"Pose out of frontal band (|yaw|<=15.0, |pitch|<=15.0): yaw=-8.5, pitch=-29.4"
lfw_04916,data/raw/images/lfw_04916.jpg,FACE_TOO_ANGLED_OR_SMALL,"Pose out of frontal band (|yaw|<=15.0, |pitch|<=15.0): yaw=9.1, pitch=-31.2"
lfw_04917,data/raw/images/lfw_04917.jpg,FACE_TOO_ANGLED_OR_SMALL,"Pose out of frontal band (|yaw|<=15.0, |pitch|<=15.0): yaw=25.2, pitch=-26.9"
lfw_04918,data/raw/images/lfw_04918.jpg,FACE_TOO_ANGLED_OR_SMALL,"Pose out of frontal band (|yaw|<=15.0, |pitch|<=15.0): yaw=11.8, pitch=-43.0"
lfw_04919,data/raw/images/lfw_04919.jpg,FACE_TOO_ANGLED_OR_SMALL,"Pose out of frontal band (|yaw|<=15.0, |pitch|<=15.0): yaw=-21.9, pitch=-20.5"
lfw_04920,data/raw/images/lfw_04920.jpg,FACE_TOO_ANGLED_OR_SMALL,"Pose out of frontal band (|yaw|<=15.0, |pitch|<=15.0): yaw=9.9, pitch=-43.3"
lfw_04923,data/raw/images/lfw_04923.jpg,FACE_TOO_ANGLED_OR_SMALL,"Pose out of frontal band (|yaw|<=15.0, |pitch|<=15.0): yaw=-26.9, pitch=-0.8"
lfw_04924,data/raw/images/lfw_04924.jpg,FACE_TOO_ANGLED_OR_SMALL,"Pose out of frontal band (|yaw|<=15.0, |pitch|<=15.0): yaw=58.2, pitch=-12.3"
lfw_04925,data/raw/images/lfw_04925.jpg,FACE_TOO_ANGLED_OR_SMALL,"Pose out of frontal band (|yaw|<=15.0, |pitch|<=15.0): yaw=-39.1, pitch=-8.0"
lfw_04926,data/raw/images/lfw_04926.jpg,FACE_TOO_ANGLED_OR_SMALL,"Pose out of frontal band (|yaw|<=15.0, |pitch|<=15.0): yaw=68.7, pitch=-16.7"
lfw_04927,data/raw/images/lfw_04927.jpg,FACE_TOO_ANGLED_OR_SMALL,"Pose out of frontal band (|yaw|<=15.0, |pitch|<=15.0): yaw=-15.2, pitch=-19.8"
lfw_04928,data/raw/images/lfw_04928.jpg,FACE_TOO_ANGLED_OR_SMALL,"Pose out of frontal band (|yaw|<=15.0, |pitch|<=15.0): yaw=2.7, pitch=-17.1"
lfw_04929,data/raw/images/lfw_04929.jpg,FACE_TOO_ANGLED_OR_SMALL,"Pose out of frontal band (|yaw|<=15.0, |pitch|<=15.0): yaw=26.7, pitch=-5.9"
lfw_04930,data/raw/images/lfw_04930.jpg,FACE_TOO_ANGLED_OR_SMALL,"Pose out of frontal band (|yaw|<=15.0, |pitch|<=15.0): yaw=-25.2, pitch=-48.3"
lfw_04931,data/raw/images/lfw_04931.jpg,FACE_TOO_ANGLED_OR_SMALL,"Pose out of frontal band (|yaw|<=15.0, |pitch|<=15.0): yaw=-0.8, pitch=-15.8"
lfw_04932,data/raw/images/lfw_04932.jpg,FACE_TOO_ANGLED_OR_SMALL,"Pose out of frontal band (|yaw|<=15.0, |pitch|<=15.0): yaw=50.9, pitch=-15.8"
lfw_04933,data/raw/images/lfw_04933.jpg,MULTIPLE_FACES_DETECTED,
lfw_04935,data/raw/images/lfw_04935.jpg,MULTIPLE_FACES_DETECTED,
lfw_04936,data/raw/images/lfw_04936.jpg,FACE_TOO_ANGLED_OR_SMALL,"Pose out of frontal band (|yaw|<=15.0, |pitch|<=15.0): yaw=-23.7, pitch=-16.7"
lfw_04937,data/raw/images/lfw_04937.jpg,MULTIPLE_FACES_DETECTED,
lfw_04938,data/raw/images/lfw_04938.jpg,MULTIPLE_FACES_DETECTED,
lfw_04939,data/raw/images/lfw_04939.jpg,FACE_TOO_ANGLED_OR_SMALL,"Pose out of frontal band (|yaw|<=15.0, |pitch|<=15.0): yaw=38.3, pitch=-22.1"
lfw_04940,data/raw/images/lfw_04940.jpg,MULTIPLE_FACES_DETECTED,
lfw_04941,data/raw/images/lfw_04941.jpg,MULTIPLE_FACES_DETECTED,
lfw_04942,data/raw/images/lfw_04942.jpg,MULTIPLE_FACES_DETECTED,
lfw_04943,data/raw/images/lfw_04943.jpg,FACE_TOO_ANGLED_OR_SMALL,"Pose out of frontal band (|yaw|<=15.0, |pitch|<=15.0): yaw=23.4, pitch=-9.8"
lfw_04944,data/raw/images/lfw_04944.jpg,FACE_TOO_ANGLED_OR_SMALL,"Pose out of frontal band (|yaw|<=15.0, |pitch|<=15.0): yaw=25.3, pitch=-41.6"
lfw_04945,data/raw/images/lfw_04945.jpg,FACE_TOO_ANGLED_OR_SMALL,"Pose out of frontal band (|yaw|<=15.0, |pitch|<=15.0): yaw=3.7, pitch=-24.3"
lfw_04946,data/raw/images/lfw_04946.jpg,FACE_TOO_ANGLED_OR_SMALL,"Pose out of frontal band (|yaw|<=15.0, |pitch|<=15.0): yaw=20.7, pitch=-25.1"
lfw_04948,data/raw/images/lfw_04948.jpg,FACE_TOO_ANGLED_OR_SMALL,"Pose out of frontal band (|yaw|<=15.0, |pitch|<=15.0): yaw=-1.7, pitch=-30.7"
lfw_04949,data/raw/images/lfw_04949.jpg,FACE_TOO_ANGLED_OR_SMALL,"Pose out of frontal band (|yaw|<=15.0, |pitch|<=15.0): yaw=-13.2, pitch=-47.0"
lfw_04950,data/raw/images/lfw_04950.jpg,FACE_TOO_ANGLED_OR_SMALL,"Pose out of frontal band (|yaw|<=15.0, |pitch|<=15.0): yaw=-10.8, pitch=-20.0"
lfw_04951,data/raw/images/lfw_04951.jpg,FACE_TOO_ANGLED_OR_SMALL,"Pose out of frontal band (|yaw|<=15.0, |pitch|<=15.0): yaw=13.2, pitch=-29.7"
lfw_04952,data/raw/images/lfw_04952.jpg,FACE_TOO_ANGLED_OR_SMALL,"Pose out of frontal band (|yaw|<=15.0, |pitch|<=15.0): yaw=-16.7, pitch=-23.6"
lfw_04953,data/raw/images/lfw_04953.jpg,FACE_TOO_ANGLED_OR_SMALL,"Pose out of frontal band (|yaw|<=15.0, |pitch|<=15.0): yaw=-14.9, pitch=-18.1"
lfw_04954,data/raw/images/lfw_04954.jpg,FACE_TOO_ANGLED_OR_SMALL,"Pose out of frontal band (|yaw|<=15.0, |pitch|<=15.0): yaw=33.1, pitch=-38.1"
lfw_04955,data/raw/images/lfw_04955.jpg,FACE_TOO_ANGLED_OR_SMALL,"Pose out of frontal band (|yaw|<=15.0, |pitch|<=15.0): yaw=-3.0, pitch=-20.5"
lfw_04956,data/raw/images/lfw_04956.jpg,FACE_TOO_ANGLED_OR_SMALL,"Pose out of frontal band (|yaw|<=15.0, |pitch|<=15.0): yaw=-36.7, pitch=-38.6"
lfw_04957,data/raw/images/lfw_04957.jpg,FACE_TOO_ANGLED_OR_SMALL,"Pose out of frontal band (|yaw|<=15.0, |pitch|<=15.0): yaw=10.2, pitch=-15.4"
lfw_04958,data/raw/images/lfw_04958.jpg,FACE_TOO_ANGLED_OR_SMALL,"Pose out of frontal band (|yaw|<=15.0, |pitch|<=15.0): yaw=23.1, pitch=-28.0"
lfw_04959,data/raw/images/lfw_04959.jpg,FACE_TOO_ANGLED_OR_SMALL,"Pose out of frontal band (|yaw|<=15.0, |pitch|<=15.0): yaw=-10.7, pitch=-26.7"
lfw_04961,data/raw/images/lfw_04961.jpg,FACE_TOO_ANGLED_OR_SMALL,"Pose out of frontal band (|yaw|<=15.0, |pitch|<=15.0): yaw=-50.7, pitch=-24.7"
lfw_04962,data/raw/images/lfw_04962.jpg,FACE_TOO_ANGLED_OR_SMALL,"Pose out of frontal band (|yaw|<=15.0, |pitch|<=15.0): yaw=38.4, pitch=-30.0"
lfw_04963,data/raw/images/lfw_04963.jpg,FACE_TOO_ANGLED_OR_SMALL,"Pose out of frontal band (|yaw|<=15.0, |pitch|<=15.0): yaw=-7.9, pitch=-19.3"
lfw_04964,data/raw/images/lfw_04964.jpg,FACE_TOO_ANGLED_OR_SMALL,"Pose out of frontal band (|yaw|<=15.0, |pitch|<=15.0): yaw=-13.2, pitch=-21.8"
lfw_04965,data/raw/images/lfw_04965.jpg,FACE_TOO_ANGLED_OR_SMALL,"Pose out of frontal band (|yaw|<=15.0, |pitch|<=15.0): yaw=1.4, pitch=-16.1"
lfw_04966,data/raw/images/lfw_04966.jpg,FACE_TOO_ANGLED_OR_SMALL,"Pose out of frontal band (|yaw|<=15.0, |pitch|<=15.0): yaw=29.8, pitch=-23.5"
lfw_04967,data/raw/images/lfw_04967.jpg,FACE_TOO_ANGLED_OR_SMALL,"Pose out of frontal band (|yaw|<=15.0, |pitch|<=15.0): yaw=30.9, pitch=-49.7"
lfw_04968,data/raw/images/lfw_04968.jpg,FACE_TOO_ANGLED_OR_SMALL,"Pose out of frontal band (|yaw|<=15.0, |pitch|<=15.0): yaw=15.8, pitch=-14.9"
lfw_04969,data/raw/images/lfw_04969.jpg,FACE_TOO_ANGLED_OR_SMALL,"Pose out of frontal band (|yaw|<=15.0, |pitch|<=15.0): yaw=27.2, pitch=-17.4"
lfw_04970,data/raw/images/lfw_04970.jpg,FACE_TOO_ANGLED_OR_SMALL,"Pose out of frontal band (|yaw|<=15.0, |pitch|<=15.0): yaw=9.6, pitch=-27.4"
lfw_04971,data/raw/images/lfw_04971.jpg,FACE_TOO_ANGLED_OR_SMALL,"Pose out of frontal band (|yaw|<=15.0, |pitch|<=15.0): yaw=-4.6, pitch=-36.7"
lfw_04972,data/raw/images/lfw_04972.jpg,FACE_TOO_ANGLED_OR_SMALL,"Pose out of frontal band (|yaw|<=15.0, |pitch|<=15.0): yaw=14.7, pitch=-23.8"
lfw_04973,data/raw/images/lfw_04973.jpg,FACE_TOO_ANGLED_OR_SMALL,"Pose out of frontal band (|yaw|<=15.0, |pitch|<=15.0): yaw=15.6, pitch=-10.4"
lfw_04974,data/raw/images/lfw_04974.jpg,FACE_TOO_ANGLED_OR_SMALL,"Pose out of frontal band (|yaw|<=15.0, |pitch|<=15.0): yaw=-18.1, pitch=-12.1"
lfw_04975,data/raw/images/lfw_04975.jpg,FACE_TOO_ANGLED_OR_SMALL,"Pose out of frontal band (|yaw|<=15.0, |pitch|<=15.0): yaw=36.5, pitch=-21.4"
lfw_04977,data/raw/images/lfw_04977.jpg,FACE_TOO_ANGLED_OR_SMALL,"Pose out of frontal band (|yaw|<=15.0, |pitch|<=15.0): yaw=-0.6, pitch=-28.4"
lfw_04978,data/raw/images/lfw_04978.jpg,FACE_TOO_ANGLED_OR_SMALL,"Pose out of frontal band (|yaw|<=15.0, |pitch|<=15.0): yaw=1.0, pitch=-55.0"
lfw_04980,data/raw/images/lfw_04980.jpg,FACE_TOO_ANGLED_OR_SMALL,"Pose out of frontal band (|yaw|<=15.0, |pitch|<=15.0): yaw=20.5, pitch=12.2"
lfw_04981,data/raw/images/lfw_04981.jpg,FACE_TOO_ANGLED_OR_SMALL,"Pose out of frontal band (|yaw|<=15.0, |pitch|<=15.0): yaw=21.7, pitch=-11.7"
lfw_04982,data/raw/images/lfw_04982.jpg,FACE_TOO_ANGLED_OR_SMALL,"Pose out of frontal band (|yaw|<=15.0, |pitch|<=15.0): yaw=31.3, pitch=-20.1"
lfw_04983,data/raw/images/lfw_04983.jpg,FACE_TOO_ANGLED_OR_SMALL,"Pose out of frontal band (|yaw|<=15.0, |pitch|<=15.0): yaw=66.1, pitch=-18.5"
lfw_04984,data/raw/images/lfw_04984.jpg,FACE_TOO_ANGLED_OR_SMALL,"Pose out of frontal band (|yaw|<=15.0, |pitch|<=15.0): yaw=12.8, pitch=-15.3"
lfw_04985,data/raw/images/lfw_04985.jpg,MULTIPLE_FACES_DETECTED,
lfw_04987,data/raw/images/lfw_04987.jpg,FACE_TOO_ANGLED_OR_SMALL,"Pose out of frontal band (|yaw|<=15.0, |pitch|<=15.0): yaw=-32.0, pitch=-9.0"
lfw_04988,data/raw/images/lfw_04988.jpg,FACE_TOO_ANGLED_OR_SMALL,"Pose out of frontal band (|yaw|<=15.0, |pitch|<=15.0): yaw=37.3, pitch=-28.9"
lfw_04989,data/raw/images/lfw_04989.jpg,FACE_TOO_ANGLED_OR_SMALL,"Pose out of frontal band (|yaw|<=15.0, |pitch|<=15.0): yaw=-24.3, pitch=-33.4"
lfw_04990,data/raw/images/lfw_04990.jpg,FACE_TOO_ANGLED_OR_SMALL,"Pose out of frontal band (|yaw|<=15.0, |pitch|<=15.0): yaw=23.8, pitch=-17.6"
lfw_04991,data/raw/images/lfw_04991.jpg,FACE_TOO_ANGLED_OR_SMALL,"Pose out of frontal band (|yaw|<=15.0, |pitch|<=15.0): yaw=22.8, pitch=-30.3"
lfw_04992,data/raw/images/lfw_04992.jpg,FACE_TOO_ANGLED_OR_SMALL,"Pose out of frontal band (|yaw|<=15.0, |pitch|<=15.0): yaw=-19.6, pitch=-15.4"
lfw_04993,data/raw/images/lfw_04993.jpg,MULTIPLE_FACES_DETECTED,
lfw_04994,data/raw/images/lfw_04994.jpg,FACE_TOO_ANGLED_OR_SMALL,"Pose out of frontal band (|yaw|<=15.0, |pitch|<=15.0): yaw=26.5, pitch=-4.9"
lfw_04995,data/raw/images/lfw_04995.jpg,FACE_TOO_ANGLED_OR_SMALL,"Pose out of frontal band (|yaw|<=15.0, |pitch|<=15.0): yaw=-27.8, pitch=-16.7"
lfw_04996,data/raw/images/lfw_04996.jpg,FACE_TOO_ANGLED_OR_SMALL,"Pose out of frontal band (|yaw|<=15.0, |pitch|<=15.0): yaw=-18.0, pitch=-22.1"
lfw_04997,data/raw/images/lfw_04997.jpg,FACE_TOO_ANGLED_OR_SMALL,"Pose out of frontal band (|yaw|<=15.0, |pitch|<=15.0): yaw=-42.8, pitch=-17.4"
lfw_04998,data/raw/images/lfw_04998.jpg,FACE_TOO_ANGLED_OR_SMALL,"Pose out of frontal band (|yaw|<=15.0, |pitch|<=15.0): yaw=-0.8, pitch=-34.6"
lfw_04999,data/raw/images/lfw_04999.jpg,MULTIPLE_FACES_DETECTED,
lfw_05000,data/raw/images/lfw_05000.jpg,FACE_TOO_ANGLED_OR_SMALL,"Pose out of frontal band (|yaw|<=15.0, |pitch|<=15.0): yaw=15.9, pitch=-20.1"
