symmetry_error,face_aspect_ratio,midface_length_ratio,lowerface_length_ratio,jaw_width_ratio,jaw_angle_sharpness,chin_length_ratio,chin_width_ratio,cheekbone_width_ratio,lower_cheek_ratio,eye_openness_ratio,eye_size_ratio,eye_spacing_ratio,eye_tilt_deg,brow_height_ratio,brow_tilt_deg,nose_width_ratio,nose_length_ratio,nose_tip_deviation_ratio,mouth_width_ratio,mouth_corner_tilt_deg,lip_thickness_ratio,upper_lip_ratio,philtrum_ratio
0.007035779456297557,0.9534059647680582,0.1926395630414067,0.46452528629993795,0.7928214596294572,97.66343368769111,0.4645244864584353,0.3044026203784364,0.982198004917687,0.8852114153561722,0.3799270070791922,0.1931238802133456,1.3632362187344278,-0.6386735861685181,0.18330482004609538,-0.6390510318380569,0.2100875446569088,0.16555974800166057,0.006107925960923546,0.3319869251115965,-1.0575018337708062,0.003245163221132359,0.04475507407949176,0.07722016366043492
0.07527950902779897,0.8582864589755405,0.13849060782265024,0.5404699982477886,0.8103021767246739,104.13357455866411,0.5404690787863912,0.33763851878137635,0.9875063570033266,0.8982311445856606,0.15365032130641948,0.17601020229742198,1.5474882792405649,-3.0716155969952106,0.17682560886896437,-3.049923011601752,0.23746278474103497,0.14459361168887216,0.146339973184062,0.4362586791300372,-1.1861841102506903,0.09908941160940796,0.04221816412427776,0.05648561334380577
0.1404277483622233,0.7744400529908586,0.27667237893505336,0.3776923049223002,0.7978560327002732,115.84566700113866,0.377691671083097,0.2995949194516623,0.9899020543307898,0.8892222874479186,0.45947964244961403,0.18131005941570574,1.60928826766134,-2.8590480285291595,0.1425416795416888,-5.505560773916276,0.2270761430590596,0.20871337322985364,0.24897394831776362,0.3500723757977192,1.6581757177507552,0.00020115606667721824,0.031060829220089216,0.08733072851962732
0.0868796855211258,0.9747261807693712,0.19345085249053803,0.5278115657186436,0.8236470005064207,100.81395208910796,0.5278106676733499,0.34043138342258206,0.9927143462400053,0.9113374185524694,0.31710294745200546,0.19240164214918948,1.1382297373570773,-0.09085130442456013,0.13806180441876148,0.3273721943923645,0.20155002072038694,0.16589513027710506,0.12898639445888047,0.3498822532669074,-2.092457192237482,0.005689548273845564,0.04437310411041687,0.10048213752311994
0.05708510677019755,0.7826374322434032,0.23879875402173636,0.4361763837853431,0.7892037362517857,113.85329211195166,0.4361756459291971,0.3061747990082457,0.9847711349292952,0.8774596500526376,0.3689190922748121,0.19665807731805157,1.3184099622129284,-2.530320127435991,0.14728768714933504,-4.07802227596697,0.2159143159975877,0.18736600303962553,0.09761528173402721,0.40014157544912426,-2.960969168371872,0.036686986074500993,0.026414921435284587,0.07197821432697048
0.2620351314544678,0.73093304599716,0.28380504832103426,0.38140557186051605,0.8511863765452299,124.21264737596405,0.3814049614225028,0.33011818732700227,1.011906225426551,0.9420484613615974,0.5407436493873647,0.17969437034863733,1.2192416593725264,-3.8688902106791594,0.13540843360511606,-4.993602251661108,0.21897876690713472,0.2095730310388891,0.4522614210114343,0.35708862383486717,-1.7796295049496855,0.03413399456203893,0.04092076251536761,0.07813553706471764
0.08632409572601318,0.8036489351953517,0.2125709567060898,0.4802116854426064,0.7855743945011567,112.10177025027843,0.4802108540437042,0.32655860786178953,0.9850279750995428,0.8819298147266346,0.4823047814843659,0.18464211318050885,1.28000472552325,-2.3666860459501686,0.1847305008099225,-2.792010506628041,0.23034711501513447,0.17523606571688977,0.16292827002571317,0.3752276107460586,-0.45924840729294614,0.10781355425698055,0.04050752391811885,0.07460103476489821
0.10870407025019328,0.8038700262506046,0.25173594562439083,0.4136043045190148,0.7254686370728093,113.4779959948075,0.4136036104591219,0.2872459284245202,0.9645303285245237,0.823929931520278,0.4564539769212423,0.19305595544298707,1.2896077976904463,-0.704783203313506,0.12733247185430246,-2.727670597001507,0.2077262285205495,0.19797017913324494,0.17925760366780172,0.3519356577044324,0.23996021737869924,0.007442176418765278,0.03383565777112024,0.07168499697938727
0.007112945119539897,0.862440930033057,0.1739977210147339,0.5086303162970248,0.8206846839966502,101.80466221282855,0.5086294398114962,0.3142575064926417,1.0025043539116514,0.9150098031587232,0.31777617376917294,0.20106967672460763,1.1709047767547636,-0.9892945820217778,0.14507948161098824,-2.3487986283963194,0.21874276869260584,0.1610115724135551,0.010559072178456584,0.38600017697536243,1.5162990563295575,0.003025597318350891,0.04867737951299165,0.07580292459894467
0.08982813606659572,0.8860077478365993,0.23085531801715195,0.4223330858852018,0.780117254691835,105.85103663344148,0.4223323621748705,0.29304468709976883,0.9828380178656256,0.8770352247385017,0.27173010302150297,0.20448133280904107,1.1677872232170354,1.2541242062320963,0.15174982606388637,1.973030678315252,0.22032189331759072,0.19680319263244636,0.15717797532012406,0.45331513412048646,-0.22425563812320895,0.06422360893226206,0.020757487408044503,0.0736598785623754
0.01113614191611608,0.9047976784479007,0.1881940451046418,0.4937391221217271,0.7884741633801969,102.3367522567632,0.49373826507750534,0.30854851834390756,0.9865572135990315,0.885032589280776,0.27390630294798396,0.18598721764626444,1.3531313339049675,-0.0792044856530007,0.1485522691382365,-0.5120323825857955,0.22000627093814676,0.15486015738017547,0.01337523132670421,0.3986997065672068,0.4239210299716543,0.05946152729716194,0.02686958981882199,0.08425619227294945
0.2433912307024002,0.8518304500355496,0.16862931428880437,0.5473413396561874,0.8425892975053,113.44683347316213,0.5473404217699771,0.35417629561166436,0.9950777194385456,0.9240366464551754,0.3116053804047697,0.22619007806145128,1.0185858760881934,12.059032600527406,0.15522207663268764,14.90172023967224,0.2350460642825326,0.16991729241990203,0.42709424151263686,0.36760998352030816,10.815095255781253,0.0007958530258110783,0.03360700434481594,0.10802625296036135
0.098204771677653,0.8664363144906645,0.1966993652460229,0.500974911812447,0.8192643337097937,109.32309327082417,0.500974052037522,0.3487861845697667,0.99140471884989,0.9040536657307878,0.09355633509480571,0.19849410925765668,1.2921749415170416,2.2779227770191177,0.12447880364364902,3.0809091807678137,0.2249436988124065,0.16987764168827454,0.1763868587531828,0.4098877282005934,4.428943374672649,0.07755581244349619,0.043267455385809055,0.07167747920994028
0.08900696287552516,0.8965996242834505,0.21307376809872527,0.4912694225925247,0.8103710875535932,103.36790712712587,0.4912685928227975,0.32935721165744386,0.9939247667129991,0.9006472184129514,0.3577144249001011,0.2030450007422011,1.1902005577592742,1.5691387483889756,0.1524066641404604,3.223942179082068,0.19229891683552397,0.1685566549750227,0.1586098179135711,0.3512603439366661,1.6911492417834497,0.0011028852752391028,0.024851666329396904,0.11663882617021
0.030753893156846363,0.8633774968171589,0.10454072414295738,0.5786683544965833,0.8381576259364991,100.6221507183088,0.578667414203418,0.3596682790344297,0.9980940982975101,0.9209733379122826,0.2351079712207993,0.18742343746809895,1.4075579889006127,1.0244917572793815,0.14982689764126178,0.9544494795772243,0.25123504057870283,0.12048015984666188,0.0532598257995875,0.5429414842384389,0.9316075049497836,0.0998787226710873,0.05688946309412246,0.04667599810038725
0.3125191032886505,0.6485390611974052,0.22503368439764013,0.4558729836701262,0.8276243352621047,126.86919072453568,0.4558722503682716,0.3300838054987434,1.0015873565161078,0.9188113220055067,0.27654131522878717,0.28013994856301916,0.9287685248341291,5.022940664015418,0.1407968643448165,7.815517126008416,0.2467814927693957,0.17894683440488374,0.6637409000541087,0.4542733770640561,2.17107936720052,0.03895494967157365,0.044679831911841286,0.07818064087906675
0.019412482778231304,0.8516319187372882,0.22298873904364624,0.4789775998078182,0.7896071006251392,109.87650751337408,0.4789767927668771,0.3194747155159484,0.9870871636959685,0.8913193016596364,0.26382100348409854,0.19294978419556835,1.359219970665169,1.3590341084205944,0.13461308354720333,1.2153396571550215,0.23659393094258188,0.18192650299741817,0.030837330939685367,0.4685977428979115,-0.9771864637531241,0.07937550825349052,0.02304763944530136,0.07347529272070516
0.10841626922289531,0.8161256542204895,0.1675517608808339,0.5111666696423041,0.8321884773390873,106.73740191837157,0.5111658142606499,0.3326986453111796,1.0015916177868749,0.9243314636566375,0.39575670921531736,0.19144617007994266,1.2185872198679557,-3.5860517887232333,0.12836813612354894,-4.487970787027813,0.21800534967645047,0.1622337149430428,0.19807444118378456,0.37265000677065946,-1.6195032724555858,0.00821653578843081,0.03591020892931294,0.10340072622413467
0.06172224630912145,0.9251539366346309,0.1633363137909285,0.5413153052260453,0.8089383931341919,108.20739893552525,0.5413143816216648,0.3656893316578068,1.002504146238715,0.9032711217645498,0.019021803731174267,0.17771897777120663,1.5082738792707862,-0.44753626624567727,0.13329395858314483,-1.0115269326503826,0.2586383840360295,0.145272022859486,0.10729067927023063,0.4760880115774622,-0.10967122906941361,0.07769462044020709,0.050339874036382994,0.09255695773980235
0.17313541968663534,0.7575461249254777,0.25058731115563776,0.44583923129379377,0.7889579710046825,118.00801323243243,0.44583850239954115,0.31828813776400333,0.9896747403365612,0.8834698911731296,0.3402792346660097,0.19584915271570263,1.2267008369334442,-3.3904837516776896,0.10353980559487369,-5.426450146697079,0.22729431158271432,0.18897318676572705,0.3244586644104454,0.47585482550387803,-4.420913831405679,0.06479852731373123,0.027557508297266452,0.0677625947529942
0.18974417199691138,0.8461388880183913,0.25328304803780477,0.41713994948971433,0.7923336030555951,113.52635985779307,0.41713924655270496,0.31952867650042116,0.9859909291543181,0.8877604067272171,0.27437037364459554,0.24489752796483255,1.154739526934341,-3.117650041887664,0.15264932303775808,-2.1793167041712254,0.22869150509155106,0.20985390004331061,0.37169791854939627,0.3916466310199531,-3.0909264087055024,0.0009955796767358509,0.031522537120317676,0.08860406135024257
0.08144031465053558,0.8150979708311389,0.1595678770165971,0.5104351506904523,0.8267475626298294,108.02661424091512,0.5104342869904928,0.337037410658597,0.9896074657308233,0.9099276525023939,0.39213617882813806,0.20503992440767638,1.1646710577580872,-1.0854256579443553,0.15923009187430345,-0.8516681708961527,0.22788084372080236,0.15634252937995344,0.139051129883153,0.34781074647852644,-1.8410854377495889,0.04057584519625137,0.02796006015253425,0.08764806259118894
0.04424678782622019,0.8143394833339105,0.21938622344568087,0.4673588353589932,0.7597936353298408,113.49229066421766,0.46735804599122227,0.3306197302380793,0.9719854314539311,0.8512965349513323,0.2503973686884273,0.19725747870584762,1.2427383980762325,-0.07472687846338015,0.13911899761553018,0.02201628582712447,0.23300443879673136,0.18388873541963818,0.07918189702644449,0.3635117755044757,-2.9983334770774395,0.023735254715740308,0.03099751512681011,0.09045968306346035
0.06726521750291188,0.7413841562086125,0.24211506549465456,0.47640982500412665,0.8245388929982493,120.00128161703145,0.47640900959145815,0.36517179312129683,0.9940488334951004,0.9054221828156325,0.42152155637477823,0.20916866750105767,1.0615763710859523,1.072898403888995,0.13326985055590024,1.6439335905630372,0.23381076887289032,0.19336644095483307,0.12656743324602532,0.36426344536973887,1.5916369941032384,0.0028046791400858887,0.04040681532343044,0.08831670461997207
0.08029160400231679,0.8058143925940632,0.15858883625127065,0.5226142925400898,0.7826886927332553,106.92701216026347,0.522613405330304,0.32417673466634955,0.9898992712707946,0.8794269027214906,0.24886183009733479,0.207004057652609,1.2441640946890162,2.7222338903831114,0.15460240244910634,3.4601620157099444,0.23059888345645926,0.15555811306382306,0.1614320382108639,0.4788083132560303,0.9233905824398665,0.09587507980974738,0.035607284776080876,0.06695327093018338
0.48917315651973087,0.5014636513842683,0.23745494838713255,0.4968544509256689,0.7795028771600575,146.77332413323353,0.4968536398413607,0.376974185972933,0.9477595263459005,0.8412757756388181,0.29266254065427977,0.32762857575830484,0.7753850862139613,3.7228666622877347,0.12601976493609737,9.572734441515596,0.2649634284436987,0.17868801958164626,1.3004966461754046,0.3644755392791088,-0.7508657886530913,0.13688039562694304,0.05488983539493633,0.0845560386928491
0.10992402335007985,0.832582355990225,0.19197651269116794,0.4737890346248152,0.7487656942369413,109.4961243431783,0.4737882378366074,0.3061796678323688,0.9732463768235234,0.844048223742283,0.26549815688250383,0.21718340164995292,1.1297487791803476,2.7458561268647754,0.13118937820634363,1.8783581323990117,0.20986665978805033,0.17231673494811756,0.18611764522377192,0.358461011127707,-0.2633724250957806,0.0461034592049253,0.043177555672829035,0.07482561913499412
0.35017029941082,0.629510985467093,0.18537850077095647,0.5257364041974196,0.8671346371170425,138.17886475225225,0.5257355220377522,0.369170165384115,1.0008091856687265,0.961418676339298,0.2625671168907321,0.2301519738560991,0.8309542926494007,4.57332728675032,0.14898237451497276,8.723365078234114,0.19673153973064741,0.1918107515647911,0.8622054614202838,0.30285959441810334,0.46624109969061855,0.009410283772352614,0.0716573944150103,0.08964640476678865
0.09069623549779256,0.9282019092655212,0.32586797667258594,0.31830284996748975,0.698356169087676,110.42550913109572,0.3183023108835299,0.2715994765035816,0.9580231208238731,0.8026911337521973,0.05305182582835611,0.24473951407485453,1.111856995499031,0.48128540248733825,0.16920816077488088,0.26367288959425306,0.21830786841754096,0.2372616534860848,0.12327727982218444,0.3126390652703958,-0.2480646131357477,0.0011552443040188194,0.027816009500880954,0.06595577836086262
0.015548152228196463,1.0112792046051258,0.23009571214296443,0.48508222600310696,0.7886445971873312,105.77537715461378,0.48508138773489295,0.33444532831450086,0.9901810235617563,0.8884128110648281,0.2616583120519251,0.19475774827637837,1.280282841703266,1.5842213023818774,0.14912917400587855,4.22986967930368,0.22700512019262598,0.1822973221571314,0.009685061556553866,0.4275507002960891,0.009308866363976225,0.08540657803033269,0.03540210206836439,0.056190403403935996
0.4371812442938487,0.3957363107332891,0.2855795074144099,0.40888695067888914,0.8093588843649695,153.08387548367452,0.40888637392619226,0.288682158407338,1.0067436805075687,0.9404227187282691,0.45962095378586715,0.2199150977338469,1.578646591844966,-29.92451887204197,0.12633148641560554,-36.52690088161498,0.3061171729030412,0.20333158289093045,1.0769452800414914,0.37424578146977183,-12.774537958866992,0.006593323750660265,0.051011157445550744,0.0817316988194548
0.05994271735350291,0.8751611234071691,0.1805702217529039,0.49976820753370566,0.812484981158657,102.72547177395411,0.49976734909227594,0.31835576609819305,0.9911881699068715,0.9031097345596744,0.31859122137311446,0.20088635813800917,1.20021456703116,0.900024924741267,0.14292663400778277,1.6792427577711644,0.21528365308799285,0.15930340374541407,0.10342618433345266,0.3904611388004603,2.5571173318451965,0.008068493510030203,0.051785406036622926,0.08441834615821106
0.244717076420784,0.8068427031014072,0.18000672366057976,0.5090631066745409,0.7921838734239947,117.20014723190592,0.5090622441871108,0.3273360842576531,0.9849953044809084,0.8835769793757968,0.14683900521985782,0.22217292744573783,1.0652253563447796,3.706791595767989,0.1566202277307887,5.181113375794283,0.20412056735014394,0.17346716090654898,0.4491819605225002,0.3399186057834439,3.251908261347179,0.008605321692183105,0.03797881595723207,0.08792012653216717
0.05398781349261602,0.8836517609801096,0.18131480070084743,0.531711388077232,0.8241693220648267,105.41529313481395,0.5317104784050983,0.3374064419305442,1.0027216317115024,0.916619914553789,0.21670656925705917,0.18716367172872053,1.3766900269575018,1.2376463379833944,0.1413111489268484,2.8390758816456976,0.22073582691272414,0.15410363054221451,0.10303212830806097,0.41577049329781296,0.060447110557519994,0.07222270937205025,0.02857292769057276,0.07916084787990353
0.40126840273539227,0.3960111540333934,0.21377328004099475,0.5076779251000517,0.9244949871994937,161.28418402625505,0.5076770490239207,0.37034786006861664,0.996518093469619,0.998613739427904,0.3151276712173221,0.24602420321244173,0.5508079927846746,9.08912404617967,0.17021998406975028,25.201903875054768,0.2271911799893964,0.22268749647071456,1.5792586389765468,0.2713508741798527,18.85221949503121,0.04409086895846432,0.04778015193974366,0.09230270833301446
0.22961444656054178,0.7315401348394749,0.26036127047887897,0.42252317600328726,0.786980982131833,121.91927407459718,0.42252246745677013,0.31286167604702647,0.9878537940117482,0.8890401244934427,0.43130854392856094,0.27308175862592654,0.9185395963933276,-0.2724334903651855,0.15739944980266973,1.5518230535010593,0.2186902800304449,0.2062856328520465,0.4676104271556316,0.3659888067616609,-2.3173640749943174,0.0031007569767829094,0.033178081535008175,0.09356488198839846
0.021208164592583973,0.9488443089459979,0.30202368248861733,0.40484886070487164,0.8240611028976453,111.0183518048352,0.4048481762253334,0.3405097755848791,0.9915350166094958,0.9092971167781643,0.3419577400541697,0.20635160233014063,1.1904168357101066,1.0594953497526371,0.12320922711623919,1.8470911121172426,0.22761372679654304,0.22128415368555113,0.03787470141931447,0.41745504175053044,1.9308624451862797,0.001758099784170381,0.025741128276051642,0.07160096551898906
0.07112815976142883,0.8098487943801025,0.2666379089931017,0.40284468071641033,0.7572354664294275,114.06718141461381,0.4028439963444601,0.29601252671952155,0.9724536329640363,0.8577159775694501,0.3875977287919754,0.20930349523985645,1.2147338817435724,-1.860906557186185,0.15328127874102931,-2.7534513056792784,0.23587329982146257,0.20532368837415355,0.11491282901014278,0.46767739929277724,-3.4176786436057442,0.06629645088084284,0.03300178559047298,0.04785962693993556
0.15931890408198038,0.7891312310141338,0.19794996850108088,0.5088500090682534,0.8560129275789946,116.3037444480544,0.5088491464907332,0.35902667275428624,1.0018043406157502,0.9384479803947126,0.3873249784647244,0.16991436925380038,1.3598096165674654,-4.812692547808757,0.12258686637372056,-4.179544318368497,0.217332015648331,0.17718131909491253,0.28972659455646915,0.4022619505203605,-7.840096489078583,0.0028802138468975876,0.03013618931771294,0.09120998611727313
0.05913064877192179,0.8593935688423116,0.31819844909507067,0.3473567578435293,0.7155038178439248,114.87632448371093,0.34735617142211667,0.29232681632080304,0.9660804076470049,0.817068010073733,0.41251621038567116,0.2269623394977741,1.0876410844640179,0.931664807447318,0.18787724822980095,2.929048174674742,0.22736764933176276,0.23246799404529145,0.09128650814911454,0.313943466215789,3.6545003604270314,0.011076809880007032,0.027746841213600076,0.09991125936281929
0.01735055446624756,0.9535942503486602,0.1830539499212037,0.5115910681476203,0.7888960931193981,103.88816268907722,0.5115901998547608,0.32327436117903524,0.987527339261366,0.8808716775987763,0.07662750646340068,0.17994288191862268,1.4362070553763548,0.1515053687286317,0.16703335399551975,-0.3324566765401003,0.18175859370342135,0.15723627518998012,0.02459995142096638,0.2564054818336261,0.6692317728681701,0.05277087147469674,0.05336420741051077,0.0868378711364653
0.2932826628287633,0.6302580632010233,0.18831173463927717,0.519388068144177,0.8147232941012509,133.295304631375,0.5193871800203936,0.33991342830215265,0.9855417523607246,0.9014806774278271,0.2802776665535277,0.23160116455740826,1.0222481190788362,8.923526233419073,0.11486310245750361,11.162589815077215,0.22620493503315958,0.17059102537315715,0.6986065754343113,0.38479858326790034,13.04251553262661,0.09347355226992914,0.04073338033820137,0.07762945942219031
0.08501252035299937,0.8726192607099668,0.14156290610188127,0.5389783138376967,0.8335599211866626,101.84943694990984,0.5389773825477954,0.33195493481430677,1.0032728203036831,0.9265154146956602,0.25011613458084986,0.19197041768393364,1.32669685191346,2.3426077003817776,0.15027589734432523,2.801459886355476,0.2133420969952788,0.14763804605994793,0.13875702413367974,0.3952360983874878,1.1667902374725343,0.07929649169434493,0.04119891639189461,0.08004968740406275
0.033777142564455666,0.9429759991864131,0.22466002237363977,0.42916627682294317,0.7849230692350658,100.35850137423417,0.42916554457408307,0.2905375489066485,0.9820514024336291,0.8813619270680775,0.43091223593055805,0.19810632128031466,1.1568286015900584,0.9472314575947358,0.13590422250640738,1.1449685228590014,0.19408325597913695,0.18718947676192413,0.04734305518018994,0.3200187860961535,0.7081574596848248,0.000724701295792721,0.02647823427681727,0.08960136115515203
0.06561488409837087,0.7705230915374341,0.20868912414156027,0.47701760997504156,0.7948967148531575,111.56882803808054,0.4770167843529218,0.32327874597191186,0.9885002695124675,0.8890001836345308,0.32036200739370196,0.1998018555958849,1.3269433556408357,1.2446446354356846,0.13591088204763171,2.702554137766264,0.23332404819089342,0.180866799617427,0.12294438190782281,0.36007862714851135,1.2276481313120775,0.001367125673486173,0.04820958826742976,0.09136134928387322
0.02888891597588857,0.9372105885938923,0.19663762618920344,0.5073163183095956,0.8232517142867258,103.27179585697029,0.5073154515109799,0.34632898189884653,0.9912720922575626,0.9061039888678388,0.19714991521745232,0.1823919946198609,1.3752992897029002,6.366735441678943,0.12238352298688203,5.67354504435502,0.2265559394510502,0.1664168351192241,0.011357905892982209,0.3776937097836991,3.8239905538824495,0.0047255915444875075,0.03805809818202268,0.1083450983407732
0.10084398587544759,0.8170895048337551,0.211222908307654,0.48992763822671603,0.8678531884527059,112.32202889946957,0.4899268073351743,0.3585746350756903,1.0130689812724494,0.9537534680410522,0.4132599382119878,0.1945415919271277,1.3173796107901241,-3.3412310365499134,0.14755361775114473,-5.5645283032221995,0.23312451418526448,0.18058301598905677,0.19221076682840563,0.34152734152650643,-0.33183127917721555,0.001497493142920778,0.05057191356011784,0.08784316358308346
0.2849209209283193,0.7574816560743282,0.21535464593268544,0.4672736057652126,0.7884550878456251,122.35308954163548,0.46727283036378203,0.29918397450288475,0.9914479590825661,0.8902996715159763,0.3617295981460269,0.2177570617898368,1.0621137323863692,6.913166329330762,0.1627609055250249,8.709405569201436,0.2021490754616881,0.18784788178782122,0.5575944421957543,0.43398491296377567,6.729499682934154,0.06994185892402995,0.04221976934597954,0.04423899800082737
0.47446853419144946,0.38862068589927173,0.2088899718823628,0.46777393811401785,0.7265147525499043,155.8900897339006,0.4677731538888295,0.34389889366996357,0.9523886046060213,0.8343130685000598,0.3072345831274833,0.3135522530251024,0.826859906075585,2.2147916635253995,0.18253460219884274,6.344097742036687,0.27574421841999447,0.2117207218532339,1.7748702768384188,0.35898826729218825,-6.632297518680827,0.023742166090572326,0.05255627557043315,0.07432837169090677
0.03551951050758362,0.9257040638464161,0.18377746450061977,0.4644949999800753,0.7520170710526324,99.69150929596482,0.46449420371663735,0.29687310672437445,0.9679116249332181,0.8481610194886864,0.4005662822838983,0.19057687601748263,1.3591760457164832,-1.0685423541628924,0.164050889011584,-2.9912701453286035,0.21316810852235557,0.15821164467340448,0.052395684438332445,0.3439071134184138,-0.0030526286128778096,0.05719801684896889,0.04183231139384486,0.07578239755140563
0.34536535541216534,0.7585070726047514,0.2545343885004671,0.4092019737060496,0.7526303116522448,123.94672828195797,0.4092012954462849,0.274213219930127,0.9794544843704309,0.8652669531305072,0.27669927813845085,0.22902753060024722,0.9129888819790469,-1.8984078621539162,0.1671473118543136,-0.07778495546665613,0.19224980972024594,0.20697344819219213,0.6389561617842525,0.3775769336197022,4.08988502680106,0.05932212981351814,0.04121254038465494,0.06317049135525737
0.18931635469198227,0.8905015504629671,0.29292871047591335,0.3797598147307103,0.7920193051811918,114.79618840227056,0.37975917412454796,0.3273628515377212,0.9901725640872188,0.8934111559263251,0.015412736196272522,0.225013989415466,1.0922663200327365,-5.103271190834171,0.11779074675086476,-6.325126256511344,0.2438221318649754,0.2319233643673939,0.31585985346578593,0.3799295753179289,-1.724094924158941,0.016834718622747828,0.0263574049445822,0.09017602157038386
0.2955331529180209,0.7944186153741911,0.24899551214893065,0.38299128155246454,0.7849317374001542,115.269857397094,0.38299067936888803,0.28517978507965,0.9867266046979903,0.8858330640497012,0.4432974247310382,0.13637146259733257,1.8789785072856713,-5.873374365781232,0.1516861193128305,-8.195845747959117,0.19269196807497227,0.19600980304044013,0.4277615524552835,0.2732838763981651,-4.20988749301416,0.003252930141635142,0.03276145985885499,0.09535701481521906
0.2595292528470357,0.728832278271177,0.21969650147228445,0.4458486244352559,0.798052696886995,123.34466957485631,0.44584785901864954,0.3178188340187055,0.9906318666405896,0.8968816355605523,0.3271328093853453,0.20530539708809875,1.1725293319901302,1.8085024729207397,0.17690841669961066,6.2950347127192785,0.18138507514780844,0.19205746381094507,0.5356730453486495,0.31363225569222764,3.8553972389630116,0.0006510048410971573,0.03729691678907436,0.10815929450561547
0.16740568975607553,0.7520284522700207,0.25241558311184586,0.45111444702880243,0.8004315895783662,120.29845770288449,0.45111368112282324,0.33122164895177497,0.9945446027111384,0.8986966978074401,0.3395104900436736,0.2160457724851182,1.0188423315001824,2.694842799135184,0.11870840363892579,3.976017815377152,0.23055089228349526,0.1983201704124565,0.3439587616255169,0.4707478444043124,3.279979357950012,0.046496505846184547,0.03524716350135124,0.06934268933665506
0.09752706438302994,0.9246708870952027,0.15273898787452453,0.5471841305343637,0.8396113315624317,103.3778297938044,0.5471831840556353,0.3415070776188129,1.0001340464069022,0.923281096034618,0.27409720295412515,0.20903183285762278,1.1505972956804977,2.620862920636454,0.16248793591071403,2.654161558454189,0.20998388114472472,0.1283686601684178,0.17442683915154636,0.34006349757472915,1.5186478434277653,0.004114503461123937,0.06395640090946966,0.03966678121943085
0.24081898480653763,0.7861538098808395,0.2596189883385911,0.3574130817147411,0.7830696808718114,118.40147494838672,0.35741251619658077,0.28838212352682613,0.9875440544327606,0.8874034067544008,0.1908016152535881,0.15996692124535622,1.6658016254675327,-8.405565979880064,0.16142113500004726,-10.706960545319577,0.2263089494982164,0.19307984033347952,0.3355137357103697,0.3848549472496192,-7.709878597429554,0.051187043832742404,0.03200613136661722,0.07008425513458609
0.01857956995566686,0.8725877529190447,0.15008703433894655,0.5689224579339187,0.8165582494390203,105.42530990601101,0.5689214731832466,0.3608037011620782,0.9964081815390603,0.9087048706384822,0.15367681834254546,0.18401073145423713,1.3544965921156833,-2.389448859501972,0.13388573593951678,-1.59849825273585,0.24136682741068138,0.14766897104075777,0.06299567747039131,0.45005432293254216,-2.957342272791162,0.08330232407466338,0.039262915822399234,0.08490036245822698
0.022159335513909657,0.8534921908754829,0.19552195924928356,0.4960933237391184,0.8219477058740866,105.38209510707289,0.4960924858844249,0.33198890710976914,0.9963025155504164,0.9173604433442778,0.24534763004759946,0.17351050730150416,1.4414768031658163,0.1244135592541667,0.1541191147998202,1.2538056368726636,0.23669501226058248,0.17622318186741703,0.039858373026891464,0.4518081852804601,-0.5254596537982286,0.0878799340933974,0.02755215132970804,0.06114512954555335
0.05336602032184601,0.909148242623946,0.2542779412003771,0.4008871974119757,0.7600000876626744,104.42638049013759,0.40088651830098765,0.28280801715913795,0.9744358673281258,0.8613065298645519,0.2771748395722157,0.2035710172461205,1.2625123085218855,1.3125050893858403,0.14003687591030575,1.7333115650674624,0.2297963593053573,0.20310784902033782,0.08249810594223464,0.4297645456528412,-1.595829907476393,0.030917665734359542,0.030273783298321262,0.06392764331607825
0.0027582496404647827,0.9872227293179919,0.25012848235520985,0.39380734074693063,0.7534170471543544,98.3268898535936,0.39380666123500235,0.27994341567919284,0.9693760149943599,0.849510958826609,0.4399592400010665,0.1865077368320712,1.4466847058728243,0.3141088384805826,0.16217073000980997,1.2563734749910593,0.19965627536100528,0.19611814617214116,0.0020650268264975308,0.29177488230409976,0.6982131672639394,0.0002820076126448409,0.026075179986483062,0.08898713191938461
0.005565814673900604,0.9410895674555539,0.2492592290168046,0.4178760854186132,0.7775634735132037,104.05936593891242,0.4178753778004711,0.3025742676817639,0.9823215527819275,0.8762113114419291,0.4011977983016978,0.20800785785124995,1.2777483092171658,1.177043122461118,0.14403427995564344,1.0711495866964664,0.21010385060022482,0.2001079375262362,0.011273346086688795,0.3678731044861696,0.5221474046846816,0.032465582707498525,0.028154778909365966,0.07332937127423499
0.020405665040016174,0.8726864420699214,0.15646502591580072,0.5434393258228076,0.7899017540754553,103.93495335060302,0.5434383875165321,0.33535977985198123,0.9891267511784635,0.887124480044079,0.33277584968679247,0.19824432044991813,1.0575597824058287,1.2887282186625193,0.16117115872472454,1.31270853824562,0.19163240372816936,0.14833024111101004,0.04202690698451003,0.35917758334104777,2.632146510270894,0.05708762902105712,0.04012638769643978,0.10967648369389005
0.18682178854942322,0.7403684132016337,0.21718257778819974,0.45921493761505133,0.7727160918392342,122.22601311194776,0.45921416423169015,0.3194302704242736,0.983157017015565,0.8701421950047006,0.44424202961671844,0.16500912826276923,1.6633084863527854,-3.6902917553185324,0.14597121852262268,-7.22285260759755,0.24012398573916557,0.18111745569952914,0.37529419629706484,0.3635715200913301,-2.1763726515969477,0.11043383144266422,0.04597250243974532,0.06930545358581051
0.014559214313824972,0.9889725643142052,0.21782789382243414,0.4409147485895105,0.7905205886616625,97.58246596616847,0.44091399868278686,0.3074929507787119,0.9846549033770392,0.8793130671732724,0.2805886201708776,0.17155188832424037,1.3940606636942947,4.660255384692209,0.15941393398359663,3.5075957894599457,0.21488166760425473,0.18140885937642243,0.00982026141930534,0.3165992399386276,3.1749937651851745,0.0003781303678155506,0.04298252179351975,0.09241074710222241
0.023423736294110615,0.8321825397511361,0.21006453588856147,0.4745286761037028,0.8116832426876822,108.93216564813123,0.47452786656998713,0.3158184267186965,0.9955960738079302,0.9094269493674004,0.36003908668905793,0.20827642091846724,1.0734297219113478,-0.048581715014904665,0.12996576594524858,-0.00636654662402903,0.21930754221640084,0.17780496784085778,0.0381832365081416,0.4632490849363456,-0.7553558957844299,0.07154333069348576,0.03349932684824519,0.05206539682169787
0.19747871657212576,0.7365157065826436,0.21314352766177705,0.4685615071886951,0.8090853518049854,118.24164648375076,0.46856071709614305,0.31414756954585266,0.9934861914345665,0.9020797028869834,0.45306136069844466,0.17472566289079933,1.2607420322906273,-5.498551525634658,0.14704537677083637,-8.191345485602096,0.20251301382280076,0.17929587975456424,0.376319804434461,0.3549669978064494,-6.503127382133943,0.03090676370229601,0.0390311783746654,0.08403437207712716
0.06930451095104218,0.8312720456411576,0.18052409311236678,0.5225151485337726,0.775440481378488,109.42935518772306,0.5225142612083943,0.3333520738191972,0.9921940075469593,0.8770501198488944,0.4217934445855998,0.22293748882427644,1.1387195492456796,1.4693845917033148,0.1580874756194516,2.2461163049829476,0.20838577590130136,0.15067550455974307,0.13279347361429825,0.32993935322567985,1.336619800033793,0.09936241060030696,0.03684865599347286,0.08519567461623222
0.16758106648921967,0.9811615359339756,0.16239814759079102,0.5510079443635704,0.8339824784426392,100.62011458875944,0.5510070059816392,0.35574376359147825,0.997788622184146,0.9186097116707385,0.4357911102612598,0.21546317367146564,1.1664284155898252,3.3364924499500055,0.18474042290390388,6.76677944370744,0.19610345059830525,0.13187338493554257,0.23113799787621178,0.24235604039892397,4.4135079707716285,0.07959586448111204,0.04129697621783712,0.12163223405493426
0.06724045674006145,0.9331721984908994,0.22671148147092948,0.42657595421902206,0.800115145002547,102.36715102869846,0.4265752286007467,0.28892669947409505,0.9836415576098197,0.8947675202442157,0.3783903756270768,0.19742944820537425,1.131721991949576,1.6339559738731892,0.14116020855447875,1.6491183258746336,0.21047533307018232,0.18915454243406216,0.09630135769743532,0.4055022245603765,2.7557341702302813,0.000647471802557641,0.023202022393139208,0.07561892228155491
0.10148048400878906,0.7601487862697873,0.21068766191469582,0.4891621600462968,0.8068367193774725,116.38640487485027,0.4891613201990099,0.3182285827001016,1.0005597373163628,0.9088270389278449,0.37475619483980366,0.19207845747948044,1.2588975600900927,-2.6562264676173544,0.13463015946305693,-4.080793111681642,0.24227632439403887,0.16177031253917548,0.19986519158740962,0.4917078987570296,-2.618381730663001,0.06994692615848785,0.031720211310802354,0.08147352497801805
0.05228999753793081,0.899941491257066,0.21650127785873508,0.4596048530339114,0.7701803707257542,105.05807594688117,0.4596040766551255,0.2986275681106101,0.9842956802100367,0.8700473471803435,0.4293964578533546,0.17798727087228883,1.4337373064339212,-2.1199843330102577,0.15233114642675827,-1.8390391951422322,0.1982967432725787,0.1760201197178894,0.07718894588295747,0.2956093325604607,0.372724971920071,0.0031774493038755117,0.039646799134490186,0.08966497534057767
0.06652394930521648,0.8006745956710364,0.09601028583057629,0.5969908548881383,0.79268120442675,105.23335681061965,0.5969898233567599,0.3523189933514972,0.9825991079593916,0.8811097300892113,0.3307321490802233,0.19370520528287843,1.3958048052871357,-0.4683273022667671,0.17567109943697556,-2.1103371534522872,0.2509298283333984,0.1212940159230985,0.16061443407903928,0.5084039245026343,-1.7211283507966522,0.11335960180528055,0.05329835745176298,0.06945696003257565
0.21066891153653464,0.6570764342150286,0.19687329474931956,0.503941368485742,0.7697284019359525,128.48050755494663,0.5039404942062946,0.3023021304004325,0.9818745176468521,0.8652043007200626,0.3012732476159375,0.22103066101984858,1.1040803639410692,9.096012421688878,0.1661652839433766,14.039723212636995,0.20888380419614755,0.186038254075617,0.5031815770142749,0.27931676354922375,-4.291582186592858,0.00929050756648109,0.05026373902364226,0.11374158062918299
0.05955408265193304,0.9652082620340636,0.25363498462943124,0.43582173548587455,0.8157347619935148,104.4207869933291,0.4358210025080204,0.324196913190069,0.9975519802485099,0.9105579185121656,0.2661650386592142,0.18781512596314417,1.3139942531317805,0.48906646760178846,0.12146432933042046,-0.9429732138894034,0.20690354023283608,0.19921193882086596,0.08597064250794449,0.36841842610643766,2.81975414476533,0.029197014358032257,0.03173068102030089,0.07215280984549678
0.22027366360028586,0.6653585453316618,0.1291643220252472,0.6498462971260354,0.8370869260454246,129.74620117395818,0.6498452006039196,0.359778387487707,0.9958638254928674,0.9304102034698902,0.2646366908145749,0.19482319662354802,1.3673629391967939,8.719737542217823,0.11140268955871603,10.328739175795153,0.18802778318798335,0.1313746085768869,0.5519759125375545,0.3214585304531339,12.80188008902528,0.25439062525952294,0.04695117348134078,0.07436316923036396
0.06025079141060511,0.851837461271061,0.15838251628856662,0.5188256714322642,0.8108108241510239,104.54084492801577,0.5188247966079259,0.3349135885694148,1.0004529663663284,0.9096610149630585,0.22567649354508554,0.19127712838015612,1.2982892109663702,-3.101198531312322,0.15166859117951909,-2.6383455130493716,0.2476279000787898,0.15684962769564872,0.0914111307591539,0.5122586664634193,-2.271993139199063,0.071368867001306,0.03989659110926609,0.07106159130304245
0.1103467121720314,0.9146890326964127,0.10467206589513384,0.6230709112518441,0.8450466190660366,102.21979512124598,0.6230698555981354,0.3812237998104518,1.0025068910498482,0.9259245277413228,0.34128211224175864,0.19180351633220005,1.2243243173235578,3.9624380355474953,0.18190200944557275,5.3201099258798745,0.21183414065637937,0.11716639927030939,0.20096653850861093,0.3829992494622692,4.6719245335637964,0.11714081523084134,0.05631493317772626,0.07032395094703804
0.02211020141839981,0.9519568453386518,0.21183714899265516,0.47000046438044485,0.79158983937875,101.38636238871577,0.4699996631173028,0.325357170036834,0.9851244164591358,0.8849526644834109,0.31478090004399956,0.20502128567346403,1.2264698664149176,-0.44333067846964874,0.1352267453131042,-0.21941327752858797,0.21267902045553114,0.17732538761795086,0.019898349051217862,0.31518413265710765,0.819414769548507,0.0026464559490271744,0.03885679917914274,0.09919619360092218
0.01794489473104477,0.8728712714927465,0.20289875799599813,0.4972275302544408,0.8573872808926831,107.13069484003847,0.49722669007050646,0.3591252531985976,1.0088666634850454,0.9440122112202376,0.28580044668913035,0.19737334693493247,1.3259204160388574,-1.0688103393791744,0.14303834888559097,-0.7424212717084328,0.24735168049211295,0.17740724450801212,0.011233297602774656,0.4792564939905116,0.7829423092457479,0.031476429592073724,0.01960624544817777,0.08596277067739998
0.06138765811920166,0.9993500803384363,0.1744212103774902,0.4634982224573619,0.7700723428860835,94.03831151202147,0.4634974212679355,0.29827572636049554,0.9719952460084628,0.8629502532548513,0.3607281484421898,0.18447074165728217,1.3419293649761266,1.1982394014191136,0.18611217889026058,2.877543759682433,0.18754544689745573,0.15814777017695061,0.0753015319902272,0.2537160136077019,0.11305871501993273,0.05159186883657608,0.04315179171281027,0.08431616359981217
0.02737391988436381,0.7858110571318335,0.25540615785145254,0.4304922851365947,0.7941158045648721,115.59990556319262,0.430491553549765,0.31519983735324975,0.9897792630895267,0.8926110608710428,0.2996687983871377,0.22296290634110225,1.109917170344243,1.2032841054331538,0.13150561400713212,0.3878213126121671,0.24341858057626883,0.19993404277237325,0.052230760666372916,0.4610803004163053,0.3721656799728475,0.07920992236951535,0.023477590507608087,0.053651337512085256
0.38144104182720184,0.7163300446916823,0.2574850746275797,0.4234486907703175,0.7297397471763097,127.09012380220595,0.4234480110542575,0.27217165102713514,0.9767156041971815,0.8468201511795319,0.44672535970995153,0.08273117821353976,2.621795728825729,-10.151046389919504,0.12076307322666135,-12.383701472285537,0.20223751970425388,0.19447116357484853,0.6898525631884521,0.2908039001667165,-4.432792942357789,0.005840592938206217,0.050641281092061896,0.09783246117151576
0.31867939978837967,0.792856165785737,0.227153136349506,0.49706659720186036,0.7649945605849213,124.97321081023733,0.49706573103356466,0.31262540532695987,0.9850417285226085,0.8692220896109112,0.504497354436472,0.15705606673183958,1.6580304733104394,0.17456104228585473,0.10948586831910834,-1.9421756155855932,0.2257986385735316,0.19004151425799423,0.6303452265167991,0.3214240776311114,8.391791788598155,0.0129299039107096,0.042504759153372186,0.1299606569972639
0.05500509341557821,0.857705146075462,0.1949882268502091,0.5016551639784003,0.801891877327396,108.28452902179733,0.5016543146118662,0.33137872151721687,0.9931887597299972,0.8978146741164873,0.34488043632183346,0.18733311252278212,1.2884679431124952,-2.3233863693263523,0.14995244561961626,-1.4529586415890812,0.21870626686229774,0.1679186487055994,0.08977696100272307,0.4490372091272022,0.5809153324586218,0.12057366273020176,0.025238880505441135,0.06757452085799957
0.18117040395736694,0.7403949335117331,0.3181272862428061,0.4047259739761749,0.8377463519269305,124.93280661752222,0.4047253131359218,0.3677032208041179,0.9985704079252115,0.9234540321053282,0.3947204483172852,0.2647879578715578,1.0053524655930213,4.277242366293371,0.10995538659921607,6.821578081315492,0.2764780563941915,0.22619297762754542,0.3509834795917487,0.40749126004654296,4.717031358762946,0.00534225446502555,0.03570512552619197,0.09991381169723228
0.1445238838593165,0.8115613840179025,0.22670351965632407,0.46616326887794696,0.8260151180182564,115.19154342062174,0.4661624794830519,0.34774747732693484,0.9998622881901544,0.9193033881378341,0.1888729558028111,0.22651382419488286,1.1213598250031092,3.942109598814962,0.13063939798116048,4.999090085026043,0.2671418741754656,0.1934601159145223,0.28998751447021415,0.49106152616325616,1.8894937014019055,0.08560301540258755,0.02977721656886733,0.05683324688306907
0.3932085285584132,0.6201199079067252,0.27256001408530656,0.4148717361583481,0.8305828971323275,138.08936162873704,0.4148710664923166,0.32432107426477064,0.9849814755345653,0.9245357356115232,0.7661060118955536,0.08848713778187993,2.3137954266412373,-0.7333895317509523,0.135457568244861,-2.813452472387559,0.1876103741136035,0.22277030751957175,0.86803465393933,0.2543747809002331,5.815919466819936,0.040536561656346344,0.041543661853835276,0.08819905985055738
0.040164301792780556,0.824631967412903,0.26846408687511275,0.42163666507081193,0.8109642780091575,113.45296450573007,0.42163594725304004,0.32294670581431933,0.9893769630697039,0.8989447876889083,0.3418616741230364,0.2170817808505237,1.1442758227408518,1.0288664657308857,0.12047137099744577,0.3197337590671398,0.23268945520081896,0.20544229259993557,0.07578241609111577,0.38600410828820625,-0.8534237162758508,0.0006632358366282873,0.03662065335308993,0.0906737873901649
0.05921201904614767,0.8555012564931349,0.20854828029890732,0.4875445454820833,0.7994912986787199,108.1073294032996,0.48754371402474445,0.32090726689460114,0.9899607922534244,0.8940074593426658,0.200762122750054,0.188132005642001,1.4487506194344157,0.5348571377341476,0.14371996261515077,2.00442195741613,0.22890291573487823,0.16781225140271636,0.11848618095107581,0.46840291116034705,2.2312324175412463,0.08764311829784502,0.02428654886176866,0.07861964313005597
0.005214703579743703,0.9256499711953152,0.15128092669808346,0.5527871024531776,0.8183717860586966,98.63206847879508,0.5527861543049112,0.34361062853956714,0.9996073876162552,0.9090020120586607,0.18480134939035284,0.18697220323767624,1.3190026251215388,3.273019607501467,0.15117986377431547,2.387627040086592,0.2303388734091822,0.14365651576283342,0.019181393786539967,0.37632124524582544,3.1277866697621324,0.008073067753259992,0.04525638886107643,0.09962552796007096
0.08521946767965953,0.8354830963839157,0.24233418055903122,0.4585008449807878,0.806646841347996,113.07363052717488,0.45850006594418613,0.3164006565652114,0.9887846967551577,0.9020652422127139,0.38703377750929807,0.21468721718730263,0.9980025932904186,0.7256259214023516,0.12790127413731872,1.6636099463829015,0.21452145394545608,0.1908658143975166,0.14890260513496714,0.4512642129100655,0.2329819946799569,0.07567089615694314,0.02378917754752616,0.057752398052695095
0.09982701390981674,0.9144533041287723,0.14056509026831793,0.546547119693017,0.8301694434343964,104.88688103897172,0.5465461825712912,0.3488781046515637,1.0033731691355956,0.9230093655692438,0.1099060425494885,0.17372200375559443,1.4986031727038234,-2.7586306200954174,0.15877745310559307,-3.3490304153877344,0.23210318820955242,0.14079502661942184,0.1812116184007516,0.43849864848221637,-1.2232840326635446,0.15672140484517516,0.0336383248893518,0.07174920371153337
0.019930819670359295,0.7661142334394341,0.1452447057542599,0.5362708337626471,0.7892798217176836,109.70366929553066,0.5362699113541578,0.34138057959693024,0.9896562404185847,0.8909792422988877,0.1512035582572638,0.20250535236482622,1.2120536597482419,-3.371551239595821,0.15920248517296637,-4.197157178626632,0.23554749421271476,0.15131233135659347,0.06905008517171043,0.47392133547599663,-4.010487797085895,0.13730757352093145,0.03614970190593183,0.05854112685581382
0.2644752611716588,0.7229362850723172,0.27636346267732786,0.39738549891015923,0.7736637504652453,124.08115648024827,0.3973848341056603,0.29038972523316153,0.990986242943143,0.8825995482663573,0.4729337377080819,0.14151181295140164,1.6241580589670321,0.42022262411177536,0.13646609691997852,-1.0331775225655921,0.21038332824711767,0.20944245661552158,0.5265659652087764,0.3327410219672792,-4.454563107128482,0.001667041301041061,0.04402599936304707,0.0874304355265561
0.3820916662613551,0.6263830751747724,0.2567055406554285,0.41815826951893004,0.8207137818974871,134.76080095435196,0.41815759113034956,0.33349726552112896,0.9930419585940836,0.9103403128118679,0.745547300173049,0.10773169113211031,1.8698007490996287,-3.829635070093687,0.1255037877090176,-6.920334001969431,0.19473436823641943,0.2000457527804617,0.7470904007872807,0.27644519481273316,0.2655656322606549,0.038368259095576326,0.056753505199096346,0.08628518364883102
0.029008058210213978,0.883461738955543,0.18566770581498918,0.5123328400970328,0.7903867482191484,103.75726102928675,0.512331958069039,0.3271954658530897,0.9807424454022698,0.8789735581202337,0.2217033521102692,0.17272132763945217,1.4852933104276524,-0.7971462946382611,0.13803628510311056,-0.5709860754240131,0.21403660338910288,0.15676307520861638,0.04420155865710095,0.402002224061023,-1.3265354794725412,0.06977431149219765,0.032064214394812315,0.07590035480211232
0.280518318216006,0.6771841184017283,0.24741727868344,0.4429077922816611,0.787309736504566,126.282869904855,0.44290706979664257,0.29996578055142453,0.9884650305902972,0.8915694825717837,0.5280994065035504,0.1273980759181651,1.7025009417554209,-5.145539358280219,0.12300367344636882,-7.476956571844758,0.216664003284503,0.19956435279195836,0.5421074481512714,0.3547059342523653,-6.36825694623698,0.003458045100078456,0.04682739832548356,0.08774629013669316
0.002042685945828756,0.9051766346124983,0.20728281090150016,0.48860742446257954,0.8013120047098905,105.00567987537848,0.4886065931454753,0.3364171210557667,0.9842528470057873,0.8911147022869793,0.3218279596776215,0.18727319191290212,1.3581993565284602,-0.2022626711067896,0.1658527594749264,-1.388617874725418,0.220287923522142,0.18394844012782724,0.0014465946792696386,0.3828246584357456,2.9600673920040035,0.005382105574234104,0.037252246470169025,0.07936071704753891
0.036694576342900596,0.8322484516989137,0.277902662324704,0.4150419325834576,0.7917252817655773,113.49218081388375,0.4150412257826369,0.3209081985357493,0.9834847459627646,0.8843445169962839,0.3766996824903861,0.19762310990317616,1.0999701450625952,-0.30749551791040786,0.12191600516992053,0.8249118185814553,0.20384239241859825,0.21480458427453514,0.06451565669899481,0.32098755268402684,-2.169900099295489,0.0006490195880878801,0.015347499817462218,0.09500606602539169
0.028667745490868885,0.9046630920455594,0.24223003975971943,0.4407172545360882,0.7629828853670503,106.67868137588418,0.44071650102281457,0.3253887005465007,0.9717448313082053,0.8529089904490691,0.35317936993970944,0.21407692057266364,1.3055106819616922,-0.0027857337296117533,0.12866621670591927,0.15771323513932006,0.22857198899695996,0.18891284453455448,0.045185870552278753,0.34805802133402003,0.33501193846887145,0.037908685024634216,0.03762411791786526,0.09175407068314435
0.09338994820912679,0.8569305173930569,0.2845774341377901,0.3973267697184743,0.7782952689086953,115.54937144020627,0.3973260999715663,0.3195400683599711,0.9810199256351635,0.87467013716497,0.10129499924747426,0.19679240677241164,1.330248555667497,0.9167511074171063,0.12299854722217923,2.519600882262469,0.2491293310387505,0.2065678698353028,0.15190523044507964,0.3654956856981192,-2.088249539658172,0.02530063899251352,0.03342771786743975,0.09372214950783475
0.07829779634873073,0.9157261287970779,0.2615564142782221,0.46105400895168847,0.8079396580517009,109.13534063965392,0.461053227004276,0.3454149159628123,0.9896849350114011,0.8970306694899308,0.3163168447633491,0.21232800930655954,1.0947607158549804,1.5824372802693274,0.11869317081548954,2.0809465157235345,0.22474650211948768,0.19741484513271654,0.11987714917455118,0.39981251980861854,1.635854813118218,0.00338103785842818,0.03819174081074233,0.11450054891661832
0.2001118709643682,0.8090089237692439,0.25943973078419574,0.43549845755454214,0.8115707669545874,117.71868019878362,0.4354977181886842,0.30240280258801205,1.0106882096612928,0.9209501860299034,0.36742772938426416,0.16853564466106696,1.2903062916165156,-3.254012614534701,0.12243540382874417,-4.854474327289138,0.22300643198527215,0.20178442496914856,0.37212011561730934,0.4502756810816527,-4.838169172811846,0.06793781444738987,0.03310180806825882,0.05171143341691381
0.3125918010870616,0.7091250237364852,0.18141952867277555,0.490550432867629,0.7802086992944397,128.79155853409026,0.4905496111951961,0.2920688397382043,0.9923055720515099,0.8791535019188398,0.6751692677676928,0.12070473977250945,1.956867571377687,-8.463122604715405,0.14705134777188286,-13.245384834141673,0.20516080623065144,0.1748494892187936,0.6572849530444088,0.3516592818576844,-2.644056333057542,0.013940356988712084,0.052037517245051484,0.0943275171653345
0.07732559988896053,0.9072682840111027,0.17996216345695418,0.5151162684601792,0.8222579828379825,103.83074034148531,0.5151154019373317,0.32024000436580113,0.9931989655924152,0.9138520244302797,0.2782541085456781,0.17623076575380828,1.3122562288269815,-3.8734001577722044,0.1275023480760992,-2.1593429308235716,0.20266611899289325,0.15912352644682715,0.1340809336913434,0.49288175131241674,-3.7940848282284736,0.07525905963541925,0.027380220899608513,0.06692325413462293
0.11058829228083293,0.8354821025550041,0.26226640358836506,0.42517788926700906,0.7626066150296584,113.56785961830403,0.4251771738396607,0.28308930802795307,0.9854013293625015,0.8717012429217069,0.2963630784868071,0.1761754251684705,1.3765638128658457,-3.542454323376771,0.13455418513595951,-7.3890093136921235,0.22755172058009088,0.1966974959252985,0.18332894165301986,0.4888241927931781,-3.5180398450621686,0.07549671274568867,0.02642179719493259,0.05080032658409862
0.18407793839772543,0.814218932998966,0.13413486722861764,0.5795108213125937,0.8055507359099838,112.48394307255029,0.579509840942382,0.33222674370223265,0.9950958918503661,0.9027045132732873,0.343486701537983,0.14855899535846118,1.5464547404652904,-4.463295940667644,0.15677594306640302,-7.069102685145971,0.19812874943473835,0.15278571849915829,0.381188749457527,0.3877335421475738,-4.306281168897077,0.09048403934460839,0.041568058925062955,0.09012675790418552
0.2258478651444117,0.7412019889922373,0.20170705805378286,0.49307678966559154,0.780136021444219,120.29727110184047,0.4930759397078462,0.3082710932128116,0.9882042272675732,0.882377316629186,0.4077112305200633,0.21357630226559746,0.9192025685907435,5.494230654711605,0.1706432473353295,6.961363665615145,0.1962722175530261,0.1736932648553834,0.43271481482329793,0.3315260009534309,4.237251354424873,0.0032599097510379333,0.03557244359399404,0.10791166393185425
0.026845867435137432,0.8428935966559629,0.20994681898150422,0.46113269687519925,0.7634580258563267,107.46399423731947,0.4611318999366704,0.3011660365338893,0.9759535335566268,0.8617669073757572,0.41387530383677246,0.2055093004004885,1.294441365791871,0.8962055306049889,0.16007013899961986,0.9765443784104817,0.2220760980132125,0.16757770076743547,0.04790325658887573,0.30154049464405186,-1.3210993832253228,0.003907165912131523,0.04042804855832713,0.09436412148646763
0.38919998705387115,0.4836188323068383,0.18118937185675477,0.5518944459448157,0.8223727744592798,151.5079774922415,0.5518935026733658,0.3248597370323532,0.9982133329231235,0.938543467754831,0.9192234102307381,0.09881723122387498,2.867262711563508,-8.524856843021965,0.10404130957619437,-14.449450418427762,0.23990282891415665,0.19122883360165133,1.2520374171291149,0.3621137510162472,-14.530229772490015,0.08706660455755534,0.04515736790743081,0.09727340802666137
0.14005634685357413,0.8038968330712126,0.23899472186904022,0.44179851114910895,0.8036805015994948,113.55623538426359,0.4417977668003301,0.32875604621858384,0.9862482139219698,0.8893338091279692,0.35930921597383536,0.1878970198906723,1.347514673912908,-2.8548608329134266,0.13187813626734665,-3.679338018046617,0.2256430081089464,0.1928934855718802,0.23003023952990334,0.36060333469538014,-2.5163561739330103,0.0009997089970914714,0.04142711737249155,0.0858655693831645
0.007922301689783732,0.9065470721132391,0.19315208898351835,0.4936893917313402,0.7935086716207994,104.96483452661045,0.49368853929243006,0.3109420343983274,0.9895382857802786,0.8923376091531978,0.21923730234235755,0.16944746363751853,1.350960100651803,-0.04601520434580641,0.10851434297214024,0.7526819865635231,0.2036862199878049,0.17322560262464987,0.01613564835999639,0.43751206936149234,1.6248436594928826,0.05568808608668712,0.031744355672877145,0.057256987435301186
0.13543901344140372,0.8520604364681047,0.23744664836280294,0.462230740739133,0.8346532520614937,112.07717052636785,0.4622299578666709,0.34729022029301826,0.9917051264765647,0.9154763806522073,0.29876979856087815,0.17041136915911656,1.5085397726220957,-1.9795599090616434,0.11467199436399371,-3.1349097651654536,0.2260456394270813,0.19387696488329342,0.22960415434558623,0.40576692270052334,-4.996101122628671,0.018737789089384133,0.02453296663067606,0.08536896106475028
0.16879246135552725,0.772916204282669,0.2101818744532619,0.49450544247163963,0.7764550176229452,118.73284282665435,0.4945046066381401,0.3308845956754211,0.9825174335705923,0.8732335174866952,0.34801408028523056,0.163547301000704,1.3492512811888964,-3.4011820049856203,0.11253384066487866,-3.8363292861445224,0.21311703595159426,0.1781319008135574,0.33665971772923464,0.43273106176189235,-3.34795505114225,0.13603420841233466,0.024179664941908968,0.05894391766129337
0.3343171253800392,0.6250623725416921,0.20397999302378741,0.5021887436877369,0.8102480485218262,137.5410719463368,0.5021878911088786,0.30070835468163487,0.9990238306729755,0.9116722273308661,0.8570522810061113,0.0987585300832351,2.498687405889261,-12.686778377716061,0.1531237606834859,-17.811110656947918,0.19127819225697035,0.19389739766223008,0.8039325014871022,0.3081438739626373,-10.295016525971482,0.011211100648709124,0.05901788404249676,0.07643867232898373
0.13859118521213531,0.9289560493501973,0.17447153397538995,0.48963545877482173,0.8164931205925252,101.6529054064855,0.4896346341662544,0.31400902743753606,0.9931629320591348,0.9079803426351539,0.19492631888774928,0.1870548647588503,1.203904072395576,4.118193314144019,0.13904594214786897,3.5558274558523806,0.19195595842324736,0.16739907042258612,0.20673958463070677,0.36939044499746604,6.257143131635903,0.0014768174032579009,0.02638907985595457,0.09675482849669564
0.06110582252343496,0.905215151099609,0.21080355440868745,0.4914642076304014,0.8477914297046307,106.55838876497066,0.4914633594070207,0.33400182426025277,0.9963814863429281,0.9280975727873159,0.1872802063670559,0.20067660080112362,1.1586128492555385,1.8531058361463737,0.17479392507618102,1.614322145010465,0.2034174154779575,0.14649994912955996,0.10441259494518898,0.37062289310703433,-2.4358680835399906,0.0028602614229111503,0.0406364422596465,0.06819763519151653
0.1820082813501358,0.8088790570700989,0.16081588302321587,0.5012700340606707,0.7678663583810857,109.25046602757665,0.5012691838428646,0.3080958851344637,0.984737218657964,0.8665361865600717,0.4011531261077672,0.1627783769042384,1.7063918743993614,-4.811653467997011,0.15732351536424283,-4.875556906304596,0.26270764512513156,0.1588486065818144,0.35745085917314046,0.42792426397173705,-0.1496730868414717,0.004771174988802636,0.058094810439221684,0.08048539080999952
0.35768075784047443,0.6132248074770309,0.23655678925651807,0.47778035682980313,0.8202377566135263,135.60224302438635,0.4777795717718111,0.3132586907509553,1.006702445155578,0.9268955226844346,0.33370825081690364,0.2002795020565573,0.9387729510724672,10.044238314155267,0.1452092375564745,11.880687949043494,0.19459686853245728,0.19761367498264037,0.8229307945548976,0.24369469361340876,8.62980007982748,0.011317873723500278,0.056782582961052784,0.09315314937994938
0.1713700940211614,0.7953990802064357,0.2279637005994274,0.4561402976464272,0.7993356298731962,114.57631962557494,0.4561395236589835,0.3203742756587567,0.9922636561489858,0.8964694589217693,0.2807196643688116,0.15962315264593901,1.5683887236184026,-2.735990288043611,0.13350020776247534,-4.381453047144894,0.23572721004595676,0.19383814469191002,0.3190540030462464,0.4253763848301043,-2.106372224399787,0.014357186142735784,0.03589757030930051,0.07464192412636766
0.30404400328795117,0.6476446352839788,0.2016959855660803,0.5077124706748009,0.8345890659825882,133.832967044385,0.5077116120997591,0.3347502072381123,0.9960421166141114,0.925003315941166,0.6012862528503098,0.10129795258796784,2.4284972699161878,-9.321577208324488,0.11787971790421005,-13.950285797859996,0.2164237920194306,0.18087897480867748,0.7169341115409545,0.37474306771121985,-9.453545761089709,0.10793287916750681,0.038266560881118475,0.06601849647275368
0.002917798856894175,0.9376225759122161,0.2264446050591191,0.42791264885140584,0.7273822022065575,101.37036848733989,0.4279119215089928,0.2742240798869268,0.9658039248175163,0.8307465887833745,0.4022074916314628,0.18564872227942425,1.5291678004106215,0.033553694072254746,0.16257562979967632,-0.38100732883444755,0.2102390989984249,0.17176310942985776,0.005804593245533694,0.2832041542464318,0.16959381147997613,0.00382303476430877,0.0405036083554564,0.07983371802970661
0.049507372081279755,0.8987770658657418,0.1644260926414208,0.5282925409235849,0.805414407390163,102.65868844763698,0.5282916349703649,0.3363178123195642,0.9887484409918276,0.887792720222613,0.3026542845040835,0.19149150193061434,1.3111969357323974,-2.295698940470184,0.17482856259788995,0.036030399540333276,0.2284108477189273,0.14776552647169336,0.08228801447826635,0.41303046403889615,-3.1713451237338686,0.0018545751463395772,0.05369931714382643,0.06817984223737335
0.14202243834733963,0.898620624802509,0.2318444112905157,0.44280097135862684,0.7579179698659121,109.51432637398933,0.44280024817856545,0.30865699022498777,0.9726881020758549,0.8521896096419688,0.2224081277981029,0.17929022422894555,1.4518604550871466,1.9341882127589536,0.10853326240506206,2.4681770740640285,0.23098351891792931,0.19077706013128878,0.2239269523354142,0.4301616855465005,3.324667874949866,0.02156476099318624,0.027959016298423556,0.08152478084379454
0.04264906048774719,0.8983405497870504,0.198645469510964,0.48790709881549715,0.8104693631178584,104.90295115537896,0.4879062699704113,0.31690361868374917,0.9974791916812165,0.9037593049176046,0.32170282602321604,0.18745339999812896,1.2123977227408584,1.9929237194226748,0.12052986184591695,1.8078545706160192,0.2023412939896973,0.16092658880956562,0.064682004666119,0.3271488638081237,1.9263823776608295,0.0038113381915909133,0.03926516348754601,0.09694485260747855
0.3449860215187073,0.738428007905401,0.2931607163904002,0.37670395683582136,0.7758779440937723,125.20350869201803,0.37670334476155976,0.2908939400014723,0.9823554004385947,0.8764221828033405,0.3153159919626284,0.0988494531891469,2.5546051774511644,-2.547816949864944,0.09747505831282931,-3.737356593030742,0.20305525658249496,0.20788091809492118,0.5609820238160375,0.3180926911136244,-0.8836983006240008,0.003506812647425756,0.03013227677777182,0.0755646882795761
0.17772888640562692,0.7791591316776334,0.26911486127794776,0.42610986342094187,0.7885700125137685,120.77937254721579,0.42610916847398894,0.34674646769508727,0.977462569123125,0.8721453040921849,0.4625115092854648,0.18812483492337137,1.1584727077447687,-7.640997660243182,0.13492724039577914,-9.507033358829743,0.21662863276190775,0.20117918872239735,0.26970660620592196,0.3968636781761492,-12.370253524233462,0.05057389874071043,0.026608477482018906,0.07002986243074848
0.14896737535794577,1.0118714424113842,0.1565884936046728,0.47981383477944023,0.8140094014520137,93.1278483502921,0.47981301177988533,0.31441606521338045,0.9859991868181972,0.8955132379540863,0.32424438055696275,0.17498525611122445,1.6344385403132222,-3.173671550684807,0.16669851720329829,-3.9180482282128257,0.22124186433884482,0.15820980474387406,0.2297058109134779,0.3490656461480839,-1.8220125629174853,0.000294748484434126,0.01605615020630383,0.11804583510573202
0.011798943082491556,0.8140013643882529,0.13260129369089274,0.5740843604594418,0.8216007151192427,103.7285672741465,0.5740833863205185,0.3608142629716539,1.001527321293235,0.914881303162234,0.3490778995172134,0.19943901476683035,1.312971540947983,1.4039841402665267,0.1717006375750215,1.6603730787667261,0.23336721044620315,0.1389505158935049,0.020350827053179955,0.3679910859643077,0.2984680353248446,0.023896577457045116,0.0490012597475913,0.11169798583511786
0.010417841374874115,0.9402373487430642,0.1975935474661543,0.466160140568951,0.7530002441943359,99.96066655856906,0.46615933740595505,0.29020203981853937,0.9746153538875809,0.8557050373122186,0.36898250382935144,0.20490401695045024,1.1131765452454718,1.00371610919759,0.1711833268485207,2.2721624740437303,0.20486375482531125,0.17178468293424334,0.007402537893474997,0.3560181077713192,3.9576755338718943,0.06104602850789199,0.030653693448813593,0.08192960363307715
0.21415057281653085,0.7878503889321299,0.16581121359325418,0.5261286520230278,0.805413082876333,114.4964755751364,0.5261277635771818,0.3261826425836744,0.9879498697800819,0.8950849002483279,0.4175526304272647,0.20167256147065832,1.1192982525600297,8.72497249739408,0.16706570222851547,10.373626313162031,0.19821619632795337,0.15953428997126504,0.4022016249315987,0.3407363000901308,7.703446406910181,0.0003960626131432004,0.046599342478865546,0.09275975120881008
0.11257414519786835,0.7972584566096286,0.17770028918193911,0.5163624252644797,0.8261312867289259,112.27195758143444,0.5163615535822419,0.3416111298276399,1.0001512244177337,0.919367974847458,0.14392912838920052,0.18860487987725055,1.2764917288863393,0.9834601853287775,0.1270063500476971,1.068064226416596,0.22451863659267435,0.16439574407499008,0.2087439098219857,0.37162340430298263,-0.47848511237641633,0.05058260514940136,0.03735202551492294,0.09630214600549537
0.032978067795435585,0.8738635925036561,0.21111076084362462,0.47327031347660214,0.7998693206630185,107.77346985630052,0.47326951121470784,0.32211619226608,0.9843307165549251,0.8857002421972392,0.36460119096754096,0.18357777280342097,1.3123802484698848,-1.5583484188370542,0.12530434348610217,-2.740721109774137,0.1876143727899393,0.17889452145950804,0.060880170395900095,0.3096747745727992,0.9945002386443008,0.0030979422686252616,0.03680652923068821,0.08746307238807817
0.019239045679569244,0.9382871511893512,0.22989909210666298,0.4565769268678853,0.8023385164906737,107.13501541831099,0.45657617784442645,0.3394752668193878,0.9851981027945665,0.8894535405643847,0.3764078944829357,0.20896294719575473,1.241582143412192,-0.33283107845590554,0.15255761951672092,0.7452290729428465,0.23694129515206402,0.18528800737516662,0.02546258794979194,0.351847690042238,-2.075198167148961,0.026439827270017584,0.03489036117106138,0.09847443233914131
0.1457848697900772,0.7794122199117993,0.20523585938223904,0.4838926903640798,0.8128673132933872,114.09069846967411,0.48389186913635,0.32039672555320575,0.9952118408420082,0.9067406794491392,0.2824097669131588,0.20711943585098247,1.2286359059869107,3.394943419724961,0.14642942986387789,3.255394270883547,0.22617600967581314,0.17347325958592852,0.28139706154420624,0.47054718662351797,3.558011637584034,0.04851121223934543,0.02384333567159536,0.08337187802099875
0.20119123657544455,0.8062254304920243,0.187170472087749,0.5041821462863604,0.8202874766787362,114.61961062637042,0.5041812803157752,0.3218750120817571,0.9979744256670378,0.9105805040023196,0.45655120288674483,0.16023651487926516,1.4806105802219864,-6.317043375588334,0.1345599750099314,-8.065538984436522,0.20506132216438996,0.1683198579722605,0.3674738641927316,0.3491125049292584,-2.712982556482798,0.0016504968451682364,0.05265614537035202,0.08188877725065329
0.02327696979045868,0.9323708099966574,0.23241753103005885,0.4506934968087485,0.7770291188345748,105.33571988725991,0.4506927101799994,0.3195449178342125,0.9865536072873552,0.8759389674457014,0.0520796740465025,0.20526602502305213,1.2748720055439746,1.3261511752941373,0.1576153833868773,1.4751825171762727,0.21399916661980367,0.1879565144839885,0.028927577785399984,0.3374166340857298,0.4242047286854806,0.006779271493386475,0.04428458126604269,0.09306464971077066
0.33286777635415393,0.7482914027500571,0.2961159536253173,0.4181298954882762,0.8029763642855482,128.02768724939963,0.41812919734579534,0.3321538368643238,0.9857483336614756,0.8991515056017111,0.35205817833746483,0.21410357206885858,1.2255799881183373,1.2919087903483417,0.12043280378067789,2.5192021074340354,0.24525284321689683,0.22010376531811063,0.6234314348970302,0.3922897192532785,-2.885583191966495,0.04560491302896138,0.02799416898781718,0.07685067787664278
0.10474014778931935,0.9010156122012054,0.22115185496278297,0.5195640183563629,0.8704618955481651,108.91710552084749,0.5195631454775088,0.37127583016360116,1.004217378797176,0.94406604290714,0.12634694521245288,0.16208616990477123,1.585082929657254,-2.7647583238938216,0.11852737847446974,-3.356033537753301,0.2193863531161211,0.17258402818583715,0.1681174663661808,0.40173014418516517,-2.3524941461112325,0.0274876339319968,0.039827303448439856,0.07936721967863669
0.09752957771221797,1.0039063461879765,0.28271455094541814,0.3849972274873454,0.7250534493791914,106.31809561524948,0.3849965675230133,0.2778200696046844,0.9747628816294068,0.8399403268187825,0.019545806565388943,0.2166870492478512,1.1594585241916724,-0.7525666097215151,0.13850099751591127,-2.3650288357415823,0.211819796235933,0.2061605568362029,0.13346113437956778,0.3318615416823955,-2.3528221061640964,0.06909864175153341,0.029724559404942903,0.08007230925624545
0.20141395181417465,0.7759639682759508,0.22296215515857679,0.458250302137941,0.7657243852876585,119.01980549471719,0.4582495596471728,0.31966547277825774,0.9764196961655692,0.8616125893301717,0.5188790513371526,0.18900483418808908,1.353942243939861,3.5654140167709767,0.13330920512396113,1.314406473980282,0.22324655902550317,0.1798957887273044,0.3760794830348244,0.3838499547870273,1.830331035849688,0.19913277275870422,0.02773971107122609,0.07919228067972504
0.16569156448046365,0.8181196985872281,0.2585454903687441,0.41363142879545467,0.7708453997689657,116.83668687738214,0.41363073119817995,0.3098103125475362,0.9885950727608137,0.8742632272928414,0.014580049586547452,0.20842565421239706,1.1605822026073327,0.3766405733904319,0.1405037126464757,-2.6233231195881093,0.20748655389209877,0.20643700077001795,0.2601649792859375,0.3370079833433833,0.8455101272693218,0.04193213151178572,0.032044856297814416,0.08441233444071485
0.021679456035296123,0.82349620850721,0.2795644448906149,0.3951918664667995,0.765879882559168,114.41580644557521,0.39519119142052467,0.2988589496703801,0.9812749682117002,0.8665207015048502,0.4188061156236836,0.2041129478743394,1.266456213175813,1.1762776395512649,0.11702873871851038,2.16326293245668,0.2349099225519648,0.20613410987351985,0.03811540236081147,0.32798025706882394,0.02095035930125512,0.00629167116190695,0.029715447542915562,0.08053425756039469
0.1286435971657435,0.9360934837302937,0.13783625590857965,0.5413010425922224,0.8106172090825218,98.44053260740154,0.5413000881062319,0.3229970476667818,0.9975780938056158,0.9048606030012886,0.14227145410544645,0.1833887104177258,1.369189160645696,1.39397155491865,0.15817844390878227,0.9150454856301448,0.21876406274420335,0.14828748147312001,0.22052676740061536,0.38595086381739563,2.4321551503313072,0.026607506100666718,0.05012856188343558,0.10342253192927829
0.06772688527901967,0.7596902732617402,0.14919812594721543,0.5496798991426556,0.8219147981146884,112.55312257658512,0.54967896137571,0.36333073314063946,0.9929539367681082,0.9092805025825811,0.112524700167389,0.2154169211554063,1.154562179961023,0.768766255499249,0.1381557376882683,0.22011353870768943,0.2379946233774126,0.14325792081583977,0.16245279821085076,0.5089582713424865,3.2488199055309916,0.14939295780168715,0.036732022963280035,0.05235975774256185
0.09364640712738037,0.87254388494837,0.1743730570130491,0.5360119996535337,0.8134205113324263,106.7138808680091,0.5360110690404899,0.35790958637008846,0.992850122513491,0.9010620576776899,0.21393198568455085,0.19020406481068025,1.2798643008297057,1.463484965839294,0.1383211308869908,1.4917175177043924,0.22153345703413396,0.1612397561945588,0.1690684147858258,0.42790627203383447,1.0340148572720838,0.12617134237727545,0.04144515396023439,0.05523433203384491
0.11723375072081883,1.0686881030658484,0.3179763813181074,0.3257494696319835,0.7779270678506164,103.60145544049541,0.3257488803769087,0.30078175411751507,0.9781867636077471,0.8736742473484194,0.04842236947608815,0.18341094658028706,1.6079291543540875,-2.528197579790605,0.13836456009837184,-3.073397764200883,0.23174949476646564,0.21867583311661454,0.14294263606251276,0.36868531227523527,-2.716435128312729,0.0014019847212823349,0.022942005726121626,0.06748399896259334
0.014899450043837229,0.8820109457896563,0.19503644971131145,0.47405757182043634,0.803787561897487,107.74106372489629,0.4740567633834737,0.33505235160849417,0.9831925026200381,0.8902309686952908,0.4006148706104173,0.19000279641897028,1.3831379846273066,1.9255082226839713,0.17618402800693664,4.21486734828065,0.18541709859517547,0.1680915756940123,0.023180441811922844,0.26474864670723824,1.8939021067486583,0.06841035715661771,0.02902622168088569,0.09513166315497605
0.373118095099926,0.7333360365576513,0.26356130629857555,0.41125641465700796,0.8848117986718532,127.71069963179391,0.41125576402296504,0.3918357509354126,1.009963295158986,0.9667052793746385,0.06574852574856592,0.23174968656572476,0.9250456111512806,7.123456450561343,0.11464579367886411,7.5655747468141215,0.21165223261645288,0.19941459477095833,0.6512739992201678,0.29191117754846174,7.180169936364743,0.031414371562045865,0.04272646338755135,0.06777056726205696
0.3088529706001282,0.7473643320450957,0.25721159836161755,0.3474948865110361,0.7297427977518033,121.70787007365222,0.3474943582413542,0.27692717167326647,0.9767620886448506,0.8433045590047403,0.2253595319505517,0.13212649543800023,1.9474633832781916,-23.485675206190027,0.14793484799938067,-24.37901235180667,0.22131368485962155,0.18210487044816118,0.42607690226985506,0.3433752008688738,-23.98265621827618,0.05798827665822947,0.045549231897070906,0.07914069234819351
0.15507634232441583,0.950531183422355,0.2770445595489796,0.3868624771252855,0.7824925745374417,106.51498392692518,0.3868618199712821,0.3040097928377219,0.9747707371602651,0.871995432310562,0.3208790998092239,0.23303413353222466,1.0290246666185194,1.1003375979488856,0.10944624852623235,2.0504742232592026,0.20502099426280734,0.20418470842168165,0.22623614494092317,0.3050819388198241,-0.8198189259020995,0.0028552212159635216,0.030268100759868362,0.10767589746723326
0.03960916151603063,0.8693012739004721,0.23380199831081305,0.45758768248706033,0.7944437085172025,109.67164540920683,0.4575869002487863,0.3188066923516686,0.9837516596328302,0.8853725787676878,0.306050528472608,0.176648865549464,1.450206276717687,-1.3989537902016895,0.12939605392706963,-1.1302903303003642,0.2088457293552695,0.18424409546219256,0.0638131933380748,0.3976874136947053,-1.6713375779514168,0.00654704022501421,0.022329702662619928,0.08249129052087756
0.21626146882772446,0.8913605527793299,0.17570598927912703,0.539052297213282,0.8376526379855102,113.78942398480173,0.5390513967262945,0.35253719541245404,0.9993892211971582,0.9245494603496848,0.33391006727787514,0.15967441466119267,1.5273709708449201,-1.2103335929807797,0.13194013891290857,-2.182831602997503,0.23835826429105142,0.167487913727202,0.4034061229909753,0.4401247335408595,1.0308137923148692,0.06262965963963243,0.04171676975540723,0.08994855713626557
0.11808738609155019,0.8497833132857759,0.24668263790426753,0.3770505725827358,0.7251740328338362,106.77945356936858,0.3770499322504761,0.2679389457734787,0.9718802468839756,0.8320982601593011,0.4165567618366128,0.18837111943906726,1.4302946084231878,-0.7685329643960475,0.1738568193597747,-1.9106108340749575,0.23181498619955146,0.19756161776955564,0.18359586642558223,0.33089176591304104,0.5739488057597428,0.025090733194731332,0.027454415153518617,0.08059998960994617
0.03307695438464483,0.8800430933218092,0.22409760617005045,0.46010009922267925,0.7742365493381513,106.02216325870354,0.460099312455066,0.30878371185334563,0.9778615974876077,0.8684947434378386,0.24820401307346984,0.18117494790566407,1.4694108954155398,-0.808497357142969,0.16675374707913468,2.507162172518768,0.21713621058990523,0.1866039063260446,0.05826632441143011,0.46206526477542686,0.08883834309017402,0.07497185553351028,0.031895271902872245,0.062032013382118674
0.1346558853983879,0.8760408180003406,0.18953897678732404,0.5113938962521765,0.7878615072434229,109.17618779382964,0.5113930144441807,0.3146143960649573,0.9916369469342489,0.8865015298599435,0.2865575556996218,0.19684039256477104,1.1575684473010355,3.173216379632045,0.16239142943310864,4.153870783087034,0.20324002204223127,0.15529934704231682,0.23813575902037762,0.41758956093630445,1.325007115235734,0.09184301462208606,0.027294911981329585,0.07407003246967424
0.19611280163129172,0.7548879149312248,0.2357762277900394,0.46089082867387926,0.7773539973984716,118.65618159334471,0.460890068180533,0.3256221370720903,0.9851586018425667,0.8751472964173312,0.36523761068046,0.21517771317359824,1.0768761873046386,0.9837023675885627,0.16081775417239288,1.741457462581641,0.22043557531029417,0.19378434350651708,0.35785388913703986,0.3780100809619439,4.937922867861842,0.08948694177483854,0.039012320484534624,0.052357898895138304
0.07036904990673065,0.8403452453747493,0.22672761240778772,0.4332208959226781,0.7958947754791668,108.15977762317377,0.4332201513476401,0.3046649991950602,0.9824775944987582,0.8881109224999635,0.23020490249450734,0.20437331195604003,1.2748463460054136,0.009320126782269844,0.17692271216874264,1.3778940258010215,0.22990338160717724,0.19247581513195763,0.1301504640884758,0.4407912914348868,1.50397842032096,0.010794956317075973,0.028889109827535522,0.0758836482175315
0.14176402489344278,0.8325444119602996,0.21591909356688457,0.46356334617363265,0.8039255678538528,111.94848651725346,0.4635625654878562,0.32842567586252835,0.9887396811143696,0.8911192926882744,0.1245039362888955,0.17672579759260754,1.4546093995515088,-2.2423212694333747,0.1451352562866312,-3.808605794167418,0.19843217220246442,0.18157041042950173,0.22519986158199048,0.37201662930693197,-1.7563210890608052,0.04581484686795418,0.03098895931756888,0.0745130054962382
0.201124370098114,0.8289520790881282,0.20649203443771683,0.4482630355310303,0.7856493082010498,111.75000305359183,0.4482622802848077,0.28234333343225776,0.99238465886303,0.8877368423488143,0.5175781915416903,0.15214476176538697,1.5708745086384286,-4.749442551156741,0.17112320147617763,-6.333609785262301,0.19268991197148866,0.17341621439990326,0.32925559536017324,0.36955986592350404,-3.5547699572898757,0.05535067036070583,0.027624969612264655,0.07146568133601634
0.05494266003370285,0.917048123586239,0.21265785078095548,0.3817138089152547,0.7186610711189341,97.46199651327584,0.3817131569439394,0.2623586340734878,0.9528895954152642,0.8126998109602,0.5359056629416251,0.21634716258281675,1.3116785696990456,0.2847339592915867,0.21560297166154643,1.8746859143041206,0.20976346715749836,0.18043042522041156,0.07480525242190382,0.25125546190873727,-0.12708389521709804,0.0009260217193933155,0.032754378781270695,0.1110623502690222
0.10656848053137462,0.8558688516659162,0.17650840494062395,0.49491523110950675,0.7860319863548832,109.32865751505791,0.49491437276424055,0.3172476318846779,0.9818472652086565,0.8816125398797077,0.3168762240638197,0.21450974683396765,1.2090280282728538,2.566542299669122,0.16933926731678012,3.326271998721611,0.2311137936954919,0.14371026038300544,0.19169919301088717,0.4715257437211552,3.1280705451063864,0.09174028570692953,0.04053825109411279,0.061392181098953995
0.04930381973584493,0.8719818511993405,0.14007151946190458,0.5707388621655607,0.800266281017461,106.9967405007907,0.5707378644282808,0.3649970623620955,0.9829456386599928,0.8843616688088171,0.14443485449325735,0.18719689923073468,1.2825021480213308,-0.9495342592682909,0.11856655263057747,-2.407004340413034,0.2081229213728045,0.12968570844466895,0.09893851279597884,0.45090505423669514,3.4524377585149835,0.14119895608912755,0.03948431262450714,0.07902085443344564
0.06153495113054911,0.9026352822072394,0.1754048760516517,0.5352605821251866,0.8024191590005686,107.25066850061393,0.5352596805599883,0.33537223091489493,0.9958911774867629,0.891064352754784,0.2730970146458946,0.18478613644619526,1.3089842480347662,-1.9518395473628756,0.12591738698913055,-2.241256684901369,0.19540300023601836,0.1466968089704267,0.11557170175783583,0.3505192960023918,-3.4706945587790967,0.07886928931510506,0.037210761030040604,0.07670160491283712
0.31060903271039325,0.6253294182209465,0.16661052016342862,0.5646194137302095,0.8374961463724806,135.8903087467533,0.5646184822758238,0.3510808312272646,1.0025437073380927,0.9268896425369142,0.18719361135556725,0.1923178149755574,1.2428756344957175,17.80423980365209,0.139394034818125,20.3281208532769,0.1950204690172065,0.15837715415499365,0.7303389284542485,0.32975192033888884,21.327116182512718,0.13041247738939976,0.04669036500592598,0.10324312113080594
0.2159272183974584,0.817298647678712,0.20580972876522674,0.4972825291038046,0.7919881235648829,116.91566796674633,0.4972816776582898,0.3287963088942075,0.9844318005934942,0.8827665080857338,0.22220204873291619,0.15924931785768448,1.5214315468401898,-2.882156098135263,0.16954249185054618,-4.876816415576014,0.21760172853298773,0.1797651391780874,0.40958921097046,0.3819860547840367,-2.137095086462911,0.07374465017416972,0.032503253738137894,0.08500282757698968
0.009662754833698273,0.9921647770459532,0.1611197398837591,0.5163872668294439,0.8155886503732074,93.70673634043253,0.516386395100534,0.3231101590028809,0.9929655735836677,0.9078577969229665,0.16691372366546242,0.18692470338849407,1.3003853972763124,1.5207443972789731,0.1519688980201467,1.5287877901370517,0.23930252421363432,0.1581568540818645,0.02039298562556231,0.4187478582382135,2.3023610688476133,0.02522311874517787,0.039875797467816276,0.08386987460433455
0.18201037496328354,0.7759319314949362,0.2300824182823108,0.42478524146361696,0.7961607600531234,114.4911390564335,0.4247845152210027,0.30018933612404425,0.9858872883277598,0.8901436769822579,0.5846445226851967,0.16038311292483093,1.7163462936039073,-1.9457783589787803,0.1753266657767002,-3.7459389028861483,0.21148309134046775,0.17922011045627312,0.2963255334982183,0.2221163123348627,-1.8214949856189693,0.003760165928459001,0.04538994843869446,0.11116686659601295
0.058289796113967896,0.9044820356684622,0.10305302416279605,0.6257540094370189,0.8273046427755261,101.96839483757071,0.6257529628119425,0.3836959321184958,0.9988899806094148,0.9096260132581548,0.07199575881754405,0.196808105220589,1.356586954307418,4.80029520249152,0.15960613179460395,4.978433906350225,0.22960560520874013,0.11462919873069803,0.09130511011945594,0.3484247674618414,4.580339538084228,0.09195016677106514,0.058153556612165994,0.0834074532765019
0.021227685113747913,0.8682334140160499,0.25855920432762597,0.414934391143312,0.7665704928859354,110.29072830990644,0.41493368434727734,0.32455949170813153,0.9817938437551953,0.8617714959869455,0.38953989797642163,0.2257774799993545,1.312650614968093,-2.062561506957468,0.14610652237923127,-2.4393686363310696,0.24611730679412697,0.20458652815231165,0.05270882139064194,0.33703543389128005,-2.934825857212146,0.031045262105141885,0.037739896147699174,0.10268127109739347
0.31437310576438904,0.8052024642919005,0.3325855018985285,0.345574414336566,0.737367949005987,121.67392360024931,0.34557385015276504,0.27247012622471994,0.9722444902031041,0.8467978102647709,0.18281135367372953,0.11078708775861551,2.514740879834398,-0.008119581609890772,0.09625012749536518,0.21967679782795502,0.2057538150185874,0.21514290538107778,0.4818913975981623,0.36697472308670187,3.0411322106464156,0.006146123137249163,0.02792029820570339,0.08460559730699128
0.12523004412651062,0.8222207692383253,0.21712982063220762,0.467347051957067,0.830906253257405,112.16487492417151,0.4673462496675555,0.319701096800837,1.0080917958800109,0.933135107446907,0.2953532037381269,0.22736434138915323,1.0840291863850784,1.8342427460319803,0.15596389348932965,2.0982083597784715,0.2582569882834507,0.18307872092804334,0.23107820940738372,0.4473002929355115,3.0312472969325053,0.00038626794327666303,0.03386164844868489,0.09501086959675382
0.0944509208202362,0.8868653859260266,0.15350199080743754,0.5452482197607945,0.8293120006367025,107.47722504219372,0.5452472394954088,0.3498907315407271,0.9907313438555894,0.9094611156243545,0.3510462509749967,0.20794377433806033,1.0783441839235879,-1.9298033926040066,0.17306523655086709,-2.2307264988792768,0.20519584209145045,0.14786204394564362,0.18356720509694016,0.32545067550880047,-4.545079116423327,0.018666170465070343,0.05673233768557506,0.08999424930625435
0.00509596864382426,0.8673173876463484,0.23166407917807424,0.48518894035596855,0.787794456068758,109.22069790259202,0.48518810526323775,0.3293849949482953,0.9877276545752007,0.8818346755553083,0.24743779217018536,0.1830394228111249,1.4293296089385474,0.8714262496024784,0.10937563727379906,0.980187247190186,0.2219423750301181,0.1634992372952908,0.013342782205053513,0.39563075445070783,-0.3968384317282486,0.07183117915438537,0.020632195410209466,0.08760067715544409
0.24748165160417557,0.860441002034548,0.18402513203614532,0.49715423106834017,0.8357988229523422,112.46198477496041,0.4971533910594467,0.3231718556269888,1.0112089256951509,0.9359635425203604,0.4148837183316974,0.16291984004644341,1.4164518216216628,-6.417189261477851,0.13893143920730125,-8.354417339635479,0.20458084466620552,0.17850101233921864,0.4356282550327163,0.3616345846603299,-5.113583050395295,0.013979059671646022,0.03147279023370615,0.11850782959270821
0.03184818476438522,0.870260467283808,0.23680400072833108,0.4295882281972047,0.8328817122231139,110.71522155346446,0.42958749993863776,0.32293538179022285,0.9933915951751993,0.9174892125815057,0.2533658185092335,0.1828655351949895,1.495994002353089,2.060761004069018,0.1743512341181975,1.1097075871645095,0.2426831771709833,0.17948561717875172,0.07142134966958821,0.41178553373666404,-1.0339338885792764,0.002878155878672362,0.0476753425915127,0.06937633629841493
0.10283247133096059,0.834366712848763,0.1556771325878066,0.5153735955241944,0.7712609369950946,107.40529334082055,0.5153727020701817,0.3214366831965813,0.9752452709786199,0.860071795957804,0.20927514323280944,0.22695144856263283,1.137001664608075,3.6933073242052274,0.19945629816039742,4.809640739986645,0.2298319756761061,0.14783961355422484,0.19540303591455718,0.35517841295286234,2.1835544702586143,0.004233672965737298,0.046317484139876776,0.09681377254626196
0.43990441660086316,0.6184223166900673,0.29241044683507034,0.41074944580576556,0.6334249644266123,139.32582813449443,0.4107487750571548,0.2525390646075425,0.9290292357497428,0.7423444752717747,0.7199994611074808,0.045879122814072505,4.528044344963352,-9.447069944374299,0.0861329097622932,-10.786497952188492,0.20053797639441864,0.2146962820927737,0.9410611551900385,0.21663026749534853,1.5318720443048879,0.007018727725313248,0.05851429889676713,0.0951664131159738
0.02150401969750722,0.8333299816684243,0.20957854032555637,0.46577680978986785,0.7529872585604904,112.09786688410556,0.4657760161130955,0.30401598707423616,0.9828172869165392,0.8634806562389474,0.016786222036320575,0.22164441995213924,1.1164829496777118,0.24693590246249658,0.16240794731007946,0.027726541523454804,0.23530496220860736,0.17908464863328755,0.036380444460272846,0.5209245586555601,0.06242862439557586,0.10939206229320529,0.027249332062145363,0.05180604395970673
0.1118742898106575,0.8789589497341509,0.23494535017772555,0.4524751796048072,0.8030061976592994,108.85059218230768,0.45247442379345476,0.31627351020237837,0.9891516653669045,0.8969587869524341,0.35283171351911286,0.1872947755234456,1.2251141221464361,-1.849016363530251,0.10837641174556058,-4.1505338062713175,0.22567393316688072,0.19082889421862537,0.17927398646029388,0.4371141173823971,-1.2416901718097952,0.011422883495435692,0.03468358003365501,0.07453766261960261
0.013022812704245249,0.8858758384611447,0.16892600144774403,0.5369795304340637,0.813242562476646,103.78976922434657,0.5369786063349657,0.33552412140325893,0.9996565950974742,0.9075712574903848,0.33973103013272404,0.19886463570512097,1.1860757698085707,1.415212920920215,0.1549449628996248,1.7395561289990167,0.22351067039863629,0.14958399156587046,0.022365547925102723,0.38024599805774856,2.560711805597017,0.008012327218813942,0.042688408288570796,0.10520595322280993
0.017966866493225098,0.8812497894876425,0.2552747948661384,0.39821230630208,0.7524795100920675,105.17776279961097,0.39821163055032816,0.2723674758242099,0.9829054233651476,0.859260401365781,0.44354628976816174,0.2156980762710561,1.0695193696315934,0.4049716587644979,0.17340271727430848,-0.882874536683688,0.20800284772853161,0.19607488899360984,0.029992052485258307,0.3391192058635363,-0.023697131662430936,0.0005303132335699803,0.033940081717728034,0.08467557573974936
0.13903127859036127,0.8464740061944864,0.20451060194728313,0.4992308337059963,0.8034840451946662,110.33557055697864,0.4992299929493248,0.3358139445171678,0.9914574104148176,0.8956775219812081,0.317249180559295,0.17292222097310855,1.3876524308572218,-1.0554452975267872,0.12176090217971877,-2.6094098218957,0.23008128172343534,0.17733475221301565,0.2429616307598162,0.366214323475692,0.8227600729870063,0.056383081859756955,0.03400947737503264,0.07829108429546304
0.3067142168680827,0.6946891381203822,0.20763903646075102,0.4972184580663619,0.8260169886699689,125.60362136029482,0.49721762620871807,0.32589736298927013,1.0015380554208997,0.9260788027684766,0.3103614437236751,0.23604408494382745,0.9404742909637814,-14.198826649103639,0.1386842168613423,-13.756131636890114,0.22160894046731794,0.1930551000287094,0.6988724973939386,0.25385967370196794,-11.93942998612165,0.020836674413116204,0.040032382934670534,0.09888187529161088
0.01410942276318868,0.8416384043130896,0.21874238567767634,0.47307504052365984,0.775115310873856,109.47873034644063,0.4730742289902961,0.3066372341473085,0.9854716077335763,0.8797974267909899,0.2840735645374468,0.18057360573182954,1.3740045490470734,-0.6085460525247534,0.14080859976056528,-0.0722627311666687,0.22238930467653434,0.17428361336998058,0.024412562662520756,0.4895166297273753,-1.167423178511496,0.07820365315289247,0.03282469290852434,0.06972254600646124
0.007945592204729715,0.882466285212685,0.18479908144806415,0.5099193664438306,0.7860174358119045,103.67186949718511,0.50991850008473,0.3115481364370686,0.9893263835570637,0.8850317580370666,0.20649274033611614,0.17595896106364126,1.3404539208435562,0.7136397586513533,0.1213563187336763,-0.2755820948393861,0.20168488223522751,0.15958770229657226,0.011797799335668586,0.352886815408559,-0.5629652353367565,0.0011498082730859284,0.03932766902166806,0.10999688592811989
0.01777970790863037,0.9737342624550225,0.17859610512841123,0.44433385595827946,0.7591840738172554,95.85852761962389,0.44433308867718063,0.30279590875370815,0.9671823972020966,0.8527772335264575,0.4351284434869218,0.21572326341003428,1.2430134107601514,3.050974736429355,0.18237760764423463,1.7238942111280262,0.23280639551212307,0.1608026607246684,0.0016081558634553083,0.33256305236853534,4.6399554196740525,0.06470372481193919,0.03809187632041329,0.09194365685283262
0.2580454448858897,0.7122671397732213,0.2148906373481608,0.45460788244449435,0.8005544552052487,122.31655136426875,0.4546071272112909,0.31834046385826653,0.9861177219892112,0.8904770482108861,0.6174588089653081,0.16692074007827745,1.3464143629947212,-4.627361448851765,0.16431754586197364,-7.491889588976115,0.21848505539520968,0.18194234672350706,0.4909847690306874,0.2979603388288076,-3.4504698798431668,0.005015576002767625,0.04272143383539776,0.10068067390538445
0.3188374787569046,0.7251542020140731,0.2605405071598256,0.41297477924054926,0.7922431177315752,124.0654152144191,0.412974100084576,0.3002093203208525,0.9872031750826877,0.8863714893650129,0.7549412654125575,0.11398000004460776,1.8946819605299732,-2.250947787511423,0.11210841698017175,-4.845302447224605,0.17848726039636154,0.19906700736101723,0.5559343318355671,0.23310427137520917,3.534755135336458,0.002171788132038721,0.041221493976070854,0.09328085988550601
0.24899750451246896,0.8742835268278389,0.1257073419480967,0.5625348096386982,0.8277378513750819,109.01654952976469,0.5625338573930796,0.312489917248081,1.0035532520087351,0.9218997908484573,0.3484254711393744,0.14498785987319657,1.6841113024201952,-18.607314805861733,0.1611950921431438,-23.406999914281478,0.20254597599141194,0.14062139291425085,0.4182785777338514,0.35882989812195315,-13.507010462375124,0.0011454874178704578,0.06648030658771269,0.06711398597950091
0.14204134047031403,0.9322772237768867,0.06130113845992203,0.6065686124339122,0.8100077249896163,97.66197264074226,0.606567588269295,0.3330605773281603,0.999263801380945,0.9039503852199398,0.2482503000967387,0.1577667449129566,1.5441915968332909,-5.803645597638142,0.15828150988163325,-5.623969021181055,0.19669323963929342,0.11653589839223558,0.2603843080089428,0.35370044319173616,-2.990952208177345,0.009127329023072273,0.05268027027797843,0.09361479562171202
0.011285046736399332,0.873941831108998,0.21394852422874985,0.45909030172810245,0.7395653057377325,106.67469209318182,0.4590895232315443,0.2995963679878311,0.9697564787578508,0.8353582999256194,0.30058843716122446,0.18087710943838325,1.3919773242844244,2.3612637411864217,0.1496086101683298,1.8111928737750538,0.19099110859758597,0.18527189965131494,0.016701069940865718,0.3005037844551963,1.364251905347748,0.041950082809355596,0.03616805698498057,0.07350685203431279
0.22738740344842276,0.7626068010479062,0.21083921176347248,0.4987680900476988,0.8018656616969525,120.44157231398225,0.4987672448783067,0.32389283122417595,0.9952088897048695,0.8961316071311548,0.42978349545207256,0.15419323174424734,1.39054347673206,-3.3636436536004264,0.14177293036652722,-3.5063376827126462,0.20563909620086557,0.17969889260415683,0.4332513206438597,0.32393838248493506,-2.572448637694026,0.06312161770118205,0.04083648446992313,0.07810203825851889
0.5086087733507156,0.3626648007612207,0.2482530977016091,0.4554814392535739,0.8289005946307586,161.48955428090193,0.45548067618575133,0.30191374017886924,0.9707834141943144,0.9172799059653345,1.5274724426454869,0.10260732528650238,2.734636153101826,-10.954174448042734,0.10417413735304806,-22.01316782585238,0.2654460586275406,0.21143034843382671,1.8593984500117602,0.38493458734688824,-11.196781532198976,0.0014890471687769706,0.054345728156966526,0.1004023592557919
0.024327705303827923,0.9557332445666586,0.39131936113250915,0.2877026847841186,0.7133334350736735,113.28916395955815,0.2877022085733279,0.2817952453446598,0.9588582883861874,0.8157514256585412,0.19351802265716178,0.1986489381765787,1.4422434914634374,0.825620511660939,0.07981395708733778,1.1808970503449177,0.236859094494403,0.26470207092862463,0.04061145093204621,0.3512427571041568,-3.1135700245387774,0.00023707687405584202,0.032498779442861274,0.050769126500542085
0.4519527157147725,0.48630299692610157,0.16040495194912754,0.5032092852663932,0.7924536154695646,146.11040206093884,0.5032084249013146,0.29696911898847683,1.002193082553826,0.9194972939320252,0.26167162512680475,0.31647494387463965,0.5266255167399577,-18.903848330639736,0.18028587625109666,-15.461352450503322,0.23006242577652916,0.20554954175851692,1.4377175370564292,0.22596880555300008,-34.341989632928104,0.040229142149380136,0.05656870890402797,0.09172434267265499
0.13241633772850037,0.8676782172411229,0.23793435188638404,0.4409759115492037,0.8012593565033668,110.27609930542071,0.440975162175978,0.30920290351301166,0.987982877651485,0.8965144281805548,0.3530233814577631,0.18202381126095496,1.2580501147929235,-2.461422257606849,0.12700807511362042,-4.894357808762714,0.19903892567699685,0.18485206627408232,0.20780550744947401,0.41086145459108775,-1.873482027222134,0.056725025754053277,0.02558193586558976,0.07541951016536587
0.28486283620198566,0.6851256258357641,0.3112481143563194,0.3653403941323603,0.795840753960517,126.90205496985507,0.3653398108451566,0.29683232751376015,0.9797803098093176,0.8871736175445953,0.17924791408886423,0.25174422638339944,1.0290076828654817,0.2789281607203906,0.1289180599190151,2.8819770403862135,0.20409723137114968,0.22339470009938764,0.529679522298859,0.2578975200979896,2.6762569031153953,0.006889083271734235,0.03426610385002231,0.08750904821973882
0.041095070540905,0.879390990930132,0.27125622329145993,0.41412386179158184,0.7558703283416898,110.2299567089534,0.41412315917097153,0.30614836940997836,0.9713563187077501,0.8544149563003517,0.34303228854436235,0.20964845753476957,1.1728820457742803,1.027543008289382,0.12617665052364388,1.5464184880383511,0.23323862786948213,0.20413220181874686,0.06866527227885297,0.449152610104625,3.613433371413538,0.06297453115917763,0.030545092251338054,0.06395543961062633
0.46576229234536487,0.4121255907017451,0.23412322491283444,0.456164320757291,0.7706529284148647,155.8494907005579,0.4561636075955563,0.2802445534915403,0.9669939089694785,0.8692558788476945,0.8592259931360614,0.11492964758645562,2.1209734025839055,0.13460641420799557,0.11924790308355558,-4.4768119679434655,0.2260127989020145,0.20365456052684744,1.492672135592426,0.3516988137189397,2.369951999863151,0.0041172937532357075,0.05382251630445082,0.09095172395482241
0.07937990377346675,0.8894273001069322,0.2663562547763062,0.42604335330909426,0.7717323818544425,110.10658080309182,0.4260426244032985,0.3170136352341041,0.9741612631861556,0.8606455668080606,0.36345167105028686,0.22430374546057416,1.096388181846237,-0.3458649788316067,0.10789339884644035,-0.8740800393653253,0.21185711388251988,0.19571624096058235,0.13014211055156683,0.3778610106171601,1.6682368933476204,0.004297877927410309,0.029909797864667163,0.0765470404343212
0.25551194945971173,0.804460157791398,0.21850345094069173,0.4274995045639805,0.7837387405615349,112.19055218907555,0.4274987910326919,0.28606990603331484,0.9908713841247682,0.888902310605151,0.5311626524098214,0.16318413800540524,1.4627815399643873,-5.0298968838304265,0.1591274168209638,-8.925298108594145,0.22507198653909843,0.18983809986557568,0.4435345376754195,0.3794696022895207,-1.7527307795751375,0.001461732788094382,0.044610192861419436,0.08949343468176649
0.023284052809079487,0.8277243510560545,0.16167770029816103,0.5189568731789863,0.8145324134416869,105.2454355581491,0.5189560127852777,0.333075036607755,0.9988836306869412,0.9150916766088242,0.23433353842043825,0.1834655924682344,1.301413314286221,0.5734078636589331,0.1578607461433509,0.6214580486739348,0.23813427018769243,0.163591605164119,0.0537684135751569,0.5260790774260499,0.6387955873157962,0.10453248309241095,0.03429058631544696,0.051293896353686
0.16707386076450348,0.8639533897488872,0.20617982576321503,0.4852565965081039,0.8220751637162458,109.67717269043384,0.4852557754532374,0.3074718154366798,1.0012181257741242,0.9200553269390905,0.3305008673685156,0.17416491130383624,1.3515712445425676,-2.297441666286568,0.12867068195399586,-2.961448697276058,0.199003864424705,0.17564229934143083,0.27043087231439317,0.3726006977093026,-0.5834287415210082,0.026377717976286016,0.03970426399092528,0.08523294637306378
0.22390234967072806,0.6378186103338502,0.17269270639449788,0.5114504550148733,0.8376923534316627,129.459224676425,0.5114495733641585,0.3088770646830698,1.0159012409727224,0.9401729972076218,0.41155222595966207,0.10838033758487285,2.182051389479436,-7.6679507481300355,0.1672653655693373,-12.808518635979015,0.2032014575049965,0.1699535830269984,0.5769173261773791,0.3551611658912321,-6.648858261636355,0.0029223567427769563,0.05114078384376605,0.1249706811696196
0.0688092311223348,0.8591799730196393,0.23553385407914498,0.4353715869466872,0.7692821108049436,109.4230976668459,0.43537084305065527,0.31051563708947233,0.9769226696114102,0.8609905043460887,0.3844321757847841,0.18578010007487894,1.3971668356947822,-1.1660507241205729,0.14730104007586048,-0.8772511090282838,0.2110614651025813,0.18542207582569048,0.104441582597574,0.3414356476661582,-2.8502424843006877,0.03565389711276602,0.028266970451242872,0.10105282853975348
0.08929064869880676,0.8531943765804709,0.1175512316386746,0.5845370925990231,0.8766610111201336,105.3429528860933,0.5845360805931881,0.37712583558708246,1.0105464326776106,0.955441139188495,0.3031904560446973,0.1884456619885646,1.3168732906855647,-3.9473034055183085,0.1561203090988022,-3.87163903287734,0.24564970615034484,0.13198772618051927,0.1813934131938439,0.46759241760789005,-0.37638077905213746,0.058876256414920815,0.05776834850959766,0.07963708196097065
0.018169164657592773,0.8117825852379398,0.21284462375479474,0.45485500774647203,0.8175421144647735,108.96737081259158,0.45485423017617244,0.3219855407662848,0.983680458546816,0.8996528291283996,0.3279133544042164,0.21897897715462575,1.0694406151570994,0.36377698857364865,0.16876662904061546,0.1401006533041593,0.2190147813115982,0.18147155203025836,0.03874547630747304,0.36887479050959515,2.8989083047263677,0.00594661075747575,0.035845161995056586,0.09436208318370558
0.03277962654829025,0.8962705507944626,0.2254412428696475,0.44452694877901705,0.7832343882843911,104.21676705879644,0.4445261864179917,0.30193442335246923,0.9803600168305074,0.8728331311515601,0.45182248840354267,0.18380624293017875,1.370216356294823,-0.13167210808233362,0.15173437694134068,-0.7383240011489924,0.20922019030322192,0.17793105110261012,0.0458060242350379,0.31985120271645373,-0.3007791608762501,0.0014135203520051706,0.04287989005687951,0.0716241740961382
0.0161807785431544,0.9269956073381335,0.12512393106208555,0.5719341025830915,0.8475013488368044,92.79653547514368,0.5719331045354886,0.34132331002164884,1.007251533281898,0.9357706330163005,0.36817758061923045,0.18197170752987768,1.3932077028326055,0.5518402901493711,0.15545520216047726,0.8781474332922161,0.20765937516269584,0.13402160144935374,0.02484484238169576,0.3973491910538382,-1.232534327676195,0.0024655113464876997,0.0578770506595878,0.07988935703951323
0.025355954964955647,0.9443752499893933,0.1273103454113965,0.5587738731367508,0.8332574450218991,94.81500020759582,0.5587729283893206,0.34590528619981425,1.001249839991348,0.9213588171121523,0.18127462567309738,0.19081187351009143,1.2471617594885607,-3.2393809567637724,0.16308093795726866,-2.831866753169748,0.22466855320388165,0.14430225485015954,0.07515992639662894,0.42995587645706773,-5.021053105391308,0.05668663984687563,0.04694660598090532,0.06904361544754313
0.07904085516929626,0.9173941252342109,0.23557289277697926,0.4424630444121572,0.8022796578573169,108.30127602254247,0.4424622731942054,0.3252697015477361,0.9890583895153797,0.8919114815264755,0.2070153578747603,0.18817667653044237,1.3217624871955567,-3.2896883749521413,0.1373280600678593,-3.2291905150289404,0.20586009915869127,0.19413076644567165,0.1262859862215999,0.33916839084560074,-1.200390146480811,0.0016290195238109545,0.040127475339757517,0.09833589861386491
0.08434165020783742,0.9287701042489741,0.235659045398644,0.455497046491474,0.7642438099916514,106.02448345651518,0.4554962856165836,0.3256473661209187,0.9804826580609698,0.8615406063466585,0.23122645119434834,0.18448769542807647,1.4865308053044097,-3.635314102938546,0.11456888750512038,-3.3180510688375,0.23527680462766823,0.192314597743768,0.11250574732926852,0.3261449641089852,-4.738581425296794,0.033168968438265854,0.034530336554714484,0.10671485695454425
0.08046471079190572,0.8088368030753647,0.24884759055312405,0.42509987954389017,0.8085370184018598,113.11730805199109,0.4250991559163552,0.3181209021531057,0.9872290241699007,0.8982164148825249,0.22926995648447443,0.18157877802130312,1.3239404680422373,-1.721558917874974,0.14492675721970516,-2.2463816761923696,0.23104747025511954,0.20403532026389953,0.13048136615781447,0.3588792519925256,-2.1947872011450555,0.01700384448203348,0.02285411437431276,0.09436882314967872
0.4257027755180995,0.31051309827541385,0.2517509993335412,0.47153416619402605,1.0111343037150464,163.46146011827886,0.47153336467886975,0.37693194037089967,1.0402105392144019,1.1038485952598966,1.2205912545557636,0.09200733794517958,2.0931549848356346,-17.617278325417885,0.16169039264789573,-24.00595138445414,0.2789401087546498,0.21424250649285648,1.9720102758012987,0.3222538031580319,-20.460569158414728,0.02847875388682791,0.049216887447864996,0.0949368479888401
0.1947177896896998,0.7398354559642396,0.23081519573195527,0.44892979447713716,0.8076866335109033,121.03307417043268,0.4489290306971758,0.3160611691739793,0.9930949804158865,0.901008296111084,0.3853669237383255,0.2679582499618266,0.7998650720159413,4.7957836858049925,0.15328625939499352,5.964947373369965,0.22593693742223114,0.18253370029377794,0.4028593776107932,0.42019924727831265,6.636524577768397,0.0006787201760603946,0.05020238761687983,0.08239129787615886
0.22360089917977652,0.8375153068446963,0.2747338316657906,0.4388795340185652,0.7783710239212233,117.87259985524452,0.43887880511434113,0.3143435149250799,0.9872442102415322,0.8802124189730555,0.3302495448088522,0.1940809567486809,1.2937658763437225,-2.0314200397116497,0.10213907637144415,-0.2796806967186313,0.2256234250004728,0.20696447822097094,0.3978035495068655,0.3762331389356431,-1.84473346255116,0.0006143516275880613,0.028301566389238586,0.08443272447025636
0.031107107798258465,1.0324364652219236,0.2482373153227461,0.3919058050156363,0.7716196384990819,96.66963561181026,0.39190512370428926,0.2798145755683183,0.9731616151444651,0.8676869126530358,0.44725860168782794,0.20574097730430568,1.2549629097362522,1.1421726582377978,0.13668160251499192,-0.2620602000352676,0.19778680297144058,0.1919821602135407,0.03183566285596965,0.2952078966627899,2.2205868461915337,0.007894194109539105,0.03383766999406272,0.08172833753955992
0.2954283306996028,0.7009094647297306,0.16701711591097462,0.5141332356994622,0.777095607550162,127.1789431481388,0.5141323697533687,0.29970715499155576,0.9826320715774163,0.8734907629887861,0.41522157527693104,0.13380326689083122,1.7147572103501243,-16.063960164099207,0.1452528939856809,-18.366081889375657,0.2021634072763148,0.1589844703717208,0.583154517746014,0.2923209653245822,-13.041723494658086,0.04625490551688853,0.049607394679103696,0.06467702666910081
0.25270597636699677,0.7142296364052846,0.19302315300632716,0.496260518817404,0.7941516458999474,122.6006614350018,0.49625971342690145,0.34054440510905826,0.9802001600562923,0.8795812485728794,0.42319909096731995,0.14285301442439094,1.6268543635265358,-3.551818888704897,0.11278061541323596,-3.033902629472234,0.19754528225632786,0.16068147745951117,0.47438872760812456,0.3449566910716458,-6.450375865947056,0.17847658868190344,0.0377123574331332,0.07709229150860131
0.23433378338813782,0.8680218180198426,0.32512061460864583,0.26216968313764294,0.7293430068967572,116.74285143125758,0.2621693078074312,0.28639036401792617,0.9687429124574871,0.8295295940455925,0.20706643480307532,0.15015997376402745,1.7040947579209755,-19.16342229416016,0.11805136587275242,-19.55835423683785,0.21293571665700153,0.21344553264515373,0.18819585147592086,0.3114570628274274,-16.187143464724524,0.0011545399237178524,0.04660567490776042,0.09385651193013721
0.25162680943806964,0.7263166303350045,0.22521526156169425,0.47627929151843984,0.7767265319446791,124.24315084353489,0.4762784840473819,0.31276337740912935,0.9870677388496818,0.8801671301074203,0.42363339571798486,0.22992025011083428,1.0516119086786284,7.205896087315919,0.13264796726637837,9.39625236183441,0.2049305752801013,0.1849965056122414,0.5191266643139572,0.35924604734016197,8.332490903532966,0.05752269886070189,0.03581464434246454,0.07201994981195643
0.06935994823773702,0.8422433745498344,0.22328161969009555,0.4459122068946136,0.7924237201729529,107.25603966102543,0.4459114478992227,0.30152077199147787,0.9871288321494629,0.8841122964175206,0.3681817905843685,0.21485504051640514,1.135316986578524,-0.5322444030408452,0.13065242017964576,-2.132131542702517,0.22441195470951186,0.18133603391253278,0.1262427585001543,0.4091719959974458,-2.574604881973064,0.00033358129484695794,0.042503639106960964,0.08206482208619884
0.2624565114577611,0.7867899312855164,0.24080435605891176,0.4353589842224071,0.7637934602764771,118.70846133820139,0.43535825820269475,0.2934563480315383,0.9881035490880842,0.8668684641234844,0.3449753283694026,0.22480088532888703,1.1511273880773003,5.988935002139635,0.170535436106877,10.764495918483227,0.22062236240610406,0.19275084812140983,0.48136936847227446,0.3229918312561474,5.033152509535728,0.0011116758311663826,0.044144707888866076,0.0838496268799269
0.0617377907037735,0.8086668494601923,0.23013346194526083,0.4527787170675993,0.7568468578237034,112.54377092086817,0.45277794592863974,0.3185950693735057,0.9704426592547672,0.8488098669091194,0.4024497342159551,0.18196048058544564,1.3407580027193797,-1.145277884970965,0.12193016302813663,-2.0419419918144937,0.21428002943497354,0.19030479737581316,0.10642538237702376,0.3869267316709921,-1.7547612083360404,0.037024660663304045,0.0314723770522658,0.07607917999370856
0.28193018088738125,0.759062458086024,0.1770170116203721,0.5471485265671989,0.8360613582329207,129.50670241203736,0.5471475994488908,0.3291596303126247,0.9993879085901433,0.9305086894512536,0.5121706073727791,0.10205627827307366,2.4435732332142086,-10.68338833524546,0.10306447428613459,-14.653171576889445,0.22547967718309525,0.1951147720808885,0.6390108696704303,0.3403215369095981,-5.936496170643648,0.0018083577539432826,0.052117078144469565,0.08364583787711574
0.024369776248931885,0.7249928803145235,0.26999457396386656,0.4534902764632582,0.7757182875974481,121.2671826297103,0.4534894962163646,0.32257234500168364,0.9830832506448062,0.8707992289150275,0.5788749325060457,0.21171422329323905,1.180343808140382,3.324323948541935,0.15081426637873538,3.787727747399217,0.20182333918287312,0.16608403351692566,0.012283862980868731,0.30177974346707875,0.768646026969392,0.013682899252737473,0.0390484656885981,0.13364033009162277
0.27197834849357605,0.7241833929676313,0.284243392565931,0.4113424961307094,0.7840116866078225,123.85346866014967,0.41134182326603236,0.3136697702831622,0.9875943627608552,0.8839699126122164,0.35417941028925715,0.22195043066888043,1.0932534030293313,2.3843883975719717,0.12699432699583588,5.451950669717024,0.19347831091848203,0.20307489410028975,0.4716043813020973,0.31131891873406936,3.2965547704197684,0.0027444277199882906,0.02537600684784507,0.1046941089598789
0.3076369787255923,0.6514469874360097,0.23181988027078457,0.48834633567882374,0.8077444056041961,132.81382277786537,0.4883455155818246,0.3066519427156783,1.0006673444148113,0.9169070096103437,0.8820743613287148,0.08846032298326373,2.7773099678542463,-3.373870216270305,0.10161391258822763,-7.555638548854139,0.15750545926593232,0.19079885573887753,0.6659895455824951,0.22619922156675862,3.446129162043351,0.006667204665336174,0.04555481409430736,0.09169838125792958
0.07798788199822108,0.9842460022937068,0.10282259166997665,0.5926778356037584,0.8216830214738544,93.96025685336788,0.5926768469865414,0.3617675344222298,0.991206160705876,0.8988510654153636,0.23080085779592732,0.174693522462039,1.484269171496616,-1.8311245242392686,0.1559358620942686,-2.0196223543407377,0.24173844805526581,0.1282216911887158,0.13481488646414028,0.36831468896112146,-2.3369927993555173,0.004661377168128948,0.05241360526524757,0.09904275032433378
0.23077003906170526,0.7650283675323726,0.3140984894038589,0.3642465370431941,0.7420133668476883,120.01738408102062,0.3642459339541918,0.2840002671930601,0.9781813610208352,0.8511173479046956,0.5451575435493066,0.17654383170367802,1.450503659599436,-0.2584146831677186,0.1188198887970487,-0.8300474920386884,0.21329073370738136,0.22813651232861867,0.39847095358594375,0.33764476687531103,-0.890336542604225,0.0001640201107738765,0.03672175093448221,0.0861452409587401
0.01603677620490392,0.9574954725564079,0.2005976245746587,0.48890389898613146,0.8235196900999366,102.1454886392337,0.48890307033389285,0.3236098627135053,1.00367302516313,0.9216893955888371,0.13082944840895797,0.175863202286609,1.237191057445894,1.8249397810912358,0.11933685633671214,2.2721668798672523,0.19388805301657877,0.17102009017103767,0.020034803880627,0.33341638715354527,-3.086530843119494,0.002300137476089535,0.028579114060869926,0.11354822416689246
0.5072311709324518,0.18808775649538023,0.2444438871846483,0.45567588973232187,0.7368437318309249,167.3208361340944,0.455675136450188,0.3126792919016907,0.9333212711671007,0.8593040809883365,1.4460959352747933,0.18127810511163595,2.1107288972381713,-7.1969401557935955,0.1226791071147273,-14.88659635533481,0.3210622590329749,0.21621657373182643,3.6152277422934738,0.1793585216076908,24.212335629430306,0.05618056256393614,0.051898909433022056,0.09180242334547434
