sample_id,image_path,feature_contract_version,yaw_deg,pitch_deg,symmetry_error,face_aspect_ratio,midface_length_ratio,lowerface_length_ratio,jaw_width_ratio,jaw_angle_sharpness,chin_length_ratio,chin_width_ratio,cheekbone_width_ratio,lower_cheek_ratio,eye_openness_ratio,eye_size_ratio,eye_spacing_ratio,eye_tilt_deg,brow_height_ratio,brow_tilt_deg,nose_width_ratio,nose_length_ratio,nose_tip_deviation_ratio,mouth_width_ratio,mouth_corner_tilt_deg,lip_thickness_ratio,upper_lip_ratio,philtrum_ratio
lfw_00003,data/raw/images/lfw_00003.jpg,v1,6.8351562805473804,-5.396109613585671,0.02233620484670003,0.8195551956055965,0.27164683163130476,0.4248452656854834,0.8088972117256357,113.55106628357056,0.4248452656854834,0.32593979921180855,0.9870450779103134,0.8979159103615256,0.3429919337771848,0.2026245343421104,1.1442879499544925,1.0630202210196058,0.11738552705600054,1.3833494123908492,0.2099123415670021,0.21323799009238398,0.048652611795133076,0.3485754983617951,0.10108791223616587,0.0003621416719687722,0.02615662374291295,0.09351406277410754
lfw_00006,data/raw/images/lfw_00006.jpg,v1,2.2930368650704622,-12.232596314177355,0.005705485741297404,0.8411859972739849,0.24179515426277695,0.4450434911193872,0.8071366148463995,109.02388975147072,0.4450434911193872,0.31393126018736345,0.9894697643944206,0.9014686371028254,0.2835564933061935,0.1959300970376277,1.2068626219737064,-0.1990357890974384,0.12139782076263886,0.22893290057143154,0.21780714690165287,0.2034763311216215,0.016439110919214874,0.42601433202665606,-1.5525160427620992,0.030396913612132273,0.022968401644041465,0.0708026423972657
lfw_00017,data/raw/images/lfw_00017.jpg,v1,13.758846916258335,-6.694512994462666,0.033747851848602295,0.8318045147230462,0.2720892950062822,0.4386829019765019,0.8183049241828667,114.40457793786807,0.4386829019765019,0.34898302053369246,0.9900827467250994,0.9046073593407,0.309472519897912,0.22113465413568578,1.1677135341933509,-1.5976144039761058,0.11363186021503358,-1.152362689566601,0.24743323140179155,0.2066923105377091,0.0962225718467339,0.3967141407219329,-0.691044770769783,0.008732969171208499,0.03087423288900497,0.09148798320390902
lfw_00064,data/raw/images/lfw_00064.jpg,v1,-0.8194493958726525,-12.575346566381175,0.009233370423316956,0.8426193868240346,0.2550695527042364,0.47341642996954747,0.8482901866408312,113.10961811428257,0.47341642996954747,0.3737911947922709,0.9963549901071689,0.9285173271130944,0.29482982066318286,0.1991703588057336,1.223794516354586,-5.34114369522185,0.1220295958250245,-6.048872527369473,0.22841382153971132,0.20648867402261045,0.005172781703659372,0.3674915019931196,-2.754751282921567,0.013889854454108782,0.02966976974676008,0.08121312704042007
lfw_00068,data/raw/images/lfw_00068.jpg,v1,-9.52059269696474,-8.900307413344681,0.023818021019299824,0.859669651575566,0.25440784827062674,0.43215384067082585,0.7931282520736713,110.5033000905773,0.43215384067082585,0.3202935549634985,0.9832419001645969,0.8830687060873328,0.3253707020533147,0.19611860189143043,1.2868389266965676,0.5131682895531358,0.09735018967480581,-0.2861047194028587,0.21596581966576447,0.1961756006495658,0.06717912392465877,0.33733208926436925,1.2184763051596679,0.006867415994067325,0.028822037914480812,0.08727497248177644
lfw_00070,data/raw/images/lfw_00070.jpg,v1,10.679429031908512,-11.985278841143792,0.02965553104877472,0.8256833962892638,0.24503075361546417,0.4482928820148042,0.8120242317531607,112.12473926977802,0.4482928820148042,0.33177143638737033,0.9895537996008249,0.9025625736832859,0.25959657541086584,0.20204209218909738,1.2290176662459122,-0.10949103228603634,0.11088716600671206,0.3305363452690215,0.23988417856334301,0.20036000287854935,0.07630083527994246,0.4050772107673629,-0.613490945701479,0.011366750779480468,0.030279321357664025,0.09151601879987026
lfw_00074,data/raw/images/lfw_00074.jpg,v1,3.859642831608653,-9.75450096948904,0.007533560196558635,0.7588333114702187,0.251634567420201,0.4362524457591969,0.7878563740166721,115.7550204844892,0.4362524457591969,0.3191520605283509,0.985276127958701,0.8827411609168592,0.37253447555157587,0.20189692699598807,1.196006160006989,-1.7517608482238283,0.11873054147264442,-1.201885827820159,0.20842720106874907,0.2031009826642346,0.027130395290926847,0.3063227239789231,-3.8356912399807426,0.015410291343324757,0.0358453801776969,0.0976394020158209
lfw_00098,data/raw/images/lfw_00098.jpg,v1,7.209478430449963,-1.418510129825001,0.025413761536280315,0.9165652577513922,0.28112267459442464,0.4010163282918387,0.7777806477707181,108.72510320038465,0.4010163282918387,0.3117852794515087,0.9789361745909363,0.8701181683435187,0.27202848956499737,0.21088419141290168,1.2201812912981571,-1.050231237011376,0.11092102843282316,-0.6715656465063254,0.2198447224096988,0.20872762419023078,0.051834399583589784,0.33302218981696685,0.11485636978472118,0.009157473120914611,0.0288859470556921,0.08699441523215098
lfw_00099,data/raw/images/lfw_00099.jpg,v1,13.290244080126286,-13.789387988880328,0.031429807345072426,0.807765737952997,0.23629547626325842,0.45182656785839226,0.7944597392750561,113.16675363076394,0.45182656785839226,0.32111654085466407,0.986963370096643,0.8900403381837462,0.1999527775134191,0.21314134176928248,1.2347630231216045,-2.4291876940008588,0.13064547513083138,-1.972902528132483,0.23684280477069872,0.19466986524982174,0.09219872464773964,0.4667353243535184,-1.252543366367803,0.09238058887395141,0.023700728250047123,0.055881498308839025
lfw_00103,data/raw/images/lfw_00103.jpg,v1,-6.8156682550907135,-14.146556515432218,0.024230236808458965,0.7943953494624145,0.23177199115424404,0.4471000135371167,0.8067298441465995,110.7179234215146,0.4471000135371167,0.3139457987039027,0.9920591803548285,0.9027560859200355,0.271520352833897,0.1936387210012715,1.2908353410857654,-1.7262463373979475,0.1374997320898716,-2.8640716014836562,0.23316158596699144,0.2031963708227368,0.04989753086812651,0.4530578756093611,1.0605250145546898,0.03474810524949874,0.025904278044807844,0.06267672134581738
lfw_00117,data/raw/images/lfw_00117.jpg,v1,14.711669147014618,-10.84749937154969,0.029951363801956177,0.7887739367080399,0.2491409994109255,0.4434257505972114,0.8151615715569651,114.89343656598471,0.4434257505972114,0.339169470275117,0.9896856782729443,0.9024717753839226,0.30999404634905725,0.21787951130207436,1.1788786328624326,-1.0940342458530974,0.1245274019943213,-0.6693828334965909,0.2420980608057715,0.20385863835566115,0.10255759621397172,0.4005119725159284,-2.988550899895824,0.005772669046700652,0.028804635123975186,0.08824755515246163
lfw_00123,data/raw/images/lfw_00123.jpg,v1,-11.973821192979813,-9.3946841911253,0.03662986556688944,0.85537790995999,0.25190330782711207,0.43297579285005766,0.7978352417757294,109.91393016224194,0.43297579285005766,0.3155506918686505,0.9866341203116912,0.8902346702931485,0.2948484490799715,0.18850283801945245,1.2777122154866891,0.2651757402294001,0.09819658488792966,-0.19547489606635218,0.21000323803507467,0.19823809073874232,0.08514260712695638,0.3372632006992947,-0.3652701763146349,0.01692809868736158,0.028808390930638028,0.07550842350583188
lfw_00129,data/raw/images/lfw_00129.jpg,v1,-10.33750518411398,-9.139644219164449,0.029345994194348652,0.8047629468454048,0.24736142373115413,0.4225883284069649,0.8165914720924647,111.22417580958717,0.4225883284069649,0.31798956850220167,0.990064165409478,0.905102553506823,0.28751620439360853,0.1964260294264021,1.3266469323164232,-0.8682063899768909,0.14607003208943586,-1.1775075101227834,0.23938401652469835,0.21136412257937354,0.07364167277602422,0.4206875429694451,-1.1767933706797495,0.002394007580145631,0.02257733118806383,0.0678606232753748
lfw_00141,data/raw/images/lfw_00141.jpg,v1,-1.7235018080100417,-9.934798098036808,0.013879209756851196,0.8930259089050521,0.2484456697739187,0.43258878940074097,0.7975598926930882,107.09461353205383,0.43258878940074097,0.31628124085518894,0.9851146494863495,0.8891380899904231,0.25712634910389237,0.19125462248165742,1.2742831299280355,-3.077498382253625,0.10195264432702202,-3.6038499937757122,0.21569159688310688,0.20153779182796913,0.012656957541381407,0.36122582903374495,-3.2014099071835163,0.006291242335808294,0.024469887090287343,0.08466540655804268
lfw_00142,data/raw/images/lfw_00142.jpg,v1,9.53797086328268,-2.6669815278964357,0.021392693122227985,0.7790054052809711,0.2778394162922229,0.4078734086574228,0.7780411671660001,117.36777306869436,0.4078734086574228,0.31260496500523,0.9794370360917319,0.8728804779893778,0.2921409005230843,0.22471886833936908,1.1874794974911005,-0.5775395110935233,0.13002617296533917,0.17750244242505792,0.2484808485147079,0.212097139494943,0.06640710306809489,0.4648644567687205,-0.9729167499860615,0.05931046071945504,0.024262278244046517,0.0570679663110024
lfw_00146,data/raw/images/lfw_00146.jpg,v1,-5.570694554597139,-10.167536202383992,0.01102753480275472,0.8213172129686956,0.2648670741732024,0.46376383787674547,0.8412779059059357,115.56004439382721,0.46376383787674547,0.3676493789736794,0.9952067589141053,0.9254383006668899,0.2856473598634354,0.21048261561962503,1.2245315413045228,1.0394283484097524,0.122694090991806,0.663570997172076,0.2557530131570623,0.20951232037608766,0.03910358121434403,0.4925996196271064,0.7651904430401474,0.053162324575042046,0.020074040019365354,0.06793262563073146
lfw_00154,data/raw/images/lfw_00154.jpg,v1,-6.364402648061514,-6.4342180938361215,0.02067662278811137,0.8474107255995863,0.26681745051659567,0.4275601478764436,0.8376095841325105,110.44683839949593,0.4275601478764436,0.32659203373011336,0.997384156943521,0.9254500853242524,0.39052392019191695,0.18765063991166087,1.185755399631491,-0.7836154583850823,0.10872641781894711,-1.2721935867112208,0.20886700690104654,0.206977880988109,0.04608011002974494,0.34002780421141754,-0.30492776701222823,0.004662245825768576,0.020866598164178254,0.0843208468420791
lfw_00182,data/raw/images/lfw_00182.jpg,v1,-13.047983139753342,-2.6454707124201007,0.05764328440030416,0.845739256435857,0.2734271314098367,0.40119715688673246,0.8027103584326452,111.90509752749112,0.40119715688673246,0.31945850538368553,0.985396683725663,0.8942867705419094,0.26443566696131526,0.19114115270078166,1.3117871337024736,-11.02517458148895,0.1219618360401693,-11.834772587343842,0.2360909089922108,0.21431826884925548,0.09512074205391147,0.4591988947385252,-11.90697070054823,0.04652512954676048,0.019068303640469512,0.05717341394298665
lfw_00183,data/raw/images/lfw_00183.jpg,v1,-13.70199903845787,-14.610194747420074,0.03900731106599172,0.8424427147479532,0.23346174507545586,0.45555796293221545,0.7948570762239395,109.55551494968803,0.45555796293221545,0.321921485739893,0.9830565547587344,0.8882067201566161,0.32293515822579844,0.20180304030175694,1.2814864545751201,0.3707607416053098,0.13657776804865998,-0.10903880619097686,0.23416578716684908,0.19438695557101396,0.09810953957098568,0.49755198052098226,0.25547045969749216,0.08420356488466867,0.02161541240367181,0.0543343624555544
lfw_00185,data/raw/images/lfw_00185.jpg,v1,7.25996783003211,-8.680263379862977,0.017196913560231526,0.8522092100526713,0.2575938589734423,0.43527996442839123,0.8062000769710924,110.8687332105264,0.43527996442839123,0.3193344539580552,0.9868853602409755,0.8964061402752006,0.291732407334091,0.1922040030532417,1.2044947479161874,-3.196844625621029,0.09994051903236671,-3.361189278094357,0.2103715083283446,0.20099018642731797,0.05109512491228522,0.33795868216417796,-2.9007562927218684,0.011212616071262373,0.025840402883251696,0.08091570889827024
lfw_00187,data/raw/images/lfw_00187.jpg,v1,3.2101472932845354,0.1439405016082052,0.009741519888242086,0.8222496208251728,0.2776715110309339,0.3821947557452934,0.7731417279217524,111.73089572786536,0.3821947557452934,0.30114672443728374,0.9741173648646696,0.8653561858518491,0.30926270797967353,0.21410640544822518,1.2041680594454198,0.341382803926275,0.1674958905729657,-0.3933151437695695,0.23962089253950947,0.2273441514593854,0.02247462794026855,0.41740399343495926,1.1645117739884503,0.0006676202293394407,0.022429540605377465,0.07414073478404413
lfw_00188,data/raw/images/lfw_00188.jpg,v1,5.304639771580696,-3.644209629009458,0.007033010323842366,0.8189941725761519,0.26778121041827757,0.4020833538700897,0.7726582005436177,113.04169211532552,0.4020833538700897,0.29728811952763334,0.9754100114049045,0.8676637172878549,0.26102172000519036,0.20488406745000928,1.1952835232042367,-3.1139874513229526,0.14205692671069425,-3.62465486726875,0.22508171952945016,0.21584684597755918,0.0346800419017675,0.43281772506898164,-2.2977204046734268,0.05567292810507212,0.015500816917319749,0.0477256931849803
lfw_00190,data/raw/images/lfw_00190.jpg,v1,10.4831183552742,-13.206622033403978,0.014555578430493673,0.8136531818595776,0.22999628534936764,0.4335259550084839,0.7759290237332053,110.54810038232479,0.4335259550084839,0.30446192436569647,0.9764461029383928,0.8686504010824561,0.26944129742593176,0.2062445841781083,1.2465108393495266,-3.4287643088795745,0.14558361201825862,-4.047778110085358,0.22512220299364624,0.19948919657018963,0.07258869968366113,0.38815717508877357,-3.5958261193831205,0.019047271367155706,0.030665222141450968,0.07587838709986776
lfw_00202,data/raw/images/lfw_00202.jpg,v1,0.9791282722726464,-5.040024090399263,0.0028484960397084555,0.8051774683331367,0.26617624894520053,0.4128453443292516,0.7859973630144017,113.51934083837203,0.4128453443292516,0.3129363292338266,0.9816865326092215,0.8785350443388321,0.32420837815939774,0.19972913833382047,1.2307532110274473,-1.5409937222365597,0.12865327650805128,-1.7423378238699772,0.22478733266814976,0.21454658273715263,0.007560937901301178,0.3630035093599642,-0.39225200255420456,0.003444317817418752,0.02356028955050214,0.0809823037644143
lfw_00211,data/raw/images/lfw_00211.jpg,v1,-13.426839664578438,-9.314557428664715,0.036582897106806435,0.7865486808122385,0.24749464384917605,0.4245847413217892,0.7931226233648022,111.69547098577829,0.4245847413217892,0.3034242847752991,0.9855445451071023,0.8875711159216049,0.4076950660096269,0.19414302632755007,1.226652859675433,-1.4678459160974184,0.14661165989176028,-2.4154302821219322,0.20956647381113216,0.20352275129490152,0.09479129448386567,0.34346808980934773,-0.7817944154159281,0.0026405104914625226,0.031107705632230895,0.08670530478493191
lfw_00215,data/raw/images/lfw_00215.jpg,v1,6.147825099527836,-0.3217723266215305,0.014442384243011475,0.7987194186621975,0.28524542552072885,0.3968133802921144,0.7866193071505582,115.0162253151949,0.3968133802921144,0.3128668263769913,0.9832841739719831,0.8819226473831101,0.3392023769617545,0.20925560620827807,1.1561408080080802,-1.7280147695552097,0.13995795301432626,-1.4620533886454716,0.23300589299182292,0.22134912117550942,0.04382258533351422,0.3587597779951134,-3.780445001849506,0.0155824360140357,0.028296149107526328,0.08946204846997068
lfw_00231,data/raw/images/lfw_00231.jpg,v1,-10.204096533358097,-13.973060636347839,0.02928077181180318,0.8200238626928203,0.23715941131785453,0.4555369818511383,0.8108396646827924,112.10332572940023,0.4555369818511383,0.3244123698951075,0.9899584331041096,0.9028474883501194,0.262217777988299,0.18939479008577645,1.235679738416448,-0.2958408957964141,0.11772115208799991,-0.912355210520046,0.21970963645730066,0.19433068406645107,0.07246792880711767,0.4138160836647084,-0.015535860868509442,0.03976729780974736,0.026748840506318445,0.0776301146360786
lfw_00245,data/raw/images/lfw_00245.jpg,v1,3.8732264935970306,-14.314340739084466,0.007836073637008667,0.8302245338093631,0.23678179719112666,0.45866302594814823,0.8193660171948951,110.17716942529158,0.45866302594814823,0.3325166142767447,0.9917437428949547,0.9090170358498612,0.2796516138538921,0.18877568682023993,1.21492449682028,-0.004409101862506031,0.1410819721747026,0.03582813672978906,0.20658695390088724,0.20365672771480378,0.027418889308548605,0.3171921776782226,-1.6729758436723745,0.010719951402450264,0.03260804725746866,0.08771500422139901
lfw_00247,data/raw/images/lfw_00247.jpg,v1,13.514736995100975,-11.039210658900355,0.027219027280807495,0.7981722203838563,0.25313785453581245,0.45262899420674985,0.829117651476706,114.93747659346302,0.45262899420674985,0.3483500883622804,0.9937882673992366,0.9156458617492216,0.25410901968876987,0.21045550760793136,1.1992720662603409,-3.789773190940701,0.12226874524833933,-4.2202505272167,0.24672068553603602,0.20868937496997178,0.0954791842284942,0.42571615207856955,-2.2640518535322784,0.021578539166633482,0.03138289639717196,0.08468996471322489
lfw_00250,data/raw/images/lfw_00250.jpg,v1,-1.474548714235425,-11.97576424379171,0.009245385726292929,0.8072491417046538,0.24849391482203778,0.4545236854723153,0.7926184812089248,113.95978973360441,0.4545236854723153,0.32701451464700054,0.9856745233720722,0.8884765830957498,0.3102388065695816,0.19800485782393187,1.2372004576998115,-1.968085093139281,0.11050761741920247,-2.095478017323888,0.2217792555060909,0.1964994139811072,0.01102815762479214,0.3884504853597891,-2.0540451625788383,0.06524530238436749,0.029972178382048048,0.08103240680091603
lfw_00268,data/raw/images/lfw_00268.jpg,v1,-3.033135948702693,1.9300759811027668,0.012674560149510702,0.9250152674442725,0.2958675255622116,0.3910419747108003,0.819861215522785,107.9317445820257,0.3910419747108003,0.3160461075997279,0.9931774605097017,0.9105567625086493,0.25503579411472405,0.1919532385705096,1.2341292249987585,-1.069649343474001,0.1070102710911078,-1.6825350808111608,0.23141800242183075,0.2230516718408758,0.021526477623611665,0.3956470959633135,-0.7414025531794306,0.0010685648633081337,0.016633168510446165,0.07609659527428385
lfw_00273,data/raw/images/lfw_00273.jpg,v1,-5.610855672508478,-12.285123842744499,0.019077266256014507,0.834442720988769,0.24689893846929126,0.45501926955049987,0.8069350664402569,112.55021236510592,0.45501926955049987,0.33509899032756224,0.9908570886830694,0.8994157593476483,0.2502414171873044,0.19018174635169172,1.289130532052031,-1.6920553321229876,0.10606436811279266,-2.493323906494247,0.22675360543112622,0.19638206969692418,0.04075981282755505,0.36366711120483475,-2.5571356478999387,0.057166819368149574,0.03080476701267743,0.07674035314784886
lfw_00275,data/raw/images/lfw_00275.jpg,v1,5.259315334260464,3.967072905879717,0.016761456926663715,0.9666027209137804,0.306884562332538,0.38736241583568454,0.7971842852532596,108.3793349747901,0.38736241583568454,0.31186568505413786,0.9852836793756096,0.8909619153401847,0.20790438209520956,0.20266131142272392,1.1922397150670456,0.03083601028007713,0.09660285756701285,-0.7782604698543371,0.2334926062026662,0.2202317211924933,0.03806422178423958,0.4314065805966084,2.4897405227149334,0.05559770358769151,0.013187725124312231,0.057108577909170316
lfw_00279,data/raw/images/lfw_00279.jpg,v1,11.555019669234753,-13.572325575282548,0.024622842669487,0.8373361746361746,0.23749820033837746,0.4517060875439225,0.8448960175570825,109.41977707800385,0.4517060875439225,0.3229576554017176,1.0028472258973717,0.9364410649397075,0.2246483628106077,0.18872040090836853,1.2093850118637606,-3.3461754719175927,0.11951462160462623,-3.474836091213752,0.22290151817669537,0.20174507834778152,0.08108058078672296,0.4165823127526163,-3.320121135390097,0.0008146897202736785,0.024572781564398613,0.0845282771103031
lfw_00282,data/raw/images/lfw_00282.jpg,v1,13.6648039072752,-11.09769298071376,0.030260135730107624,0.9013347158602195,0.24522619477679192,0.4391023325071858,0.8284667672887551,106.98662927699445,0.4391023325071858,0.3289905407597992,0.9947400396825464,0.9167195798773026,0.18382971732155004,0.19845632573801245,1.226816291467397,-3.5297695405029725,0.12112706246981239,-2.8922913466253517,0.24197623675164662,0.20715015581871649,0.09626830362228297,0.42244782175792334,-3.5737269107290297,0.00229648141062676,0.026106234032542513,0.08969566790225397
lfw_00286,data/raw/images/lfw_00286.jpg,v1,13.959738604724407,-5.517050589212695,0.04083956778049469,0.912330791378339,0.27096854093034556,0.4249833514346016,0.8196354736625224,109.73210225875515,0.4249833514346016,0.3206675270694719,0.9922965846163406,0.9109215954224971,0.13938260298257935,0.1951448239570792,1.2014103385978203,-0.7758464353318391,0.09037263301551081,-0.7990050358373532,0.22392538664912218,0.20874773440792713,0.09987695854729667,0.4022351979455353,0.6194800147161066,0.03246596209736444,0.01716889779651032,0.05425780502153989
lfw_00288,data/raw/images/lfw_00288.jpg,v1,2.211265129968524,-4.869933879724178,0.004834224780400594,0.8998306550160355,0.2723384766056667,0.42073238620338915,0.816475556282404,108.54871751537316,0.42073238620338915,0.3229875622192376,0.9921186512994972,0.9068237434368902,0.2482840896615687,0.19533244255714516,1.2630246447065656,-0.48378943638023547,0.09861550869464657,-0.25385200691939086,0.2237333754041819,0.20935111563101652,0.0156901118964826,0.3756016203771776,-0.4262751422327678,0.010056238496590701,0.023423723890856785,0.06988099364042147
lfw_00291,data/raw/images/lfw_00291.jpg,v1,13.086008816957474,-9.469135786990112,0.03484420975049337,0.8264814361094573,0.25088951528025444,0.43200122673364155,0.8060288257648079,111.92715666889221,0.43200122673364155,0.3164678563816384,0.9899018696560437,0.8985428217776891,0.26029627614209266,0.2118788382250632,1.2031868251107944,-2.1305190740650137,0.12397749528954001,-1.3775792228352657,0.2331326259404585,0.20099673732995793,0.09310793491794539,0.4143200941537922,-1.467639719931851,0.008149997144426227,0.02529966097921434,0.07607192551793222
lfw_00294,data/raw/images/lfw_00294.jpg,v1,-0.10371731037230347,-12.249417551820637,0.007072766621907552,0.8419750670706734,0.24900945084532647,0.4585098132327983,0.8041326703758827,111.71244524859517,0.4585098132327983,0.33986140592762626,0.9894893750844068,0.8958263475306514,0.3078177793900886,0.1918003371714153,1.2310657010981543,-1.2226612537906605,0.09353328002647857,-1.7284344525791786,0.21209363491051725,0.19865877385516584,4.0441581203882725e-05,0.3014258329342641,-2.9006420699907105,0.021569445963111587,0.03404813503750656,0.09505228392271547
lfw_00330,data/raw/images/lfw_00330.jpg,v1,8.103355664759874,-13.122866285381445,0.02198504904905955,0.9062816751841685,0.23609605472779555,0.4441103905140051,0.7945472126948327,105.90435888291627,0.4441103905140051,0.30893319806587066,0.9857936619892783,0.8874898038970406,0.29208270136925685,0.2078461722926914,1.2034404329853525,0.29066914497492813,0.11728656462572169,0.9047159366207936,0.20462028979197477,0.18770762114145415,0.058285517740939013,0.3469356317713533,-1.7471733647999201,0.01851232780304606,0.03262581973749672,0.08119038484315134
lfw_00333,data/raw/images/lfw_00333.jpg,v1,10.474645860493183,-13.87229359426271,0.022412598133087158,0.8371202406803506,0.23379301540001926,0.4479560725720573,0.8122896469411662,109.90259783624528,0.4479560725720573,0.33051431538451204,0.9900517503989803,0.9018963698866954,0.21543997225191613,0.20148330818563737,1.2511922925998709,-1.335184329037099,0.1173300750286466,-0.7103436989415906,0.24006778446846916,0.2043787961797826,0.07378699068596929,0.400164539629785,-1.7666021228707787,4.313756619673061e-06,0.026105198266624174,0.09259143746164804
lfw_00339,data/raw/images/lfw_00339.jpg,v1,4.851111922413111,-8.70665870495637,0.0111103355884552,0.9724288887095609,0.25434190087429887,0.4300547908789099,0.8230384989708233,103.19403555370431,0.4300547908789099,0.3263292106692944,0.9936791604143259,0.9117011544814054,0.17573991925756036,0.193181056059702,1.2781992209983282,-5.200498541046817,0.10008872975078204,-5.451362947158215,0.22668234190729472,0.20652978814162015,0.0327192909309617,0.37425932890070807,-3.8147514615276155,0.007244458867307377,0.020369189330139557,0.07156607066275247
lfw_00352,data/raw/images/lfw_00352.jpg,v1,-1.6125089647248387,-5.520995876884523,0.013495648900667826,0.8519341758995832,0.2666028504278444,0.41817483025490404,0.8228068188033218,111.46698856258713,0.41817483025490404,0.3364265013101431,0.991979821239238,0.9090427612593578,0.24558055423758693,0.19900322116841085,1.2683941386690945,-0.5962887168018786,0.12550469690402657,-0.5419363434147307,0.24056104341964052,0.21576581809555764,0.012325949675901525,0.37967210904269344,-1.6070840877532837,0.0026795441781921046,0.021077011384895233,0.07917700527864825
lfw_00359,data/raw/images/lfw_00359.jpg,v1,-0.772850142326206,-12.100051763569356,0.0010011146465937297,0.8467808776502198,0.24306610946754972,0.4459415882569758,0.8049914487334222,110.04880008240733,0.4459415882569758,0.3280344622093624,0.9868153028409293,0.894560026635966,0.3064342289871461,0.1969685389233051,1.2616263362441362,0.8973770744010472,0.0964637915216173,0.4154397992419127,0.22141772201662235,0.19456233614323384,0.004854972320000298,0.35439708702510203,0.24650586477534217,0.00331267494782879,0.030325013018855294,0.09390094324627629
lfw_00368,data/raw/images/lfw_00368.jpg,v1,4.633811116218567,-9.222296757546383,0.009254505236943563,0.8950368475173914,0.2556406399792092,0.4375945083489144,0.799582125530675,109.0641728260794,0.4375945083489144,0.3272033007097207,0.9850001209036172,0.8894484020848591,0.19904947583793692,0.19581985284390052,1.270551477700006,-1.24656269504342,0.10819551166229552,-1.1308390390641099,0.22761630264584207,0.20405743721723732,0.03324485889425421,0.3600367637094227,-1.9933710688126136,0.024925377841177754,0.029171384923843892,0.0705435844898755
lfw_00373,data/raw/images/lfw_00373.jpg,v1,0.8612213144078851,-12.356448369289064,0.00558646023273468,0.8365047250107693,0.2372139351676701,0.4379309686236817,0.7775788108685592,108.25046990556844,0.4379309686236817,0.303391875131838,0.9785236278921677,0.8727301751321626,0.34110673637260247,0.2123843521551964,1.2533029138078704,-2.0808424308149793,0.13604948789821786,-2.4226721171039025,0.23176850840635765,0.19743320364187594,0.006140360312964376,0.4909047835183525,-1.0598915803962712,0.07105057966362224,0.024622795521307955,0.052300079835492695
lfw_00374,data/raw/images/lfw_00374.jpg,v1,-3.2529002130031586,-13.422415499147176,0.010037054618199667,0.8677630560879347,0.23397594273217703,0.44336981123058383,0.8084638184483367,106.40594301914754,0.44336981123058383,0.31611287494673174,0.9902327589050851,0.9002605676449581,0.2959229813323162,0.19469503145358164,1.2314281816798802,-0.07412532813722114,0.15245163672712095,-0.5808727080955275,0.21259279521182928,0.19969841279555028,0.023208074978928222,0.3455299014721787,0.550498107343465,0.00405432245475103,0.029128170521777443,0.08282827888100505
lfw_00410,data/raw/images/lfw_00410.jpg,v1,-4.026046257466078,-4.619804776172154,0.017553115884462994,0.8081234436811187,0.2693516168874734,0.4137024299715945,0.7641353542004952,115.41119324783044,0.4137024299715945,0.30989383145091676,0.9773415444765344,0.8606679729665299,0.30254844652334395,0.1992106779211771,1.2598568726677912,-0.8505469969171271,0.10320485730505843,-1.1501121290190983,0.22010930685220603,0.1998768316958791,0.029389271575398578,0.314355303430049,-0.4782460930019596,0.020191954147933244,0.036126099649608626,0.08642844899250905
lfw_00416,data/raw/images/lfw_00416.jpg,v1,-5.196176502853632,8.568691476164677,0.025180205702781677,0.8858539130364275,0.3139282793471333,0.35742650667679543,0.7593930427248292,112.84699783026343,0.35742650667679543,0.29779868479502636,0.9740001465926512,0.855859733669997,0.27078153423420787,0.20373000723245735,1.230941936593486,-1.3380158490132028,0.10421941366766437,-1.3261403835373957,0.2123821667679259,0.2228316767081768,0.038171179350194255,0.3203894049373427,0.11672995776006066,0.008718788844036034,0.024400090660039817,0.0781950696136839
lfw_00424,data/raw/images/lfw_00424.jpg,v1,-7.198388803750277,-11.872908032742695,0.02805548906326294,0.8317479532737887,0.23768469445578963,0.4336671604767383,0.7804965420128457,110.04176211339234,0.4336671604767383,0.3084112522983841,0.9797990244390036,0.8738428066715674,0.2760729926217025,0.19043420090623553,1.2737341837559508,-3.0420423643609307,0.12477031650120822,-3.5666489489960407,0.2042848019418887,0.1956632625027359,0.052128435721194785,0.32701680952915785,-3.032386082936325,0.0061681770877174595,0.03071684855755653,0.095394302336273
lfw_00426,data/raw/images/lfw_00426.jpg,v1,11.0586938560009,-5.444380563520133,0.022320851683616638,0.8515069108076547,0.26230731776213195,0.4107013872444936,0.7731120560238709,110.84616616345352,0.4107013872444936,0.3090770398385532,0.9775728273504489,0.8666508393536521,0.2581117114110758,0.20467903702006893,1.2140417282541123,-1.9243106088282955,0.12014454785156688,-1.5207192248270267,0.22482713541675134,0.20957126051529149,0.07714905386670261,0.3381202151187554,-2.0093341477444624,0.009936558127981604,0.02912487741225294,0.08888105528379805
lfw_00428,data/raw/images/lfw_00428.jpg,v1,-10.154772453010082,-10.605051254032947,0.03299766778945923,0.8337557621748585,0.24817183765504447,0.4391274054658775,0.7828267419816936,111.74275432407394,0.4391274054658775,0.31478339923114756,0.9818212944046618,0.8773259671703256,0.30579992987002325,0.19220808636395273,1.2885317044077782,-1.4232664857414978,0.10691523507596729,-1.6361254811947266,0.2116314203114265,0.19346500659597046,0.07217389180704502,0.33799965148785455,-0.9943578225851978,0.023089707681366447,0.03319811655710815,0.08704311117826087
lfw_00448,data/raw/images/lfw_00448.jpg,v1,1.0653016841970384,-13.088171654213541,0.0054477304220199585,0.8387796464989553,0.23512407608753902,0.44190605525618987,0.7783183875348967,109.4765659633344,0.44190605525618987,0.312616365974558,0.9774696769907815,0.8722309587112665,0.2830297816053559,0.20924036757245976,1.2569175711567357,-1.8211175866175013,0.1366668391576968,-2.1384139954545813,0.2326831918042032,0.1965152755269909,0.006673391919648652,0.45141977949078116,-0.814803099226599,0.05924888393178552,0.025542103992491592,0.06317704623766054
lfw_00456,data/raw/images/lfw_00456.jpg,v1,6.928968083113432,-0.8873150494577972,0.02057228485743205,0.8579364033451721,0.28553360760067875,0.4023824178511619,0.7720418533310921,113.44655242779223,0.4023824178511619,0.3122339378863304,0.9760119602415185,0.8637823385960866,0.2620999614496742,0.21043842670829047,1.2208264302443446,-1.2883986228376847,0.12496662201415454,-0.8714204425738759,0.22606989146632755,0.20945089474145936,0.05053835282477448,0.3441652189602713,-2.0213389980732304,0.01828541930780567,0.031108952571946364,0.07806661624341749
lfw_00473,data/raw/images/lfw_00473.jpg,v1,-9.249963976442814,-12.45951167408305,0.034005155165990196,0.8416543194187278,0.24156862894316208,0.44709265169966306,0.8125075745588801,110.06070100249543,0.44709265169966306,0.3248906667967536,0.9907425551746218,0.9029138972051302,0.31113122386957714,0.19497571398949462,1.241540879095701,-0.2208728510581346,0.11039166010894425,-1.0954353684851692,0.21687807460247668,0.19362664044560599,0.06790449569426421,0.3589132466132782,-1.3193341643141283,0.007014078972112689,0.0298374749528459,0.08198406415438625
lfw_00478,data/raw/images/lfw_00478.jpg,v1,-0.5153743419796228,-2.442986688355065,0.011441603302955627,0.8520313971291477,0.28325577586410317,0.4136842531391541,0.7997307003437384,112.64191912123667,0.4136842531391541,0.3127907945613184,0.9854805812206744,0.8931287902556643,0.2809158679712199,0.20099804399039578,1.2000102844248435,-2.960318298258896,0.09858018991237211,-3.6663260142941905,0.22282355513214164,0.21110823817777807,0.005828048073879527,0.4374828656031901,-1.9665678499886343,0.048416745785048475,0.016527477551146485,0.05445531002175092
lfw_00498,data/raw/images/lfw_00498.jpg,v1,14.874595440924168,-10.085461178042964,0.03491454819838206,0.789984768641186,0.25577440636299686,0.44696179268381375,0.8032755036277301,114.611492892338,0.44696179268381375,0.3309597545374413,0.9888345151458943,0.8983991030522867,0.3062977821212971,0.21398600636059267,1.1487525224333897,-2.2309452263318934,0.11522915445822207,-2.126086166117412,0.23615649053507215,0.20433614929147434,0.10356706741832988,0.4337345810386308,-1.7019941317759089,0.07653472419291898,0.030137921540356546,0.07487975220929226
lfw_00506,data/raw/images/lfw_00506.jpg,v1,-8.514145664870739,-14.250874061598518,0.02862708270549774,0.896312420945245,0.2331742307155429,0.45096636312488736,0.813278685227317,105.68781265440865,0.45096636312488736,0.3255706112690097,0.9898635685448829,0.9030163149946393,0.22936159290959446,0.19171447955790297,1.3174560529442583,-1.3769442065880761,0.10752655667695794,-2.3677390598925583,0.2329309350368719,0.19462115545552244,0.061307060573964255,0.4006454879951268,0.7579603613342638,0.004469448247281738,0.027772334324676556,0.08253267176038889
lfw_00526,data/raw/images/lfw_00526.jpg,v1,11.29269003868103,3.45907610284353,0.022786011298497517,0.8710520954262,0.30336332274525346,0.3873275246445787,0.7701996838431454,113.86093592093941,0.3873275246445787,0.3167166913952849,0.979232214382427,0.8663468842018758,0.24998658404209018,0.20668016485237134,1.1923887039997167,-3.6402593916908694,0.11313153544190206,-2.976513930787395,0.223743117258927,0.22339888076758532,0.07869115409029509,0.3037474465909279,-4.36611291223744,0.0194793956467595,0.03228955294531192,0.09263282823946477
lfw_00536,data/raw/images/lfw_00536.jpg,v1,9.334246024489403,-13.292819483761145,0.02324865261713664,0.860755342270901,0.23586207196312536,0.44552381043915185,0.8070480318723654,106.68310034336999,0.44552381043915185,0.3173365264926992,0.9886896166370245,0.8989606117733822,0.3060079789517624,0.1999115030574523,1.1875621406971804,-0.6507353163338968,0.1181494621062664,-0.6592710560803557,0.21249694472693736,0.20204053672963262,0.06647947180882652,0.3648493812928628,-0.6838608413730378,0.007336228394854516,0.026289308547072038,0.07676604886524037
lfw_00543,data/raw/images/lfw_00543.jpg,v1,10.344835862517357,-8.080840434028909,0.04437159995237986,0.8675418174989373,0.2604192496692169,0.43383556916197485,0.8125657737351912,110.96827335607594,0.43383556916197485,0.3338868497754574,0.9905938180452819,0.903504449931049,0.24176405290722006,0.2105046471981913,1.1766904370863696,5.768976670479776,0.10795309457840774,5.664421083887517,0.2370750314334922,0.20806008987737648,0.07541734611651853,0.435655960993278,7.088552372519601,0.04291887443238481,0.021873781397292,0.07055321471035603
lfw_00544,data/raw/images/lfw_00544.jpg,v1,-4.47789921797812,-13.810405377274803,0.009278217951456705,0.8752860156509865,0.23487013817640914,0.4493339375226091,0.7981552653521621,107.98870765488547,0.4493339375226091,0.31992769138613103,0.9861610543059411,0.8926649366648095,0.27172936983838736,0.19819594525728143,1.2035183895510033,4.351574496535277,0.1286585846225754,3.3419659694305848,0.22468227277953717,0.1984096875109878,0.030932387987404525,0.4231828258042593,5.276329056544824,0.0535735691462945,0.025014755638912933,0.07260857625044975
lfw_00565,data/raw/images/lfw_00565.jpg,v1,-11.00907526910305,-2.104800409107343,0.03269417583942413,0.8755976833205937,0.2779815267944968,0.4028341546126782,0.7747129810251795,110.81156566650638,0.4028341546126782,0.30932999002624,0.9781349884756033,0.8680002084404309,0.2788805975322992,0.19622578972140994,1.2713057439520568,1.010851586211685,0.11005001361566605,0.2577025214640475,0.22820548692402323,0.21276737930900835,0.07852388338887972,0.37912144936567477,1.3849326130803796,0.02748886635982483,0.024126291537525567,0.06371786417915398
lfw_00586,data/raw/images/lfw_00586.jpg,v1,-9.789604313671589,-7.995714386582521,0.028499245643615723,0.8130391910492766,0.25792221106484003,0.42880991297287085,0.8009680029161805,113.03085593261963,0.42880991297287085,0.32039086932230376,0.9888213640603902,0.8929388799431542,0.35577055751081815,0.1925972330850269,1.3023610560093444,-0.09711016338543838,0.1157806633735371,-0.6353406142845952,0.21160397685927054,0.20115352537206507,0.06977118112746128,0.3065175720266885,-0.7407954036475924,0.019408476084292782,0.03291541448707956,0.07995787879177157
lfw_00588,data/raw/images/lfw_00588.jpg,v1,5.63581657782197,-12.560213371224963,0.009526744484901428,0.7743272683718769,0.24333349305893584,0.4514671607035964,0.7870413328086985,115.6582711724708,0.4514671607035964,0.32896063972927314,0.9838342427133525,0.8809124467033023,0.356961054439152,0.208108285013597,1.1876380309892955,-1.4402130173698584,0.11392110704766076,-0.9611791636702584,0.2247013902969358,0.19621640917188315,0.039656504860553166,0.34353622723549593,-3.1169947054800686,0.029213970467845414,0.03561089112177615,0.0944845009255254
lfw_00598,data/raw/images/lfw_00598.jpg,v1,11.168425440788269,-2.2723285339725665,0.02705092231432597,0.847493433908736,0.2753231522917974,0.4005223735228052,0.7887511847187814,111.0414424591503,0.4005223735228052,0.3054742723178866,0.9810536104361609,0.880848127432245,0.3116881170681964,0.21119775559760287,1.1748312905134173,-1.0129761326109836,0.13372821094428627,-0.7529046766331496,0.22277744795156845,0.2137074001359079,0.07806672276499806,0.3716782176369894,-2.1578185774721996,0.004718265124638909,0.025343841974354592,0.07708509236512344
lfw_00633,data/raw/images/lfw_00633.jpg,v1,6.080147936940193,-12.687150519953407,0.013052667180697123,0.8489612253156301,0.23872246792526963,0.4442874659757553,0.8073010898135481,109.24382831706768,0.4442874659757553,0.31866801477263873,0.9870951840994618,0.8975949517705256,0.3209635255835616,0.20673625943840807,1.1911775548380792,-1.9230145954634654,0.11740528724268692,-1.6192757152925017,0.2180547817233628,0.19384996524686046,0.04321315293989929,0.38607631589681857,-2.384930297197202,0.0033425235556768054,0.02515031716965641,0.08810594367285489
lfw_00640,data/raw/images/lfw_00640.jpg,v1,-2.052111614495516,-10.944259858063601,0.013212586442629496,0.8151749516942991,0.24902696686399656,0.44425877082195014,0.7961093323482117,112.77936274406761,0.44425877082195014,0.3207444951306178,0.9853518642821945,0.8886471205496234,0.29846943000445997,0.19736795134046053,1.2565186590819817,-1.2176989653367305,0.10682263606444188,-1.5789150669738174,0.22519285436716627,0.1968165745290637,0.01488761570155002,0.3888141790006849,-1.888458021138528,0.02682493005091078,0.028291433822938944,0.07391537813927473
lfw_00659,data/raw/images/lfw_00659.jpg,v1,2.9957098122686148,-12.922687370611252,0.00541106363137563,0.8380617157909862,0.23337184473737166,0.4368386483650022,0.7838971543895032,107.84409018999277,0.4368386483650022,0.2920585464516592,0.9828195933427167,0.8812527247599977,0.39158918961781247,0.20774399737530447,1.1699780482217255,-1.249782477220609,0.1441280853157379,-1.2121403763005043,0.20500475644267113,0.18941963901243364,0.021472222209318135,0.38384119495851887,-2.2240526912465977,0.023974974541914832,0.030781700476163465,0.07812717125604461
lfw_00662,data/raw/images/lfw_00662.jpg,v1,-5.55289276689291,-7.6237091820298355,0.010605936249097189,0.8130429408248127,0.2624279523894323,0.4324770388966885,0.7793569856829728,115.08271833658807,0.4324770388966885,0.3333907366535361,0.9813177692180416,0.8717180745582588,0.30630674888485326,0.21235581932681455,1.3300226116377516,4.557863112347884,0.09958624748171885,3.8421525913116215,0.24365730430911067,0.19774070511755823,0.03865918965664231,0.3531542692557541,3.3267913049398827,0.03590153762632811,0.039163297315494464,0.09007357042056309
lfw_00663,data/raw/images/lfw_00663.jpg,v1,3.345074074342847,-9.254061717174384,0.00556233028570811,0.8457669449254223,0.24508734234651716,0.4198480835208006,0.7786196367372549,108.69491500284703,0.4198480835208006,0.2953427149006127,0.980875804188219,0.8745267946835719,0.3393444253153665,0.20835918725686678,1.2192674905701677,-1.3951569965575046,0.13438047413950416,-1.071147533054402,0.2146512038662487,0.19640231285532608,0.023203184505579018,0.3673301799912711,-2.893760300071113,0.01565256513273038,0.030412426907591543,0.08601571817761629
lfw_00667,data/raw/images/lfw_00667.jpg,v1,-0.10718378836463671,8.535629787320813,0.0037310520807902017,0.8965884964013959,0.31596755875832916,0.36001386194453394,0.7618473174665238,111.43249045966411,0.36001386194453394,0.3004058318916613,0.9722956071375075,0.854145679159475,0.35404064530890345,0.22042006151141835,1.223918897042228,1.7706777420816633,0.1376018352976011,2.095517909520254,0.23582181626387297,0.22132319836822686,0.000181229031938644,0.36656488549402183,-1.4979802781855347,0.010710793954015462,0.027508373371103647,0.06668838817604554
lfw_00672,data/raw/images/lfw_00672.jpg,v1,2.7359840366989374,-1.0778550411621555,0.0055749913056691485,0.8527679448407406,0.27591755812466406,0.39053085995537934,0.7698467052219418,110.28405078817863,0.39053085995537934,0.29338828693835445,0.9771576153797156,0.8645675164515847,0.38966439796746316,0.21707694170244018,1.2223585255209846,-1.431441349264076,0.13528785015647524,-0.9582304539872396,0.22235869397362265,0.20675227447989203,0.01895126899270305,0.3618563157348213,-2.682912708812982,0.010636800932947653,0.02855534959880455,0.07709852750281929
lfw_00685,data/raw/images/lfw_00685.jpg,v1,-2.5792612060904503,-11.540723222582432,0.011346369981765747,0.8664605303252214,0.2369180903157116,0.4287983226921577,0.7839220490518388,107.31087235945509,0.4287983226921577,0.3095550059664084,0.9848672985621295,0.8782932049376616,0.3405137287839828,0.20694179932826384,1.2757160344631882,0.19932657243603769,0.15029342619221633,0.20509726758172056,0.22738678781923055,0.1942919268196872,0.0190545776818478,0.3300362201184768,-1.1654345045125736,0.022876648542623793,0.036835530712118224,0.08449317076013343
lfw_00688,data/raw/images/lfw_00688.jpg,v1,-13.363098040223122,-14.87940049598758,0.028408269087473553,0.8232695973029456,0.22463676954035114,0.4412771427286506,0.7961613611187307,108.60512675506186,0.4412771427286506,0.3230533468918736,0.9831711307659332,0.8851553320311905,0.3356220630367673,0.20420965686678788,1.3639475539208543,2.4104616445576434,0.1537320881064568,1.8019093952515497,0.24669343307914346,0.19731560767854706,0.09437781361273252,0.3928202335966216,2.135619858917627,0.010591046890482358,0.03850721539008935,0.08067180613806196
lfw_00705,data/raw/images/lfw_00705.jpg,v1,-8.149169705808163,-5.422686247818869,0.029971107840538025,0.8639782969983405,0.26496778448082,0.41465673482194676,0.7941170607190576,109.00202898278431,0.41465673482194676,0.30220811289112787,0.9848797506948835,0.8877583562911644,0.35309588833561123,0.1928168601112859,1.2150359106184436,-1.0953861555226423,0.1262040945186208,-1.412298753397421,0.2064521523887745,0.20660675442370302,0.05807786578002414,0.3628796530182114,-1.548342667748685,0.006399173144606142,0.024798862569655262,0.07945102186147193
lfw_00709,data/raw/images/lfw_00709.jpg,v1,12.533515401184559,-10.379905536940088,0.022974481185277302,0.8266173517734994,0.2561838046827673,0.4508548576571644,0.7943686069243273,114.82054737023473,0.4508548576571644,0.3404216218621579,0.987627579622865,0.889252294291393,0.2542241800617871,0.20100612054936104,1.1992521231487845,-8.893228045375315,0.10906269459087918,-8.585079118767228,0.21854429120475635,0.20021623449776135,0.08773503076525198,0.3133368807606482,-9.077502706510371,0.06694369053566919,0.03582388722820577,0.08721461037792923
lfw_00722,data/raw/images/lfw_00722.jpg,v1,-0.03212043677922338,-13.37161361187195,0.014509975910186768,0.8953298611539598,0.23811526619228382,0.45065091047250166,0.7889467295719207,107.88427858712315,0.45065091047250166,0.3137943174773143,0.9819376227455315,0.8826230490043828,0.2969838694200486,0.20769616782814987,1.2488115152027677,-3.423205958575021,0.11211451281690209,-3.5272248998072193,0.22329550428939815,0.1838636966628758,0.001615229702322017,0.4281287393728965,-2.7330729250273205,0.059815681274317946,0.024279731726508796,0.05977243977709911
lfw_00763,data/raw/images/lfw_00763.jpg,v1,6.784356247633696,-12.844068029906444,0.013099809487660726,0.811550924113888,0.23644214704254113,0.44173506417363806,0.7796260506557362,110.41199331780345,0.44173506417363806,0.30417383352366134,0.9799007223958554,0.8756018893107229,0.3614243590755201,0.21611873518683705,1.186415155859196,-1.5681012944656776,0.13805712658351083,-1.960910311569968,0.22004817026153614,0.19545064848066346,0.04692664935408982,0.43842557484163946,-1.267005704417282,0.0597294390146148,0.024989025990442414,0.060669472963763876
lfw_00767,data/raw/images/lfw_00767.jpg,v1,8.36106502264738,0.5172513993646438,0.0168420672416687,0.8651348498322624,0.29914231974026184,0.408261248850134,0.8107464785299244,114.2104024281076,0.408261248850134,0.34595675055070274,0.9858639256690681,0.8953786230554969,0.24405312245709493,0.21580912964286184,1.2241047498606048,-1.8689545213656793,0.10721050638775416,-1.8181135777418307,0.2503418511347465,0.2236609600029457,0.058693060411789476,0.40239225111754173,-1.968759772090786,0.0023288424164906586,0.022979640444793666,0.07141218029903393
lfw_00770,data/raw/images/lfw_00770.jpg,v1,-2.7469473984092474,-9.385430814716003,0.008981078863143921,0.8725030072744727,0.2457655745274473,0.42233282410681017,0.7812697618058166,106.83629631681916,0.42233282410681017,0.30870824101668204,0.9810411094693896,0.8750103421367543,0.27807083886752654,0.1941312512659638,1.29994491848402,-1.0656032028264186,0.12420063460430306,-1.2249080626344906,0.22347742939648196,0.20550010381596945,0.0194157786523132,0.3416268730051344,-0.6256383823209598,0.0100882130214593,0.030130756246999287,0.0821384304605252
lfw_00790,data/raw/images/lfw_00790.jpg,v1,-2.4961779043078423,-13.409128081500564,0.008402968446413675,0.8262109191515745,0.23909739483510636,0.45292684883310586,0.8035940096759039,111.20041017078098,0.45292684883310586,0.3370449559815111,0.9889401549823834,0.8945583697149945,0.31076614987199974,0.20083212963319585,1.2686609094416066,-1.2123443287716944,0.1338067028547688,-1.7281229619395682,0.23879381917917078,0.1984662821901006,0.017404774540700586,0.3521404613800459,-1.2916756813562043,0.029094803505959103,0.03605984916882718,0.08475662909772741
lfw_00822,data/raw/images/lfw_00822.jpg,v1,6.278244964778423,-5.776523714057117,0.01641605297724406,0.8137583604448495,0.26305201327414507,0.41507791127085225,0.7831458845041309,112.82266007624636,0.41507791127085225,0.30082264394337704,0.9817332212455104,0.878555505142349,0.3351525162162367,0.20299554563100447,1.1561040735603842,0.8304040366124804,0.13141752687711183,0.8249646382539148,0.20397897176798496,0.20590162744366616,0.04399807427287479,0.33256126893753474,0.4542566803061928,0.017310056916083946,0.029040629551173848,0.09066259580628337
lfw_00830,data/raw/images/lfw_00830.jpg,v1,-8.004495911300182,-11.272093935967229,0.027949323256810505,0.8331949475556406,0.2448471422154546,0.44027599787168803,0.7889533383882633,111.65553164996192,0.44027599787168803,0.32246847309158716,0.9827940575127384,0.8813006623061944,0.2877138460192605,0.19580377479431008,1.2704088852154536,-1.641321947784778,0.12444574282951837,-2.5130784841602174,0.22465762887502916,0.19645140757935983,0.05760973732999736,0.35786897920467975,-0.8457697603524054,0.018431312834012545,0.033069040758741855,0.09209593842768955
lfw_00835,data/raw/images/lfw_00835.jpg,v1,-1.9093566974624991,3.907673232618389,0.0051266153653462725,0.889666849386706,0.3015968438891234,0.38119780389192376,0.7746022625089447,111.17916628557248,0.38119780389192376,0.3018668945018934,0.9758002229017897,0.8679721917535439,0.3507845316017351,0.20704950866344984,1.1605449168545425,0.4903630938291622,0.12372684677303855,0.09344561054825824,0.2219893723693427,0.21812376764249264,0.013121213555094135,0.3681737662170637,-0.40570796736798626,0.009490848270164073,0.022697546224988888,0.07812232991106687
lfw_00843,data/raw/images/lfw_00843.jpg,v1,-9.491746880114079,-13.076332811883606,0.02905026078224182,0.8296529892543498,0.23947660044725202,0.4499559317001307,0.8007887471551816,110.75204778337452,0.4499559317001307,0.3312649152349661,0.9865611597606111,0.8922484455574975,0.3523526027010283,0.198119221323394,1.2319661955007781,-1.7309046447832992,0.13912472297529835,-2.292747971933532,0.22396005554435575,0.1981115332115684,0.06706574790891465,0.3533066461618294,-2.8280464238020713,0.01366178564389732,0.03329513952674075,0.10085511748178491
lfw_00845,data/raw/images/lfw_00845.jpg,v1,6.096916604787111,0.7845944535226751,0.013175711035728455,0.8480589424103496,0.28925444896890035,0.3923724886958311,0.7895312387181385,113.79959650644257,0.3923724886958311,0.3117480160014377,0.9820971974797035,0.8818285198396313,0.24335891534155646,0.20111186309268503,1.2112680192129852,-1.1365667204321597,0.12083964870324425,-0.5527565853999409,0.22901029491364275,0.21870961538910152,0.04198254271717016,0.3579822654680457,-1.673880347651435,0.010171677899541045,0.021811000614584634,0.08230740549455728
lfw_00852,data/raw/images/lfw_00852.jpg,v1,-6.310694262385368,-13.168112187143663,0.025451948245366413,0.832258952627798,0.23854843799208816,0.4492214889994481,0.8074782228706286,110.96220055825309,0.4492214889994481,0.3284240794768933,0.9872079861184898,0.8982265808221261,0.2472366101254526,0.19303732625543868,1.26445459979934,-2.0809991077390806,0.14011808689579097,-1.98318099862448,0.234479825694386,0.2035423192300971,0.04618875703721087,0.4356159408770176,-2.8582985758270194,0.039914695668824975,0.02219496452614769,0.06663664189059341
lfw_00855,data/raw/images/lfw_00855.jpg,v1,7.497672367841005,-7.752240436920491,0.014993260304133097,0.8586063585389019,0.25753928924873704,0.42571258421084435,0.8010042467868863,109.5475637740541,0.42571258421084435,0.31709632658515674,0.9847848303272776,0.8926007734290103,0.3351361045413408,0.20406361674681509,1.1564885981135005,-1.6744361512609116,0.14451199502510312,-1.7155015045432132,0.21999534601834156,0.20957592316164927,0.05279302585008604,0.3649104903360773,-1.9621635352736055,0.008462700631582963,0.025763951552979822,0.08826168097151658
lfw_00857,data/raw/images/lfw_00857.jpg,v1,-3.803846413269639,-14.580480464597258,0.018663351734479267,0.8597562986789232,0.2305940797946606,0.4496308756870764,0.7877067418833075,107.5851965746153,0.4496308756870764,0.30845441648325106,0.9819562479573218,0.8834847178904974,0.30564740047958566,0.196623079539431,1.2037255756335576,-2.8140198807892176,0.15229065900810226,-2.85563004567656,0.21971327638100044,0.19658692140964332,0.027683160916046223,0.44006341018389944,-1.9785505977756221,0.06401288308504657,0.022137717085470934,0.06261541397953085
lfw_00865,data/raw/images/lfw_00865.jpg,v1,2.797695329412818,-9.560487909083943,0.00500275194644928,0.8392321929572119,0.2532244422684952,0.4369751192782834,0.7873697081394864,111.18334339805301,0.4369751192782834,0.3084695815894035,0.9829390107524886,0.8836905556892818,0.37112251191420387,0.20470769148818027,1.1654059050324657,-0.6052641031784022,0.13273229429019348,0.34647981236016057,0.20869980026746257,0.19847339534865766,0.02005648554547075,0.3710370161504893,-2.661432814215621,0.04939991200233607,0.02765194665325509,0.07962475618684635
lfw_00866,data/raw/images/lfw_00866.jpg,v1,13.549015559256077,-11.85522200074403,0.028145785133043926,0.8323274488254613,0.2425663618223325,0.44238388879661517,0.7811098244508883,110.85764661124708,0.44238388879661517,0.31413461942106075,0.9785649500556534,0.8748685047993519,0.35077830325962744,0.2129534501374543,1.1236249034371513,-2.145999452954193,0.16875169179212832,-1.9929148621304502,0.2181338287325362,0.20229652234894924,0.09441175493804772,0.37960210257211396,-2.4531730832543963,0.036679075921873035,0.0312768167249347,0.08341628894129706
lfw_00871,data/raw/images/lfw_00871.jpg,v1,-2.7056001741439104,-14.251757360938038,0.011978665987650553,0.8470492462223476,0.23175658255192935,0.44823434410350405,0.814658264255782,108.15101359723805,0.44823434410350405,0.3123688502226034,0.9908957496676281,0.9060244502525099,0.3034947986751396,0.19576098973991776,1.2061103906010069,-1.2052649208086932,0.12650494632006673,-1.7487830925381798,0.21793470037690318,0.19342811771632623,0.01935156395173762,0.4155697448319039,-0.9747523762426615,0.006196248440105591,0.02607726484806263,0.08569180571209094
lfw_00876,data/raw/images/lfw_00876.jpg,v1,5.786159053444862,-9.01532020186654,0.010862703124682108,0.7910217494091671,0.25733552644716506,0.43832650987291644,0.7866643454629506,115.6087008133001,0.43832650987291644,0.31778818890581395,0.9832764254145467,0.8829699583897404,0.3004357842827673,0.20482315234934073,1.1790733878286472,-0.7707498916252649,0.11799090027932611,-0.3872212525300017,0.22315994685007193,0.20113387530192783,0.03940630499859846,0.41281074531838763,-1.8266330959213715,0.05802458782976356,0.025965133674415566,0.0749566117057408
lfw_00885,data/raw/images/lfw_00885.jpg,v1,-14.518281407654285,-3.853080205534201,0.05269552767276764,0.8487932240942471,0.27222309137256107,0.410735461204706,0.7987743282665554,112.27144830482389,0.410735461204706,0.3046157599581297,0.9868564318833536,0.8932882674664648,0.27851566333546196,0.18844886632509988,1.2319733732893072,-1.3719943551705147,0.11335418794261201,-2.0209678265184015,0.21609900900111442,0.2063068941327936,0.1041014705817099,0.40035235161091703,-1.731840673415893,0.03605918770769756,0.018805606986825162,0.06551537978980566
lfw_00888,data/raw/images/lfw_00888.jpg,v1,-3.1273305024951696,-2.503198365176483,0.008577773968378702,0.8889722940670823,0.274909245202069,0.4020516589666788,0.8027351739493,108.83947791821932,0.4020516589666788,0.32670673632953506,0.9858114656116682,0.8915676818218555,0.3765984817106653,0.2105774428087019,1.186087997741854,0.5350259070312164,0.16014093384746356,0.964815487324543,0.23691335248927237,0.22018091671579376,0.022420296501163447,0.3581805631041112,2.882495766916411,0.001019488015591484,0.025474416341271948,0.08218698000554044
lfw_00895,data/raw/images/lfw_00895.jpg,v1,-3.9436276238411665,-12.337620779597112,0.01176688571770986,0.8451262549396831,0.244106271259315,0.4504484887437879,0.805068533456157,110.24968830772335,0.4504484887437879,0.32715944445147377,0.9884067627734153,0.8963824763953361,0.2973680693260669,0.18901929139886592,1.234178532209965,-0.9705611651554031,0.10687872847145322,-1.5487255818943344,0.209342489526652,0.19715462209499587,0.027257829316165546,0.3223761679777177,-0.48339527076571687,0.013051474753456645,0.03222131906278065,0.09016469713861511
lfw_00898,data/raw/images/lfw_00898.jpg,v1,6.954996306449175,-10.673382756501379,0.01925129195054372,0.8249798945073893,0.24493673559335555,0.43411686923125103,0.7876451014039596,111.33870758832512,0.43411686923125103,0.31387840334625805,0.9822007383090905,0.8795215705928976,0.31809846809024916,0.2023179630929302,1.234537785109245,-1.111146218120807,0.120226026107602,-0.11778996053754166,0.21393573131664678,0.19844571960151008,0.050093025056512384,0.3344333275477,-2.828008707945216,0.014750308482767262,0.027212546194367727,0.07917650920684194
lfw_00908,data/raw/images/lfw_00908.jpg,v1,0.9675250654108822,-12.584190047853603,0.00865002969900767,0.9280108683604763,0.2533990531766826,0.47041755412751923,0.8354567750357346,108.34885339199542,0.47041755412751923,0.36294243794283926,0.9958248425514755,0.9198567846216197,0.2648498072791018,0.20140987200347044,1.209898803598785,-1.0633559748373602,0.11623921794983474,-1.6016333109679537,0.22617612754955466,0.20178141390179832,0.0066482784372141465,0.33763901755202147,2.352014220759534,0.015682390824495258,0.029794925466996264,0.0946793964158667
lfw_00943,data/raw/images/lfw_00943.jpg,v1,3.0806892681866884,5.224031777647266,0.0243955800930659,0.8614346409653285,0.2989135288607191,0.36678458317558155,0.7626831119752527,113.01000800872052,0.36678458317558155,0.3094132736507327,0.9725067817228871,0.8568179885077274,0.3003378480492858,0.22423192088656957,1.1969859774123977,8.66417736162013,0.12499659020182839,8.621939050572152,0.25957845111837347,0.22601446663686672,0.024242914448658122,0.42453822244721034,7.830110686980695,0.01455218553674091,0.02637916306629402,0.0865661910627296
lfw_00948,data/raw/images/lfw_00948.jpg,v1,13.20322859287262,13.699151915905476,0.0462698166569074,0.8587538917843862,0.34222916089075545,0.34760045222484787,0.7718795455081601,117.0106283212173,0.34760045222484787,0.31920259250428346,0.9755919996985692,0.8630159999324971,0.20746125219401898,0.2196160976152497,1.2003296314798064,-2.1650052896032146,0.09726024072602162,-1.5002563612409798,0.2410789326525179,0.24299542650607542,0.09554939320203074,0.35977760101387934,-2.5791189887009263,0.004569951919432805,0.02006971269813193,0.0719707070878628
lfw_00965,data/raw/images/lfw_00965.jpg,v1,1.735160700045526,-6.548824880533422,0.004912083347638448,0.8180483214453103,0.2689570425577108,0.4321503133554978,0.8010977977705194,115.48952094186811,0.4321503133554978,0.33971198895322124,0.9863993962306324,0.8906020949278199,0.24044535606184203,0.21632988808913325,1.3086132441149745,1.7524734052853888,0.11941868138085021,0.9968775649335834,0.2597166308230432,0.20885858123660792,0.009332866798761767,0.4762616083401043,2.7812557539347385,0.053125031805962154,0.02832191415882878,0.06404675572040802
lfw_00966,data/raw/images/lfw_00966.jpg,v1,2.397586061619222,-14.336130585610839,0.009345119198163351,0.7913057538688879,0.23581646142239093,0.45703932795052277,0.8200484207305159,113.91351754224617,0.45703932795052277,0.33820415087322675,0.9919724771997968,0.907084646691539,0.2632766922525538,0.20903197977975088,1.343511661475924,-1.8214327106976136,0.12431233942102783,-1.5828497812974542,0.2432050763803386,0.19424315760863625,0.015188683401044874,0.4192032629085323,-2.4373209959860214,0.018989467690751966,0.03469241741409653,0.07842545497360529
lfw_00971,data/raw/images/lfw_00971.jpg,v1,0.5101117766462266,5.2889147803426395,0.002956405282020569,0.8689158037316966,0.3093062150531612,0.37898459891339614,0.8060175459246379,114.0565820078031,0.37898459891339614,0.3165801713126421,0.9863189894742661,0.8955024831388623,0.1792758676072776,0.20132769625957886,1.2678487292171852,-0.6434455477783573,0.08927501253734466,-1.450004358053957,0.24239403883468746,0.22648920675342596,0.0018499178875777613,0.43082559127363873,0.7681083796449966,0.019512017786391386,0.010841224437967903,0.051298709708855555
lfw_00984,data/raw/images/lfw_00984.jpg,v1,-7.26891353353858,-12.704141965121892,0.027907609939575195,0.8111331222222676,0.23699024973453345,0.4412468138049429,0.7824880656796597,112.1077047532512,0.4412468138049429,0.3148046616887433,0.9828705524351755,0.8778640442580795,0.29849577825098794,0.19927862289858314,1.2728225224180785,-1.0968861475621596,0.12408462308522163,-1.6500005952447558,0.2310115390390389,0.19257086403325369,0.053016596042716614,0.3622535497403717,-1.602823609353851,0.04099755802044606,0.03337562061408305,0.07944013719370001
lfw_00998,data/raw/images/lfw_00998.jpg,v1,7.586616430431604,-12.240192228007542,0.02532512942949931,0.8543323640566953,0.25029375104055307,0.460771022921995,0.8033861946492916,112.57682811111273,0.460771022921995,0.34112132378841514,0.9856726039093179,0.8912381075911926,0.2550333029503711,0.21135259303683712,1.2357667562517989,1.5690994813400547,0.1150223689801738,2.4526417842341393,0.22180530503395968,0.19481778575811942,0.055844093836054584,0.35601139846099067,0.014605974563300688,0.03014339264420726,0.034188552682064374,0.07934564914197037
lfw_00999,data/raw/images/lfw_00999.jpg,v1,-6.903295621275902,-11.687520203330545,0.021479308605194092,0.8885092452407609,0.25418796160923013,0.4616954648587158,0.8338372903366401,109.37860668397387,0.4616954648587158,0.3485480549189555,0.994157101398244,0.9189437950771732,0.3262267168288031,0.19935236714459514,1.2298508832635493,-0.7193188194360685,0.1243691947376763,-0.8627399129062607,0.2211683737962882,0.20013244233832286,0.048386979368899415,0.3713504626414594,-0.49122735667325185,0.006157166867815382,0.027874481003613453,0.08268858686106802
lfw_01003,data/raw/images/lfw_01003.jpg,v1,-10.462420485913754,-9.413653947950985,0.027712762355804443,0.8203786596981473,0.25229638526118237,0.4338480352849313,0.7893359455373788,111.33716952249631,0.4338480352849313,0.3106627885771536,0.9829109385465871,0.8825086750709966,0.3783627076170534,0.20244174741238571,1.2383156667846935,-0.22068492228940906,0.11308400630347205,-1.4231826326509633,0.21202647440152123,0.19740807765103757,0.07347148514179991,0.37514305545783116,2.304499338992965,0.010904941851573254,0.032112845557599815,0.08015997351495789
lfw_01014,data/raw/images/lfw_01014.jpg,v1,-14.182581558823586,-6.735622693769578,0.03288242220878601,0.9304744541190231,0.26233623061642586,0.42336733971236284,0.8165705512191521,107.31166648240333,0.42336733971236284,0.3283626232226936,0.9895407756861182,0.9055234208932589,0.1681588720373621,0.19310105732105654,1.3584296856531042,4.3599122621744355,0.10606585378870927,4.188093109558978,0.24392471306496663,0.21083669971797903,0.10124459895057868,0.4497098050672702,3.1238349094647964,0.03172612766195591,0.018005095790492667,0.05733731131292262
lfw_01024,data/raw/images/lfw_01024.jpg,v1,8.653118524700403,-11.850494303966068,0.022579545776049297,0.9235244948158624,0.24092936211276167,0.4393478844329784,0.8014060629645524,105.40910618211664,0.4393478844329784,0.3140534729844881,0.9863575191266878,0.8929845992648452,0.20242142448591183,0.19343555797486486,1.2494444136536988,-0.4401008775190272,0.11353358906342331,-0.6953501154669156,0.21867803406288813,0.19843524057561424,0.060966879756949345,0.3713034411475371,-1.9892249964362625,0.017158830598601925,0.027063563509110558,0.07049071537852143
lfw_01064,data/raw/images/lfw_01064.jpg,v1,-13.386293917894363,-12.795109702444728,0.04022173583507538,0.8278686912402099,0.2284117373436915,0.42622155959803176,0.7700339517649283,108.05150430172282,0.42622155959803176,0.2947422332913556,0.9785592610837863,0.8657704482854169,0.22084231577093943,0.1904492420956874,1.3451219426184018,0.16615511736792013,0.15368317453341726,-0.43171578342206496,0.21724659081277167,0.19956752527757662,0.09650557259014964,0.36353825366102466,0.3753186492246507,0.004907988062509773,0.03167734014788802,0.07567045998547964
lfw_01072,data/raw/images/lfw_01072.jpg,v1,-7.566559676080942,-14.108727076261898,0.02455321451028188,0.8663261276974253,0.22709227810575486,0.4376634566026446,0.7844574503380793,105.1467994375107,0.4376634566026446,0.2999631718883514,0.9803350375243094,0.8776688532867442,0.3618495415492291,0.19786371715524997,1.2535635042303632,-0.9700171281688663,0.1475496223712166,-1.314898408608786,0.20898340634746387,0.19409344443041457,0.053898529126519705,0.381373241523959,-0.12879486466005793,0.002976775965068269,0.028283349175288894,0.08159856554401239
lfw_01088,data/raw/images/lfw_01088.jpg,v1,-10.852307327091694,-5.092718136777663,0.034445290764172874,0.9002897993464387,0.26709618848430616,0.41478145993843707,0.8174041325861678,107.25889158905815,0.41478145993843707,0.32773757681463384,0.9893476695945266,0.9052200349568447,0.24389391034208913,0.1911497318119478,1.2830197270241712,-1.7846574627964182,0.1405279226956831,-2.6757297388495647,0.23873461008817504,0.2178765188354702,0.0776839100878137,0.39254827982651985,-1.5947371795346759,0.0016388104685464775,0.025749587352336078,0.07799372404831369
lfw_01095,data/raw/images/lfw_01095.jpg,v1,3.489421896636486,-5.3139035291185195,0.00595991313457489,0.7765472606711087,0.27438709513013726,0.4283080711493672,0.8059443215404918,117.27356552387823,0.4283080711493672,0.3379102520059709,0.9879107688415196,0.8957827132455237,0.31596136107063216,0.209414067849258,1.2368955409321893,-1.2813665654509294,0.08982663835213292,-1.23415222433635,0.24238709187729485,0.20897920380695634,0.02385205024549197,0.383988474868389,-1.6083053043617026,0.016848423684246192,0.03197388112786604,0.09139789045042744
lfw_01101,data/raw/images/lfw_01101.jpg,v1,14.978047035634518,-0.37549483726229593,0.03525120516618093,0.8802461381112803,0.28242701117605923,0.39337489150387883,0.7524817066378524,111.85925635410511,0.39337489150387883,0.30661619870041773,0.9683724369618787,0.8458818984398528,0.23901777563180004,0.21620859821080315,1.173898204367923,-4.3015228783283,0.1455136237295028,-4.173937864574148,0.23072951355185375,0.21427187798300543,0.10462529589666501,0.35237808853607955,-4.782962508919358,0.025156405140656108,0.03131223386191702,0.07368023206773593
lfw_01139,data/raw/images/lfw_01139.jpg,v1,-4.685128848999739,-12.161858557827594,0.014421155055363974,0.7717012145979181,0.23923561080016081,0.4395747212048848,0.76577171958169,114.77568385071108,0.4395747212048848,0.3136485216510336,0.9780094856514084,0.8610740619423523,0.33750091703539864,0.2072466613233519,1.2698004309605873,-0.4431170218176181,0.12956117483506077,-1.1051691516969355,0.22766503246948308,0.19156111658170819,0.03358147049154549,0.3418250284487862,-1.2629602733859622,0.01860860707075806,0.04093987661771036,0.09197038732016719
lfw_01149,data/raw/images/lfw_01149.jpg,v1,-9.953177690505981,-12.155795416197648,0.02523598571618398,0.7948480018563521,0.24828315810157534,0.4561313651561027,0.785300635277856,115.15212990060641,0.4561313651561027,0.3177371686103048,0.9865796520846675,0.8849446289326746,0.3409307224824516,0.1907698037236725,1.2160856837054566,1.7105407260290857,0.09412725189293672,0.5335681321238415,0.2055537524487923,0.18942226780558263,0.07071335048584917,0.37105839196491053,3.2163990127996187,0.09256511946415681,0.028555899273211553,0.07740103458662244
lfw_01150,data/raw/images/lfw_01150.jpg,v1,9.65596653521061,-2.369454962090315,0.023343438903490703,0.8336825021721137,0.2813526491174677,0.4102096979046139,0.800815881317029,112.88688403747419,0.4102096979046139,0.3151299237341348,0.9872661195155198,0.893045735820329,0.3216347476380249,0.2036699132633024,1.185064081483789,-2.9374837448296693,0.1008690697978161,-2.9276182304410456,0.21904200876723218,0.21223845261059102,0.0675961832840757,0.3488082638544147,-1.1188205454994438,0.007727909933342389,0.025936250922912824,0.08638264712940594
lfw_01171,data/raw/images/lfw_01171.jpg,v1,-12.304331101477146,-13.469236941829593,0.0365517387787501,0.8598107331164776,0.2318177824397323,0.4397861454709459,0.793423969511997,106.89535471765069,0.4397861454709459,0.3029740736546541,0.9874356976298416,0.8880231058043941,0.3415123469441624,0.19529376939641277,1.2792035924488598,-0.5201484614087336,0.138570481925278,-1.4619368781219544,0.20905870268565493,0.18680341042739304,0.08777455085568926,0.3423602917375222,-0.16703218228981592,0.01249960414418668,0.035920417328899244,0.08291011062840323
lfw_01178,data/raw/images/lfw_01178.jpg,v1,-1.1399820735678077,-0.7726852924472719,0.008723715941111246,0.8083072108607151,0.2871416192309041,0.40358869945956627,0.7937319107065339,114.77262218856366,0.40358869945956627,0.30842835796040097,0.9837482873857268,0.8891151387826169,0.3219264479093326,0.20544532529401466,1.1696712221523777,-0.7024992647184016,0.11848974236920252,-0.9839522188035602,0.2300127777414284,0.2192874532448918,0.009400355250990942,0.4678479844894717,-0.501094507310047,0.04670788745469382,0.01682956233091303,0.06339346561436893
lfw_01196,data/raw/images/lfw_01196.jpg,v1,-14.924026943743229,-10.664742158209718,0.04157815873622894,0.8411517595673773,0.2520472454055956,0.44662635113240495,0.8013805216603038,112.41508627022263,0.44662635113240495,0.326534458148719,0.986186843447481,0.8932848296275593,0.24634501844929285,0.19057116305832483,1.2550139968821028,1.6072486332483955,0.0930627416467306,0.6454778551073898,0.2218399383345557,0.19909707900342283,0.10647354685687586,0.4102621516743192,1.9383647682218283,0.045649407001126886,0.022625428728248156,0.06467456122369594
lfw_01199,data/raw/images/lfw_01199.jpg,v1,-8.976006768643856,-7.861106235699229,0.02142573893070221,0.8546344895907074,0.2585305155243468,0.4284533611695831,0.7806276162172461,110.34202448234662,0.4284533611695831,0.31893079113925826,0.9786092305778914,0.8723410461835994,0.3532709368887114,0.20090724051191802,1.2428091646883497,-0.02566567191658788,0.13606966789884273,-1.2996969892400407,0.2107421807404083,0.20552613694437982,0.06211941299340054,0.34115166417271037,-0.02308135790434903,0.006409332498565607,0.03240157094258222,0.08648913496911931
lfw_01232,data/raw/images/lfw_01232.jpg,v1,-1.7979254638776183,-12.534752961231186,0.009198208649953207,0.8613859047542565,0.2403085704177641,0.4455778709637174,0.796896283997431,109.98110904307134,0.4455778709637174,0.3313101705252882,0.9831654317397689,0.8853664152135649,0.2107595461522,0.1914046864597027,1.2519733129691282,-2.612222585472879,0.12017160637215545,-3.4790219025949107,0.22293173480084935,0.20090274354200024,0.013512362181403592,0.3449639775495668,-2.2096614298951835,0.02075560877608435,0.026640738490416087,0.08021725959011725
lfw_01290,data/raw/images/lfw_01290.jpg,v1,-13.161520175635815,3.4830191314763175,0.03372598687807719,0.813494988616534,0.30626115947336086,0.39081634500919527,0.8109479627923754,117.09270248145435,0.39081634500919527,0.32835804357464665,0.9885975463743345,0.9000361293380826,0.24940289885858424,0.19823567792350524,1.3190624954048746,0.8853662769843889,0.0958900398262695,-0.023235370375331205,0.24874155262139183,0.22734905915295028,0.0945911561883065,0.4415739313454665,0.9869879222843474,0.04390103333414391,0.01569913727267369,0.04364000686830133
lfw_01302,data/raw/images/lfw_01302.jpg,v1,0.7767555643804371,2.6538062932251956,0.00327606995900472,0.859340781424582,0.30471483256989257,0.3961923920228428,0.7801100783446535,113.96113510369392,0.3961923920228428,0.3204513680452634,0.9771919306480205,0.8713812606841252,0.39413758850198694,0.20543370239195655,1.141808766187179,-1.0024191323817393,0.12242471644410408,-1.114444055207735,0.20733485644144556,0.22130395686519022,0.00624309259174322,0.3114529351328516,-0.5724260025816506,0.010902504158910671,0.024399591018165592,0.08927266370902485
lfw_01337,data/raw/images/lfw_01337.jpg,v1,10.925918877124786,-9.966057068401975,0.02530712882677714,0.8345216335663553,0.24939935652676917,0.43457492103994527,0.8128090841113412,110.58426598691516,0.43457492103994527,0.3176049294162128,0.9900143780251345,0.9047101284401191,0.25981741863937174,0.20377127667849076,1.1757412248549262,-1.556134198749148,0.11371034175805876,-1.7241305336346149,0.22148077013377662,0.20657124549459666,0.07729303541970188,0.4120107246636681,-0.2252285998572366,0.009276610178956687,0.02062571474708542,0.07451054390015825
lfw_01347,data/raw/images/lfw_01347.jpg,v1,-6.641227338463068,-4.926772128937194,0.020503754417101543,0.8862913685458068,0.2630383869155459,0.4069031638662661,0.7674371539506432,108.16718345104115,0.4069031638662661,0.29900762306547984,0.9755923027534836,0.8625218013845083,0.3049188270441802,0.2017640024334574,1.2799033946410143,0.32572152294045026,0.11776195986890867,-0.17739553814163916,0.22286390149932997,0.20582247758893976,0.04808213378759931,0.3945094671644038,-0.10724181275422764,0.04320111953217011,0.02441706800576147,0.06891274790912552
lfw_01355,data/raw/images/lfw_01355.jpg,v1,3.1689919643104076,-13.462625451783993,0.005866159995396932,0.8491908715296649,0.2453806674371024,0.46544080938422244,0.8180392373335146,111.48700612273048,0.46544080938422244,0.35590881433191496,0.9876143278086178,0.9033399012495216,0.3005254400455488,0.209003993139462,1.225681135821302,-1.4541409816784578,0.1303537941992342,-1.5714087710311158,0.23509677138202484,0.20710444641682485,0.021424882382220435,0.414750202457792,-2.840831733267887,0.03168004354530618,0.02612109811091783,0.0779670010044515
lfw_01365,data/raw/images/lfw_01365.jpg,v1,10.78053630888462,-10.934257822402136,0.025213733315467834,0.8469393583268499,0.24518548141729485,0.43730010776647765,0.817053159164564,110.29801602090328,0.43730010776647765,0.3255816886784304,0.9918233035673003,0.9059706171672636,0.24149981401920984,0.20899735544914952,1.2852075031587131,-2.407369954975972,0.13094294757283498,-1.97247749844225,0.24163867511410922,0.20046486762053864,0.07611927404210964,0.3971914746845009,-3.552979804238015,0.011708208863121353,0.029440108639087144,0.07996209573151228
lfw_01374,data/raw/images/lfw_01374.jpg,v1,-9.645000323653221,-10.486923325545508,0.031156226992607117,0.809565131272691,0.24891610034980258,0.4391936550359285,0.7968486410460379,114.41366492631687,0.4391936550359285,0.3274011501223425,0.9838037493211196,0.8879096519341769,0.27208201938459275,0.2013157722498811,1.293328722634443,-1.0418248155940852,0.11567318028968328,-0.9538690467841231,0.24035577159923271,0.19920971039952384,0.06845702368342084,0.442774459960745,-1.7904409687845828,0.03583311823893944,0.025091029153618213,0.07653240096094575
lfw_01382,data/raw/images/lfw_01382.jpg,v1,-9.609266124665737,-9.557720910643974,0.02461986243724823,0.8613677839619822,0.2546379293972744,0.4393852427541264,0.802860079088183,111.36222605619297,0.4393852427541264,0.33922074052930234,0.9865534321910537,0.8926396045765308,0.21573489951335267,0.19422391741090408,1.3215713631892632,0.491837075655205,0.1283053343242077,0.4961425649410879,0.24500760599230448,0.21125517312218325,0.06613288177971724,0.3775760572152387,0.38603599271752215,0.010988415006355348,0.028495534235230907,0.09342374292903331
lfw_01384,data/raw/images/lfw_01384.jpg,v1,-12.357664212584496,-11.656135486576142,0.034678066770235695,0.7975509980273677,0.24284564399283734,0.440758157627153,0.7753403087030964,113.82818124625263,0.440758157627153,0.30937866916106294,0.9789549622967031,0.8712616620253479,0.29527643473878906,0.19135571044010818,1.252738123119287,0.4152490377036595,0.11647723970070559,-0.4430990607618414,0.2221633934316303,0.19648614940143141,0.0891197122988366,0.42163944274901277,0.7439610976358431,0.050263964017484085,0.025328582647050187,0.0809831739108618
lfw_01388,data/raw/images/lfw_01388.jpg,v1,7.965707212686539,-4.325591410414432,0.012830595175425211,0.8212139251562806,0.266213201728938,0.406095379514512,0.7770421397963826,112.47015936684456,0.406095379514512,0.3096230345296693,0.9773383638662569,0.86957788745028,0.28445653458365244,0.2076954889620763,1.1736566432155144,-2.6449947811864556,0.13523219562147673,-2.089214337225053,0.2275927125118229,0.2157476764102468,0.05557674867108769,0.3830880321184412,-3.4499510141828384,0.00047334439178847146,0.02289387796226773,0.08730467506232271
lfw_01397,data/raw/images/lfw_01397.jpg,v1,7.259398598223925,-12.332311472930622,0.018893415729204815,0.8341428087820656,0.24210056613575912,0.44668955015285416,0.8075298289199081,111.78559938844772,0.44668955015285416,0.3361451995989019,0.9864895845080182,0.894053310889327,0.21886226756506907,0.20262241132633943,1.2741474660301753,-1.2265127225539891,0.11782283573557387,-1.4408321430221929,0.2460613269589534,0.20221578651035202,0.051153461757250086,0.40693144716713764,-0.4027540477125658,0.0010328871604151904,0.029977665431277487,0.10353089092297588
lfw_01444,data/raw/images/lfw_01444.jpg,v1,-11.216078102588654,-6.825654761004301,0.031119743982950848,0.9153670212158256,0.2530369370524285,0.40922576278810224,0.7993057996787114,105.55325720629898,0.40922576278810224,0.3037957809817969,0.9861275856922178,0.8907276689569482,0.2384655697993936,0.19180153740493355,1.3212296146692715,-1.4704039333952432,0.11862270559338364,-2.8390470174264193,0.22430449697183694,0.20062687932601542,0.07946833965667338,0.3745804421841475,0.8051329264520685,0.003226198688186049,0.025240165398941035,0.07358970784838184
lfw_01458,data/raw/images/lfw_01458.jpg,v1,8.641542915254831,-4.652068657591537,0.014805669585863749,0.8479437924455433,0.2658776785290027,0.40867337674179427,0.8195582571492958,110.09417638703395,0.40867337674179427,0.3057314044225636,0.9911991313990759,0.9099998753688656,0.29203041899531273,0.2078324121122435,1.1914687116261617,-2.9746951845076506,0.12975903530985874,-2.567818229617261,0.2292515648699172,0.208423041836708,0.0601892383904162,0.4369884203330207,-3.6193705356415107,0.00287111840980846,0.01795670780596228,0.06753071666086859
lfw_01465,data/raw/images/lfw_01465.jpg,v1,4.143415566533804,8.0120414125667,0.010224789381027222,0.8400501720907655,0.3230367952929702,0.37239636558823536,0.7730392677011682,116.35042458189632,0.37239636558823536,0.31134730173308195,0.977240644357715,0.867376104929076,0.28582936631454886,0.2045690086673969,1.1741000648448985,-0.8594653799292038,0.09148924474793414,-1.0755642752549968,0.22096398629327205,0.22869370028592004,0.02927810184268367,0.34632213544872487,-0.6673325556975498,0.01079861575510328,0.023081390398050187,0.0820324681604028
lfw_01469,data/raw/images/lfw_01469.jpg,v1,-8.815229393541813,-9.579779227788542,0.031194746494293213,0.8457469446310708,0.25186101658676086,0.4348229011986101,0.8063599734472865,110.50851405293643,0.4348229011986101,0.32314177755344947,0.9880927496708652,0.8972209498747981,0.18847456300612886,0.19065875922393846,1.2947529524258001,-0.04511829629801319,0.1076520172454609,-0.9710300062781985,0.23195867437741677,0.2058320089438145,0.06483167699874319,0.39587432569205533,1.6433866307553002,0.007450077011049118,0.02506653605303365,0.07501005545011853
lfw_01484,data/raw/images/lfw_01484.jpg,v1,3.5141048077493906,-14.258716697627726,0.00699584682782491,0.8752732690816567,0.2399583308535268,0.4641769333633958,0.8188981797352968,109.22694044255367,0.4641769333633958,0.3381532675523384,0.9930973751374781,0.9116064604704167,0.16583120408729965,0.1931431570159745,1.2403219344275995,-1.338760201575728,0.11240202785452677,-1.4498293200974992,0.241001329900348,0.2035523219340694,0.02537406578660527,0.46595826134783613,-1.5301263650454864,0.08022255887947695,0.020848173894252576,0.05974772686976794
lfw_01495,data/raw/images/lfw_01495.jpg,v1,-0.9414622290059924,-3.8245888283209015,0.007037053505579631,0.8605224662499141,0.2737428649787786,0.41275592482423057,0.8001759967986153,110.41782548799101,0.41275592482423057,0.31652688896756037,0.9848646883691112,0.8912524726104158,0.3013026709752353,0.20163478937391194,1.2212536673055567,-1.386761330919411,0.11312389783975059,-1.6823761562995305,0.2292666078768588,0.2128667989261309,0.00709486649718451,0.40013202572084033,-0.9757402154156738,0.011057631481916281,0.022732209625785548,0.07008481473915075
lfw_01511,data/raw/images/lfw_01511.jpg,v1,-7.103842243552208,-11.974249590552603,0.021678348382314045,0.8442750121525961,0.2509472213854345,0.45899421664639956,0.8220868627796531,111.62095747937322,0.45899421664639956,0.3505632018905883,0.991381199473154,0.9089984257515077,0.2941024876242108,0.20296883658275114,1.2559112008114344,-0.8579746112287587,0.13923995956843982,-1.678959356593962,0.2320573045694354,0.20778704076772053,0.050100957491251055,0.39965428868704717,0.5960876669157742,0.009621378286359807,0.02993011952532021,0.08727363685838765
lfw_01524,data/raw/images/lfw_01524.jpg,v1,-3.082598330453038,-12.71739306165716,0.01101633906364441,0.7941841336144887,0.23822893489712182,0.4436966931655791,0.8043783003284951,111.08206743208451,0.4436966931655791,0.3144171133745975,0.9876712079699032,0.8991283265545993,0.2761949008860809,0.19583295575453524,1.2535223515832394,-0.6965761068674878,0.11821654316553937,-1.2118867779353635,0.23957729880022272,0.2054723338171253,0.021427644783830947,0.5189065491213468,-0.7899473020549842,0.06157317393642451,0.018859756298114073,0.05626634014128305
lfw_01528,data/raw/images/lfw_01528.jpg,v1,10.84989669173956,-9.685517327322625,0.027240822712580364,0.8688993387980587,0.24832211801931098,0.42979940627994945,0.7818400454529307,108.88223036812933,0.42979940627994945,0.31116937080761536,0.9814012872921869,0.8758271054814156,0.3150273866452068,0.20634255281981453,1.2048236491880968,-2.712405387207806,0.12628200842409387,-2.3326811325349563,0.22273979707367628,0.19545625111893727,0.07674686948840112,0.3333706711296834,-3.0065326679357125,0.010682086296891649,0.03464299986459606,0.09268047070731167
lfw_01539,data/raw/images/lfw_01539.jpg,v1,-2.7506847213953733,-14.53903874192889,0.015806719660758972,0.8717061450886349,0.2342940813252514,0.4563762877881045,0.8006526474510105,108.82055108104844,0.4563762877881045,0.3205234636995272,0.9869300318322973,0.8951048579015485,0.21323417888057056,0.19268054185139485,1.2644595067213116,-1.5381499792446205,0.10842638842758842,-2.0963323143881976,0.226627961010274,0.19211964993090572,0.021215264783621332,0.4417900606904776,-0.4026485202724687,0.06133724337184516,0.020974327419325447,0.07142764166751121
lfw_01546,data/raw/images/lfw_01546.jpg,v1,-6.318926900625229,-12.300107590610223,0.02818569044272105,0.8628269944857496,0.23856661863300793,0.43982390020135587,0.8004040708711389,107.80863125562239,0.43982390020135587,0.3240480748446326,0.9864396939033493,0.8907061049756241,0.22925348991957697,0.1990392398951558,1.3468427959668345,-1.0704774053169723,0.13029033696625042,-1.4995200908543138,0.23430385009014393,0.19851463515360865,0.047480946945753076,0.3761285088894019,-1.5394672493474124,0.00898140429824705,0.033028689038184074,0.08063316584995317
lfw_01550,data/raw/images/lfw_01550.jpg,v1,1.6120874807238579,-7.609650729424892,0.0030588358640670776,0.838149596201744,0.2548531925275897,0.41985441842707477,0.7766069213276227,110.11064127184504,0.41985441842707477,0.29623285657960147,0.9798053277771166,0.8730821059035466,0.32234333894614065,0.21519495882901551,1.2674812513500795,-2.284199736455412,0.12675000588350746,-2.531091983788232,0.23201364988717998,0.1979787444950886,0.009488106504679216,0.4822592423292677,-1.8899533443084702,0.07479708348711492,0.021597746131936973,0.04731772060273649
lfw_01551,data/raw/images/lfw_01551.jpg,v1,3.1074987184256315,-8.788805469163613,0.008091126879056295,0.8342956364611714,0.25347113222857787,0.4294210043921774,0.796511754468816,111.43248128767335,0.4294210043921774,0.3095031988766322,0.9863818181456755,0.8906561765574214,0.2540847235051748,0.21199691290132752,1.2948287032907586,-1.636036753617692,0.12094480670416626,-1.8282131229480187,0.24528306838358593,0.1964490862712804,0.020191551861041088,0.5063446349471384,-1.2227851774896514,0.078091485803302,0.02271630262019429,0.050222019567774986
lfw_01553,data/raw/images/lfw_01553.jpg,v1,-7.5895341373980045,-11.036760557646085,0.02546297510464986,0.8406453482387231,0.2398918547605715,0.42891877103414117,0.7634297841776948,108.58903108687626,0.42891877103414117,0.293103017583255,0.9747518724748889,0.859931966906095,0.3581373115572555,0.20808706715885011,1.2969814563275184,-0.8546268580927575,0.12936469463520206,-1.288387669740493,0.22114881267212586,0.191713117787617,0.0553711737476537,0.43795614097672175,-1.4869384962973082,0.05710614513250301,0.027171629715505536,0.05545076879764421
lfw_01558,data/raw/images/lfw_01558.jpg,v1,14.839682534337044,-11.543955758426636,0.03758033116658529,0.8685044465086281,0.23796024910210906,0.4307181695300323,0.7877756423512281,107.06409057570285,0.4307181695300323,0.29116920245310063,0.9848934810499905,0.8842284323248628,0.3151718159649498,0.22022632683681126,1.1755874695447752,-2.2976127640221398,0.13847527026821496,-1.6111131633387146,0.2112828488110301,0.19048772817402143,0.10477601657378528,0.4166063916343785,-2.8836187104487094,0.03518430379549614,0.027193985785087613,0.06897440752822229
lfw_01595,data/raw/images/lfw_01595.jpg,v1,-12.124094434082508,-10.878592013542082,0.030525768796602886,0.8048987399912909,0.24696627890033218,0.4398849333939859,0.7908242418034332,113.67208224421063,0.4398849333939859,0.32959954919268136,0.9810399736943068,0.8787127827927679,0.32151950345433256,0.19888385362728944,1.3167263800753823,-0.04907213304692208,0.11837923737689086,-1.002670633286679,0.22832970935142738,0.20100801314565245,0.08518047852211999,0.3634635006026003,0.37960842023946223,0.0006258144618924844,0.030607243512855476,0.0891046457257547
lfw_01601,data/raw/images/lfw_01601.jpg,v1,10.68074794113636,-14.58147247519931,0.02973124384880066,0.8346986587839431,0.23630029534301175,0.4607686038065458,0.8279912709599805,110.3565194806854,0.4607686038065458,0.3330551254334129,0.9942483243902481,0.9191523662384858,0.22662215864647892,0.2064679335924552,1.19688828831419,-0.30398530975321114,0.11229559473182238,-0.48320066550873,0.24363533351422229,0.19998570610639482,0.0759177555099934,0.5139444933403169,0.6322274128265652,0.05536344001439804,0.02032004770451448,0.06406253946027347
lfw_01606,data/raw/images/lfw_01606.jpg,v1,-2.089750936254859,-13.696164896578615,0.010911663373311361,0.870799234588458,0.23576194960069133,0.44977252073316376,0.8232670209184118,107.01925390482481,0.44977252073316376,0.32816936448463385,0.9939053287157281,0.912695829558236,0.24512892310743928,0.18706250966917562,1.2718927816806267,-1.9261505110038848,0.11235745852164636,-2.033776974242747,0.21805769684144047,0.201598279014634,0.015030875694470335,0.3619256688123641,-1.7164580586387677,0.014255629846716907,0.025408872542208392,0.0734259748200232
lfw_01609,data/raw/images/lfw_01609.jpg,v1,-13.029199697077274,-13.35236980477788,0.042526811361312866,0.8594067179793856,0.23777741403742592,0.44979890445456966,0.8105540062365237,108.9959863525079,0.44979890445456966,0.325825189727599,0.9904300181124857,0.9027472149141299,0.2554793001511536,0.1857897859164694,1.2728835099552849,-1.6101636189657254,0.11266683558948581,-2.0557565529695356,0.22573887190145311,0.19551984094089228,0.09355469497693841,0.38274646991376365,-2.5441261116139726,0.017454938928111924,0.03147292833601266,0.08913022450483475
lfw_01612,data/raw/images/lfw_01612.jpg,v1,-0.3221538048237562,-4.388251998096154,0.024211843808492024,0.8354246313422682,0.27255754746288935,0.4163790483950018,0.7773375771793204,113.06686362769184,0.4163790483950018,0.3215430853948898,0.9794694595696644,0.8705458841565851,0.3483471041055508,0.19713483940098164,1.2090067094749315,-6.246011664612462,0.11225005963708626,-7.240252302025497,0.21839644191803798,0.20739533823535347,0.004905802268503603,0.3066698626725836,-5.248271962763675,0.02232314471093678,0.03400039204004494,0.08587030227457011
lfw_01635,data/raw/images/lfw_01635.jpg,v1,8.948876827955246,-12.635156058018051,0.018138011296590168,0.864379213793778,0.23526494686297664,0.43729679539434996,0.8134485141765416,106.84302931681972,0.43729679539434996,0.31201752826931833,0.9907799521414057,0.9071179698746308,0.24643996360945927,0.20684175770827584,1.2080370758198207,-2.264918251262268,0.14011756191466562,-2.5355953739651356,0.24110973030196486,0.20256128743943505,0.06273193162363748,0.4987410398372465,-0.3599924514782662,0.04611615477344602,0.018424601827848937,0.0526705661956247
lfw_01667,data/raw/images/lfw_01667.jpg,v1,-6.8351758271455765,-6.711063655584503,0.019499485691388447,0.8674553497038047,0.2689535374076418,0.4337959926547461,0.8024231698849601,112.16456147845817,0.4337959926547461,0.33351660595014654,0.9860832330291031,0.8914414301718984,0.3116721910328078,0.19734880107675076,1.1966686868652447,1.5724781574971607,0.09863623644219596,0.7058405929892746,0.21059300201174241,0.20146516715161517,0.048049369305411656,0.31378454138704953,1.5598554055826248,0.010364412153140736,0.029706944946995033,0.08773178953736982
lfw_01702,data/raw/images/lfw_01702.jpg,v1,1.2934409324079752,-14.913831545370495,0.00484102467695872,0.8472385095616195,0.23038833275977788,0.4529628551779892,0.7936445227202719,109.19671551654709,0.4529628551779892,0.3187346936931821,0.9839198982549099,0.8861989676487328,0.23491560560732277,0.1949529384921342,1.2892612692387282,-0.9889081140232268,0.10439113114601987,-1.3461696105153071,0.23221086868490173,0.1928592971708975,0.009634737157329976,0.41643880867240535,-0.7826086357617169,0.03397822003619796,0.028240445252879578,0.082456443631543
lfw_01712,data/raw/images/lfw_01712.jpg,v1,-13.756572604179382,-10.060276449105714,0.04328617453575134,0.8758806888026435,0.26132899323379916,0.45639247062949573,0.8378288516994368,110.59457739856398,0.45639247062949573,0.35424595805985104,0.9985939242717534,0.9239914568515635,0.2935998388745544,0.18781851270496938,1.266405862705797,-1.7710266308591531,0.12235304924426978,-2.7418944019409044,0.2232435666434933,0.20699568516818453,0.09860847738070744,0.3335993430192604,-1.1140526873065015,0.007014013951350521,0.032938634557982946,0.08756951980303745
lfw_01720,data/raw/images/lfw_01720.jpg,v1,0.3467804335523397,-13.286920092224914,0.009268696109453836,0.8746036555923514,0.2476021543312349,0.46763210565410407,0.835568958691635,109.9960102753722,0.46763210565410407,0.3626755416426585,0.9955769574460969,0.9199006402629741,0.22940845337306048,0.1913395673471497,1.296158338148309,-4.130498776454075,0.11382046932466053,-4.607759895218692,0.23516290939932094,0.20619773092084034,0.002001605032567786,0.3485269001766056,-3.98598068142812,0.01149502696676841,0.03087084374495423,0.09324828656763676
lfw_01726,data/raw/images/lfw_01726.jpg,v1,5.170987106859684,-12.13250824890788,0.009827420115470886,0.8989665355244331,0.2545257936267759,0.46733501591349697,0.8385364013955807,109.81661660851532,0.46733501591349697,0.37040618154232646,0.995147847373323,0.9208237170025114,0.22926970142691283,0.2024278212886768,1.2550537599608251,-3.9103598530085444,0.1258865432825093,-4.005680326588127,0.24332415980244462,0.20826650344161285,0.03612469696785907,0.37589007988212786,-3.8698776807338344,0.014511375399378064,0.03389561444502842,0.09002613215879149
lfw_01729,data/raw/images/lfw_01729.jpg,v1,-10.747404053807259,-7.407848191659874,0.03469070792198181,0.8281166555776146,0.2607484702020593,0.4275236651460586,0.7993355332311968,112.80951475596683,0.4275236651460586,0.32496022400450464,0.9866319803715299,0.8912808573861818,0.27825539183285475,0.19245956341070702,1.289248634360678,-1.6406262416243558,0.11191813925864798,-2.7458928215491376,0.23440924935760146,0.2023842193842664,0.07690518967832276,0.3673894056780917,-1.049989979112745,0.013076388065010821,0.03238790879159412,0.0873294887220327
lfw_01749,data/raw/images/lfw_01749.jpg,v1,-9.099110841751099,-14.77709306706599,0.02211727698644002,0.812079775935865,0.22702989364482,0.44484606527363174,0.7710996019788056,109.34587982620658,0.44484606527363174,0.29593803058514545,0.976901176163393,0.8667969861842272,0.4310049295573459,0.20147469046354297,1.2065599418242043,0.2018759731189254,0.13245523281822047,-0.5459321011650811,0.20235130736323131,0.18600849064200245,0.06379532618937393,0.37082723701943127,1.0935205993744963,0.01582040586917593,0.03400594525700204,0.08794912804084266
lfw_01752,data/raw/images/lfw_01752.jpg,v1,-10.611651554703712,-2.4565200165083607,0.03262401123841604,0.876035476958275,0.27700092092247935,0.40467538017633764,0.793308879115559,110.28182804554893,0.40467538017633764,0.30487501442328957,0.9839381556495624,0.8862148053020196,0.2889201871969796,0.20285515093012796,1.3023081805111416,0.1772451305031206,0.11830540488094729,-0.2337892690079606,0.23743479088080377,0.20680927655649026,0.07697646837761458,0.4609496102811846,-0.6527040829066917,0.048360221396814666,0.02104520188054645,0.05291948636179436
lfw_01776,data/raw/images/lfw_01776.jpg,v1,-10.508479446172714,-7.046260727004709,0.029924641052881878,0.8672434394949335,0.25815143455107864,0.4196713941579126,0.805200177203605,108.74733359718172,0.4196713941579126,0.30881400904210116,0.9873445897920229,0.8956685638437141,0.3246814759501243,0.20287769233149364,1.2900577891913034,-1.2970126073160604,0.11998647287229545,-1.5559063303421945,0.22844350203705213,0.20323520347016671,0.07292339793781706,0.4370198284766652,-1.2649112202858956,0.012803104339273109,0.022418566611705246,0.060182367121189705
lfw_01816,data/raw/images/lfw_01816.jpg,v1,14.533729456365108,-1.0702851686987989,0.05046818902095159,0.9528615680554672,0.28699075374051497,0.40613332686256387,0.779018126661512,108.21392954772918,0.40613332686256387,0.31700090050563223,0.978136375667788,0.873077337477886,0.18092719571945462,0.21754663933519458,1.1905493209068554,-1.363346294110829,0.11677718735323789,-1.0474488902093384,0.2392304256100051,0.21501661792293564,0.1046612474077239,0.44917633156083026,0.4979121991506732,0.06234234018237312,0.0204460354713034,0.054453410438750995
lfw_01819,data/raw/images/lfw_01819.jpg,v1,-12.835661686956882,-7.637863901967686,0.04440265893936157,0.8763440648822722,0.25888319426538614,0.42677815175480094,0.776100339929325,109.6398418567544,0.42677815175480094,0.3131147506240885,0.9780376701052238,0.8703174983579575,0.2954904199180555,0.20013334796927473,1.2641033148573328,-1.6997477661018086,0.11612649425261311,-2.374306653431422,0.2175964897778068,0.20201141101844045,0.09232284551782093,0.3948957037941481,-1.1466740257503534,0.04085828635326613,0.026406454616034917,0.06834364395014181
lfw_01832,data/raw/images/lfw_01832.jpg,v1,9.245860263705254,-8.66459644522779,0.021006459991137188,0.8457358936396467,0.24867325606573473,0.42004945847933317,0.7597450312644214,109.42019169525908,0.42004945847933317,0.29328634884483096,0.9741387583383119,0.8584735180652507,0.2944013360225112,0.2163211737461502,1.1904891477469417,-1.6678336734877233,0.14456569944851239,-1.7203347300681369,0.2229212208043499,0.20024918477660192,0.06491372331466266,0.43358330311158233,-0.5630137142513028,0.0626365635472788,0.024157567675961302,0.059706657796055246
lfw_01837,data/raw/images/lfw_01837.jpg,v1,-6.174968987703323,4.512245322885867,0.02244206766287486,0.9216380395787139,0.3025019240898988,0.3771735373849384,0.7943726409337287,109.51104377037416,0.3771735373849384,0.31712894030795946,0.9847650237328426,0.8847384391305121,0.26987311422920773,0.2045321944116956,1.273693359393717,-0.8335078636099255,0.11931389216553934,-1.3034536283524405,0.23628220903088631,0.22280992291817617,0.04387001250861131,0.3658107341518117,1.0010149080993291,0.0004291493695001244,0.025413045186866254,0.08613711154709855
lfw_01841,data/raw/images/lfw_01841.jpg,v1,5.755098167806864,-9.889032644653104,0.011453896760940552,0.8464247003279476,0.2527108204905408,0.4395326869293288,0.7882057827894917,111.0862015472671,0.4395326869293288,0.3185480886264289,0.9810444074332633,0.8814883296088932,0.28210393214929724,0.2085514258692262,1.207648473173529,-1.5741369135526024,0.11444896772056888,-1.6370694250951512,0.2199017715377087,0.20222354223410954,0.03984464952004015,0.4309760790161226,-0.6431607892909045,0.053967732459799786,0.021670002986498318,0.060124367576269454
lfw_01845,data/raw/images/lfw_01845.jpg,v1,-13.787139728665352,-14.014702770808332,0.044466182589530945,0.8576086611924382,0.22869089398371664,0.43972231292642744,0.7886738034311785,109.11166161904768,0.43972231292642744,0.3142472225633835,0.9821486418299599,0.8807601713569886,0.289830892449614,0.19370333711582788,1.2595698517455045,-2.3318594223155196,0.14161283381807,-2.084761642817701,0.21731211683600882,0.1935387474450573,0.09869055483169532,0.35256065544591325,-3.104883942545725,0.011741418917982051,0.030323546067139908,0.09676786818167674
lfw_01846,data/raw/images/lfw_01846.jpg,v1,-14.115227535367012,-13.839463351527701,0.04045980672041575,0.8670589440309978,0.23420393154372834,0.448380304027785,0.8208076915991155,107.57575869909812,0.448380304027785,0.3238840681856354,0.9944267605520856,0.9111227233906469,0.24703630301335255,0.18171347671383967,1.3548565832511854,-0.38503327973737556,0.11433731456750053,-0.5730466898866305,0.22119560758902937,0.19815295867868976,0.1000590155740592,0.35951010634517494,-0.36950763068928055,0.016848210174653506,0.029596123311789607,0.06716863573127582
lfw_01852,data/raw/images/lfw_01852.jpg,v1,-9.393913306295872,-8.451956347016349,0.027950773636500042,0.88674061939129,0.26238755449556456,0.4409806474026257,0.8227731109703452,110.34345589169938,0.4409806474026257,0.33388060992290824,0.9922554557343392,0.9124404042839913,0.20489776987224975,0.1960669929116877,1.2886984116711204,0.6317971664592593,0.10213378392439681,0.2959436592135877,0.2389201729162036,0.20421588696112786,0.067147794913159,0.46755906608315645,-0.1282288532792984,0.05278222401999078,0.017901097182031922,0.058044875260415685
lfw_01866,data/raw/images/lfw_01866.jpg,v1,-3.118897721171379,-12.710698970797356,0.012467140952746073,0.8551572955158294,0.2443761734804944,0.4550713279199586,0.8082862890058994,109.90719604758725,0.4550713279199586,0.32082913888337633,0.9890600101029253,0.9021184296296271,0.26892275209182914,0.1928337685061587,1.260192429163877,-0.6379172619970672,0.09726023272796207,-0.860416943197069,0.21730997416460607,0.19583481654311677,0.021987268474458314,0.4579307608351921,-1.4098409754299075,0.06991496392459161,0.01728258233626075,0.057287410132670795
lfw_01887,data/raw/images/lfw_01887.jpg,v1,-9.0401766076684,-10.624736390266081,0.03436692555745443,0.8967839165033594,0.24491829505029922,0.4335759207233514,0.806288208165807,106.78894728379817,0.4335759207233514,0.3165432993287279,0.9887360706302964,0.8980928760472835,0.2758645880657852,0.18938389480000986,1.2434660784880172,-1.6086603179137045,0.11778868132773682,-2.029262238821776,0.21273905197542514,0.1974841304371103,0.0655880901472891,0.34591061996261985,-1.50415979468967,0.010412982219714454,0.024534025672106174,0.09036486371857573
lfw_01894,data/raw/images/lfw_01894.jpg,v1,10.406946502625942,-11.660042448146603,0.02312307556470235,0.9093408564270214,0.24964789188395042,0.45314697411724836,0.8557161218264341,106.91202338128299,0.45314697411724836,0.3456464537983101,1.002345555410554,0.941986441141927,0.16503487969761482,0.1996237946332354,1.171977410383665,-1.676550594275155,0.12764455407390596,-1.8951449589210632,0.24403541423388203,0.21461150905353815,0.07395777242784629,0.48663042133955825,-1.173862685565982,0.025715664778083392,0.015032981000428342,0.06293839908796589
lfw_01901,data/raw/images/lfw_01901.jpg,v1,5.849754799157381,-14.232094551947467,0.0097104012966156,0.8577412013212494,0.23075601151224895,0.44608232135175235,0.7993317596724985,109.21858938096844,0.44608232135175235,0.339159019287316,0.9847466265546437,0.8883739020369054,0.22569221471807355,0.21557605618923278,1.315331948469197,-3.7254850725048207,0.13338057192847189,-3.181539697483319,0.2679789037903881,0.19684964910093009,0.04062351340299972,0.4214045076155335,-4.902045661216439,0.008768194388326035,0.03663503097905221,0.1062523781086974
lfw_01939,data/raw/images/lfw_01939.jpg,v1,-7.384441874921322,-11.445528962538237,0.020502765973409016,0.8687045355337157,0.23933586302680301,0.4321763267047273,0.7801746270013921,107.79011806913236,0.4321763267047273,0.31387286832948474,0.9790004694176312,0.8711593730647536,0.2670214140220662,0.19717409096072203,1.306773928432068,-0.8881744341861372,0.13587213663955033,-1.8557981722681336,0.22031082844125977,0.19825375459422012,0.05302947997412386,0.3442041778562333,0.031782234637767255,0.007725150258523824,0.033951307274741126,0.0926677958688815
lfw_01947,data/raw/images/lfw_01947.jpg,v1,13.188651591539383,-12.556131350336898,0.024005497495333355,0.8158286835595774,0.23483470024222786,0.435655711962309,0.7770681760664795,110.63061171168108,0.435655711962309,0.3036463609777739,0.9813988476085711,0.8763371968828605,0.3194616191684497,0.2165690859649241,1.168136616613307,-1.2808677211392003,0.14882535763318405,-0.764857095422412,0.24870641520846226,0.2010946976229236,0.09137581858915449,0.5018967089124107,-1.0422168710190727,0.09141929723315746,0.018383491221807862,0.05889374992969991
lfw_01971,data/raw/images/lfw_01971.jpg,v1,-5.539617743343115,-10.625959036145906,0.02057419717311859,0.823919546613876,0.24495072683375277,0.4336461283296996,0.8091975927424144,111.20609892263751,0.4336461283296996,0.3292289431193864,0.985187657600032,0.8965830374965437,0.26889611456980717,0.20961589275633552,1.2959433058808623,-0.9704960547157077,0.1435159445882795,-0.9475235974440145,0.2556047690293173,0.2037297147925247,0.04050361237829434,0.4573723219990261,-0.913458917830699,0.005298945317446799,0.02702310616454025,0.07390584676160808
lfw_01978,data/raw/images/lfw_01978.jpg,v1,14.820285469293594,-11.232000324310839,0.0677787313858668,0.823307003094945,0.25857197227319034,0.4645045535285301,0.8364327467820497,114.93176524447514,0.4645045535285301,0.3527177761846183,0.9981070779302615,0.9266647377844798,0.19853336176094052,0.20684540106406743,1.168694073344008,1.909169914936592,0.1189690907280493,2.7910846020058155,0.24149394446416234,0.20761612343048647,0.11055017057007537,0.48852652162532645,0.7774318959293084,0.09109362412191341,0.01900720904352316,0.05586428647519495
lfw_01989,data/raw/images/lfw_01989.jpg,v1,-4.404738463461399,-8.851346398575286,0.017209043105443318,0.825811202165835,0.2531749109519045,0.4295582919766344,0.7788642328865029,111.34938466637178,0.4295582919766344,0.3029558052849901,0.9807807339357577,0.8765533105917613,0.31266847461271,0.2033210946764172,1.2245983662517843,-0.593798507321575,0.13090080096535364,-1.0960344167559488,0.22247145038931868,0.2010834884739452,0.032563362412170185,0.44858676500504363,-0.7414993762713702,0.07431382525383952,0.02301689226901081,0.05606926282790062
lfw_02007,data/raw/images/lfw_02007.jpg,v1,4.360896751284599,-3.3099584966779227,0.010766975581645966,0.8942876453226064,0.28735320980397566,0.42814768569725303,0.8039056746394365,111.04486373672712,0.42814768569725303,0.3447664235632294,0.9829212631993125,0.8908017182019594,0.32143238040649846,0.20114157097560134,1.1440154059946932,-2.7735881666963076,0.14375570404342308,-2.7605765436991923,0.2090246891696767,0.2258899992872335,0.03132327176200344,0.3170784712905658,-4.126935859117098,0.009054067992811693,0.026037414581145828,0.092942850210514
lfw_02019,data/raw/images/lfw_02019.jpg,v1,-13.69522612541914,-14.929721561992357,0.036713600158691406,0.8369554549753829,0.23133000839494136,0.4549941168701546,0.8039027046472004,110.19532599899223,0.4549941168701546,0.3348027141400068,0.9876253170470499,0.8929582123195638,0.35709571288332986,0.19946826459333092,1.2929671278922896,-1.2999631883478748,0.13707008281985758,-2.2953161847864556,0.23896523880308934,0.19311232695202718,0.09722629269018902,0.36310810706975233,-0.7404987876830877,0.017797210419144057,0.03663011009853228,0.08859277982180165
lfw_02032,data/raw/images/lfw_02032.jpg,v1,-4.42081642895937,0.49620358038485324,0.030165761709213257,0.9533125965958785,0.28656586630616243,0.391284684606633,0.7996513550935167,105.95879283778888,0.391284684606633,0.3120529268755826,0.9849796189854039,0.8916266356627978,0.24540041052085232,0.19952244487767073,1.2268670993618656,-2.2172233509462465,0.11621177738301404,-2.5174645453551583,0.23087211175321232,0.2170283928575455,0.03356346906476084,0.404056459331031,-3.3095394240917844,0.009287400877070178,0.022510890589323547,0.07422660612273446
lfw_02040,data/raw/images/lfw_02040.jpg,v1,8.69382282346487,-2.017838517636325,0.01577390233675639,0.8223946956508733,0.28866864620922167,0.41748572703642783,0.7986495480913547,116.57263592314295,0.41748572703642783,0.33268398050754544,0.9852008014708576,0.8891507237023458,0.22672391317470755,0.20254100128795222,1.2285242254201867,-3.579352861335673,0.08833996761533609,-3.9405369827825267,0.23385866092550567,0.2171170389574608,0.05983537429830026,0.3766941822199873,-1.9912875058544761,0.024748459579731773,0.0235728050028657,0.07178445400108208
lfw_02042,data/raw/images/lfw_02042.jpg,v1,-8.617811903357506,8.397971777451215,0.028640543421109516,0.9034853611118373,0.31472511853911145,0.35970167257258134,0.7723996140236922,110.61278686950943,0.35970167257258134,0.3037997656265539,0.9763035448075225,0.8652949195055348,0.3264041895010092,0.2075669977839808,1.2878506870512678,0.7608053481451954,0.11850964048257816,0.5699463196662086,0.23421895476626944,0.2250935403636852,0.06278438500313392,0.35499439529545,-1.1275401054048846,0.01211353332067069,0.024851377680159492,0.06592402868040612
lfw_02053,data/raw/images/lfw_02053.jpg,v1,4.242270274087787,-14.62483579900725,0.00695397953192393,0.8324547751309884,0.2299078470552097,0.4487861346267101,0.7699419972573222,108.98421775876118,0.4487861346267101,0.3035757336836413,0.9754834977888844,0.8655335495822684,0.4070890999553708,0.21882982576951313,1.1693401007353241,-1.1775015089324945,0.13728435167620262,-1.3656708240444584,0.209726063165446,0.18875665894477867,0.02992965468981252,0.42354255826408,-1.2156759146744824,0.05870110642321409,0.02667888608243474,0.06563168236816218
lfw_02082,data/raw/images/lfw_02082.jpg,v1,1.5294697433710098,-10.08830442830035,0.00420952836672465,0.8133638141805704,0.246176532025485,0.43021904179978865,0.7750197471871447,112.13800778659926,0.43021904179978865,0.30595953810945165,0.9769486164070222,0.8683195493441959,0.34674503766285114,0.20051215906799572,1.2199072230475674,-0.3902129431029203,0.12979751001541917,-0.9628045548917339,0.2140662968466036,0.19938843395872502,0.01044282238051336,0.3508796355820462,-1.2239277728183153,0.01733218588374753,0.02692654820311773,0.0736009052589819
lfw_02105,data/raw/images/lfw_02105.jpg,v1,-6.85549084469676,-11.906461672297457,0.017933189868927002,0.9100708850843854,0.25745824837965475,0.4701279094820155,0.8312838955754153,109.06951693914897,0.4701279094820155,0.35035382602477666,0.9933855006609508,0.9200141504378864,0.26746776818531787,0.1978134032210131,1.1863058827963053,0.32383503830733446,0.13945964983638953,-0.18399591692710177,0.22529986455159634,0.20742118404093288,0.0484797303094458,0.46651512514437965,1.2162136067988705,0.07901638863842218,0.019568523833825985,0.05671390416697985
lfw_02106,data/raw/images/lfw_02106.jpg,v1,12.312492191791534,-8.168400033760216,0.02960364520549774,0.8506404417497107,0.25170256444614036,0.4201856655866317,0.7773762464324493,110.1202573476263,0.4201856655866317,0.30105115776947117,0.9785121065630801,0.8713844758494123,0.2888915206305095,0.2196320604537356,1.2050971201481977,-1.706826642828082,0.14040513179233877,-0.6597381799842448,0.22622910800419646,0.19926551902210124,0.08716146034529997,0.39978807598062716,-3.7520586893101235,0.014327054264524363,0.030244317445432205,0.08231875141771205
lfw_02112,data/raw/images/lfw_02112.jpg,v1,-10.179748646914959,-5.872171756745769,0.03326657911141714,0.8214123401549472,0.2663184730733952,0.4211739376297415,0.793029963163992,113.90248438661516,0.4211739376297415,0.3205654328534938,0.9846871728876413,0.8847270423505166,0.2837541637860525,0.1970373828208469,1.2760894010075416,-1.3255199321954112,0.10609231413580689,-2.4735345308346908,0.23402207890242469,0.2046557394378434,0.0727189414503159,0.40027844640423027,-2.2747238381954857,0.009192787927633155,0.0258688527677553,0.08475215478357577
lfw_02121,data/raw/images/lfw_02121.jpg,v1,0.3651351104490459,-13.06432758487837,0.01109789808591207,0.8393652701217185,0.2378794960711525,0.44682355431407617,0.7959530961237066,108.51026457232489,0.44682355431407617,0.305811681153851,0.9852989825238129,0.8930609845346169,0.31690045820272483,0.1928311479230911,1.1736616779546343,-2.776181666852171,0.1270384122596569,-3.0144227279673106,0.20975614115011496,0.19998983136655155,0.002202549609556685,0.44031130563112203,-2.62786827934016,0.05431586006001165,0.019038127482208875,0.06788710188174725
lfw_02140,data/raw/images/lfw_02140.jpg,v1,-7.417484611272812,-6.534910661886397,0.02467396855354309,0.8921751143539145,0.27964923585376966,0.44918341399367034,0.8400290505410067,112.04156941702166,0.44918341399367034,0.35339847008576825,0.9965922561864946,0.9273177120835439,0.21700170112858158,0.19661932376936553,1.2250388065655144,-2.107458970944127,0.12384938374239501,-2.665024123763265,0.23956154157610782,0.21670849293617991,0.053102552468810224,0.4760856536710132,-2.1352504262938905,0.06296966777495881,0.016951218055791733,0.05956425972055368
lfw_02144,data/raw/images/lfw_02144.jpg,v1,-10.418604791164398,-12.378867569305006,0.014980897307395935,0.85776116347193,0.24604333082278085,0.4544796221067498,0.8143967321458264,110.93035212075921,0.4544796221067498,0.3333256501038581,0.986109791942537,0.9034041474610308,0.3199228942256158,0.19948263295864357,1.168031289013146,7.755040995466958,0.14963508040159484,7.742647796906772,0.21923524704730682,0.2040235422448774,0.07166927376541413,0.44393808707771576,6.379549645026098,0.04993380165459301,0.019710823968722563,0.06790390831397118
lfw_02156,data/raw/images/lfw_02156.jpg,v1,14.198664419353008,-12.112894617807404,0.027197157343228657,0.8108586389902206,0.23491437102660948,0.4311207850060895,0.7708042585023227,110.29374676065946,0.4311207850060895,0.30515048823398316,0.9763717145659767,0.8647785841834048,0.32162496776439525,0.21815664544914815,1.1621694845892099,-2.822087740862508,0.14241825298335986,-2.262893154086922,0.22587567802270642,0.20253265447043567,0.09889293766526035,0.39086558588981596,-2.482492066542623,0.0026694510211720153,0.02871211438825161,0.08799469152281182
lfw_02168,data/raw/images/lfw_02168.jpg,v1,11.867633879184723,-13.309661803990322,0.02599271635214488,0.8423217575403894,0.2388046177261335,0.4512685632298661,0.8106319761382151,110.35200091652176,0.4512685632298661,0.32918660015437545,0.9902054613947131,0.9016092037300446,0.24524258820470982,0.2033158792870368,1.1883699558563732,-2.045720387244714,0.10947410423940195,-1.3044542275795372,0.22424403098766083,0.20139846289878197,0.08408712209741732,0.37544172589688657,-1.3528802220483298,0.007574431554482213,0.02755228412211708,0.09610664175493813
lfw_02170,data/raw/images/lfw_02170.jpg,v1,-8.869628012180328,-13.970585937469773,0.0265376220146815,0.8386532574230068,0.23856653108563136,0.4582117909714419,0.8053651874454265,111.19163021558064,0.4582117909714419,0.34117436209650265,0.9879477909652873,0.8941985266437007,0.21261812785392534,0.19136574165445253,1.3532293178906178,-0.49143029158077234,0.09758143391386025,-0.972354409594943,0.23980179690423523,0.1960676579781833,0.06356074739549562,0.37254565983919996,-1.1140588310200017,0.012081013205090838,0.033710497102299564,0.09107204031318593
lfw_02177,data/raw/images/lfw_02177.jpg,v1,-7.574691832065582,-1.5323536158633817,0.028516317407290142,0.8402421082105156,0.28430190875021805,0.40661178369333595,0.7966805764166817,113.65592242498121,0.40661178369333595,0.31531718489010363,0.9849168655342246,0.88976041231557,0.31318417293159345,0.20346676307720057,1.2422519714113973,-1.8343995202410657,0.10544205017086467,-2.3139029534580473,0.2360630355451172,0.21238680030120266,0.05616820539284782,0.45814889239462186,-3.2416182603365287,0.046136010555043155,0.01781703377693548,0.05983819547298658
lfw_02183,data/raw/images/lfw_02183.jpg,v1,12.658801518380642,-14.783648222761691,0.03535944223403931,0.8578397451465759,0.23229805768587228,0.455242659904974,0.8232423429689083,108.47983898853214,0.455242659904974,0.3255230094260424,0.9968621515924265,0.9154509712046566,0.26772307317963245,0.19639138806889175,1.1960688648959377,-0.7944800635287983,0.11427754550059395,0.3851590742411783,0.22127578812874793,0.19791877140941988,0.09128771628133467,0.35548881326438314,-3.2663305402659106,0.018144687341315746,0.026678664529631493,0.08577269156187695
lfw_02185,data/raw/images/lfw_02185.jpg,v1,-10.679252743721008,-12.761389082730298,0.03426553805669149,0.8542763946211348,0.24068499100887816,0.448753460817742,0.8058474902409307,109.77040361154755,0.448753460817742,0.3185048625517916,0.9877413330181803,0.8987809720771464,0.25170784632846355,0.19102180451850356,1.2598547534148443,-0.8364141439836841,0.10786925519888024,-1.5695763411636259,0.22094766233087815,0.19484397428619035,0.07764341259218281,0.4386782199211232,-0.9810546935012519,0.049845543942162174,0.021988932435931648,0.06040032181440119
lfw_02186,data/raw/images/lfw_02186.jpg,v1,13.345395259559155,-7.4266665882357135,0.03650328516960144,0.8611702033404145,0.26653424821786315,0.4372042586687741,0.8030905555557203,112.61383871879391,0.4372042586687741,0.33004873765385684,0.9871684235506588,0.8941678399913379,0.26626563698960853,0.20433920708637784,1.1287527161798312,-1.4806526892535568,0.10486739891303516,-0.7889633212858711,0.22049942801486938,0.2033515814238262,0.09533303770311734,0.3450820899514315,-2.9221218054873703,0.016550036550043563,0.029664431317366104,0.09827816128396588
lfw_02187,data/raw/images/lfw_02187.jpg,v1,5.209315203130245,-14.430215488103538,0.0069608986377716064,0.7946425651448292,0.23278421937034113,0.4522144676477798,0.8161346972609498,112.3685267289821,0.4522144676477798,0.3293566883575384,0.9893043963454476,0.9062058250394304,0.2765263598076111,0.20466162630421128,1.1851669963019973,-2.535640046980944,0.13336972920459694,-2.5305511220423353,0.242084237564596,0.20107325614860777,0.03626677725106363,0.4524191339871175,-3.436208048930326,0.019608652233494384,0.022941588688707874,0.07629907617820772
lfw_02214,data/raw/images/lfw_02214.jpg,v1,-9.90592011809349,-14.907123187832097,0.030342966318130493,0.8370901400000562,0.23112591748247463,0.4543372845187534,0.8155417688425843,110.21994445378424,0.4543372845187534,0.3303973246537993,0.9913683917670792,0.9044888317701537,0.2810918281182019,0.19881132167189955,1.3455573587115244,0.04752681682503522,0.12094128261197047,-0.2278735855726763,0.23441611575661733,0.1890019020303444,0.07084569177763127,0.3857161831742379,-0.7699256307296287,0.006255381614450543,0.03221985175622433,0.09415884163673553
lfw_02221,data/raw/images/lfw_02221.jpg,v1,6.295314811170101,-9.61684719400541,0.012913793325424194,0.8427668299974322,0.24560801243277472,0.42440373976288187,0.7963179977903599,109.19829940705579,0.42440373976288187,0.3079830922231641,0.9862293181420766,0.889427596045212,0.3358555676795469,0.20991181591916783,1.2158876396194225,-3.151418931609063,0.14307642256189068,-2.6794487024479197,0.22446642362763503,0.19690738625573886,0.04426391209734678,0.36125464991531914,-2.7380241250339195,0.0032203151268321776,0.03193654221039867,0.09982303168613589
lfw_02244,data/raw/images/lfw_02244.jpg,v1,-10.287211820483208,-6.544205932635268,0.03292703131834666,0.8434490705346203,0.2594579726867244,0.41684247841311267,0.7939085755368482,111.21632860445901,0.41684247841311267,0.31634787127323655,0.9846080557065688,0.8854276980460575,0.27730928145613276,0.2002609213241213,1.3112844219798379,-0.12480521276259383,0.11873360757028692,-0.3414680102226666,0.24282665916355592,0.20235659517937948,0.07357414326295772,0.3911634598077525,-0.5058952798966591,0.007791974705117528,0.029940924186794556,0.08376890013227255
lfw_02322,data/raw/images/lfw_02322.jpg,v1,9.118660993874073,-11.00825944260013,0.022101884086926777,0.8060226630129512,0.2457954748717611,0.43917190760643593,0.7896145878192405,112.77924236423723,0.43917190760643593,0.32274349483360903,0.9818377690216697,0.8818850656971914,0.3442763665579781,0.22050386878198192,1.1983018022176308,0.5416967808535104,0.13255238474213552,0.36951752114786185,0.23819202928267025,0.19377816844255244,0.06395343561713647,0.383324456983032,-0.02456630549819457,0.021387339415971193,0.038666774337133725,0.10131342049533826
lfw_02329,data/raw/images/lfw_02329.jpg,v1,-13.680398941040039,-3.8274803434499813,0.03950455288092295,0.8506813842602103,0.27003194584779655,0.40718781647045693,0.7624698091825536,111.8587430428301,0.40718781647045693,0.30395177388360906,0.973010434118236,0.8563966455249078,0.34712516893928147,0.19807121517648935,1.2541992132962902,0.5580735337040914,0.13369134959930792,-0.14615090484804535,0.21416922427623306,0.20264863890082263,0.09662211517163469,0.3328660910305463,0.48952093954447956,0.008305455047399045,0.03378361651268146,0.08779992320768121
lfw_02354,data/raw/images/lfw_02354.jpg,v1,-3.5314729996025562,-12.014570724850433,0.015212376912434896,0.87141220611684,0.24503901941058845,0.44862735566631395,0.8019143303409394,109.19483873451395,0.44862735566631395,0.3227475294013721,0.9863559846941042,0.8951126312767722,0.20413063665283476,0.1962951412456796,1.2706523775541823,-1.6382761698864239,0.11079916548937427,-2.439257598750697,0.24201834678473075,0.19881406061078805,0.02661266280061269,0.4973960311933495,0.3628438486881491,0.07076666251738808,0.020550716028477724,0.06558707341785072
lfw_02362,data/raw/images/lfw_02362.jpg,v1,1.0141740362159908,-13.810902318591742,0.007825523614883423,0.8218627130959344,0.23974321135642043,0.4586621691068195,0.8001542000666018,113.27343387941683,0.4586621691068195,0.33363264052634684,0.9871964471252573,0.891950042352148,0.2563057478793769,0.20706323847206703,1.2743697650671744,-0.6824223893022695,0.11189622964589097,-0.5507459348937962,0.2398351454363817,0.1891687730620386,0.0066060334468236795,0.40678193221126435,-1.1745447456420937,0.049069039441386665,0.03249778616354073,0.0843534791353724
lfw_02368,data/raw/images/lfw_02368.jpg,v1,-1.6700566140934825,-12.525405971306041,0.007410878936449687,0.8634126454484322,0.24312864805889978,0.45070396319524736,0.8032528924539888,110.93041610703861,0.45070396319524736,0.32572623688721325,0.9879188497209679,0.8955129019113929,0.21057774472099108,0.20181345662827038,1.3014220437142534,-1.0050228738343616,0.11177612326037187,-1.098500245408102,0.23602897878676835,0.19110047235935543,0.012043054499659776,0.44350790842586185,-0.8130259512181139,0.07075959367600142,0.025320447930561922,0.07182140961834707
lfw_02385,data/raw/images/lfw_02385.jpg,v1,5.8604006208479404,-2.8523423867709448,0.013574103514353434,0.8850974448721102,0.2734827423304733,0.40319757743711737,0.7726998386661416,109.78895978925621,0.40319757743711737,0.3135955372394147,0.9754268622000924,0.8655303442514384,0.273999827887298,0.20794193562116284,1.2207361891891304,-1.5420003333365915,0.1473901058164736,-1.861002110977381,0.23112905918135015,0.21153623386173184,0.040883096123949476,0.34563510460532665,-1.2855273215727165,0.008574593018009747,0.0341096261366054,0.09638700118302046
lfw_02389,data/raw/images/lfw_02389.jpg,v1,-11.090281695127487,-12.287802126203674,0.03114513059457143,0.8353803831726844,0.23907210576262247,0.4406237842464012,0.7841055226418098,110.90116991197782,0.4406237842464012,0.3208642802347254,0.979293143155464,0.8761417527303981,0.2946780149194603,0.20080197898950083,1.2272843191988843,-0.040652549357064374,0.15720793497989674,-0.705003919013051,0.23174746879855837,0.19443870304709476,0.07861204083203875,0.3844378339687373,-0.7139440219328654,0.009388404689894226,0.036402737805169685,0.10734661240434484
lfw_02390,data/raw/images/lfw_02390.jpg,v1,10.031428389251232,-1.2206693217633842,0.026878217856089275,0.8727157351699313,0.28544894443857805,0.40534533113390003,0.790947651179246,112.84391090387419,0.40534533113390003,0.32285685760567,0.9817378359836513,0.8830524274267774,0.28776987883712324,0.21049451919561094,1.1457550078008218,-1.877806876269401,0.1258829014516283,-1.0276254015621147,0.22927095183447052,0.2111922554234192,0.07169014114257986,0.3385469094086357,-4.892383004371425,0.018764773920435768,0.02808106417252194,0.09478860683588067
lfw_02393,data/raw/images/lfw_02393.jpg,v1,-0.47513320622965693,-12.95318937996021,0.00798587997754415,0.8414197220682195,0.23648363963785146,0.44299417242849687,0.7751611224105708,110.17676192726346,0.44299417242849687,0.3143505441369709,0.9787356574881896,0.8693426751112859,0.3173039226504642,0.20350654412137095,1.2209004003784294,-1.165220501144569,0.15295231171582033,-1.4570373439510318,0.21472746259597647,0.19072870694907124,0.00406734999803171,0.31099864806472644,-1.14406445083304,0.02164609016813492,0.03870414996311014,0.09471421764193315
lfw_02402,data/raw/images/lfw_02402.jpg,v1,0.16747639328241348,-7.768665544404666,0.016434977451960247,0.8631728207796281,0.2572402287176231,0.4253834593997315,0.7929834443208966,110.07624790516674,0.4253834593997315,0.3104253734889157,0.9834186267347725,0.886708289175774,0.25484772714483184,0.20024586722026913,1.2749593452791528,-2.184345299852826,0.11940240936515706,-2.0197348448603294,0.23206539691169042,0.20063718882407103,0.0005795747298245013,0.4362431524119591,-4.792410579294125,0.05221174073152495,0.024180947614897395,0.06740797775901912
lfw_02420,data/raw/images/lfw_02420.jpg,v1,6.318796511739492,-8.90883637604552,0.017627129952112835,0.911920526520571,0.2551244094066276,0.43345907334632866,0.798784620021178,107.74882674844267,0.43345907334632866,0.3183848465342294,0.9863731276263259,0.892070025917573,0.2293362912600944,0.19969123284061016,1.2230730757594084,-1.0882435794272343,0.12023621751201033,-0.9946981644317987,0.2293165869418637,0.19827157427237657,0.046462882859301106,0.36856151525888237,-0.48281471190612163,0.031031798037440186,0.032382240945359825,0.08514650922498497
lfw_02426,data/raw/images/lfw_02426.jpg,v1,-5.780089918524027,-14.380572524191548,0.020143975814183552,0.8567786945032394,0.22986228363124495,0.4459898058777816,0.7850667122463799,108.8110424622222,0.4459898058777816,0.3183872538168522,0.981484342261731,0.8759834147362432,0.3081130799118188,0.20225285678360092,1.3179016668720975,-0.7510850933328854,0.11821056938675241,-1.7849376619624127,0.22970797899222578,0.18226313305020872,0.04207043092088684,0.3422832718539751,0.13228938231455845,0.011467663770934108,0.03788577078547365,0.0903963565191692
lfw_02431,data/raw/images/lfw_02431.jpg,v1,-7.197643183171749,-10.73892961143169,0.021428873141606648,0.8658820090620375,0.2490095668515865,0.4420331671634202,0.8160554372288199,109.62615412615669,0.4420331671634202,0.3322447728584246,0.9912483576791737,0.9046739472886095,0.2677812763047862,0.1929536060468541,1.2749712877071195,-0.9525662552338796,0.11075012508572162,-1.8548293737497115,0.22040556909567574,0.20035472234541996,0.051084766493489836,0.3483109198927877,-0.4476995900908316,0.009904647619416554,0.027803133513159453,0.08837554351696066
lfw_02474,data/raw/images/lfw_02474.jpg,v1,-11.268212400376797,-11.10826653626207,0.037527372439702354,0.8451895079781666,0.24289770833072424,0.43504406070986196,0.8104847134630455,110.38998209918024,0.43504406070986196,0.33152020908476365,0.9868377405797547,0.8973570005813379,0.20407084346781934,0.19607501143383346,1.3161617081233175,-1.244937917446576,0.14042265132421175,-1.6769562138073848,0.2435718520287265,0.20541601766568363,0.08134823561578527,0.4216820104777018,-1.5938844076390246,0.003434401591882004,0.026068054520532777,0.07745217906536932
lfw_02485,data/raw/images/lfw_02485.jpg,v1,6.857603218406439,-10.975065624570103,0.010472282767295837,0.8312899345018719,0.2584803438535779,0.46146644658609887,0.8209086379772532,114.31190020734326,0.46146644658609887,0.38142243819742405,0.9881275112761977,0.9008280916897833,0.3320123585813793,0.22417631105502,1.2466025608667146,-2.2096381513913896,0.1229816925272978,-1.9538083276839793,0.26182164517630646,0.20697218252895067,0.04751431629025571,0.362538671128451,-3.73471083068738,0.007933397525879566,0.03721824099469394,0.09161736957374612
lfw_02486,data/raw/images/lfw_02486.jpg,v1,-13.032543003559113,-9.648321401990746,0.022216861446698506,0.8949709969616286,0.25672474305160914,0.443947258857949,0.8318359028749995,110.2046598107614,0.443947258857949,0.3466353979546127,0.9946506839142548,0.9177175493244443,0.22893559380890469,0.19518277569282577,1.3130776920080103,9.418105021907188,0.11430466400230645,9.670175654093503,0.23638464082547742,0.20712545592623202,0.08861564128923129,0.39065187449343874,8.017815358611143,0.016376947062816633,0.02462741300754811,0.07114174062215302
lfw_02489,data/raw/images/lfw_02489.jpg,v1,-9.6303316578269,-4.367300922871131,0.023868868748346966,0.8308866039239463,0.2717171121592812,0.4148931106785551,0.7812761096509013,113.37701856918996,0.4148931106785551,0.3156591386967867,0.9786785208919654,0.8739285488845928,0.27150050490333794,0.20299452825504652,1.2856780430914383,1.5703617785014654,0.10506681646062015,0.6059426858486399,0.23812794532906753,0.21030431822203496,0.06908064657189485,0.47338486207901365,1.7377112018724066,0.06391958998064533,0.019071091727418922,0.054100276529198243
lfw_02523,data/raw/images/lfw_02523.jpg,v1,0.20447359629906714,-11.414791452272341,0.004694794615109761,0.821040977625582,0.24223426621089572,0.4370845021300738,0.7921715160071221,111.13523774809309,0.4370845021300738,0.3071094667138758,0.9837830177033947,0.8843840890918392,0.33809649681698306,0.2114404212697335,1.244172835999395,-0.2996697676287578,0.12929410350371642,-0.030688435128980767,0.21315377500172608,0.19196337898616772,0.0017661705073208618,0.38060084233693003,-1.074631201444382,0.011694244115588726,0.030951921739668507,0.07593572358704896
lfw_02554,data/raw/images/lfw_02554.jpg,v1,2.540022298693657,-14.980716108786428,0.005273585518201192,0.8303385303018587,0.2351475947085387,0.4630895182808254,0.7934319133457712,111.49706823861433,0.4630895182808254,0.3290305554189931,0.9848390160459681,0.8854549416441165,0.29990768813111723,0.19406728644239984,1.2498501204905628,-2.069853835457413,0.09648598215454925,-2.607011911708334,0.2084662573011055,0.19121858455385649,0.017338710004879628,0.31578205931845166,-2.49274007653303,0.02790898298404127,0.034590317791203785,0.08795559807395222
lfw_02561,data/raw/images/lfw_02561.jpg,v1,-2.825464189052582,-10.476619772480104,0.02070920666058858,0.9024795532701685,0.25343426534772,0.44705480853315144,0.8280441625529884,107.817858975336,0.44705480853315144,0.334800146269051,0.9943574362062673,0.9163132035913661,0.2391136034371662,0.1896948576705003,1.2766730537436992,-4.888710924381204,0.10155263294967933,-5.42751059828577,0.22644863822342914,0.20151257495097602,0.021019706049540413,0.3921781097796547,-3.842260723547976,0.0018933820240995022,0.02444413177877194,0.08508406183115079
lfw_02566,data/raw/images/lfw_02566.jpg,v1,-4.893002696335316,-1.5514248599605533,0.01756971577803294,0.8268093647558452,0.28502113791983247,0.40781881894413136,0.8162604723682844,114.04565999920126,0.40781881894413136,0.3316006898025686,0.9901771177349792,0.9043379642796906,0.24342662742697274,0.19958822040752863,1.3168467546136344,-2.344105347496364,0.09959690788202219,-2.2799375497261942,0.2550691152270601,0.22233625451792224,0.03434760212776774,0.4577347795039763,-1.861248282639022,0.014613977219373218,0.018727913089973198,0.06390296583373803
lfw_02567,data/raw/images/lfw_02567.jpg,v1,-4.465450331568718,4.4072603126212275,0.015077312787373861,0.7896716515631743,0.307054488458018,0.38375519684016146,0.7620065967287342,118.60431883532686,0.38375519684016146,0.30737656030267024,0.9738017121961665,0.8572331413514818,0.3461111103915359,0.21305257842798217,1.2308902996805597,0.72984925903759,0.10703030571009538,0.24908563914077317,0.2351154927305148,0.2180524788103464,0.03255396348601952,0.4007929140996417,-0.4354740635840974,0.04282966908470045,0.023925641917097465,0.05524253880737396
lfw_02568,data/raw/images/lfw_02568.jpg,v1,-1.9391048848628998,-0.23340873670221593,0.005908961097399394,0.8198889614104224,0.2857679791412671,0.39673916883715393,0.7826668657491985,114.33132084831568,0.39673916883715393,0.3105523075886725,0.9801708192070511,0.8743479339916995,0.31999048899173294,0.2049871315365641,1.2568557907824545,-1.026506731460997,0.10098700253796992,-1.2607049247931088,0.22504559111704747,0.21346794256710253,0.013278072627880841,0.3560576558692121,0.1081592521986643,0.0038178343594311675,0.023762195198415954,0.07530159416753406
lfw_02591,data/raw/images/lfw_02591.jpg,v1,4.4595933593809605,-10.557631974625147,0.009865219394365946,0.8624106503660971,0.24747843731586777,0.437400792843946,0.7984695211315596,109.34526451847888,0.437400792843946,0.32377773240918123,0.984866307058482,0.8886746002698509,0.24888204627180413,0.20346085908421102,1.293040860331842,-1.2828892965899783,0.1131815257211503,-1.2901630549169907,0.2327432708609906,0.19992576856471936,0.03162351174571386,0.3835316422461263,-1.1494435079586478,0.010289112045770857,0.028538727560696406,0.07972804351447715
lfw_02597,data/raw/images/lfw_02597.jpg,v1,-1.0535358642227948,-13.917069665503234,0.004626562198003133,0.85044372071764,0.23456164455643225,0.4499252778632716,0.8123214642370565,108.49762049965717,0.4499252778632716,0.3236434297079204,0.9905094191892264,0.9031580281228707,0.23639853799259963,0.18996724330988737,1.2682740796317618,-0.044605377240930374,0.11552752630825096,0.02039650113257731,0.22127538997017016,0.20254387533703855,0.007244714873626674,0.39289757865682345,-0.05818508758599842,0.005476764372282814,0.024523924050255573,0.07807611790996796
lfw_02615,data/raw/images/lfw_02615.jpg,v1,11.566818974912167,-10.874323549804952,0.017496496438980103,0.9034940888454428,0.24949307446362604,0.4443398605519515,0.8031650201578376,108.62111042744606,0.4443398605519515,0.34014224448690583,0.9812660251605146,0.8890994570968572,0.22312322745799607,0.2113227987736329,1.1905081665901818,-6.265843552204888,0.1177267853406013,-6.112227830480716,0.22205165778891878,0.20877954897330567,0.08037110664016754,0.37757153015727696,-5.920420334461209,0.0026811321855005356,0.024709811954900865,0.09040585101604662
lfw_02623,data/raw/images/lfw_02623.jpg,v1,-8.899368949234486,-12.464197266244366,0.025632306933403015,0.8736420824109608,0.24037508552944195,0.4449345355911769,0.7916900250499905,108.40819687023262,0.4449345355911769,0.32739212455303407,0.9828764283200058,0.8814221525700563,0.24995198680850017,0.19299817644469597,1.3196249190961995,-0.6791105218160501,0.12740650147183571,-1.553008293002894,0.21995085479196297,0.1959826802981002,0.06374150353567232,0.32560163199419856,-0.21086237978796385,0.010501719729391089,0.03492867317298626,0.09346259500120566
lfw_02643,data/raw/images/lfw_02643.jpg,v1,7.22843386977911,-4.445609423695595,0.014098008473714193,0.8722487208140697,0.2808177660815368,0.42957012295734837,0.8256398726772207,111.95750945188789,0.42957012295734837,0.3436651205594905,0.9911971324889234,0.9126297018766707,0.26346066769548027,0.21365984229048257,1.2478929087906285,-2.7436872959342877,0.11286908490994939,-3.045728360618988,0.25348698089560323,0.21792539545063494,0.0507666635483104,0.4761179443376322,-0.6350831229749838,0.03830449977974252,0.01875927073582126,0.05959402063666413
lfw_02648,data/raw/images/lfw_02648.jpg,v1,-7.318930763751268,-12.690199829938265,0.017967397967974346,0.7520919978038925,0.24128376943380256,0.4490877953820208,0.7983267837022355,116.86295099301199,0.4490877953820208,0.3293112906623353,0.9836577933505859,0.8885615905306332,0.3222359625858618,0.19400805629326212,1.1980131735641757,-3.348364017394378,0.13404218943201937,-4.712688546231913,0.21919399638014314,0.20015348454028034,0.05160404464475059,0.3685269349698343,0.02256498624230525,0.008887640774212814,0.029664286347514446,0.09207426489698628
lfw_02651,data/raw/images/lfw_02651.jpg,v1,0.740040825214237,-8.621011476151368,0.004416515429814656,0.8793390144250813,0.2604241982232269,0.439442958708655,0.8120574448044887,109.64169658868069,0.439442958708655,0.33655834567309345,0.9870805591392715,0.8995516682864828,0.2388140953274138,0.19858514286217122,1.257785178317742,-1.5297350592751,0.0982446896326352,-1.966761827697162,0.2285919587521463,0.21054061105173907,0.005152921582787459,0.40163981050207737,-1.3745155061028538,0.005974138216705442,0.02257040933295988,0.07646554218241738
lfw_02654,data/raw/images/lfw_02654.jpg,v1,-10.757243536412716,-11.513336946375496,0.03205345571041107,0.8412980446328494,0.2475247403708173,0.4476979269471697,0.8062998022177831,111.10659563703514,0.4476979269471697,0.33064601939800065,0.9865624330209455,0.8965448932712508,0.19561312176454568,0.1903602116715228,1.3173362545072802,0.23097999647624337,0.10120093795599533,-0.9582299611726732,0.2360777462433322,0.20221831651302716,0.07801358655088118,0.45196825296377086,-0.022706229965361913,0.04626546323936348,0.022699128709298945,0.05483620829283791
lfw_02657,data/raw/images/lfw_02657.jpg,v1,-4.06824422813952,-14.077910843058133,0.01163362960020701,0.8425470597034143,0.24157939537859677,0.46522944905398794,0.8141928761665937,112.09277497805597,0.46522944905398794,0.3440649073700806,0.9899295009038049,0.9046592272808849,0.18778094400585008,0.19522818054155744,1.3151209312654253,-0.5650360730797273,0.0939839755577308,-1.1465711120617839,0.24894696174699182,0.19641259692703306,0.029088988412246112,0.4878745056984646,-0.5474917798261922,0.08245048373622413,0.022050084203852027,0.057617865155170554
lfw_02658,data/raw/images/lfw_02658.jpg,v1,10.501649267971516,-10.245149010518311,0.021696969866752625,0.8377050523439284,0.25576052537438726,0.44865450228576426,0.8176903563281036,112.51527797567022,0.44865450228576426,0.33778188376324186,0.9908744412467217,0.9084410925321837,0.23044082428891272,0.2074596687857763,1.2360503847630744,-3.22033724023729,0.10334899116937585,-3.0408265767639406,0.25291036634314173,0.20539756858579714,0.07297555245516758,0.4979008272511671,-2.9102981245992665,0.06469014737171412,0.01846596813579146,0.060671703945509074
lfw_02667,data/raw/images/lfw_02667.jpg,v1,4.710355795919895,-12.604230113895854,0.012266462047894796,0.8289230763112053,0.24288742566348354,0.4511241368082601,0.8155560663667306,112.03056828846438,0.4511241368082601,0.33543295392718847,0.9900994869727011,0.9034620694267294,0.25013535491803757,0.2026676552128217,1.2596643691199862,-0.7869031960582621,0.10575412707046838,-0.22699500803451347,0.22664816760707077,0.1971643725664033,0.033415681159703205,0.375732614698625,-1.2784165982828386,0.005940944434684595,0.02848760236990581,0.09065073281043437
lfw_02668,data/raw/images/lfw_02668.jpg,v1,0.7890682867728174,-9.27745762466094,0.0033773481845855713,0.8797559552880566,0.25736696955814126,0.4411300346623273,0.791579742668527,110.94105466312345,0.4411300346623273,0.3284344414442864,0.9823488171698108,0.8833789967844566,0.16478955698112754,0.19551799901847033,1.2957802250964696,-0.12962466913214246,0.09487249933632126,-0.6232564454086766,0.2364044996519565,0.20397792823186944,0.004743217328174441,0.4300580751092515,-0.44513880383216475,0.05947113951019242,0.02237652682341642,0.05880146200611055
lfw_02671,data/raw/images/lfw_02671.jpg,v1,-10.778265751898289,-12.460040527223613,0.03308949371178945,0.8141494075573255,0.2414713623942048,0.44691830735792937,0.7912607887447923,112.18702439884727,0.44691830735792937,0.32646672146564587,0.9825749143792648,0.8818451293787789,0.30080000776727733,0.1955398620141174,1.3319463915256013,-1.5093066354284617,0.10708627863385628,-2.184808355064264,0.2239110323342738,0.19508251084557285,0.07760755240480133,0.3612768447305027,-1.2280717112116883,0.012945554261189322,0.03262668237188491,0.0876388371489914
lfw_02697,data/raw/images/lfw_02697.jpg,v1,9.012679673731327,-13.557204737445536,0.02325316270192464,0.8158464704443424,0.23539167329406963,0.4475331052837007,0.7885571072257452,112.47207189184763,0.4475331052837007,0.32483700122152454,0.9819342986270693,0.8791557038567746,0.2449590628051034,0.2097092572467,1.2526081681929617,-0.4189465717748591,0.11923577828675293,0.46520795649802493,0.240169608468695,0.19544719424204546,0.06372508992656953,0.40512566692629937,-0.6137190989042117,0.010541413301161939,0.029004506331205018,0.09377144747343377
lfw_02700,data/raw/images/lfw_02700.jpg,v1,1.737307632341981,-12.621470681654646,0.0027274638414382935,0.8714371560979564,0.24493495075422636,0.4551186831386927,0.832958494027244,108.49753947400534,0.4551186831386927,0.3342517774068304,0.9956964938677527,0.9207110818173359,0.264056346233757,0.1911110222961039,1.2299466681905484,-1.4606049474872975,0.10997645294148656,-1.4876935430831502,0.2127908644307909,0.1981221256520041,0.011837254049183114,0.3576565493493464,-1.5995841576189347,0.0015396058140804937,0.026624547702031848,0.08975464009516772
lfw_02708,data/raw/images/lfw_02708.jpg,v1,-8.63827233016491,-14.661737038878538,0.03386459251244863,0.8269187271471774,0.22997312020471453,0.4493246408003541,0.8055535052130306,109.78327439386631,0.4493246408003541,0.3258079530157084,0.9863123331477213,0.8951807487500033,0.25462323357493516,0.19989212796685427,1.3002472549509974,-2.365389505691432,0.12015761741121181,-3.072946035541637,0.2443139870178583,0.19452010781828274,0.06370422551518617,0.4593561685970298,-2.2761490488497436,0.013548002458204084,0.026995652336695874,0.07400499335503373
lfw_02713,data/raw/images/lfw_02713.jpg,v1,-9.390124551951885,-4.665926067033564,0.029890010754267376,0.8428734344433678,0.26801199354871214,0.4120868360123133,0.7843560707908533,111.39451785027619,0.4120868360123133,0.31404680374432037,0.9804965307673905,0.8764224143409232,0.2984384176306085,0.19536469680014498,1.2500628665474116,-0.10903545166313766,0.12626876567913883,-0.5796431310782438,0.22075227320384808,0.21242675386039747,0.06749689941540232,0.36834056383883385,-0.5813423013943892,0.00520897514604924,0.026345784648375625,0.08765500063105452
lfw_02716,data/raw/images/lfw_02716.jpg,v1,1.6853081490844488,-1.8086594741694917,0.013802429040273031,0.8476499647900376,0.2865327793760028,0.4124097704225203,0.7999756884800582,114.13530183583502,0.4124097704225203,0.3328782643094815,0.9840762403126979,0.8899615890490384,0.19510909197264484,0.20339369689462902,1.2768446755108025,-1.9748747533373807,0.0947451701269062,-2.5355679725851887,0.2542315506137718,0.2215266226705502,0.009154764571021191,0.46495513087470897,-1.592732545476799,0.049552782929621224,0.015442196063206954,0.05575963678544001
lfw_02717,data/raw/images/lfw_02717.jpg,v1,-0.31878127064555883,-8.713945682406093,0.0045424650112787885,0.8468997028473697,0.2554055743916496,0.4319281518126337,0.8126327194197972,110.53186238490964,0.4319281518126337,0.329745653567046,0.9895904015249759,0.9020700061477567,0.23174808014500933,0.1973762354915244,1.283114992861786,0.31662784981721614,0.10383885772978045,0.008514827637471164,0.23765860331452326,0.21116737772604247,0.001999166247514465,0.40970733664205894,0.2594271715036217,0.007754555292493899,0.022362764762770816,0.07192052213910916
lfw_02720,data/raw/images/lfw_02720.jpg,v1,1.7367995213717222,-14.510186674377383,0.005567719539006551,0.8261892598004951,0.23600645855323468,0.45938327573544574,0.7876074803227089,111.79292200289697,0.45938327573544574,0.32226976745590274,0.9862869803238439,0.8833969725921125,0.34616865330472435,0.19564611852155747,1.1983842585490592,-1.9853671808130433,0.11083953329596943,-2.2453546757039278,0.2108955408192649,0.18892632642341844,0.012932065958239642,0.3166710010923173,-1.8637227357555115,0.028387559318538213,0.03674163690987117,0.10491780498957344
lfw_02722,data/raw/images/lfw_02722.jpg,v1,-5.8053469732403755,-14.961075270127528,0.01334621012210846,0.8079011036398207,0.23460475682897272,0.46179488674886865,0.789674424102819,111.8909233177096,0.46179488674886865,0.3203122110058695,0.9859537968394558,0.885423276356536,0.3996429052333149,0.20082292680445726,1.190615464100189,1.3172372482321733,0.13097429241275674,0.9168482610026385,0.2131249290991773,0.18938321237019978,0.040412905418055305,0.354653358602894,0.02449923174672367,0.035981956054266115,0.03775231977780469,0.09327340219081309
lfw_02737,data/raw/images/lfw_02737.jpg,v1,-5.7065440490841866,-12.764935528928964,0.03270558019479116,0.7977546553879535,0.2392389914521847,0.44609615537847197,0.7977804794712571,112.8870712372754,0.44609615537847197,0.3205689275560052,0.9821998081597149,0.8882545582284146,0.3607049197256384,0.19476848996538512,1.2075476223727473,-4.6887943661773885,0.13133263188807412,-5.313494584625942,0.20794956346703128,0.19420045873739983,0.0414836041467681,0.3610655680282779,-6.157118950747166,0.008620348826453912,0.029392203052316237,0.08950191342642128
lfw_02745,data/raw/images/lfw_02745.jpg,v1,-8.39953262731433,-9.68650531930312,0.025289793809254963,0.853403361939145,0.25407294765839855,0.4397633145292782,0.81847237962486,109.66842668988964,0.4397633145292782,0.3241194103101432,0.9913168557192287,0.9099781623961736,0.27668891976648247,0.18569166393142408,1.2384804473530353,-1.3335260641328344,0.10264015010410961,-3.089808559287565,0.22267238044110133,0.20806240830372646,0.0601435903028257,0.42064252164993216,0.3707631652920789,0.015153010617850455,0.020427059745782634,0.07075318830337106
lfw_02750,data/raw/images/lfw_02750.jpg,v1,4.663195436820388,-5.760864329962556,0.006583323081334432,0.8693471283182942,0.27038139490780166,0.4264868845611377,0.8002186064583526,110.92023349155886,0.4264868845611377,0.33108851901603387,0.985269343017504,0.8907514332670667,0.2823592545277879,0.1987911074705722,1.2426730225538964,-3.8502122907771277,0.11731764576215786,-4.327039366566873,0.2255730855895213,0.21226700026000297,0.031093061547926952,0.3396005916870973,-2.9188905266218734,0.008515042108508272,0.030057996688203012,0.0930007846076013
lfw_02751,data/raw/images/lfw_02751.jpg,v1,1.2289961837232113,-14.788638193853009,0.005504791935284932,0.8499822184584195,0.23188068456713404,0.4544810226200909,0.7912785192960775,109.5461214423367,0.4544810226200909,0.32738378335017954,0.9816849251712192,0.8816719027331444,0.21114524281656383,0.19499727807424982,1.2784537378793255,-3.853882099803774,0.11266820232978067,-5.150153895190685,0.22446083339485187,0.1968927922569518,0.008238065158478464,0.35998914407278626,-1.6815330879048203,0.0059926725976621655,0.030736889466954236,0.09251136935887906
lfw_02781,data/raw/images/lfw_02781.jpg,v1,-7.231823813170195,0.739367063166363,0.02071152627468109,0.8252455335154067,0.2902309662904452,0.394102330201805,0.7822106204933148,114.5472476347033,0.394102330201805,0.313279972551005,0.9795418014420018,0.8740041481196585,0.3155154039576282,0.20163578913883037,1.2487634644120167,0.16110492691701916,0.10114279814145691,-0.9802312478987226,0.23017088389844648,0.21501965981100302,0.05148946997873818,0.3667096757392094,0.4077405230644614,0.000449810623664177,0.0246623744311958,0.08299072479483138
lfw_02791,data/raw/images/lfw_02791.jpg,v1,8.255741011351347,-9.616927882820113,0.02013460298379262,0.8786717801808213,0.25716154511020684,0.44436869732631057,0.8271355311807348,110.4553053269593,0.44436869732631057,0.33960808214168736,0.9926338871977264,0.9141894957590873,0.21084188146008917,0.20659336166909395,1.2287759688520556,-1.4001249674856295,0.11410697348137457,-1.4089079880851214,0.23771756365585486,0.20765198057812023,0.058638060494120015,0.44412408317292124,-0.7747025656899275,0.025745759739987592,0.018549986800363034,0.0739083521434775
lfw_02811,data/raw/images/lfw_02811.jpg,v1,-11.289313472807407,-5.811325488562216,0.032372827331225075,0.803874471872606,0.2701189055628825,0.4265761863623446,0.7829311948464888,115.12151349657742,0.4265761863623446,0.3256513786163828,0.9789735177883516,0.8762986018065462,0.2914822887677665,0.20771138983952475,1.307229285930774,-0.5954031183107983,0.11065148870591311,-1.8943911777669722,0.24420399457242442,0.2100785143761728,0.08074534151617603,0.49126875789457214,0.004375395661690969,0.08516946958132228,0.023527777932322223,0.04952192116477906
lfw_02813,data/raw/images/lfw_02813.jpg,v1,-3.2467998303472996,-11.411271946142708,0.01121730109055837,0.8944910835964364,0.2456401635973394,0.44319234399204566,0.8009872723120933,106.42814827389225,0.44319234399204566,0.31868707860443946,0.9869411556749449,0.8941356612043857,0.2938972656852593,0.19562208583520918,1.219894025496836,-1.1961194872213279,0.11667252699583308,-1.6342030798178846,0.21551882596643185,0.20101085981128453,0.02308081451047291,0.3805407360074586,-0.04170325394525808,0.015283426358059097,0.02633442230014859,0.08052892525086786
lfw_02848,data/raw/images/lfw_02848.jpg,v1,-12.812006749212742,-10.855814598790268,0.046108181277910866,0.819391390354576,0.2434072244825739,0.4333075245242911,0.8026102732580381,111.44169209116704,0.4333075245242911,0.3120070683034482,0.9868555846552964,0.8936330086598209,0.2635259314769963,0.18668363034455782,1.3068426714127597,-3.9680847830904358,0.10827852113574117,-4.85539213230563,0.2084808481281666,0.19649715336931783,0.0918778040064492,0.3479130316079837,-1.2978635870408273,0.005035215676572968,0.028055093846682477,0.07679031888317718
lfw_02865,data/raw/images/lfw_02865.jpg,v1,1.853037977591157,-10.912898566536182,0.012630050381024679,0.7873025101688859,0.25236984280380953,0.4498817040082409,0.7838788813701192,117.17454507849985,0.4498817040082409,0.35007356118309,0.9826257732761099,0.8752082580767229,0.2355739113128165,0.211009140407887,1.3145128354562734,-2.4906741987918193,0.10244171265452932,-2.1729647175302103,0.2645767735351384,0.19963550370947225,0.012278911390386714,0.40692536752938085,-4.04555957540764,0.04861542812743638,0.03544889025060477,0.09097693560575006
lfw_02915,data/raw/images/lfw_02915.jpg,v1,-2.6019817292690277,-9.980778364377583,0.021231700976689655,0.8530672418553944,0.24697422468772356,0.4305011203340623,0.8010307983909152,109.67272437465488,0.4305011203340623,0.31705116640591063,0.9860669855991949,0.8918099595678309,0.2933468024635651,0.19636604772475846,1.2705024142122876,-1.9860309596492165,0.12203061592955457,-1.8391035858419547,0.2192866480846437,0.19989075045403612,0.018487053761502927,0.3607292480968284,-3.6541193053743846,0.0047977926005971505,0.02559327459097489,0.08721173918577184
lfw_02916,data/raw/images/lfw_02916.jpg,v1,-4.0052204467356205,-8.511082585376387,0.015014077226320902,0.8770231542645737,0.2559242413706816,0.43072271825233627,0.8095525156075014,108.60853921781778,0.43072271825233627,0.3163926908467543,0.9888167812021244,0.9003091182011718,0.274212793229998,0.19341748266171324,1.262398875489703,0.5748318396139432,0.10797198526240605,0.092605196605027,0.21914685536228748,0.20161390616051802,0.02864208983468937,0.39118235696921183,-0.8510665895232897,0.012051510280315016,0.022969008203795313,0.07187826143181028
lfw_02917,data/raw/images/lfw_02917.jpg,v1,2.166260118596256,-12.170893123642422,0.011220132311185202,0.8206631300436514,0.24114618156005307,0.44318263092633686,0.8000762512043738,111.42928029809926,0.44318263092633686,0.3262497620771117,0.9855912284337061,0.8899026779709411,0.29501577892912023,0.1977251638499898,1.2968541689077049,-0.9908983726268493,0.11512401187547333,-0.6193540992489608,0.22700093900159551,0.19934798114507646,0.014719706580773427,0.34825578395987594,-4.950806020519425,0.01080084937180326,0.02934409166317655,0.07409113941611976
lfw_02923,data/raw/images/lfw_02923.jpg,v1,-11.127318240702152,-0.8020165830819979,0.03821545342604319,0.8438776292007577,0.2826212688769656,0.3975017743605721,0.7949571626620386,112.15693390013988,0.3975017743605721,0.3106839963774167,0.9834605392545448,0.8864868765666918,0.32851925996578224,0.1976013691752195,1.2341841122455794,-1.4013896374280703,0.11430543299225354,-2.2192700436285224,0.2275505542167369,0.2150216492343941,0.07902857958293376,0.39815097442269515,-2.86562518164077,0.00876683841416698,0.022747454353357777,0.07049003732337623
lfw_02926,data/raw/images/lfw_02926.jpg,v1,-5.0613815523684025,1.5303007427068007,0.021761576334635418,0.8884675252009294,0.2899926391784444,0.38676692104703525,0.7949565950427815,109.89970677019508,0.38676692104703525,0.30217094262746713,0.9850176023725224,0.8882367161834884,0.3162009628064575,0.19193521701811975,1.2523922910825052,-1.0661478138134373,0.10691089488047956,-1.6849778527616341,0.21341666760745648,0.21545743037200193,0.037510266220699105,0.33553153392551044,-3.086958099540945,0.009611555044110065,0.020204924107989505,0.0712113183151379
lfw_02928,data/raw/images/lfw_02928.jpg,v1,8.34829817712307,-9.621050238210614,0.018639360864957173,0.8608278549956057,0.2520565177017166,0.43559030159211043,0.8044084623449775,110.22288328046348,0.43559030159211043,0.31593246016578774,0.9865392217432698,0.897780658461606,0.2602165348348864,0.20529793761647652,1.1941197050502226,-2.0899914838233524,0.11522577014107535,-1.4912018387339303,0.2358631883826951,0.2014751325893675,0.058304589611757746,0.47878067155743287,-1.295719896865461,0.05310324637070443,0.01587747134696628,0.06216889554279778
lfw_02933,data/raw/images/lfw_02933.jpg,v1,-14.045289807021618,-12.639396089032909,0.04621915022532145,0.8131140717004088,0.23820251782867324,0.4428028763335178,0.8124971818924475,110.61039153029824,0.4428028763335178,0.3172282558148785,0.9922306161145648,0.9050053148790383,0.33630776750783103,0.1901508883000941,1.272224237218313,-0.2025389083115022,0.11838874545280481,-0.41780288428229234,0.2187155688748408,0.1950415338359072,0.10133972316823202,0.3825335055653231,-1.9647922684737897,0.0001347649280232875,0.031145697516084328,0.09597454845170861
lfw_02935,data/raw/images/lfw_02935.jpg,v1,13.717921569943428,-0.16463783306999752,0.040719072024027504,0.8589778590325597,0.2950681446795485,0.4090083670380637,0.7849702805838932,115.17539912844772,0.4090083670380637,0.317699803347533,0.9819871520276487,0.8810761628038819,0.21439970899831173,0.20762871988510817,1.1369636381687902,-3.239911028673307,0.09725195031240046,-3.2262441241151696,0.22963570885203102,0.21837055487535706,0.09646822503211658,0.43929285058390916,-1.3792727890523504,0.07859545553152486,0.012770588329779856,0.050876765515759724
lfw_02959,data/raw/images/lfw_02959.jpg,v1,2.529304627329111,1.3089729447125553,0.003358622392018636,0.803844790795713,0.292323019354905,0.3918382130447497,0.7860517225481983,115.2498210690933,0.3918382130447497,0.30484386630831406,0.9837570246669436,0.8810981597168113,0.3087982470689481,0.21895796164850048,1.2581674918147772,-3.421472082465271,0.12036698419831231,-3.2298697334273854,0.2392514199672033,0.21504180540456488,0.016381223368024007,0.42446111685822785,-1.4193379823295809,0.03860287805462709,0.025517617458640025,0.05719409109498009
lfw_02966,data/raw/images/lfw_02966.jpg,v1,9.416563354432583,-8.531450091801819,0.025150199731190998,0.8467973645000935,0.25728539877056306,0.43322318455967973,0.7963542248502201,111.17210520108056,0.43322318455967973,0.31913333922780607,0.9847582950908678,0.8878509669781052,0.30223808195557045,0.20562626549768065,1.2064997566075717,-2.395388783302715,0.10494318652017161,-1.7534211811287936,0.21840097494886332,0.19940459278795122,0.06790391284981827,0.3469049904616301,-2.6288066828981815,0.010033478279413522,0.02896271176971181,0.0866483051655717
lfw_02977,data/raw/images/lfw_02977.jpg,v1,-1.7677284255623817,0.881333324364208,0.00239257017771403,0.8650581521954438,0.2901361919474853,0.3927037698039485,0.7757038914230214,111.63569471563137,0.3927037698039485,0.30619231351230286,0.9770558617838353,0.8686224919720199,0.3169076120268915,0.20079597838618665,1.2320715423091468,1.937283929037667,0.10756799293796536,2.238148145721097,0.2164288124902489,0.21985717599783497,0.010710273282846784,0.3540339212704871,1.0100071496333076,0.013057383806749302,0.02213798453403693,0.06645236847679756
lfw_02986,data/raw/images/lfw_02986.jpg,v1,-14.303568564355373,-7.505798077909014,0.041425143678983055,0.8358651712158758,0.26371659599743164,0.4333915032834525,0.8034844634873294,113.74917652089098,0.4333915032834525,0.33444837168677227,0.9867445861845162,0.8945281200804484,0.14287399132934261,0.19225044668130906,1.3735056435484172,-0.9135807312100586,0.09330402764687279,-2.3765198419911204,0.2566601824267365,0.21063117442072618,0.10262379443110384,0.49495604373014923,0.5565479475900245,0.07576994633600567,0.018762116957914087,0.04488322703480324
lfw_02991,data/raw/images/lfw_02991.jpg,v1,-12.95202101022005,-14.582525915198957,0.028659005959828694,0.7875951207525017,0.2308752510690991,0.45020197502549136,0.7897156216941295,112.98009518586323,0.45020197502549136,0.3185700034056254,0.9826818295186599,0.8819655493127905,0.37484574766877793,0.19904995713769785,1.2293486564513998,3.0865812628014555,0.14051756918270422,2.6979385089439467,0.22239162786484248,0.19616507855344176,0.0917544406733355,0.40036757887779895,0.6606247529968464,0.020392040557322407,0.028483856041747285,0.08960559143027724
lfw_03002,data/raw/images/lfw_03002.jpg,v1,-3.377655789256096,-6.902565156408251,0.014645422498385111,0.8806786189685211,0.2611081764177988,0.42304405111400417,0.8025839973392552,108.4811244672613,0.42304405111400417,0.3178532304633045,0.985807246207857,0.8934376627753731,0.1985481361633464,0.18585750656565536,1.254933742432147,-1.6528691874429093,0.11002297601022037,-2.2966861255248125,0.21401710849662375,0.21389895727750166,0.02477527134778188,0.36946843028511017,-0.8911031382311214,0.008525143452479563,0.021070367226315834,0.0732973061312132
lfw_03005,data/raw/images/lfw_03005.jpg,v1,-2.838452149182558,-14.68072541654689,0.012250294287999472,0.7962878972693178,0.238281569918246,0.4657771245593162,0.8260895046900032,114.60119716291914,0.4657771245593162,0.3374224304061581,0.994836422682168,0.9165813131011948,0.2556488244293087,0.2009831783585765,1.2718999072647919,-0.3068614710852155,0.10989101841681721,-0.6347604817767046,0.23547938452463385,0.19102818899377724,0.020082888398711286,0.4551504005507451,-0.6331778020121858,0.04970558221282821,0.02719304940595996,0.07703041370705728
lfw_03023,data/raw/images/lfw_03023.jpg,v1,-14.680305741727352,-11.627661357566941,0.04882730543613434,0.821894530810106,0.24592671575365857,0.4460419995547354,0.8179764753538269,112.8845672296222,0.4460419995547354,0.3281355264731636,0.990961417356453,0.9088062673323153,0.22389983062953253,0.18603356078270855,1.3043887313064353,-1.0737331427699215,0.11088425029561422,-1.6407816240567845,0.2234308908292075,0.2012421196414395,0.10596550047905513,0.43450148860012905,-2.8403911588689055,0.04507861688042738,0.019294092258479723,0.06915319017435757
lfw_03046,data/raw/images/lfw_03046.jpg,v1,2.1578047815710306,-14.87379352111338,0.005143885811169942,0.8687126586133649,0.23365163814048162,0.45892182518219243,0.7961449419119971,108.69712327306578,0.45892182518219243,0.3202170233388307,0.9825984976893974,0.8880041794210434,0.2462550790927023,0.1892702494947452,1.2178937109341155,-1.1760102811860171,0.10838406814083314,-1.121286022857553,0.2078053783119189,0.1941360130088459,0.015669364463916657,0.3769286089873299,-2.2074388174398614,0.02635910674510567,0.026618105463736014,0.0770326312104494
lfw_03047,data/raw/images/lfw_03047.jpg,v1,-3.124893581494689,-12.85002910425222,0.014321650067965189,0.8686993096536674,0.23919063985480118,0.44693509654612584,0.7970080144978392,108.66045169069491,0.44693509654612584,0.3177030401274208,0.9847516705375886,0.8886036301099963,0.2615281838480528,0.1865796288477538,1.2946628656050991,-0.354812709101489,0.10787363885938106,-0.45841496856676134,0.21310435899399735,0.19556022238249587,0.022213175432732806,0.34763914441994515,-1.4859388867799488,0.013890549941680475,0.027828712736922626,0.07624801707568955
lfw_03052,data/raw/images/lfw_03052.jpg,v1,9.939882449805737,-12.247013405272424,0.019922574361165363,0.8733364876071323,0.24103840629868054,0.4438063911334869,0.8102036907387128,109.07772856431103,0.4438063911334869,0.3123195899573272,0.9883234533391495,0.903681902737057,0.2627506699933291,0.1972379361246775,1.1368027476673592,-1.1822440287486602,0.11319364499141724,-1.2146498871521345,0.2166778949110642,0.19753763940530092,0.06951672743840481,0.44798135572675174,-0.7433251905002853,0.047157476163150025,0.013126994662714364,0.07151827408221159
lfw_03065,data/raw/images/lfw_03065.jpg,v1,2.597875887528062,-1.737738574587525,0.004497359196345012,0.834064655492129,0.28332540920504146,0.4071297662541507,0.7817640146319846,114.40326538525309,0.4071297662541507,0.31356879396918885,0.9811998571336231,0.8761327285660239,0.26339558702116345,0.19957320123989422,1.234132551026078,-1.1845029580515851,0.09711827574594714,-0.7873088635519592,0.22467797687947233,0.2144329074352901,0.017081429624731356,0.3662576439768497,-1.5277823017304417,0.024693675851566024,0.021892214748364093,0.06976266770594264
lfw_03083,data/raw/images/lfw_03083.jpg,v1,11.996357582509518,-13.77454614989967,0.03211375077565511,0.8500100983788107,0.23673225167943768,0.452496245228653,0.7998553495579005,110.8191833416765,0.452496245228653,0.32813955937271605,0.9822752833273913,0.8885054514028159,0.18536118558921347,0.19673669137860608,1.2167030308449656,-0.2673664806546156,0.10315508643433573,-0.20249784014368674,0.2267262601412289,0.19929242439682948,0.08479201387221945,0.38726330979920176,-1.746411928665415,0.011415539653452067,0.023154310163941202,0.08249523411836766
lfw_03088,data/raw/images/lfw_03088.jpg,v1,13.328361690044403,-14.8999547812276,0.038422023256619774,0.8157714735056888,0.23225809703226227,0.4564814430256821,0.8006139516067804,111.3780593307661,0.4564814430256821,0.3243574987163992,0.9827127450934918,0.8900603009214553,0.29044832327072956,0.20083379633204965,1.162151743077382,-0.09097226635047606,0.12138062418262718,-0.1078386928548037,0.21764684018492497,0.19604794766544484,0.09517264092926045,0.3838152887826947,-0.7377925662944974,0.011714491788882226,0.028386278580624112,0.08985118788037325
lfw_03102,data/raw/images/lfw_03102.jpg,v1,-3.5710261277854443,-4.877525844759118,0.0108852485815684,0.820080022454149,0.27185528720973745,0.4200601755468371,0.808465269889283,115.30064146960066,0.4200601755468371,0.32007382986239513,0.9915313619782073,0.901307984011119,0.26857308066330243,0.1931500286953711,1.2499434339288902,-0.6964942785881295,0.11045914694858468,-0.9376369824915846,0.2182202552514217,0.20386068863044804,0.02507558919457725,0.347691855226775,-0.7204469669621881,0.03615630512620853,0.02577430975089986,0.08009958300222975
lfw_03179,data/raw/images/lfw_03179.jpg,v1,6.562359262257814,-4.864116693825105,0.008157069484392801,0.8206532820609637,0.2723991539592037,0.42076907962990046,0.7989819942091595,114.60225824873667,0.42076907962990046,0.3180545141238042,0.9835821579869702,0.891619588804131,0.24857682129878242,0.1967962331444134,1.2212288247470708,-3.926015807844778,0.12048926681660983,-4.379903717700849,0.2259762993535834,0.21283597182736663,0.04159544578001738,0.4373342805260991,-1.6662011409705606,0.06308608708781861,0.01697528575740456,0.05524198202069765
lfw_03199,data/raw/images/lfw_03199.jpg,v1,3.676094038411975,-11.61121106082324,0.005693917473157247,0.8108652691740537,0.2453096824793831,0.44474547730372893,0.8069964041296416,111.82966025575669,0.44474547730372893,0.31849525587849825,0.9886222858058565,0.8994720022949341,0.3308489543974975,0.20278207068463328,1.2105412489771632,-2.2139008428987452,0.11350519487210652,-1.6909309244681192,0.2241135879683256,0.1995689145313778,0.026015349514616176,0.41803278802874094,-3.2597438504396608,0.019233017162065554,0.02577961756647095,0.07800067622870915
lfw_03215,data/raw/images/lfw_03215.jpg,v1,-5.085748851299286,-10.752897659309406,0.01096774140993754,0.8326186695762633,0.24228425775292808,0.43023954441862294,0.8074715938103044,111.08522977280079,0.43023954441862294,0.3307399261266273,0.9861514196057726,0.8953349958304142,0.17437389047303345,0.19732423790077383,1.3729494833641103,0.9003467905627548,0.1446154652518964,1.1291077369199645,0.25672765633128025,0.20981428440484484,0.0360393686470497,0.4158910114125991,0.8144164644048694,0.006070036183620283,0.027411686989744215,0.07730289279224287
lfw_03234,data/raw/images/lfw_03234.jpg,v1,0.2001931063423399,2.181152316358571,0.005942667524019877,0.856993007588784,0.30051685546499124,0.39493472200928287,0.8074142755925162,113.940214318038,0.39493472200928287,0.32609371423919803,0.9884603563009604,0.8988623859145607,0.222683528575312,0.205133999659866,1.245456087440017,-0.860270559477552,0.1090348143867738,-0.6455163690894075,0.250322672882685,0.22597874937267787,0.00015565176507132222,0.45794077152599255,-0.9932871904505768,0.034969043782630015,0.015065900084434236,0.06210800142553138
lfw_03248,data/raw/images/lfw_03248.jpg,v1,2.0254000229761004,-5.869263310269575,0.005432451764742534,0.878624791979303,0.263717870786955,0.41703274667424367,0.8049453962980617,108.37718118835909,0.41703274667424367,0.3179609193801105,0.9838759340332252,0.8940708373837143,0.25509107744874465,0.19057763256900484,1.2288241272498936,-1.8862423588753643,0.11866030290364726,-1.7950671463724535,0.21727546325800093,0.21445603754601467,0.014225803234092557,0.3573027791337252,-1.7037390050001062,0.0011677157031596292,0.02169874058370258,0.08007355912500352
lfw_03249,data/raw/images/lfw_03249.jpg,v1,-7.708858910948038,-6.93427494941187,0.026389365394910175,0.8549177671175109,0.2587943259426374,0.4196083081325846,0.7982709254890378,110.51783764347762,0.4196083081325846,0.32205363229881473,0.9835530603497991,0.8880657255759812,0.16857647839232853,0.18995064103828904,1.310093274443686,-0.7023573799045144,0.12027829204623128,-1.1868114202808018,0.23145810808598488,0.2158009128212169,0.056039122460911195,0.3993829297409397,-0.37676539028780687,0.020172096765571305,0.019928070670669887,0.06107986990091718
lfw_03254,data/raw/images/lfw_03254.jpg,v1,12.647455371916294,-4.162715628011289,0.025553569197654724,0.8597270687077762,0.27241094625906714,0.4139811631404745,0.7774958988882957,113.16559467178502,0.4139811631404745,0.3204683953488945,0.9762330693916087,0.869591274414562,0.19579022830901543,0.21467570583107945,1.1971836831893412,-3.7472087237008527,0.10527713348019994,-3.4347127241691835,0.24871204333855912,0.2125853500483597,0.08841178513721401,0.4514066493564524,-4.007402849373005,0.05989417071280954,0.018707994430719552,0.05568805199577796
lfw_03255,data/raw/images/lfw_03255.jpg,v1,9.125045321881771,-12.506901240222733,0.021379550298055012,0.8699746997916643,0.23891559812702753,0.44269405502666415,0.7932733272413688,108.86228460524715,0.44269405502666415,0.3162967948281063,0.9816482593280869,0.8832672063684565,0.3342229135310058,0.20528833535617708,1.176969644197637,-1.6254379647032582,0.12190307149171738,-1.4358853593431564,0.21381389335718917,0.18979687157822092,0.06387245105713116,0.3392330300415613,-2.1638298660464135,0.012747833921246862,0.029171336991250022,0.08930355807136886
lfw_03298,data/raw/images/lfw_03298.jpg,v1,-12.903165712952614,-13.607319643933206,0.03922577202320099,0.8132007090007087,0.2355605786386242,0.4484066518526853,0.8042391161160055,112.05700780788142,0.4484066518526853,0.3249045750494438,0.9881883919548409,0.895593905600009,0.20417663578612863,0.1908828703442726,1.3459107372856294,-0.1827250479593729,0.1211600680157317,-0.7415769636726548,0.23219431419381772,0.19895329096067899,0.0935505395863738,0.4336467662736157,-1.354192298232577,0.04453356202682073,0.024650055169387956,0.06631545579577021
lfw_03299,data/raw/images/lfw_03299.jpg,v1,-3.7793386671692133,-4.506522006815038,0.021768644452095032,0.8292503009233743,0.2749044749759579,0.4211203359430074,0.8129459395118189,113.58161629105022,0.4211203359430074,0.3332677182930571,0.9912933016233388,0.90254137918667,0.2716551819779091,0.19386407361430102,1.2702897725226676,-3.3303513578682744,0.10547114003193596,-4.088409301640071,0.23585990972491253,0.21554410911947192,0.028355068596766682,0.37682108661386415,-0.610800417254361,0.008895968279886677,0.027556640404349617,0.08266115869375762
lfw_03300,data/raw/images/lfw_03300.jpg,v1,-13.234710417687893,-14.151335806704603,0.03180398543675741,0.8094759408651412,0.24021100950551885,0.4634340573860201,0.821223570481099,113.23030558372464,0.4634340573860201,0.3380041459175693,0.9940299097440691,0.9126193331412442,0.2795504206564818,0.18999218585113178,1.2333982379435697,-0.7148892549468429,0.10567620475324184,-1.9122832867256756,0.23154978509359553,0.20054104093078912,0.09344711381537063,0.4772493391023061,0.5038684417811695,0.06495609325255743,0.019579146646291012,0.06782091509861511
lfw_03306,data/raw/images/lfw_03306.jpg,v1,-6.618913002312183,-12.676119425234413,0.02345454196135203,0.8231902617338224,0.23437958387624025,0.43608738003953473,0.7935328701200397,108.65817360977921,0.43608738003953473,0.30474490602890636,0.9841788003346945,0.8858250616823053,0.3589850938816462,0.19969780079447635,1.245195339190938,-1.4112675483804622,0.14519737996435952,-2.3231675027471987,0.20741044316306442,0.19751875055645637,0.04908163160651677,0.3839265910059942,0.48182197042614894,0.0037481248741024842,0.028196746041172425,0.07600681082258415
lfw_03308,data/raw/images/lfw_03308.jpg,v1,-4.5384799763560295,-4.849176584318051,0.018601730465888977,0.8529661889606805,0.26803774917178824,0.41388812619751536,0.7917601621097717,110.22658828288921,0.41388812619751536,0.3089382162666296,0.9822601554201199,0.8840058663626729,0.33377196858229863,0.19861590587123307,1.2107224146782953,-1.7746506577374335,0.1277772469874767,-2.5619739159452526,0.21752379602326485,0.21009813729514012,0.03340636974874072,0.39901040911093444,-0.6995775719070324,0.006476063628032117,0.02411412475967612,0.07711405922503052
lfw_03335,data/raw/images/lfw_03335.jpg,v1,-1.3889152184128761,-14.516865405158125,0.01161898672580719,0.8846222241009747,0.22973149341308002,0.4472431753704017,0.7918074901718076,106.2751588384936,0.4472431753704017,0.30250397978335963,0.9851200854173603,0.8885513173550692,0.2277072574550893,0.19618574218672225,1.2137799113285908,-1.3115279670218938,0.12734443926859482,-1.452633473134204,0.22129366301329997,0.18945773263352925,0.009855690668811617,0.47425181459657856,-1.6437367961975966,0.05756827531878356,0.022401848734283598,0.07179295039899403
lfw_03348,data/raw/images/lfw_03348.jpg,v1,1.173478220589459,-8.99103812833227,0.01084547241528829,0.801147423896766,0.2559464870853376,0.4357082903197556,0.7951221085813808,113.95870410491976,0.4357082903197556,0.318516940626453,0.9829938553560194,0.8873456832729316,0.3792431410858023,0.21201880417746477,1.207679858335501,-1.047814245784146,0.12890635122645244,-1.46984702052596,0.23182413027656015,0.201201986985395,0.006976575857084814,0.4717739703006262,-1.8737277626812394,0.04971723977283426,0.022282036400554102,0.07379734835888148
lfw_03361,data/raw/images/lfw_03361.jpg,v1,3.4652648996561766,-6.660715497153619,0.02049984037876129,0.8710130872684052,0.2583750815096015,0.4162409051800699,0.7756856320971189,109.6681637551109,0.4162409051800699,0.30015524253112863,0.9790231961820798,0.8684134830788403,0.3105896484328648,0.21107123874798728,1.2284673564057262,2.9987118071009204,0.1290698411814766,3.709841325728096,0.20308867540394143,0.19794453938332843,0.027481964926115744,0.343020984507852,2.901813403719897,0.008913120340532155,0.031022307886022265,0.08875442319656658
lfw_03365,data/raw/images/lfw_03365.jpg,v1,3.814707264304161,-0.30040943789429964,0.007337401310602824,0.8492299041938236,0.28304154017469063,0.39355548092225856,0.7695098343694322,111.37400687626946,0.39355548092225856,0.3039460480994786,0.9756440451969585,0.861563387308484,0.3772606329808965,0.21593189638724405,1.224278179761915,-0.7426597244521208,0.14677711705207572,-0.5319643348484675,0.22176560005466608,0.21478183655361496,0.02644655114536698,0.3378471929198736,-1.5066050789666106,0.004672576883924364,0.028413038383703525,0.07314890241299042
lfw_03366,data/raw/images/lfw_03366.jpg,v1,7.998406492173672,-14.948130668052269,0.014380315939585367,0.8544077404228679,0.2281065499564505,0.44885934583691955,0.8094735721718825,107.54612994181718,0.44885934583691955,0.3141404503285778,0.9900322807036241,0.902659500006328,0.2812182182942894,0.21711987709335992,1.2494959420719467,-2.0091458358113212,0.13419960026744576,-1.8995427972957204,0.2436919044499312,0.18910670570946173,0.0557574552959224,0.49819619904763685,-1.1946992264238132,0.06438025586944926,0.02456753958404737,0.05021050107665621
lfw_03371,data/raw/images/lfw_03371.jpg,v1,7.090900115668774,-5.685984979425152,0.016633987426757812,0.8924831644164032,0.25996808640857916,0.4093438085493232,0.7830483241302514,106.86206284487204,0.4093438085493232,0.30016126085227346,0.9806893938317766,0.8770233430834102,0.3035915407766957,0.21239786738464986,1.199737297663292,-1.5743244302781747,0.12330580816207394,-1.2503276724033114,0.22224491457380635,0.20448282863569903,0.05039571518206854,0.3865407086033052,-1.8689731085350005,0.005440162998197827,0.02592971766063012,0.07976967200924626
lfw_03372,data/raw/images/lfw_03372.jpg,v1,2.5348569341003895,-12.104539100948111,0.004131108522415161,0.9193491026461688,0.2427615902702227,0.44543159218735556,0.7939209270301067,105.28157152960434,0.44543159218735556,0.3169867835005525,0.9831809904750938,0.8878405542830474,0.23195283479207787,0.198802402300989,1.211110374493295,-1.1158972390190933,0.11096791462367914,-1.7138809631524066,0.2296598289153153,0.19992844022733078,0.017306883161343586,0.46809588065270613,0.05418543079540773,0.06740531927213118,0.019653927390536927,0.05575664542362524
lfw_03373,data/raw/images/lfw_03373.jpg,v1,-1.2542565157637,-11.296475036932994,0.010982885956764221,0.9335861450448896,0.24549554178430774,0.4417023349761361,0.7871558363440431,104.68891101167843,0.4417023349761361,0.31621141071656034,0.9807141956165425,0.8807139878341191,0.22703920308132938,0.19849854489849095,1.2392103948507092,-2.0037087026879425,0.10800025435654896,-2.733457384176546,0.2282581443935982,0.2008578180908915,0.009333757659642013,0.45450528318573813,-0.7112069441945358,0.06453489585108696,0.021272323104815697,0.056580171624938086
lfw_03402,data/raw/images/lfw_03402.jpg,v1,5.480933390557766,-4.384194815546249,0.008667975664138794,0.8226242588278728,0.26539652039964645,0.40540111089588865,0.7606884774427916,111.12456335258506,0.40540111089588865,0.28231693800113805,0.9760915976334963,0.860143742795489,0.3879623219956963,0.2109603636387383,1.1869208086495284,-1.4426516253420116,0.14588715098672062,-1.932125293693459,0.21293049700652847,0.20619931043397108,0.03789936577155347,0.393957675691023,-1.6825839309106518,0.03752230733018421,0.027906562628731122,0.06486860222065735
lfw_03404,data/raw/images/lfw_03404.jpg,v1,-7.583818752318621,-12.106968502618713,0.02651377518971761,0.8238201487459762,0.2387934967016914,0.4381766047172434,0.7825342345180295,110.93080550984253,0.4381766047172434,0.3180356094656539,0.980440781001683,0.872962172872941,0.32323072294581945,0.20054532047895757,1.32558521693293,-1.9323237886082554,0.11556084728170715,-3.2393955228732554,0.22640589868771466,0.19251780447162184,0.055059588649114734,0.34195656070789043,0.4103801453083359,0.005632645954647953,0.03313366037847718,0.08473654152297497
lfw_03406,data/raw/images/lfw_03406.jpg,v1,9.261466227471828,-3.385983873686832,0.013321846723556519,0.8240718534392284,0.2818767595022843,0.4207268985134967,0.8262300260329453,113.82474850514907,0.4207268985134967,0.323065423959769,0.9955792491754349,0.9181407750676275,0.29473477768180995,0.2048226577276268,1.2036397123684857,-4.295857216725356,0.10653715380054236,-4.936390970683016,0.24046961503701167,0.2142117204050146,0.0621773432998555,0.4819347238793494,-2.875736342358445,0.04810509286716,0.017930812906047304,0.06080204950019892
lfw_03407,data/raw/images/lfw_03407.jpg,v1,-6.7212529219686985,-11.271385893935072,0.017812560002009075,0.7742852754952106,0.24348943329097386,0.4378271886571892,0.7844673899840353,112.99452025601337,0.4378271886571892,0.30222350008808013,0.9841773753114655,0.881896835423112,0.42237647535743256,0.1931082389177793,1.182369655583346,-0.40821098339765094,0.1408303513257368,-1.0571665193979876,0.20062686768951085,0.19819547032290596,0.04763590666732996,0.32665013168594503,-1.8948914823901564,0.019842472296688247,0.036861796584234816,0.08850717838967898
lfw_03409,data/raw/images/lfw_03409.jpg,v1,0.26548911770805717,3.0027748110961046,0.001004422704378764,0.8057540772323609,0.29447366778802075,0.3798695300369276,0.7673021804736282,116.1004602276863,0.3798695300369276,0.3043791861858774,0.9757590224853966,0.861433969281154,0.2625984932935424,0.2058603888938122,1.22345499442562,-0.7225504471423785,0.1325020460464853,-0.42958002883067936,0.23571042018608826,0.22318460777194754,0.0020689851150230976,0.3625705402973043,-0.3859427485029667,0.00927941735362115,0.02520241955203095,0.06948083968288213
lfw_03419,data/raw/images/lfw_03419.jpg,v1,1.8524849731475115,-11.130108254667483,0.004675472776095073,0.8258662317417346,0.24555363543890005,0.4400331325180385,0.7941978481728349,111.42953343970439,0.4400331325180385,0.3154730454680097,0.9838656142697746,0.8867757010586652,0.3171080961624558,0.20429596677101383,1.2159603796286589,0.23500068226948775,0.11930012609813287,0.5022827759678534,0.22304695995541204,0.19791445937115706,0.0136174499563424,0.4047066308488328,-1.0108767969483337,0.012690972283888487,0.027280382667558705,0.08660004991927463
lfw_03443,data/raw/images/lfw_03443.jpg,v1,-6.440608330070972,-12.498206356456398,0.01765693227450053,0.8105468239844817,0.24708143047127892,0.4577274828334157,0.8253572961042056,113.4739096946004,0.4577274828334157,0.3510673130954256,0.9925093062171938,0.9111238795191801,0.2600483988577374,0.1990068819355748,1.280729169408607,-0.1803259214889336,0.12640219062279262,-0.5480644627199791,0.230059679313965,0.20790252645164603,0.04577881029139525,0.39109236896961425,0.4388691931566638,0.003547737535877273,0.028592369312676957,0.09459078777988567
lfw_03444,data/raw/images/lfw_03444.jpg,v1,-2.0142074497416615,-8.232578949357396,0.011216903726259867,0.8922982536808852,0.2467860739537422,0.41260584316615795,0.7965017127870253,105.21408003484497,0.41260584316615795,0.2972003827154914,0.9882691664000234,0.8898658169530136,0.325292498380468,0.20395107364341397,1.2684404793676711,-0.7235435887297643,0.14273288071175133,-0.8892475246083729,0.23424773778067995,0.19960426853734714,0.013821911549940571,0.40830592747626687,-0.7994157242274709,0.0033150146658005126,0.029475442201472614,0.08214004983769589
lfw_03446,data/raw/images/lfw_03446.jpg,v1,-0.9961627637967467,-14.717321734688399,0.00407731036345164,0.8968205067004457,0.23615674382227447,0.4620431454826598,0.8470822234486364,108.17955175819706,0.4620431454826598,0.34404864013939324,0.9978453705342646,0.9318893197883976,0.10687659950971806,0.1903225104496956,1.314123538009146,-1.0643564531968752,0.10099685790391406,-1.3641446627278824,0.2431659260593791,0.19733602467624892,0.006515622179430385,0.46951608094311076,-0.9001792559356457,0.019176465347530463,0.020644942354355683,0.07176759641832293
lfw_03458,data/raw/images/lfw_03458.jpg,v1,6.566554371267557,-12.112675765132249,0.023099690675735474,0.8729907470062597,0.24786776968096855,0.45489071826027033,0.8153327583017957,110.2444703464766,0.45489071826027033,0.3429842573066775,0.991314721211369,0.905545496719622,0.22729286674285323,0.19551789588488988,1.2061396844821977,-0.8091281831250755,0.12256498997149838,-0.9692812392992745,0.2305306373229639,0.2051135833197812,0.04841597602275323,0.34171031669305174,0.5931701774711825,0.009768957260882916,0.031071582069491885,0.09860729818632435
lfw_03478,data/raw/images/lfw_03478.jpg,v1,7.942162077873945,-12.393018753952498,0.020379299918810528,0.8523632321928162,0.24265183072648844,0.4483697475720429,0.784367433784665,111.60376807831737,0.4483697475720429,0.32845991789601126,0.9840852878699659,0.877587841128463,0.2664303787822066,0.2050883469904709,1.2320955075003555,-2.3084905672842564,0.11630689609802648,-2.0617306658053574,0.22795565302811263,0.19053560303843387,0.05668236800563527,0.30138895499804635,-2.667341854537964,0.029341440156395265,0.039585038830965466,0.09291631040401854
lfw_03479,data/raw/images/lfw_03479.jpg,v1,5.900126080960035,-3.6869981172051003,0.0160989910364151,0.8556247927110262,0.27475286786976005,0.41296050562348735,0.7915793048803369,110.99299681657403,0.41296050562348735,0.31610458723349305,0.9844737180628711,0.8838135862759273,0.310776673753293,0.20397534989748756,1.2106799344506118,-1.7400243571876437,0.1047633167989383,-1.3205744425731343,0.21924138662115572,0.210655454846559,0.04238878654782646,0.3347830122532742,-1.4647629366564914,0.004150757878120508,0.02936071404486346,0.08431738541953954
lfw_03482,data/raw/images/lfw_03482.jpg,v1,-5.606186885386705,-1.9182577758146466,0.018385161956151325,0.812101087981567,0.2832243267309981,0.4086755338285307,0.7808715054994764,115.64206237585272,0.4086755338285307,0.3188960311039057,0.9805368393926627,0.8754197320038799,0.28219912093019117,0.20387162461358074,1.2840725503405914,0.833217983043729,0.10760657167610356,0.6061522854092958,0.2424058146280306,0.21529265529340866,0.04102321749718491,0.43609243063373243,0.3177021006691281,0.059851030968079075,0.021094440485557735,0.05788107311247482
lfw_03501,data/raw/images/lfw_03501.jpg,v1,-12.446719720959663,-14.234363865197992,0.039651756485303245,0.8596255878602781,0.23319503002737124,0.45082254783999426,0.8239626833263575,107.40992458121329,0.45082254783999426,0.33153124202837375,0.9962660615828423,0.9149586716488795,0.28486010005955636,0.1851367037786089,1.3139571185173107,-2.7148310861772718,0.10645605915275112,-3.2625011736591474,0.22871224711503732,0.19923980436908661,0.08917218258979498,0.3627062315881151,-0.5121675934482223,0.008769862731697836,0.03301075195234893,0.09667028967458824
lfw_03504,data/raw/images/lfw_03504.jpg,v1,-5.298488594591618,-7.307775821572134,0.0304743895928065,0.9130250174257254,0.2680054836283756,0.4383857008446498,0.8264419671896983,108.16659039817324,0.4383857008446498,0.3413003115244325,0.9913669807405779,0.9139276265060426,0.21324022267027365,0.19468806459394813,1.2377450710089404,-4.925145720910686,0.14354094339478252,-4.6808401619503,0.2282286359302013,0.21941421362197872,0.038558794741099287,0.4382986940460235,-6.490994244484433,0.04586156382173102,0.016422880951012003,0.04643998557128679
lfw_03520,data/raw/images/lfw_03520.jpg,v1,6.021627835929394,-13.40444339636216,0.015956198175748188,0.8818258372847649,0.23325828222114298,0.4418148914014873,0.7842549379497249,106.3542705103662,0.4418148914014873,0.30486818866944293,0.981166726335749,0.8783830397051553,0.3272936349992256,0.20991700174292957,1.1952209535130962,-0.9616844376476095,0.13766922057885617,-0.4960110665091598,0.20973118990529588,0.19076886920875358,0.04377223490185109,0.3618765872895185,-2.7186185057841863,0.013925349550877403,0.030175043796017115,0.08034840630221964
lfw_03536,data/raw/images/lfw_03536.jpg,v1,0.37528728204779327,-12.087619367660986,0.006246517101923625,0.9729272554385678,0.23658097028382627,0.43391250432094874,0.8128142907859666,100.15336336177039,0.43391250432094874,0.31933486037180897,0.9915678115307383,0.9038916084731031,0.2757830030755033,0.19832170909550859,1.2190004707974138,-0.8236943250626386,0.1425991325895876,-0.9290746640951782,0.22609657436288025,0.2017922176332879,0.0023560890819350456,0.3609338941136259,-0.5749106198785968,0.013987232223431125,0.027172911581935133,0.09227286206671624
lfw_03549,data/raw/images/lfw_03549.jpg,v1,9.808024182915688,-9.459836250556178,0.026848291357358296,0.8224453896597653,0.24540087899739352,0.422456535978042,0.7644129700231939,110.9081669823457,0.422456535978042,0.29322718598471204,0.9755274251818296,0.8614425032609254,0.3265906180658075,0.21811873069709906,1.1656997258142483,-0.17637730864166845,0.15640642945824865,0.8178945815406695,0.21894363581831017,0.19924602161331198,0.06990979781173066,0.425058356922795,-1.1669683582887025,0.04690429794903723,0.025314681157272048,0.062007539880766606
lfw_03555,data/raw/images/lfw_03555.jpg,v1,1.0725382966920733,12.416324416534025,0.005784372488657634,0.8640768061693148,0.3337970888329849,0.3488423501204785,0.7614048563363117,114.42257441038366,0.3488423501204785,0.2948462086388793,0.9737729559881216,0.8578907789053956,0.35017049585738486,0.21308520507017836,1.1459148498993084,-1.7443241304798323,0.1263507522073704,-2.127301108200552,0.22673265003286747,0.2326494270505125,0.006647951605096212,0.3685082354350127,-1.4531075314628015,0.018947035906819915,0.022953086427976842,0.06557993898766003
lfw_03563,data/raw/images/lfw_03563.jpg,v1,-13.088608212769032,-14.579257059763233,0.05601519842942556,0.8601014629784599,0.2331735706321335,0.45464658232801414,0.8159803707269362,108.63466105923813,0.45464658232801414,0.32245167975397443,0.9924699155486864,0.9065141796289088,0.3213324255448813,0.1970044295142494,1.3366483862531073,-2.5604433881999658,0.14051372757285724,-3.314555543736867,0.2238781217396232,0.18904053421317593,0.09526783363052112,0.4329099133039808,-0.90834578088699,0.059089252879238,0.029350510570806503,0.0573386068209973
lfw_03565,data/raw/images/lfw_03565.jpg,v1,2.8154121581465006,-6.470366229523734,0.008168160915374756,0.8612820193462509,0.2582833781125634,0.41423628225321685,0.7758955160660808,110.02055195981694,0.41423628225321685,0.307643222742143,0.9771277493851211,0.8688140389737837,0.23642853675681874,0.1955476528322982,1.2590219432585334,0.28899172928098216,0.12317627629877001,-0.10059287699958888,0.22128545609692574,0.2077402194715773,0.019717545628533593,0.3414851937277401,0.9649352413826169,0.01470011177564912,0.02718148502293949,0.0711581514113931
lfw_03575,data/raw/images/lfw_03575.jpg,v1,10.777924910187721,-13.655277381892223,0.023553897937138874,0.8480015391098316,0.22977259408000192,0.43790541867465105,0.7747853234473178,107.55041195843914,0.43790541867465105,0.290191828763063,0.9821899443117093,0.8751477050479577,0.3149165202086078,0.21779515631170646,1.1747391421699356,-1.0965130187325614,0.15763018400234363,-0.13069079268649708,0.22544814539198735,0.19118593086913452,0.0768751013083957,0.4678408240000819,-1.1494434080969496,0.08094340872198735,0.026631522954103686,0.060458445351474994
lfw_03582,data/raw/images/lfw_03582.jpg,v1,-6.466912217438221,2.910458334419125,0.026095887025197346,0.9209875893773913,0.2972921446799026,0.38430587642345293,0.7914706712959515,110.02885938332095,0.38430587642345293,0.3071528553084195,0.9828322078183962,0.8831809300968657,0.2259195740043028,0.1954307037522226,1.2474856078658132,-1.820902704443163,0.09093787155167893,-2.97797327531185,0.22462231648528236,0.2137689010696618,0.04790805710719126,0.36651640735660057,0.36906938332668326,0.011726074462286159,0.01847857414424372,0.05833931795893419
lfw_03596,data/raw/images/lfw_03596.jpg,v1,6.653483122587204,-9.674245042773535,0.01917661229769389,0.7995074290749132,0.25215101021379105,0.4363086938247249,0.7913750065017604,114.01086759778403,0.4363086938247249,0.32003955230857273,0.986395478888121,0.8867150250813078,0.42347547786081685,0.20405699164714872,1.0909101084306807,-2.089414732207044,0.12887160569833184,-2.244121912004475,0.20594439307775694,0.19970358967415466,0.0477854756436787,0.2871034727307496,-2.1631827443751006,0.03076978731078431,0.030193408795271947,0.09798889159222175
lfw_03600,data/raw/images/lfw_03600.jpg,v1,-4.5003139190375805,-12.15444957101323,0.011291861534118652,0.81589970512876,0.24175335246490942,0.4441206738505778,0.7856273432382876,112.67810337270218,0.4441206738505778,0.30956938792162986,0.9825825499785041,0.8814442817601705,0.27540238198535066,0.19611452381841735,1.2341368312794885,1.5277358797798832,0.12167665826082957,0.2741630307754852,0.21833021871087982,0.19499066150462632,0.03332959921208251,0.4396843402545619,2.540179161524659,0.06726197699781089,0.022461274671662715,0.0665919936330443
lfw_03611,data/raw/images/lfw_03611.jpg,v1,-5.59600381180644,6.4429552563255115,0.023047730326652527,0.8554874918116956,0.30847420073049125,0.36830940293642256,0.7899206478957445,113.74196460073094,0.36830940293642256,0.3111581621525521,0.9822215265828474,0.8817755911542678,0.2671761260972339,0.20541934890688138,1.2543940770659727,0.36231748691015,0.11603160922872141,0.3350636262563039,0.24533241569116868,0.23141876471342496,0.04139793139462374,0.4064197195094016,-0.8819751001065413,0.011467046507796626,0.01850483978835567,0.07091994006179349
lfw_03631,data/raw/images/lfw_03631.jpg,v1,-2.872857950627804,-3.239435372330866,0.00868368148803711,0.8194064597611952,0.2737557745629216,0.40722362221258707,0.7818511791732746,113.15766795843865,0.40722362221258707,0.31310971449245933,0.9806846711663113,0.8754320745210216,0.3718871669575511,0.19874971283566276,1.1890367525467311,-0.8974557999071718,0.13563846789783202,-1.168006601469637,0.21205617610015165,0.215035221332361,0.019905747158787308,0.3200145604774638,0.30159263880922527,0.0058693079303317386,0.029704794999379253,0.09307733741570352
lfw_03637,data/raw/images/lfw_03637.jpg,v1,-12.419092901051044,-12.46712619596369,0.029107476274172466,0.8229600636193087,0.243927387262172,0.451542043738805,0.8214193064296076,113.00251526874628,0.451542043738805,0.3373747375699056,0.994303684302019,0.9108505508349933,0.28551086701199,0.1864533729616834,1.315795968468383,1.4522799528705947,0.09428793145866898,0.7149680292431128,0.21922029818463507,0.19531534901874867,0.08483631286310787,0.332386717116354,0.8454148144881669,0.004819430297159854,0.030643497278415283,0.09344153000831691
lfw_03672,data/raw/images/lfw_03672.jpg,v1,0.0130972069746349,-5.458238642969224,0.0034522960583368936,0.8528510593428981,0.266059684259111,0.41671141431636916,0.8056063676899037,110.90043330103846,0.41671141431636916,0.3108933095761748,0.9881452962592722,0.8975572201108927,0.2753467612680339,0.1992701593206722,1.2350947307917655,-0.8199707327687009,0.11202506738914221,-0.8671766777261056,0.23166339358975718,0.20704589293487338,0.00029781085952837564,0.40994442388126673,-0.9516016670732879,0.013977850635331282,0.02280607186198203,0.07029929855587488
lfw_03676,data/raw/images/lfw_03676.jpg,v1,9.588574089109898,-10.731800909279858,0.024397850036621094,0.8907242553252585,0.24933266783788507,0.4425306398688941,0.8214092950124547,108.02346282845292,0.4425306398688941,0.32795919523167055,0.9924167784461979,0.9122168781979334,0.167028768254224,0.20177232844355555,1.234855397556525,-1.0425198088399312,0.10929769020874235,-1.297169807814619,0.24192765779417758,0.20643420171342508,0.0673557879976301,0.49748644736833236,-0.5900599996795202,0.05853119999107712,0.015439495466189128,0.048499278488363544
lfw_03686,data/raw/images/lfw_03686.jpg,v1,13.964829839766026,-12.61357235645347,0.033603851993878685,0.8807673249482235,0.24043793484069567,0.44667652314830397,0.8299923110329059,107.53081866481469,0.44667652314830397,0.33797969081346024,0.9936884464775064,0.916899815320414,0.19780861826160967,0.20674840192211372,1.230690062687397,-2.164203545679591,0.12878608858749316,-1.9130838529676795,0.24044818519944083,0.21085495168319937,0.09887328096411883,0.429425232367204,-2.9948089029609406,9.303442310155827e-05,0.022479994160604398,0.07974272563000324
lfw_03690,data/raw/images/lfw_03690.jpg,v1,-4.518242608755827,-5.9837352976922205,0.014437630772590637,0.8536207885566475,0.2672615622804637,0.4237710344303112,0.7930819311622606,111.15512957945585,0.4237710344303112,0.3159586130443875,0.9842200800427242,0.8852687439859575,0.3557620751674036,0.19813712229011732,1.2359103399115332,0.6590858415516264,0.10716054162572758,-0.40186721358412636,0.21364819770767404,0.20279058109682,0.03214853292775382,0.3414304364076068,0.6035774270499066,0.020093738705077243,0.029936227329244513,0.07550195966759007
lfw_03692,data/raw/images/lfw_03692.jpg,v1,1.749844822101295,-14.721446346262455,0.0036852508783340454,0.8716924836208305,0.23426075866423574,0.4583805842263203,0.818008265082022,108.097459610849,0.4583805842263203,0.3305365448786894,0.9920289264989081,0.9071934693335325,0.26414008809634715,0.2009124300253656,1.264633865878642,-0.3242217026881356,0.10843723130223201,0.05319778004477021,0.2329418012390695,0.19233053690200852,0.013612524535595251,0.4186925043776236,-1.495209516382941,0.008874715209126766,0.025766734057905482,0.07927866973811039
lfw_03735,data/raw/images/lfw_03735.jpg,v1,2.753381498157978,-6.012561342096128,0.0062369902928670245,0.852656699270621,0.2694306463003072,0.42749888980845846,0.8008581980549407,112.23186694258281,0.42749888980845846,0.31948539784085805,0.9870637004639267,0.8925538385784363,0.29701741312576524,0.19513230834317083,1.2109951090774356,-1.675234665459671,0.10061285732188345,-1.335042456510937,0.2123287675278703,0.20416976124596128,0.020293650817487224,0.3357621956206814,-1.6192157222782357,0.01672438004108476,0.02505292253086822,0.07683431080747255
lfw_03736,data/raw/images/lfw_03736.jpg,v1,11.393323637545109,-10.525251247304615,0.032295371095339455,0.8489003566255132,0.2520536388807846,0.44513999018792816,0.8214104164937771,111.32536783285737,0.44513999018792816,0.32657568903497364,0.9944489302882997,0.9111881150581514,0.2870299903440088,0.20091940240258663,1.1781651009026533,-0.769090465051846,0.10096450515973698,-0.9228615375468243,0.20852555249098367,0.19625868709562103,0.08088881004736127,0.33305842786959067,-0.5159193570169481,0.012945951038262727,0.026775653128564662,0.08387632412307532
lfw_03751,data/raw/images/lfw_03751.jpg,v1,0.6918440752197057,6.867831682450867,0.01171437899271647,0.9039362559435156,0.31490249297277073,0.37242511086350427,0.8017691375018159,111.38907120485254,0.37242511086350427,0.3129486368676085,0.9864547438262568,0.8930497054855246,0.28627319241847354,0.19541175186863177,1.1981500066209778,-1.9058972079440806,0.0970646710457973,-2.5706467017747245,0.2185794656978097,0.22613350051286737,0.002738752198842316,0.34660976144983996,-1.4205425694012195,0.003825555818693751,0.018394223264609728,0.0764153009786185
lfw_03752,data/raw/images/lfw_03752.jpg,v1,-6.6836310513317585,-9.093748730502279,0.02171724538008372,0.8523436956476015,0.25523356705590267,0.43555988970526804,0.8077410720967586,109.6822195838905,0.43555988970526804,0.32217358227228565,0.9886830637117283,0.8992811557546265,0.3299791641108571,0.19157196351788336,1.213032715193209,-1.2770733216599406,0.11604704636475478,-2.0567828386060447,0.22185894248440802,0.2038808798268221,0.04774418052432197,0.36832437344735736,0.25748648582884376,0.016487767003408392,0.029144475944027092,0.07680418938371425
lfw_03753,data/raw/images/lfw_03753.jpg,v1,9.784472711384296,-12.4462557118578,0.025804251432418823,0.8624261062315821,0.24207572041109182,0.4478862948705153,0.82259128143089,109.01108069732206,0.4478862948705153,0.3248945214726368,0.9911685910975863,0.9117704439069823,0.2640623637335964,0.19806133252795746,1.1792223171752716,-0.8973230130564742,0.11956206260986846,-0.8356066803127826,0.2215298284994186,0.19929245743562127,0.06928235705843809,0.39126672752298414,-1.8556281489721662,0.008663667513345534,0.025321994657563504,0.07756991117967325
lfw_03755,data/raw/images/lfw_03755.jpg,v1,-10.019703447818756,-4.43042449944535,0.03805765509605408,0.8738310514354505,0.2618788444256871,0.4004577553085786,0.767622042372409,109.25708772789133,0.4004577553085786,0.31000198883328933,0.9733934175643699,0.8588386302064086,0.2834669575616803,0.20383557591469706,1.323638777255082,-3.1396277194918314,0.1566856049227488,-3.807787307975011,0.23131902136736224,0.20352600812165392,0.0733897916103518,0.33356089986875964,-3.0826857848980445,0.009642737104802297,0.03590121830863552,0.08066478499594598
lfw_03775,data/raw/images/lfw_03775.jpg,v1,3.6520336847752333,-13.353081147379562,0.007022976875305176,0.7967881221412955,0.2425718826507128,0.458876380208214,0.8187453318995307,113.76298400394984,0.458876380208214,0.3404901018668618,0.9917242572699875,0.9072676113213385,0.336063882132791,0.2014447771371987,1.2354833161577852,-1.9409631962755336,0.11185036739685811,-2.0103406808014737,0.22825535446494324,0.19540808073748467,0.02600664361405926,0.35694077164043897,-3.3089125915586375,0.01647539843686115,0.03601763370443327,0.0872043410443122
lfw_03783,data/raw/images/lfw_03783.jpg,v1,12.32103469222784,-11.647819703095571,0.03370032707850138,0.835481126220052,0.2462238139917407,0.44679924852100755,0.8015824731954753,110.71177674157877,0.44679924852100755,0.31196966276955346,0.989275519476579,0.8993474235774679,0.2777968610261918,0.20019250232249,1.1325900337427581,-2.0317248032428203,0.11762495038021684,-1.9196062732795884,0.2204932441200923,0.2018171121738167,0.08813234362046125,0.46358667567559275,-1.1541056252508282,0.07503810005827968,0.016698485101907554,0.06085706514960336
lfw_03786,data/raw/images/lfw_03786.jpg,v1,0.33481210889294744,-14.44780004087821,0.009714722633361816,0.8161876916808596,0.23393213695742973,0.4546424265186196,0.7646889324339448,112.3584452819991,0.4546424265186196,0.31553743998021744,0.977244509008726,0.8631918296121642,0.32585923013204365,0.20207247962252525,1.1982928632091212,-1.951308849872704,0.12234629122194332,-2.4321875623861198,0.22515548638959126,0.19090342555452705,0.001408752642654206,0.3858729334558805,-2.3129403097744867,0.06995902100611469,0.02969436218796259,0.0863489810468348
lfw_03795,data/raw/images/lfw_03795.jpg,v1,13.744448684155941,-7.071552618018003,0.033955191572507225,0.8076711438599137,0.25854714277424545,0.42056525337563627,0.8151367363379844,112.71268301127502,0.42056525337563627,0.318470835286785,0.9923463923017979,0.9076694644324119,0.2233841157230108,0.20487414831140188,1.1985465647431042,-0.9205102498222391,0.11819137577991133,-0.8263345174196104,0.24666766714635557,0.21313436908869038,0.09615655044222383,0.45292228755141933,-1.3846323445455389,0.008715497297079199,0.02177302864726205,0.07318928140756348
lfw_03801,data/raw/images/lfw_03801.jpg,v1,-5.674163483083248,-13.41372989637291,0.016884957750638325,0.8073923854419257,0.23968817515492183,0.45409724396595214,0.7991326865337386,113.89942321237271,0.45409724396595214,0.3468801746964677,0.9864191336455987,0.886942775066957,0.2888103016939336,0.20254979179993213,1.3773866547400033,2.077250132465334,0.10187760989641782,1.1986066116378882,0.2489021708076447,0.19400576288209595,0.04112445816777359,0.3556018804914356,2.40740528652034,0.017409742264085724,0.0376143006712784,0.09687769520402814
lfw_03831,data/raw/images/lfw_03831.jpg,v1,-12.153001941740513,-3.7254226790927456,0.04641072452068329,0.9142092382514561,0.27121014702436935,0.40799862023824046,0.8064205136793173,107.83878049660277,0.40799862023824046,0.3138112067066517,0.986336047616162,0.8961394736728623,0.26478618258801795,0.19637009609517334,1.2397088251323891,-0.9027865857480191,0.11076881412341429,-1.291802337275678,0.22922634254575366,0.20881890254901692,0.08923989388827269,0.42016918244474316,-1.6438603987909444,0.0062279164017853125,0.017224181903924933,0.07302014424860259
lfw_03834,data/raw/images/lfw_03834.jpg,v1,-12.531931690871716,-12.856852762520095,0.037757342060407005,0.8539248266996293,0.2477813797386942,0.4630644302979151,0.8322644882620535,110.62576030177388,0.4630644302979151,0.34926000758309744,0.9951314824558524,0.9198819140428268,0.2661939315782402,0.19402687643728178,1.2826491920350933,-0.7794580575515134,0.11680438491350617,-1.1477659268980984,0.23836429876326684,0.20532018794648446,0.09011426005618367,0.4468818557176806,1.145470760734481,0.045904893394127164,0.024576461265285537,0.06074222665375095
lfw_03835,data/raw/images/lfw_03835.jpg,v1,14.793181546032429,-14.818039033755312,0.03520039717356364,0.8458681156752851,0.23241074469546172,0.45585260518526094,0.8201176703160217,109.24568576377206,0.45585260518526094,0.3288103233078292,0.9916841098026464,0.9092712935161353,0.2239825269948193,0.20091713395399738,1.2324605627468355,-3.0649618794361024,0.11101322152678962,-2.4965631975638067,0.22823331078484535,0.20044616080114566,0.10547047556857723,0.40965167331402796,-3.53730485733945,0.017705129518353253,0.025554943856157645,0.06647501222097216
lfw_03875,data/raw/images/lfw_03875.jpg,v1,-5.563762653619051,-13.732116634720498,0.019701287150382996,0.868255031622838,0.23436816965384727,0.44750958147184583,0.7957662341584018,108.48819117165814,0.44750958147184583,0.3238851198317484,0.9845912338910118,0.8858025565722568,0.2224176852648419,0.1933714253282083,1.311937771123096,-1.0393592089445842,0.10997815341668098,-1.9893142176926366,0.2190254073326755,0.19138247608301767,0.04057904307950261,0.31946999587954716,0.9116853972979199,0.01492966488135624,0.032306916058900285,0.07647544077236444
lfw_03891,data/raw/images/lfw_03891.jpg,v1,12.757857978343964,-5.647527637857409,0.04079114397366842,0.8631523489289992,0.26780743729631745,0.4213084754023025,0.8105944319378068,111.51598132131986,0.4213084754023025,0.31612027683823574,0.9886191223228779,0.9017334566333033,0.1842014080101717,0.19622619876590658,1.1999944704471517,0.6390604861203034,0.09969424019048402,1.2177582581703201,0.22154536693798285,0.21154820596578658,0.09117104576226646,0.41305988597010557,0.01119729974456077,0.015117288897672254,0.017614143877653678,0.0675782685979631
lfw_03908,data/raw/images/lfw_03908.jpg,v1,3.5964668970555067,-9.420068475821115,0.006693984071413676,0.8482020841297575,0.25279601734263074,0.434773801783472,0.834912260391465,109.04263732595062,0.434773801783472,0.3216892309473174,0.9960816487706097,0.9241738250863988,0.2991023620563028,0.20059920385106889,1.1931567149503175,-3.0996933644402045,0.10688019724347125,-3.4122168273221654,0.2323551761708736,0.2034118057861539,0.025576370495701883,0.4527578197859991,-2.4848856450543853,0.005756367493103381,0.01933212163816118,0.06744182018833514
lfw_03913,data/raw/images/lfw_03913.jpg,v1,7.311843529343605,-11.67753203430335,0.02180155615011851,0.9065216488927401,0.23972140868959468,0.4353136509970863,0.8089940002481087,104.53379588945444,0.4353136509970863,0.3101470685836437,0.9903697880647643,0.9014049428248613,0.2372984556451809,0.19519591405644793,1.172345952452603,1.4484989100518342,0.11774557317985271,1.5814594003722888,0.20718102903767074,0.20030650651938245,0.05313108708367395,0.34252089478800823,1.7006904223358716,0.0036489965856688496,0.026694872548177543,0.08204610624260984
lfw_04006,data/raw/images/lfw_04006.jpg,v1,3.1360171381384134,3.043008457432289,0.011450067162513733,0.8687905485455265,0.29669947879378217,0.38239320038159796,0.7818346990766966,112.97488718101367,0.38239320038159796,0.31456886054687183,0.9817096981281032,0.876473799700771,0.2819118599534548,0.21212774498143938,1.193237626943042,-0.42281184798008603,0.12722739001029,0.7605708408815799,0.2369187383758821,0.22252730349547764,0.02320300073321237,0.3785365791820496,-2.1195214657365584,0.023534347264193723,0.026127407010722366,0.09083906097063059
lfw_04085,data/raw/images/lfw_04085.jpg,v1,-8.077601931989193,-6.037614700915455,0.027394394079844158,0.832980847002359,0.274017551479578,0.43503209562060163,0.7919076244455474,115.62514749003377,0.43503209562060163,0.33848446681710026,0.9848102352107964,0.8850990170260035,0.2615281653244932,0.18674859982245517,1.2584078059272166,-0.9748094185549021,0.09350428323039567,-1.4707800023243114,0.2140757927349445,0.20555074013083877,0.057302076499906505,0.2836069400826399,-0.8438147762975293,0.030834004023715503,0.03589066782826223,0.09770658822585992
lfw_04118,data/raw/images/lfw_04118.jpg,v1,-2.014311511069536,-9.89585348873293,0.006856650114059448,0.871161285723041,0.25257577730210656,0.43936964844856446,0.8269540280924895,108.63867419972773,0.43936964844856446,0.32362191807805357,0.9942151916565946,0.9177977724895365,0.23462859806382405,0.19283404704205706,1.209588538919537,-0.36276244039954814,0.10892814732343926,-1.444491906818421,0.23168783429612747,0.20565857651144853,0.014710750092312604,0.4581130907763026,2.0718366231432364,0.02636948064938878,0.019743313514245787,0.06683353118949759
lfw_04130,data/raw/images/lfw_04130.jpg,v1,-7.145330585539341,-7.385122456311049,0.02273760239283244,0.8716582149721317,0.2670052812464274,0.437547578413481,0.8115162218295879,110.42935018546432,0.437547578413481,0.338004231559411,0.9870133897822443,0.9001371245041875,0.33879501152273656,0.1933641457369023,1.1962634405027424,-1.0761080705903474,0.13428424223540708,-1.7161339671037303,0.210477636730669,0.2130703240763946,0.05082556844213319,0.3239068464767647,0.0006859951872885159,0.009693153352271198,0.027588762672562273,0.09456718129718453
lfw_04166,data/raw/images/lfw_04166.jpg,v1,-7.81157236173749,-14.582650940433721,0.020323996742566425,0.8065969584807448,0.24122628893749012,0.4703875956844516,0.8083931751633967,114.49669887322503,0.4703875956844516,0.34803417470203774,0.9903393745192761,0.9000787305971922,0.2914070939654248,0.1886987684309515,1.2340106853886776,1.273955012046899,0.10636965919518938,0.39219184630237475,0.2206628794023379,0.1950444273314135,0.05497675774856319,0.3159989235233607,1.2743672854587684,0.02941027299280958,0.03698698199365966,0.10475902748939758
lfw_04194,data/raw/images/lfw_04194.jpg,v1,-8.063015341758728,-7.262148892810144,0.029260610540707905,0.873087605745242,0.26222777870211167,0.4284733894193823,0.7932252473186859,110.56983701752289,0.4284733894193823,0.3249821664268742,0.9828817670157425,0.8831539617905413,0.2624120535678724,0.19268911727129936,1.25362775414456,-1.9100675398061835,0.13650791890910852,-2.1671613861449233,0.21842497749928058,0.20594172589609627,0.058224637237300335,0.34448519321015336,0.41445567280398343,0.004397842632337497,0.02959480752489005,0.09272476805860061
lfw_04195,data/raw/images/lfw_04195.jpg,v1,-11.605287954211235,-13.904466370589223,0.0350789080063502,0.8473956587711734,0.23924479461433928,0.4587656221952123,0.8003237304743893,111.30511029467553,0.4587656221952123,0.33543008991108586,0.9865937346036187,0.8910007209623511,0.26830072217873213,0.1925984717413547,1.2920149167212946,0.7674457504478437,0.1347406794484105,0.5301946977126857,0.2204328772778072,0.19344973218232778,0.0825049326968283,0.3244680738998544,0.6075160194303663,0.01626734027983887,0.037438942005289085,0.09507240439717558
lfw_04206,data/raw/images/lfw_04206.jpg,v1,14.269114315509796,-12.06562405450547,0.0382843017578125,0.8241913120521186,0.25034468306877516,0.4589106760187802,0.7976338124696924,113.24391013888389,0.4589106760187802,0.349268504068733,0.9846803687450544,0.8886791055018958,0.3383995186838569,0.2086054810744739,1.1132165311025168,-2.6250524218154943,0.13382405089007923,-2.163366573535767,0.2181128755076926,0.20773107538865676,0.10195291530302278,0.3022374558501847,-5.104250918713363,0.024518623087361646,0.03600653241809756,0.10807437929407725
lfw_04214,data/raw/images/lfw_04214.jpg,v1,14.962882965803146,-3.6393813437066656,0.033605347077051796,0.8705078213777202,0.2856926509348452,0.4289301122551726,0.8053546753755413,113.17949169683897,0.4289301122551726,0.352888013111796,0.9850188125672986,0.8937422556940023,0.2611767498863424,0.211637914568083,1.1635548250941334,-3.1349380359139274,0.13388221276388207,-2.9008153665511007,0.2433018856230186,0.22153605654029224,0.10504139168592826,0.3384564519229018,-3.240502686964426,0.020144351111600307,0.035999438493205346,0.09390149894531652
lfw_04229,data/raw/images/lfw_04229.jpg,v1,-1.0118642351590097,-10.374741134676533,0.0013140638669331868,0.8316179489832305,0.25404269909682237,0.44703130763224763,0.798659114697309,112.36112621095448,0.44703130763224763,0.33032184698248823,0.98450514528683,0.8895743772376987,0.36179526189339006,0.1983436921449352,1.1832015718683124,-0.6470855498175976,0.12268547095671527,-0.9774948190254452,0.20896917470259468,0.20097829640880469,0.006014931443903456,0.32275348970455847,-2.073638696398191,0.015445314088643998,0.032645742250785675,0.096703160462081
lfw_04249,data/raw/images/lfw_04249.jpg,v1,-9.671028412878513,-14.61217385186043,0.02994505564371745,0.8172077648608337,0.237892229601172,0.464225975239618,0.7981604194200483,112.89040936817457,0.464225975239618,0.3357157624885319,0.9871875135318192,0.8905273850795784,0.2960255236234854,0.18962534679883594,1.2748875449249462,0.6844683135834608,0.11129912728827157,0.2226383811490686,0.2220668166596839,0.19270193399356628,0.0690214400848676,0.3361946963806007,0.9082174404112566,0.03311895534305272,0.03640205264042923,0.09108473071424415
lfw_04282,data/raw/images/lfw_04282.jpg,v1,-9.263445496559143,-13.584275480958192,0.050155624747276306,0.8240085798517668,0.2396450901640715,0.45592304015763957,0.8256686802211236,112.24844237516872,0.45592304015763957,0.3408676084826297,0.9947585734969228,0.9136135814680653,0.2095365982265851,0.184014988937409,1.3669525281225159,-3.650307545810714,0.10335788633023059,-3.7509345835582457,0.2335664854996608,0.19701277985387858,0.07019235825546044,0.3610381141886711,-2.5864251809775136,0.00023129087566742544,0.03165997706912468,0.09579855398880646
lfw_04340,data/raw/images/lfw_04340.jpg,v1,-5.922879830002785,-14.124571149291475,0.01715526481469472,0.8063580982603422,0.24170229082929215,0.46600277586741984,0.8255038513443826,113.96581224257204,0.46600277586741984,0.34062938197990594,0.9958798413951021,0.9151001475770878,0.2842517228866055,0.18734393477526726,1.2761644968176844,-1.7369771420743083,0.10491111921981236,-2.176565460806035,0.21313736526830263,0.19357531464739688,0.04126903709528461,0.333022555959861,-0.9942842155466693,0.020941031408733258,0.0326709107522283,0.08928004421813891
lfw_04345,data/raw/images/lfw_04345.jpg,v1,-4.560456555336714,-12.125588398539026,0.01939933995405833,0.8346899936458825,0.24700854699515706,0.4534562948302125,0.7999219605358111,112.0910427029996,0.4534562948302125,0.32977334597153585,0.9864190374081959,0.8917329566010088,0.2953996238097243,0.1928313954386504,1.2527582083227704,-1.7310006948671561,0.10354683852924661,-2.2140537170299632,0.21600748993988889,0.19390893011712534,0.033376171097484725,0.34088728597347545,-1.4245295673369516,0.016454975709913767,0.03317298366703198,0.09139884938851532
lfw_04348,data/raw/images/lfw_04348.jpg,v1,-0.7963597420603037,-13.582322008375815,0.00990582505861918,0.8176665727822443,0.23957323916776926,0.45576473075553275,0.8101349798914508,112.09715367447447,0.45576473075553275,0.33284146502317086,0.9902560464045271,0.8998296635852376,0.3153090735389871,0.19604289280025533,1.232610218874122,-2.47970201497535,0.11143559883814047,-2.789222784270686,0.21424770047107328,0.19478282188346277,0.004665218554248494,0.33306286342735786,-3.9917044540279285,0.009894488160503622,0.03270985276221272,0.09995324029145043
lfw_04386,data/raw/images/lfw_04386.jpg,v1,-9.969666369259357,-11.972279793367072,0.028854543964068096,0.8457160942291375,0.24731113367238403,0.45232191305368086,0.8077521726738766,112.10949621128304,0.45232191305368086,0.33249281843951556,0.9882166180794324,0.8983719326774169,0.2010542113821064,0.1909047653746594,1.2889228972304727,-0.8831942991152696,0.09181312927415036,-2.028273534426141,0.23102475225659555,0.1974236693142208,0.07100177754767317,0.43121210802899046,0.7095959038169465,0.03862328762565666,0.024233808064086364,0.07160528810732034
lfw_04389,data/raw/images/lfw_04389.jpg,v1,9.013681344687939,-12.262775188606007,0.01996058722337087,0.9000788487151253,0.24632179539566895,0.453708643959477,0.828301087049106,106.61340697778932,0.453708643959477,0.34682738968027343,0.9955514920475429,0.9171097433621453,0.3143126762131362,0.20221816725725175,1.1455412812065198,-3.0461672573448793,0.12606640734485428,-2.5409261384153736,0.23357809762024948,0.20971460519126445,0.06452261561210768,0.3601504582835022,-2.819013191778542,0.010381393972960515,0.02795520659231147,0.10875443124242773
lfw_04396,data/raw/images/lfw_04396.jpg,v1,-2.292416252195835,-8.855148279982687,0.006143232186635335,0.8952570772219498,0.2567717624916703,0.43570055749508996,0.8053989210503745,108.49700110453664,0.43570055749508996,0.33368762096607857,0.9863706987177328,0.8941982759653562,0.24318862699951094,0.19440652999732133,1.2267731982594892,-0.08343652829687798,0.13654182955787694,-0.8895274436096966,0.21590361958618645,0.2106582135123566,0.01629699119187016,0.3224458899242867,0.2972674766421148,0.006134480520437174,0.02877375941808869,0.09803365118682225
lfw_04407,data/raw/images/lfw_04407.jpg,v1,-4.848457708954811,-2.8756952966861484,0.018498077988624573,0.854117730377805,0.28649532330812244,0.422609703536929,0.8132739608396249,114.23584652412703,0.422609703536929,0.32957954902657205,0.9894855835540706,0.9042358854050231,0.21572863366810663,0.1968018532375325,1.2820629347810708,-0.3010394621770238,0.08536187517491342,-1.0298050774801868,0.23758387314659968,0.21244975528162927,0.03567784767748119,0.46630995127095903,-0.3382742297213731,0.06571402186675071,0.014493752699617599,0.051267898046214365
lfw_04466,data/raw/images/lfw_04466.jpg,v1,-13.648271039128304,-10.006911917965574,0.045057088136672974,0.8155054286507727,0.25141230538913456,0.4385119128452247,0.8019225400295638,114.19091039660672,0.4385119128452247,0.325970685290125,0.9874391069222285,0.8931903491970447,0.22558743034097897,0.18506381983278478,1.3367247955422306,-1.9974825182267035,0.1166596515381505,-2.9397889140735116,0.2200452844938316,0.19803590268124033,0.09747046223411307,0.3427507252880727,-0.8340690055688973,0.01262840984474586,0.03298947904987332,0.09369496094824666
lfw_04486,data/raw/images/lfw_04486.jpg,v1,11.213631995022297,-10.834690821260095,0.029938658078511555,0.8835456879018675,0.24561973347895638,0.43702347674671016,0.8177899529218353,107.66572786119627,0.43702347674671016,0.32158509563065574,0.9902215638370151,0.9068362342086425,0.20489135980870288,0.19308733077706744,1.2072995984502326,-1.4277987025912084,0.11280714917681577,-0.9745373458797811,0.21998129012840878,0.2093603543972541,0.07997215352286481,0.4024675236308862,-1.3434344046580275,0.002538045956289413,0.018272772681777554,0.07458636145891204
lfw_04492,data/raw/images/lfw_04492.jpg,v1,8.862084902822971,-14.022756980309662,0.026992236574490864,0.7813291888840028,0.2391142703521096,0.4598553327356045,0.7617586955061015,115.43503222626643,0.4598553327356045,0.32045864482170616,0.9768167779957223,0.8617495894210455,0.36734752108364144,0.2163003882752585,1.1366580292191364,-1.2773746804529327,0.13728841729884775,-1.4106100799482166,0.2362340883220709,0.19193330589987323,0.06274813044026553,0.49418752828413004,-0.2442568798864328,0.16272629299805802,0.01935579203109744,0.05836620532386354
lfw_04495,data/raw/images/lfw_04495.jpg,v1,-3.5434256941080093,-7.940113356870748,0.013567442695299784,0.8554439636491484,0.26194845273390094,0.4349305712365083,0.821083329675201,112.0675171945922,0.4349305712365083,0.3315508415940173,0.9930189741988026,0.9117647673895031,0.17522629949684085,0.19708158352133506,1.3152874780685335,-1.1011828865227626,0.10296527719104138,-1.4793885101517417,0.24826598452515328,0.20707204767135687,0.025836874542152794,0.49221035911969296,-0.5698705564286983,0.07110534996438331,0.015939647982769433,0.04622699280742144
lfw_04501,data/raw/images/lfw_04501.jpg,v1,13.038524262607098,-9.140140519556136,0.03719202180703481,0.800518469714228,0.2509188247433316,0.4286707172559149,0.7646637858272214,113.04891610283973,0.4286707172559149,0.3160944182768279,0.9749322691968039,0.8593906695036138,0.3129711971503186,0.21423027197598557,1.2247896666781897,-1.2506213105268862,0.12580118027302817,-1.0418605988834357,0.2288660725465977,0.2043227327383936,0.09230752146191959,0.33293765515111234,-2.2840355455018106,0.016444563234160374,0.03617533511196077,0.09310515809961117
lfw_04502,data/raw/images/lfw_04502.jpg,v1,3.129668215289712,-11.147553093661992,0.007300342122713725,0.7983816521722917,0.24376247229692996,0.4370076331574195,0.7847074830554887,111.67053884029221,0.4370076331574195,0.3146106829057994,0.9816841277008636,0.8785498210955718,0.38953725697355746,0.20719040134459818,1.216027280887105,-0.5719040737851747,0.131620091197025,-1.061615285619213,0.2261848656393274,0.19942255145103643,0.021577194185878765,0.3620794419995381,-0.7588338641329387,0.013230996289703652,0.03501557102757333,0.09400648266086964
lfw_04539,data/raw/images/lfw_04539.jpg,v1,12.822191968560219,-12.94945948216855,0.02647744119167328,0.8171148808451447,0.2410735924016088,0.45155097497179264,0.8039577625160905,112.66120078142009,0.45155097497179264,0.3262490501570338,0.9869033541924733,0.8945069840150413,0.28821889072625634,0.20648503469862417,1.2168113514505532,-3.2102912301265927,0.10914727303553494,-2.969494668981615,0.21937808773073483,0.19381856343614706,0.08916209744364098,0.36013234323599574,-3.222620883292874,0.014468940402077144,0.030042369702222103,0.08416679361201819
lfw_04540,data/raw/images/lfw_04540.jpg,v1,7.3425705805420876,-7.264016445857089,0.018037870526313782,0.8693817822446492,0.2603342528928161,0.42539816249125245,0.8086984429781725,110.07271553974857,0.42539816249125245,0.31869597081430157,0.988109351164722,0.8987334706112037,0.24619058964036972,0.20249423610791809,1.2043412794094068,-2.023906732704104,0.11030987867691228,-2.44763868944286,0.21902055112643784,0.20223302886049038,0.052180406329451444,0.36796329763719804,0.23191476380802856,0.003203139224075829,0.025186568610194908,0.09111145168309615
lfw_04549,data/raw/images/lfw_04549.jpg,v1,-1.2585373297333717,-10.16089740159754,0.00831685463587443,0.8647823747940351,0.24979515737596686,0.43730432762810245,0.8018221059507032,110.30844479829203,0.43730432762810245,0.31839659786781027,0.9868474424890149,0.8930612056771194,0.2439450898293682,0.19043049328251252,1.2551856239767376,-1.8753735118059003,0.11198184718011713,-2.153670116365249,0.2150123018379347,0.19623896527235163,0.009062693439510166,0.3445495671582937,-0.08804509291029522,0.010085620824913563,0.025860533058671472,0.0873598576258871
lfw_04557,data/raw/images/lfw_04557.jpg,v1,4.7781659960746765,0.09174409393928352,0.01428509751955668,0.8825429774854568,0.2913375062951301,0.4014824486642391,0.8006519791456236,112.53694893830533,0.4014824486642391,0.32395905337280945,0.9848580013633809,0.8889839358924302,0.21779663445971853,0.20314181231292613,1.2381704734866343,-1.770999372853463,0.09818299696416018,-1.6825661692385492,0.22992485898194756,0.21578411382292667,0.03472405427573062,0.3663662984995855,-1.7363448681127882,0.008102134453030855,0.019431013484982773,0.07372274576112874
lfw_04567,data/raw/images/lfw_04567.jpg,v1,-6.07284776866436,-4.501135751293916,0.030327126383781433,0.9051116827667746,0.2697494401383433,0.4131717386886179,0.8035851835524579,108.59455287906096,0.4131717386886179,0.3254733369622846,0.9869061247892928,0.8928522967778716,0.2679810253536461,0.19015053944309898,1.264642483217343,-4.248511077613465,0.1208797018695849,-5.338387952191308,0.21906804445819508,0.20887224380055802,0.045243213951993044,0.31928654547661545,-3.1204532435101617,0.01101423431093001,0.026587592776489238,0.07599297935639829
lfw_04568,data/raw/images/lfw_04568.jpg,v1,-7.652483135461807,-10.146903749652417,0.02292058865229289,0.8517119495032589,0.25310505769090064,0.4429499847425013,0.7843294506698768,111.94863931876554,0.4429499847425013,0.32326735059381884,0.9799574929031077,0.8771489036304431,0.2665875952489819,0.19654737546802412,1.2461280794228202,0.672639860821135,0.11869004470113675,-0.16775259057685987,0.22678181046690282,0.19579146797198613,0.05457831857755581,0.39294095038276317,1.467680417989762,0.05011844331614536,0.028893328889088684,0.07466801803299694
lfw_04628,data/raw/images/lfw_04628.jpg,v1,-8.238150380551815,-12.29170955188981,0.023173213005065918,0.847428183408811,0.2411918518029942,0.4445727893991466,0.7961767699154694,109.95748727190139,0.4445727893991466,0.3226093658272943,0.9843956722539756,0.8868863480635404,0.2974470601393406,0.19634526934765228,1.3304188331612998,-0.31896545749414457,0.10778149798932737,-1.5298977140394394,0.231691717726753,0.1945217520104383,0.0585946673728644,0.3822492280584282,0.08779402594764432,0.03228414920067359,0.030319699008242027,0.07138603442971633
lfw_04632,data/raw/images/lfw_04632.jpg,v1,-0.994414587970823,-5.120430556519399,0.005166187882423401,0.8790004132927521,0.2652311820364565,0.4121514528034361,0.7837428227951513,109.52836333615936,0.4121514528034361,0.3099717982411331,0.9790305948133082,0.8745636344663436,0.3085461344817062,0.20531731641085788,1.2446795041581458,-0.9374218625246141,0.12156437792660672,-0.9370333807286356,0.21843698721796187,0.20150623623835073,0.005913289270846932,0.3425833231309251,-0.9019696360178938,0.0046872362792767875,0.028474889745490544,0.07894993387590385
lfw_04647,data/raw/images/lfw_04647.jpg,v1,14.666051678359509,-6.9494074309069145,0.041472241282463074,0.8854535307170086,0.2580346778329445,0.4185257342209913,0.785110808289511,109.29895116852155,0.4185257342209913,0.311364458354904,0.9815536572123877,0.8779914209889977,0.2073687342220114,0.2029537213058744,1.1905401718214752,-2.689134533125518,0.11278690619019979,-2.2937763836556524,0.215865115426644,0.20693246697665013,0.10483439751144664,0.3463398123045171,-3.6428959345674166,0.007083766421903614,0.026364784068393942,0.09504856011950341
lfw_04654,data/raw/images/lfw_04654.jpg,v1,1.2851307992823422,-11.049860136914104,0.01604572931925456,0.8311852107199456,0.24031555386669956,0.4298123669638773,0.7834327529657361,108.55290514410935,0.4298123669638773,0.3008034369826487,0.9808697042732326,0.8772114247994113,0.3541225783286311,0.20608180906832216,1.2302798439885976,-3.5584295899990988,0.1410422416681847,-3.341493772272555,0.21875136633668107,0.19875519602403183,0.007712032248291309,0.4103535865316103,-4.5079082336942715,0.008170678864245986,0.03158271423270917,0.08059089150924206
lfw_04659,data/raw/images/lfw_04659.jpg,v1,-5.660996854305267,-9.595829771148484,0.018920833865801494,0.8155091089562708,0.25161812281584917,0.43457033230266034,0.804779973958204,111.41754821653407,0.43457033230266034,0.3183392903194527,0.9889294275783134,0.8953900648473012,0.3484353660833141,0.20248751670561402,1.3059127525291592,-0.7960097104403513,0.11915907286262507,-1.06658573401069,0.2215147330467301,0.1974673822472091,0.040091521294603964,0.36453527591158613,-0.0762390515934477,0.007273037421745257,0.03477714317777988,0.08056216729801763
lfw_04670,data/raw/images/lfw_04670.jpg,v1,6.23659361153841,-8.842141816389454,0.01572941740353902,0.8588458607142712,0.2520599132514303,0.42757281439923756,0.8010062310446192,108.2342006328712,0.42757281439923756,0.3082074975437421,0.9860474620784702,0.8932035829920899,0.3554232939996435,0.20955882883574928,1.1810928874557913,-0.7456970147783196,0.1194442570061124,-0.34782026196899585,0.21601134836286992,0.19968531560426503,0.04430254451998679,0.3727336002040987,-0.8822890719983566,0.008164902602196383,0.028421629323940035,0.08291953670926601
lfw_04671,data/raw/images/lfw_04671.jpg,v1,-2.0895359739661217,-7.133008871602773,0.009394596020380655,0.8178997269311035,0.2596113979548941,0.4229084996308415,0.7884998969590379,112.32141238030427,0.4229084996308415,0.3122495602985545,0.9832332278432784,0.8808024346607386,0.3357742884435781,0.20052287391221005,1.2702255215079323,-1.0918609547263844,0.1153187582361349,-1.6678403035187237,0.21479242808812718,0.20172611256119433,0.014901239488227006,0.3411309529407024,-1.4781534947618145,0.01078589160499862,0.031314249431717824,0.08147413568290185
lfw_04674,data/raw/images/lfw_04674.jpg,v1,-8.008277390152216,-9.015316842844161,0.026345317562421162,0.8683227213179748,0.250480934987179,0.4266509486180312,0.788179404725732,108.85796841843286,0.4266509486180312,0.31616566915822225,0.9806988916269507,0.8800141039440331,0.22853463816053274,0.1941522425745518,1.2704431522664699,-1.8958870402345778,0.12729887884695992,-2.568212023288402,0.2232199337140008,0.2059137151593293,0.05716116742877128,0.3875162893562973,-1.713948851542928,0.0071107313621702984,0.026274281011394122,0.08549400991811677
lfw_04685,data/raw/images/lfw_04685.jpg,v1,5.184998631477356,-6.622084260767579,0.00804885725180308,0.8694388146253375,0.2550566593187779,0.4105220332144969,0.7620584641174871,107.81569772701788,0.4105220332144969,0.2925615213732421,0.9744923332464871,0.8590405625645182,0.3432370211176595,0.21414936623184583,1.2154850967447766,-1.0633670139150024,0.1539925247614317,-0.6175002704996245,0.22512729197679934,0.20321464795549132,0.036605103572471126,0.40314095158160196,-1.9806201841944409,0.043414313824697896,0.028978329880249006,0.07136393882905501
lfw_04701,data/raw/images/lfw_04701.jpg,v1,7.1769664362072945,-6.627863101871985,0.018308500448862713,0.8985442703856295,0.24598879964841103,0.39598080899442617,0.757827223366415,103.65848245334965,0.39598080899442617,0.2753260769829778,0.9746796554932552,0.8578100112548297,0.33365270226703375,0.22194146820345714,1.192746201187797,-0.09860619766229647,0.17342287720380534,0.027214275899498083,0.23837615922960328,0.20076954074889156,0.05086653639818419,0.46815415622002365,-0.23893285957486263,0.05522559337264574,0.02600042783492073,0.05598160306958877
lfw_04743,data/raw/images/lfw_04743.jpg,v1,-13.719859130680561,-10.169613380897577,0.0411009689172109,0.8633916599067312,0.24728569707089532,0.43300179389790916,0.8165516430898887,110.25219452024633,0.43300179389790916,0.33377385968277357,0.9909304185269364,0.9039079547882795,0.21749634574794907,0.1869788047573954,1.3409114139070815,0.1963244418832383,0.12156394436323488,-0.6927432731347039,0.23955797999305792,0.20302780098131004,0.0982134683302372,0.3628355815720114,1.3339762965449156,0.00515693336657395,0.027579819921434094,0.08952494613709365
lfw_04766,data/raw/images/lfw_04766.jpg,v1,-12.807825654745102,-13.64110700606307,0.0395791232585907,0.841280216691927,0.23581930669854204,0.44927262635843956,0.8009345218773366,109.58310429311946,0.44927262635843956,0.32070116560940887,0.9882619667438093,0.8929833336353908,0.29276824712148036,0.18495822594854175,1.3284446619611179,-1.2958065829498429,0.11263722449596314,-2.0219119780764174,0.21284536509540178,0.191939866211025,0.09142847028783817,0.33968456103308226,-0.2965315548617564,0.009602313956692322,0.034862871748701216,0.0907213822322372
lfw_04807,data/raw/images/lfw_04807.jpg,v1,10.494674250483513,-10.263590357540805,0.024755666653315227,0.8223936526650778,0.25299421799156746,0.44399855058408777,0.7746869240118367,114.55267289343476,0.44399855058408777,0.32877869859931164,0.9801725138740739,0.8689506645127355,0.2698470616700696,0.2003623429543271,1.2404906842638979,-4.066958683279479,0.1006837517077729,-3.4832204161213287,0.22406033650924287,0.19561251395826326,0.07381855414432895,0.29656544447439814,-5.308164004466624,0.03548055579150707,0.03938298032481961,0.09216432561484476
lfw_04808,data/raw/images/lfw_04808.jpg,v1,-7.511540964245796,-11.800152572351264,0.0200545738140742,0.7962236313860868,0.2489503272249722,0.4534198048262239,0.7986156158394793,115.79088655045676,0.4534198048262239,0.3348030940344644,0.9861837617183723,0.8905860110747876,0.22700261146577147,0.1949959363574361,1.2914066630163885,0.7307134557652449,0.09472592126365713,0.17957997390009492,0.228255607490229,0.1962001076578736,0.05319507655490098,0.40030319836232836,1.2975729539523486,0.0560271264985401,0.027081724712266785,0.07965636025054197
lfw_04850,data/raw/images/lfw_04850.jpg,v1,12.941411532461643,-13.093648368350426,0.03499717513720194,0.8064918239006512,0.2366238946953561,0.4447846270472971,0.7927411752637822,111.47546206418743,0.4447846270472971,0.3190563536460051,0.982763898223708,0.8846702799926713,0.3249000639247837,0.21404378386805006,1.1670227533547042,0.2464756906297014,0.12679766103114454,0.5438100541414039,0.22723552373324804,0.1993718823459783,0.0910763669384346,0.40401161796428453,-0.9002804970648077,0.012129523892930967,0.027596221042840013,0.08590818243652437
lfw_04857,data/raw/images/lfw_04857.jpg,v1,10.42631459981203,-5.341540062222648,0.0286245197057724,0.8903646309399701,0.26127731891977046,0.4081074340310294,0.7796485760857554,108.96089611564253,0.4081074340310294,0.3143217644660838,0.9781626718122833,0.870840964877913,0.2229178974405923,0.21025200956464007,1.251240232195398,-2.532637773128506,0.12416417735571803,-2.0052803607222045,0.2362141904366779,0.2055720516649588,0.0733741837252196,0.34889552676312324,-1.7415111279387254,0.005438041292142803,0.0314130635175679,0.0913202970691161
lfw_04865,data/raw/images/lfw_04865.jpg,v1,13.964138433337212,-7.017211338402968,0.03254852692286173,0.8388205958557775,0.26046675585989987,0.4231457028826633,0.812901558059778,111.83889274192173,0.4231457028826633,0.3205609863469562,0.9911550163825605,0.9039619107398338,0.2703344860491289,0.20773189316081003,1.178976891710099,-0.48237188493495103,0.13381484143359254,-0.019151122009959692,0.23072539860871039,0.20882820721849812,0.0979351270979598,0.3719877118545461,-1.5422520542199545,0.016077299862986227,0.026456814509888123,0.07453682656031578
lfw_04900,data/raw/images/lfw_04900.jpg,v1,-10.670410640537739,-14.303971364291467,0.03275713324546814,0.840666886020058,0.22755850772033168,0.44068377127528996,0.7693429112524017,109.26796410272404,0.44068377127528996,0.3051583728371099,0.9745457206836896,0.8643206830737948,0.2714073124481382,0.19891690920296212,1.2907302319422156,-1.9175030579307355,0.1322555211394808,-2.9162627416427185,0.22740111094666027,0.1938293836101691,0.07703014929952685,0.44867359262391276,-0.6221045120721233,0.053138477964614385,0.022880285111740315,0.07224836129008286
lfw_04912,data/raw/images/lfw_04912.jpg,v1,-8.395975783467293,-10.088149777858353,0.02924955387910207,0.8523233324998694,0.253588415410499,0.4431704121274773,0.8343582603712073,109.98100002815295,0.4431704121274773,0.3305773919261187,0.9973983045660494,0.9232606951832738,0.32487532331677577,0.19229891752827533,1.2611400474154586,-2.684195105962109,0.10851436209626236,-3.8587857877283915,0.23346166771784851,0.20184079606196179,0.059346399459568586,0.4232264248742784,-1.3963780615935193,0.0011129288047817276,0.025345780742973636,0.09052237454169586
lfw_04921,data/raw/images/lfw_04921.jpg,v1,3.504621136933565,-4.000684156437706,0.007419303059577942,0.8640198935290512,0.2758997241471471,0.4177098176920532,0.8137174027935157,110.96823312595032,0.4177098176920532,0.31988604213240285,0.9888227314767042,0.9035590249060753,0.3299416669962059,0.20036400496717743,1.1737471352764142,-2.063503802419082,0.10827956950148239,-1.9791886038228212,0.21652244727917627,0.20921066603237706,0.024471754200040257,0.37211337784934156,-2.6737112123945663,0.011323527529194223,0.02130694651990866,0.07597514936904906
lfw_04922,data/raw/images/lfw_04922.jpg,v1,-3.1884120795875788,-9.207405134626374,0.013076409697532654,0.8599483395481698,0.24474272094829866,0.4187911480603434,0.7865601612497825,107.83993928779887,0.4187911480603434,0.3037695646022843,0.9842440857327833,0.8815201711912665,0.31156547268974505,0.1960177990010726,1.2406495228581562,-1.4119256892775023,0.13155636870589854,-1.762875878692064,0.2199391087315259,0.19960196643902667,0.022872136003503792,0.3461683426541757,-0.3893667143854049,0.0032971975716451734,0.028815575930819817,0.10324567477030797
lfw_04934,data/raw/images/lfw_04934.jpg,v1,-3.981704279780388,-12.126496144925872,0.015961329142252605,0.8120837187659411,0.23887584167609138,0.43853603214146986,0.7707293292178119,111.0552433127741,0.43853603214146986,0.30886430613366955,0.9781852974448165,0.8662839853146148,0.3610260468454428,0.2108032212680372,1.2553894196477944,-1.6119504696507438,0.13053142897744138,-1.8812270546520786,0.22543199772533784,0.19531097667767092,0.0284184989320988,0.4036140941815012,-1.205418225067359,0.035734908095173615,0.03282956885304322,0.07686372786534576
lfw_04947,data/raw/images/lfw_04947.jpg,v1,-10.729290693998337,-13.028858291300471,0.02847429613272349,0.8335871883081702,0.2360385599697476,0.4429805209146942,0.7594873817625136,111.13868864746718,0.4429805209146942,0.3068092189828712,0.9742392214181792,0.8555071305387807,0.35978314109596343,0.19944253935546005,1.2302433898149996,0.9513251535341516,0.12154512953557592,0.5347261597034436,0.20652514305238728,0.18609004773653268,0.07617410387926936,0.32500984472642885,2.4223123238583617,0.04486243889374553,0.03609622589078162,0.07976980231402528
lfw_04960,data/raw/images/lfw_04960.jpg,v1,-0.8915763893164694,-13.223482215612426,0.010980154077212015,0.8393929918238009,0.23924741103654365,0.45115007359006526,0.7844277013508772,110.2793523009359,0.45115007359006526,0.31780644412906484,0.980572881765718,0.8790777245734697,0.32181351178742984,0.2119562036390312,1.2425760149327085,-1.1770268105992001,0.12570464058126954,-1.9628585553021802,0.2374268653454088,0.19216648449785703,0.007055001322744443,0.48716895813807487,-0.14825671827498746,0.0822924183463608,0.02509819070787928,0.05956403969156625
lfw_04976,data/raw/images/lfw_04976.jpg,v1,-0.5752764092758298,-7.194879615918383,0.008364945650100708,0.8147621913746118,0.26430560653977586,0.4311838753619833,0.806892366375148,114.88102625846814,0.4311838753619833,0.33890165807569356,0.9864884744579007,0.8945832837330913,0.30045142815464143,0.20989106882912958,1.2525400678639496,-0.9946874066160873,0.12067834441287853,-1.0618654987598242,0.24914812945745063,0.20462988377238245,0.004614422847999825,0.396987307100426,-1.5116934794443921,0.0090354274859628,0.027650034195390773,0.08649259319231252
lfw_04979,data/raw/images/lfw_04979.jpg,v1,9.753198154270649,-9.207614658359505,0.022504861156145733,0.8460662811668825,0.2576677281456723,0.44090986102405516,0.8538628409274491,111.91234344517277,0.44090986102405516,0.3573155565028431,1.0001528843893723,0.9349004299236274,0.21426327537137058,0.21405822289845422,1.254885025560158,-0.8499296547518821,0.13221329254631287,-0.603462069535097,0.2620652213726811,0.21242946666935092,0.06847860814249596,0.4503585733725788,-2.405742756077941,0.00011638175385259697,0.022016449987880854,0.07302612311326168
lfw_04986,data/raw/images/lfw_04986.jpg,v1,-7.752135884016752,-1.2041547062249944,0.03052230179309845,0.8363423227989226,0.2827550017162617,0.40136795097155453,0.8019045019864567,113.68461736086121,0.40136795097155453,0.3200431508175821,0.9855723588323438,0.8918877646236529,0.2864101651807152,0.2050410014013359,1.2658864885281036,-1.3535711469876184,0.11184530264044498,-2.258537545427134,0.2485934359260441,0.21639433862177274,0.05756800591610797,0.4533227510738696,-1.135981071413331,0.034591760321883915,0.01674318993048508,0.052692255711294274
